{
  "nombre" : "Adrien Bossel",
  "mano" : "L",
  "nacionalidad" : "SUI",
  "edad" : 25.568788501,
  "ganar1Saque" : 0.7658098226501828,
  "ganar2Saque" : 0.5518973285243625,
  "primerSaque" : 0.5472647079399654,
  "segundoSaque" : 0.4085245437565304,
  "ganarPuntoSacando" : 0.6445642932660722,
  "ganarPuntoRestando" : 0.32031267472279523,
  "probAce" : 0.08690330386161804,
  "clay" : {
    "nombre" : "Clay",
    "probVictoria" : 0.0,
    "probGanarPrimerSaque" : 0.6571428775787354,
    "probGanarSegundoSaque" : 0.47826087474823,
    "probPrimerSaque" : 0.5932203531265259,
    "probSegundoSaque" : 0.38983049988746643,
    "probGanarPuntoSacando" : 0.5762712057715582,
    "probGanarPuntoRestando" : 0.30357143082538585,
    "probAce" : 0.0
  },
  "grass" : {
    "nombre" : "Grass",
    "probVictoria" : 0.4000000059604645,
    "probGanarPrimerSaque" : 1.924830973148346,
    "probGanarSegundoSaque" : 0.5281419336795807,
    "probPrimerSaque" : 0.5462489724159241,
    "probSegundoSaque" : 0.41339624524116514,
    "probGanarPuntoSacando" : 1.2697688334941741,
    "probGanarPuntoRestando" : 0.3637056753137704,
    "probAce" : 0.0
  },
  "hard" : {
    "nombre" : "Hard",
    "probVictoria" : 0.4000000059604645,
    "probGanarPrimerSaque" : 0.7716800967852274,
    "probGanarSegundoSaque" : 0.5647248903910319,
    "probPrimerSaque" : 0.5445395767688751,
    "probSegundoSaque" : 0.4081469128529231,
    "probGanarPuntoSacando" : 0.6507010739286974,
    "probGanarPuntoRestando" : 0.30696442411896413,
    "probAce" : 0.0
  },
  "other" : {
    "nombre" : "Other",
    "probVictoria" : 0.0,
    "probGanarPrimerSaque" : 0.0,
    "probGanarSegundoSaque" : 0.0,
    "probPrimerSaque" : 0.0,
    "probSegundoSaque" : 0.0,
    "probGanarPuntoSacando" : 0.0,
    "probGanarPuntoRestando" : 0.0,
    "probAce" : 0.0
  },
  "partidos" : [ {
    "torneo" : "Lexington CH",
    "fecha" : "20120723",
    "superficie" : "Hard",
    "resultado" : "6-4 6-7(5) 6-3",
    "contrincante" : "Charles Antoine Brezac",
    "ganador" : false,
    "winnerAces" : 18,
    "winnerPrimerSaqueDentro" : 72,
    "winnerPrimerSaqueGanado" : 57,
    "winnerSegundoSaqueGanado" : 27,
    "winnerDobleFalta" : 5,
    "winnerServingPoints" : 132,
    "winnerServingGames" : 16,
    "loserAces" : 6,
    "loserPrimerSaqueDentro" : 67,
    "loserPrimerSaqueGanado" : 50,
    "loserSegundoSaqueGanado" : 21,
    "loserDobleFalta" : 3,
    "loserServingPoints" : 115,
    "loserServingGames" : 15
  }, {
    "torneo" : "Segovia CH",
    "fecha" : "20120820",
    "superficie" : "Hard",
    "resultado" : "3-6 7-6(7) 6-0",
    "contrincante" : "Jan Minar",
    "ganador" : true,
    "winnerAces" : 4,
    "winnerPrimerSaqueDentro" : 43,
    "winnerPrimerSaqueGanado" : 32,
    "winnerSegundoSaqueGanado" : 25,
    "winnerDobleFalta" : 6,
    "winnerServingPoints" : 93,
    "winnerServingGames" : 14,
    "loserAces" : 3,
    "loserPrimerSaqueDentro" : 46,
    "loserPrimerSaqueGanado" : 33,
    "loserSegundoSaqueGanado" : 21,
    "loserDobleFalta" : 12,
    "loserServingPoints" : 98,
    "loserServingGames" : 13
  }, {
    "torneo" : "Segovia CH",
    "fecha" : "20120820",
    "superficie" : "Hard",
    "resultado" : "6-4 6-3",
    "contrincante" : "Daniel Gimeno Traver",
    "ganador" : false,
    "winnerAces" : 6,
    "winnerPrimerSaqueDentro" : 26,
    "winnerPrimerSaqueGanado" : 23,
    "winnerSegundoSaqueGanado" : 16,
    "winnerDobleFalta" : 7,
    "winnerServingPoints" : 54,
    "winnerServingGames" : 9,
    "loserAces" : 1,
    "loserPrimerSaqueDentro" : 40,
    "loserPrimerSaqueGanado" : 27,
    "loserSegundoSaqueGanado" : 12,
    "loserDobleFalta" : 3,
    "loserServingPoints" : 68,
    "loserServingGames" : 10
  }, {
    "torneo" : "Busan CH",
    "fecha" : "20120507",
    "superficie" : "Hard",
    "resultado" : "6-2 3-6 6-3",
    "contrincante" : "Ivo Klec",
    "ganador" : false,
    "winnerAces" : 6,
    "winnerPrimerSaqueDentro" : 47,
    "winnerPrimerSaqueGanado" : 33,
    "winnerSegundoSaqueGanado" : 24,
    "winnerDobleFalta" : 4,
    "winnerServingPoints" : 86,
    "winnerServingGames" : 13,
    "loserAces" : 5,
    "loserPrimerSaqueDentro" : 39,
    "loserPrimerSaqueGanado" : 32,
    "loserSegundoSaqueGanado" : 21,
    "loserDobleFalta" : 10,
    "loserServingPoints" : 87,
    "loserServingGames" : 13
  }, {
    "torneo" : "Binghamton CH",
    "fecha" : "20120716",
    "superficie" : "Hard",
    "resultado" : "7-6(5) 7-5",
    "contrincante" : "Chris Guccione",
    "ganador" : true,
    "winnerAces" : 10,
    "winnerPrimerSaqueDentro" : 41,
    "winnerPrimerSaqueGanado" : 38,
    "winnerSegundoSaqueGanado" : 18,
    "winnerDobleFalta" : 2,
    "winnerServingPoints" : 71,
    "winnerServingGames" : 12,
    "loserAces" : 19,
    "loserPrimerSaqueDentro" : 42,
    "loserPrimerSaqueGanado" : 36,
    "loserSegundoSaqueGanado" : 15,
    "loserDobleFalta" : 4,
    "loserServingPoints" : 69,
    "loserServingGames" : 12
  }, {
    "torneo" : "Binghamton CH",
    "fecha" : "20120716",
    "superficie" : "Hard",
    "resultado" : "4-6 7-6(5) 7-6(4)",
    "contrincante" : "Adrian Mannarino",
    "ganador" : true,
    "winnerAces" : 8,
    "winnerPrimerSaqueDentro" : 53,
    "winnerPrimerSaqueGanado" : 40,
    "winnerSegundoSaqueGanado" : 30,
    "winnerDobleFalta" : 6,
    "winnerServingPoints" : 104,
    "winnerServingGames" : 17,
    "loserAces" : 12,
    "loserPrimerSaqueDentro" : 55,
    "loserPrimerSaqueGanado" : 43,
    "loserSegundoSaqueGanado" : 31,
    "loserDobleFalta" : 5,
    "loserServingPoints" : 110,
    "loserServingGames" : 17
  }, {
    "torneo" : "Binghamton CH",
    "fecha" : "20120716",
    "superficie" : "Hard",
    "resultado" : "7-6(4) 7-6(5)",
    "contrincante" : "Michael Mcclune",
    "ganador" : true,
    "winnerAces" : 11,
    "winnerPrimerSaqueDentro" : 54,
    "winnerPrimerSaqueGanado" : 43,
    "winnerSegundoSaqueGanado" : 10,
    "winnerDobleFalta" : 2,
    "winnerServingPoints" : 72,
    "winnerServingGames" : 12,
    "loserAces" : 8,
    "loserPrimerSaqueDentro" : 59,
    "loserPrimerSaqueGanado" : 44,
    "loserSegundoSaqueGanado" : 11,
    "loserDobleFalta" : 2,
    "loserServingPoints" : 78,
    "loserServingGames" : 12
  }, {
    "torneo" : "Binghamton CH",
    "fecha" : "20120716",
    "superficie" : "Hard",
    "resultado" : "6-4 7-5",
    "contrincante" : "Fritz Wolmarans",
    "ganador" : false,
    "winnerAces" : 13,
    "winnerPrimerSaqueDentro" : 44,
    "winnerPrimerSaqueGanado" : 37,
    "winnerSegundoSaqueGanado" : 10,
    "winnerDobleFalta" : 0,
    "winnerServingPoints" : 57,
    "winnerServingGames" : 11,
    "loserAces" : 2,
    "loserPrimerSaqueDentro" : 25,
    "loserPrimerSaqueGanado" : 21,
    "loserSegundoSaqueGanado" : 20,
    "loserDobleFalta" : 2,
    "loserServingPoints" : 55,
    "loserServingGames" : 11
  }, {
    "torneo" : "Nottingham2 CH",
    "fecha" : "20120611",
    "superficie" : "Grass",
    "resultado" : "6-4 6-2",
    "contrincante" : "Luke Bambridge",
    "ganador" : true,
    "winnerAces" : 8,
    "winnerPrimerSaqueDentro" : 30,
    "winnerPrimerSaqueGanado" : 25,
    "winnerSegundoSaqueGanado" : 11,
    "winnerDobleFalta" : 3,
    "winnerServingPoints" : 50,
    "winnerServingGames" : 9,
    "loserAces" : 7,
    "loserPrimerSaqueDentro" : 20,
    "loserPrimerSaqueGanado" : 13,
    "loserSegundoSaqueGanado" : 12,
    "loserDobleFalta" : 6,
    "loserServingPoints" : 47,
    "loserServingGames" : 9
  }, {
    "torneo" : "Nottingham2 CH",
    "fecha" : "20120611",
    "superficie" : "Grass",
    "resultado" : "6-2 1-6 7-6(4)",
    "contrincante" : "James Duckworth",
    "ganador" : false,
    "winnerAces" : 11,
    "winnerPrimerSaqueDentro" : 45,
    "winnerPrimerSaqueGanado" : 34,
    "winnerSegundoSaqueGanado" : 15,
    "winnerDobleFalta" : 1,
    "winnerServingPoints" : 73,
    "winnerServingGames" : 13,
    "loserAces" : 6,
    "loserPrimerSaqueDentro" : 46,
    "loserPrimerSaqueGanado" : 34,
    "loserSegundoSaqueGanado" : 16,