{
  "nombre" : "Aleksandr Nedovyesov",
  "mano" : "R",
  "nacionalidad" : "KAZ",
  "edad" : 25.7604380561,
  "ganar1Saque" : 0.7154561557940075,
  "ganar2Saque" : 0.5589598938822746,
  "primerSaque" : 0.6501306934016091,
  "segundoSaque" : 0.3210715082074915,
  "ganarPuntoSacando" : 0.6446061028210891,
  "ganarPuntoRestando" : 0.3476012435386981,
  "probAce" : 0.07172130793333054,
  "clay" : {
    "nombre" : "Clay",
    "probVictoria" : 0.6666666865348816,
    "probGanarPrimerSaque" : 0.7352376480897268,
    "probGanarSegundoSaque" : 0.5813762297232946,
    "probPrimerSaque" : 0.6500929594039917,
    "probSegundoSaque" : 0.3352979893485705,
    "probGanarPuntoSacando" : 0.6729070993931544,
    "probGanarPuntoRestando" : 0.370799282585367,
    "probAce" : 0.0
  },
  "grass" : {
    "nombre" : "Grass",
    "probVictoria" : 0.0,
    "probGanarPrimerSaque" : 0.0,
    "probGanarSegundoSaque" : 0.0,
    "probPrimerSaque" : 0.0,
    "probSegundoSaque" : 0.0,
    "probGanarPuntoSacando" : 0.0,
    "probGanarPuntoRestando" : 0.0,
    "probAce" : 0.0
  },
  "hard" : {
    "nombre" : "Hard",
    "probVictoria" : 0.4000000059604645,
    "probGanarPrimerSaque" : 0.6984391490618388,
    "probGanarSegundoSaque" : 0.5497193892796834,
    "probPrimerSaque" : 0.6466279268264771,
    "probSegundoSaque" : 0.31651175717512764,
    "probGanarPuntoSacando" : 0.6256229088264562,
    "probGanarPuntoRestando" : 0.33752696468797366,
    "probAce" : 0.0
  },
  "other" : {
    "nombre" : "Other",
    "probVictoria" : 0.0,
    "probGanarPrimerSaque" : 0.7333333492279053,
    "probGanarSegundoSaque" : 0.4285714328289032,
    "probPrimerSaque" : 0.703125,
    "probSegundoSaque" : 0.21875,
    "probGanarPuntoSacando" : 0.6093750121071935,
    "probGanarPuntoRestando" : 0.2203389577395377,
    "probAce" : 0.0
  },
  "partidos" : [ {
    "torneo" : "Tyumen CH",
    "fecha" : "20121119",
    "superficie" : "Hard",
    "resultado" : "6-0 6-4",
    "contrincante" : "Dzmitry Zhyrmont",
    "ganador" : false,
    "winnerAces" : 6,
    "winnerPrimerSaqueDentro" : 30,
    "winnerPrimerSaqueGanado" : 21,
    "winnerSegundoSaqueGanado" : 16,
    "winnerDobleFalta" : 0,
    "winnerServingPoints" : 51,
    "winnerServingGames" : 8,
    "loserAces" : 1,
    "loserPrimerSaqueDentro" : 31,
    "loserPrimerSaqueGanado" : 15,
    "loserSegundoSaqueGanado" : 13,
    "loserDobleFalta" : 1,
    "loserServingPoints" : 54,
    "loserServingGames" : 8
  }, {
    "torneo" : "Penza CH",
    "fecha" : "20120716",
    "superficie" : "Hard",
    "resultado" : "6-2 1-6 7-6(4)",
    "contrincante" : "Illya Marchenko",
    "ganador" : false,
    "winnerAces" : 3,
    "winnerPrimerSaqueDentro" : 39,
    "winnerPrimerSaqueGanado" : 33,
    "winnerSegundoSaqueGanado" : 13,
    "winnerDobleFalta" : 5,
    "winnerServingPoints" : 74,
    "winnerServingGames" : 13,
    "loserAces" : 4,
    "loserPrimerSaqueDentro" : 60,
    "loserPrimerSaqueGanado" : 41,
    "loserSegundoSaqueGanado" : 18,
    "loserDobleFalta" : 4,
    "loserServingPoints" : 101,
    "loserServingGames" : 14
  }, {
    "torneo" : "Mons CH",
    "fecha" : "20121001",
    "superficie" : "Hard",
    "resultado" : "6-3 6-2",
    "contrincante" : "Evgeny Donskoy",
    "ganador" : false,
    "winnerAces" : 5,
    "winnerPrimerSaqueDentro" : 38,
    "winnerPrimerSaqueGanado" : 31,
    "winnerSegundoSaqueGanado" : 11,
    "winnerDobleFalta" : 1,
    "winnerServingPoints" : 59,
    "winnerServingGames" : 9,
    "loserAces" : 5,
    "loserPrimerSaqueDentro" : 42,
    "loserPrimerSaqueGanado" : 27,
    "loserSegundoSaqueGanado" : 3,
    "loserDobleFalta" : 1,
    "loserServingPoints" : 50,
    "loserServingGames" : 8
  }, {
    "torneo" : "Tashkent CH",
    "fecha" : "20121008",
    "superficie" : "Hard",
    "resultado" : "6-0 6-4",
    "contrincante" : "Sanam Singh",
    "ganador" : true,
    "winnerAces" : 4,
    "winnerPrimerSaqueDentro" : 27,
    "winnerPrimerSaqueGanado" : 26,
    "winnerSegundoSaqueGanado" : 6,
    "winnerDobleFalta" : 2,
    "winnerServingPoints" : 41,
    "winnerServingGames" : 8,
    "loserAces" : 0,
    "loserPrimerSaqueDentro" : 27,
    "loserPrimerSaqueGanado" : 19,
    "loserSegundoSaqueGanado" : 9,
    "loserDobleFalta" : 4,
    "loserServingPoints" : 56,
    "loserServingGames" : 8
  }, {
    "torneo" : "Tashkent CH",
    "fecha" : "20121008",
    "superficie" : "Hard",
    "resultado" : "6-2 6-2",
    "contrincante" : "Lukas Lacko",
    "ganador" : false,
    "winnerAces" : 4,
    "winnerPrimerSaqueDentro" : 20,
    "winnerPrimerSaqueGanado" : 18,
    "winnerSegundoSaqueGanado" : 14,
    "winnerDobleFalta" : 0,
    "winnerServingPoints" : 38,
    "winnerServingGames" : 8,
    "loserAces" : 1,
    "loserPrimerSaqueDentro" : 37,
    "loserPrimerSaqueGanado" : 22,
    "loserSegundoSaqueGanado" : 10,
    "loserDobleFalta" : 2,
    "loserServingPoints" : 61,
    "loserServingGames" : 8
  }, {
    "torneo" : "Lermontov CH",
    "fecha" : "20120924",
    "superficie" : "Clay",
    "resultado" : "6-4 6-4",
    "contrincante" : "Radu Albot",
    "ganador" : true,
    "winnerAces" : 11,
    "winnerPrimerSaqueDentro" : 53,
    "winnerPrimerSaqueGanado" : 36,
    "winnerSegundoSaqueGanado" : 15,
    "winnerDobleFalta" : 2,
    "winnerServingPoints" : 82,
    "winnerServingGames" : 10,
    "loserAces" : 0,
    "loserPrimerSaqueDentro" : 45,
    "loserPrimerSaqueGanado" : 27,
    "loserSegundoSaqueGanado" : 12,
    "loserDobleFalta" : 2,
    "loserServingPoints" : 65,
    "loserServingGames" : 10
  }, {
    "torneo" : "Lermontov CH",
    "fecha" : "20120924",
    "superficie" : "Clay",
    "resultado" : "6-4 6-4",
    "contrincante" : "Horacio Zeballos",
    "ganador" : true,
    "winnerAces" : 11,
    "winnerPrimerSaqueDentro" : 39,
    "winnerPrimerSaqueGanado" : 33,
    "winnerSegundoSaqueGanado" : 10,
    "winnerDobleFalta" : 0,
    "winnerServingPoints" : 58,
    "winnerServingGames" : 10,
    "loserAces" : 1,
    "loserPrimerSaqueDentro" : 36,
    "loserPrimerSaqueGanado" : 26,
    "loserSegundoSaqueGanado" : 11,
    "loserDobleFalta" : 1,
    "loserServingPoints" : 57,
    "loserServingGames" : 10
  }, {
    "torneo" : "Lermontov CH",
    "fecha" : "20120924",
    "superficie" : "Clay",
    "resultado" : "7-6(3) 6-7(6) 6-2",
    "contrincante" : "Yuri Schukin",
    "ganador" : true,
    "winnerAces" : 7,
    "winnerPrimerSaqueDentro" : 72,
    "winnerPrimerSaqueGanado" : 53,
    "winnerSegundoSaqueGanado" : 21,
    "winnerDobleFalta" : 0,
    "winnerServingPoints" : 110,
    "winnerServingGames" : 16,
    "loserAces" : 1,
    "loserPrimerSaqueDentro" : 76,
    "loserPrimerSaqueGanado" : 47,
    "loserSegundoSaqueGanado" : 30,
    "loserDobleFalta" : 2,
    "loserServingPoints" : 128,
    "loserServingGames" : 16
  }, {
    "torneo" : "Lermontov CH",
    "fecha" : "20120924",
    "superficie" : "Clay",
    "resultado" : "5-7 7-6(5) 6-2",
    "contrincante" : "Andrey Kuznetsov",
    "ganador" : false,
    "winnerAces" : 4,
    "winnerPrimerSaqueDentro" : 53,
    "winnerPrimerSaqueGanado" : 42,
    "winnerSegundoSaqueGanado" : 25,
    "winnerDobleFalta" : 5,
    "winnerServingPoints" : 102,
    "winnerServingGames" : 16,
    "loserAces" : 8,
    "loserPrimerSaqueDentro" : 80,
    "loserPrimerSaqueGanado" : 55,
    "loserSegundoSaqueGanado" : 16,
    "loserDobleFalta" : 5,
    "loserServingPoints" : 118,
    "loserServingGames" : 16
  }, {
    "torneo" : "Seville CH",
    "fecha" : "20120910",
    "superficie" : "Clay",
    "resultado" : "7-5 RET",
    "contrincante" : "Rui Machado",
    "ganador" : true,
    "winnerAces" : 2,
    "winnerPrimerSaqueDentro" : 26,
    "winnerPrimerSaqueGanado" : 16,
    "winnerSegundoSaqueGanado" : 6,
    "winnerDobleFalta" : 0,
    "winnerServingPoints" : 35,
    "winnerServingGames" : 6,
    "loserAces" : 1,
    "loserPrimerSaqueDentro" : 24,
    "loserPrimerSaqueGanado" : 13,
    "loserSegundoSaqueGanado" : 5,
    "loserDobleFalta" : 0,
    "loserServingPoints" : 33,