{
  "nombre" : "Alex Bogdanovic",
  "mano" : "L",
  "nacionalidad" : "GBR",
  "edad" : 28.1697467488,
  "ganar1Saque" : 0.6731559501753913,
  "ganar2Saque" : 0.5313845227162043,
  "primerSaque" : 0.6233552363183763,
  "segundoSaque" : 0.328977446589205,
  "ganarPuntoSacando" : 0.5944288098409025,
  "ganarPuntoRestando" : 0.3579122585198211,
  "probAce" : 0.04095308855175972,
  "clay" : {
    "nombre" : "Clay",
    "probVictoria" : 0.0,
    "probGanarPrimerSaque" : 0.5249999761581421,
    "probGanarSegundoSaque" : 0.2857142984867096,
    "probPrimerSaque" : 0.6666666865348816,
    "probSegundoSaque" : 0.23333333432674408,
    "probGanarPuntoSacando" : 0.416666664466971,
    "probGanarPuntoRestando" : 0.3921568599111933,
    "probAce" : 0.0
  },
  "grass" : {
    "nombre" : "Grass",
    "probVictoria" : 0.0,
    "probGanarPrimerSaque" : 0.6891891956329346,
    "probGanarSegundoSaque" : 0.5428571701049805,
    "probPrimerSaque" : 0.6727272868156433,
    "probSegundoSaque" : 0.3181818127632141,
    "probGanarPuntoSacando" : 0.6363636561363109,
    "probGanarPuntoRestando" : 0.31632652083475654,
    "probAce" : 0.0
  },
  "hard" : {
    "nombre" : "Hard",
    "probVictoria" : 0.47058823704719543,
    "probGanarPrimerSaque" : 0.6814136207103729,
    "probGanarSegundoSaque" : 0.5460218712687492,
    "probPrimerSaque" : 0.6175625175237656,
    "probSegundoSaque" : 0.33562993071973324,
    "probGanarPuntoSacando" : 0.6040767939062717,
    "probGanarPuntoRestando" : 0.35837107953817676,
    "probAce" : 0.0
  },
  "other" : {
    "nombre" : "Other",
    "probVictoria" : 0.0,
    "probGanarPrimerSaque" : 0.0,
    "probGanarSegundoSaque" : 0.0,
    "probPrimerSaque" : 0.0,
    "probSegundoSaque" : 0.0,
    "probGanarPuntoSacando" : 0.0,
    "probGanarPuntoRestando" : 0.0,
    "probAce" : 0.0
  },
  "partidos" : [ {
    "torneo" : "Lexington CH",
    "fecha" : "20120723",
    "superficie" : "Hard",
    "resultado" : "7-6(3) 4-6 6-3",
    "contrincante" : "Adam El Mihdawy",
    "ganador" : true,
    "winnerAces" : 6,
    "winnerPrimerSaqueDentro" : 64,
    "winnerPrimerSaqueGanado" : 44,
    "winnerSegundoSaqueGanado" : 28,
    "winnerDobleFalta" : 6,
    "winnerServingPoints" : 111,
    "winnerServingGames" : 16,
    "loserAces" : 9,
    "loserPrimerSaqueDentro" : 48,
    "loserPrimerSaqueGanado" : 37,
    "loserSegundoSaqueGanado" : 19,
    "loserDobleFalta" : 5,
    "loserServingPoints" : 87,
    "loserServingGames" : 15
  }, {
    "torneo" : "Lexington CH",
    "fecha" : "20120723",
    "superficie" : "Hard",
    "resultado" : "7-6(3) 7-6(3)",
    "contrincante" : "Benjamin Mitchell",
    "ganador" : true,
    "winnerAces" : 5,
    "winnerPrimerSaqueDentro" : 44,
    "winnerPrimerSaqueGanado" : 35,
    "winnerSegundoSaqueGanado" : 20,
    "winnerDobleFalta" : 4,
    "winnerServingPoints" : 79,
    "winnerServingGames" : 12,
    "loserAces" : 12,
    "loserPrimerSaqueDentro" : 48,
    "loserPrimerSaqueGanado" : 36,
    "loserSegundoSaqueGanado" : 15,
    "loserDobleFalta" : 1,
    "loserServingPoints" : 77,
    "loserServingGames" : 12
  }, {
    "torneo" : "Lexington CH",
    "fecha" : "20120723",
    "superficie" : "Hard",
    "resultado" : "6-4 3-6 7-6(5)",
    "contrincante" : "James Duckworth",
    "ganador" : true,
    "winnerAces" : 4,
    "winnerPrimerSaqueDentro" : 72,
    "winnerPrimerSaqueGanado" : 45,
    "winnerSegundoSaqueGanado" : 23,
    "winnerDobleFalta" : 3,
    "winnerServingPoints" : 111,
    "winnerServingGames" : 15,
    "loserAces" : 13,
    "loserPrimerSaqueDentro" : 56,
    "loserPrimerSaqueGanado" : 43,
    "loserSegundoSaqueGanado" : 22,
    "loserDobleFalta" : 1,
    "loserServingPoints" : 97,
    "loserServingGames" : 16
  }, {
    "torneo" : "Lexington CH",
    "fecha" : "20120723",
    "superficie" : "Hard",
    "resultado" : " W/O",
    "contrincante" : "Erik Chvojka",
    "ganador" : false,
    "winnerAces" : 0,
    "winnerPrimerSaqueDentro" : 0,
    "winnerPrimerSaqueGanado" : 0,
    "winnerSegundoSaqueGanado" : 0,
    "winnerDobleFalta" : 0,
    "winnerServingPoints" : 0,
    "winnerServingGames" : 0,
    "loserAces" : 0,
    "loserPrimerSaqueDentro" : 0,
    "loserPrimerSaqueGanado" : 0,
    "loserSegundoSaqueGanado" : 0,
    "loserDobleFalta" : 0,
    "loserServingPoints" : 0,
    "loserServingGames" : 0
  }, {
    "torneo" : "Sacramento CH",
    "fecha" : "20121001",
    "superficie" : "Hard",
    "resultado" : "6-1 6-2",
    "contrincante" : "Robert Farah",
    "ganador" : false,
    "winnerAces" : 11,
    "winnerPrimerSaqueDentro" : 38,
    "winnerPrimerSaqueGanado" : 33,
    "winnerSegundoSaqueGanado" : 3,
    "winnerDobleFalta" : 2,
    "winnerServingPoints" : 53,
    "winnerServingGames" : 8,
    "loserAces" : 3,
    "loserPrimerSaqueDentro" : 21,
    "loserPrimerSaqueGanado" : 12,
    "loserSegundoSaqueGanado" : 8,
    "loserDobleFalta" : 3,
    "loserServingPoints" : 42,
    "loserServingGames" : 7
  }, {
    "torneo" : "Savannah CH",
    "fecha" : "20120423",
    "superficie" : "Clay",
    "resultado" : "6-4 6-2",
    "contrincante" : "Rhyne Williams",
    "ganador" : false,
    "winnerAces" : 2,
    "winnerPrimerSaqueDentro" : 41,
    "winnerPrimerSaqueGanado" : 26,
    "winnerSegundoSaqueGanado" : 5,
    "winnerDobleFalta" : 1,
    "winnerServingPoints" : 51,
    "winnerServingGames" : 9,
    "loserAces" : 3,
    "loserPrimerSaqueDentro" : 40,
    "loserPrimerSaqueGanado" : 21,
    "loserSegundoSaqueGanado" : 4,
    "loserDobleFalta" : 6,
    "loserServingPoints" : 60,
    "loserServingGames" : 9
  }, {
    "torneo" : "Charlottesville CH",
    "fecha" : "20121029",
    "superficie" : "Hard",
    "resultado" : "7-6(5) 7-5",
    "contrincante" : "Steve Johnson",
    "ganador" : false,
    "winnerAces" : 10,
    "winnerPrimerSaqueDentro" : 34,
    "winnerPrimerSaqueGanado" : 30,
    "winnerSegundoSaqueGanado" : 21,
    "winnerDobleFalta" : 4,
    "winnerServingPoints" : 67,
    "winnerServingGames" : 12,
    "loserAces" : 1,
    "loserPrimerSaqueDentro" : 56,
    "loserPrimerSaqueGanado" : 39,
    "loserSegundoSaqueGanado" : 23,
    "loserDobleFalta" : 6,
    "loserServingPoints" : 103,
    "loserServingGames" : 12
  }, {
    "torneo" : "Dallas CH",
    "fecha" : "20120206",
    "superficie" : "Hard",
    "resultado" : "6-3 6-2",
    "contrincante" : "Tim Smyczek",
    "ganador" : true,
    "winnerAces" : 2,
    "winnerPrimerSaqueDentro" : 30,
    "winnerPrimerSaqueGanado" : 25,
    "winnerSegundoSaqueGanado" : 15,
    "winnerDobleFalta" : 3,
    "winnerServingPoints" : 53,
    "winnerServingGames" : 9,
    "loserAces" : 1,
    "loserPrimerSaqueDentro" : 35,
    "loserPrimerSaqueGanado" : 21,
    "loserSegundoSaqueGanado" : 10,
    "loserDobleFalta" : 1,
    "loserServingPoints" : 55,
    "loserServingGames" : 8
  }, {
    "torneo" : "Dallas CH",
    "fecha" : "20120206",
    "superficie" : "Hard",
    "resultado" : "6-2 7-5",
    "contrincante" : "Steve Darcis",
    "ganador" : false,
    "winnerAces" : 5,
    "winnerPrimerSaqueDentro" : 39,
    "winnerPrimerSaqueGanado" : 30,
    "winnerSegundoSaqueGanado" : 11,
    "winnerDobleFalta" : 1,
    "winnerServingPoints" : 60,
    "winnerServingGames" : 10,
    "loserAces" : 4,
    "loserPrimerSaqueDentro" : 38,
    "loserPrimerSaqueGanado" : 21,
    "loserSegundoSaqueGanado" : 9,
    "loserDobleFalta" : 1,
    "loserServingPoints" : 56,
    "loserServingGames" : 10
  }, {
    "torneo" : "Binghamton CH",
    "fecha" : "20120716",
    "superficie" : "Hard",
    "resultado" : "7-6(3) 6-1",
    "contrincante" : "Izak Van Der Merwe",
    "ganador" : true,
    "winnerAces" : 5,
    "winnerPrimerSaqueDentro" : 47,
    "winnerPrimerSaqueGanado" : 35,
    "winnerSegundoSaqueGanado" : 16,
    "winnerDobleFalta" : 6,
    "winnerServingPoints" : 76,
    "winnerServingGames" : 10,
    "loserAces" : 4,
    "loserPrimerSaqueDentro" : 36,
    "loserPrimerSaqueGanado" : 26,
    "loserSegundoSaqueGanado" : 11,
    "loserDobleFalta" : 4,
    "loserServingPoints" : 62,