{
  "nombre" : "Alexander Bury",
  "mano" : "U",
  "nacionalidad" : "BLR",
  "edad" : 25.18275154,
  "ganar1Saque" : 0.743308424949646,
  "ganar2Saque" : 0.605650806427002,
  "primerSaque" : 0.5910716414451599,
  "segundoSaque" : 0.3570002555847168,
  "ganarPuntoSacando" : 0.6555660235245333,
  "ganarPuntoRestando" : 0.2749172904243632,
  "probAce" : 0.11447811126708984,
  "clay" : {
    "nombre" : "Clay",
    "probVictoria" : 0.0,
    "probGanarPrimerSaque" : 0.6451612710952759,
    "probGanarSegundoSaque" : 0.523809552192688,
    "probPrimerSaque" : 0.5535714030265808,
    "probSegundoSaque" : 0.375,
    "probGanarPuntoSacando" : 0.5535714120908821,
    "probGanarPuntoRestando" : 0.333333331154801,
    "probAce" : 0.0
  },
  "grass" : {
    "nombre" : "Grass",
    "probVictoria" : 0.0,
    "probGanarPrimerSaque" : 0.6176470518112183,
    "probGanarSegundoSaque" : 0.6111111044883728,
    "probPrimerSaque" : 0.5964912176132202,
    "probSegundoSaque" : 0.31578946113586426,
    "probGanarPuntoSacando" : 0.5614034883706154,
    "probGanarPuntoRestando" : 0.31034481418766047,
    "probAce" : 0.0
  },
  "hard" : {
    "nombre" : "Hard",
    "probVictoria" : 0.3333333432674408,
    "probGanarPrimerSaque" : 0.8179112672805786,
    "probGanarSegundoSaque" : 0.6311111251513163,
    "probPrimerSaque" : 0.6017651955286661,
    "probSegundoSaque" : 0.36473727226257324,
    "probGanarPuntoSacando" : 0.7223802839624511,
    "probGanarPuntoRestando" : 0.24363610225978474,
    "probAce" : 0.0
  },
  "other" : {
    "nombre" : "Other",
    "probVictoria" : 0.0,
    "probGanarPrimerSaque" : 0.0,
    "probGanarSegundoSaque" : 0.0,
    "probPrimerSaque" : 0.0,
    "probSegundoSaque" : 0.0,
    "probGanarPuntoSacando" : 0.0,
    "probGanarPuntoRestando" : 0.0,
    "probAce" : 0.0
  },
  "partidos" : [ {
    "torneo" : "Tyumen CH",
    "fecha" : "20121119",
    "superficie" : "Hard",
    "resultado" : "7-6(4) 6-3",
    "contrincante" : "Anton Manegin",
    "ganador" : false,
    "winnerAces" : 3,
    "winnerPrimerSaqueDentro" : 40,
    "winnerPrimerSaqueGanado" : 34,
    "winnerSegundoSaqueGanado" : 16,
    "winnerDobleFalta" : 4,
    "winnerServingPoints" : 61,
    "winnerServingGames" : 11,
    "loserAces" : 18,
    "loserPrimerSaqueDentro" : 32,
    "loserPrimerSaqueGanado" : 30,
    "loserSegundoSaqueGanado" : 13,
    "loserDobleFalta" : 5,
    "loserServingPoints" : 58,
    "loserServingGames" : 10
  }, {
    "torneo" : "Cordenons CH",
    "fecha" : "20120813",
    "superficie" : "Clay",
    "resultado" : "6-4 6-2",
    "contrincante" : "Marco Cecchinato",
    "ganador" : false,
    "winnerAces" : 2,
    "winnerPrimerSaqueDentro" : 38,
    "winnerPrimerSaqueGanado" : 29,
    "winnerSegundoSaqueGanado" : 7,
    "winnerDobleFalta" : 2,
    "winnerServingPoints" : 54,
    "winnerServingGames" : 9,
    "loserAces" : 0,
    "loserPrimerSaqueDentro" : 31,
    "loserPrimerSaqueGanado" : 20,
    "loserSegundoSaqueGanado" : 11,
    "loserDobleFalta" : 4,
    "loserServingPoints" : 56,
    "loserServingGames" : 9
  }, {
    "torneo" : "Nottingham2 CH",
    "fecha" : "20120611",
    "superficie" : "Grass",
    "resultado" : "6-2 6-4",
    "contrincante" : "Richard Bloomfield",
    "ganador" : false,
    "winnerAces" : 3,
    "winnerPrimerSaqueDentro" : 37,
    "winnerPrimerSaqueGanado" : 26,
    "winnerSegundoSaqueGanado" : 14,
    "winnerDobleFalta" : 1,
    "winnerServingPoints" : 58,
    "winnerServingGames" : 9,
    "loserAces" : 4,
    "loserPrimerSaqueDentro" : 34,
    "loserPrimerSaqueGanado" : 21,
    "loserSegundoSaqueGanado" : 11,
    "loserDobleFalta" : 5,
    "loserServingPoints" : 57,
    "loserServingGames" : 9
  }, {
    "torneo" : "Athens CH",
    "fecha" : "20120507",
    "superficie" : "Hard",
    "resultado" : "7-5 6-4",
    "contrincante" : "Illya Marchenko",
    "ganador" : true,
    "winnerAces" : 7,
    "winnerPrimerSaqueDentro" : 35,
    "winnerPrimerSaqueGanado" : 30,
    "winnerSegundoSaqueGanado" : 15,
    "winnerDobleFalta" : 0,
    "winnerServingPoints" : 56,
    "winnerServingGames" : 11,
    "loserAces" : 1,
    "loserPrimerSaqueDentro" : 45,
    "loserPrimerSaqueGanado" : 32,
    "loserSegundoSaqueGanado" : 13,
    "loserDobleFalta" : 3,
    "loserServingPoints" : 67,
    "loserServingGames" : 11
  }, {
    "torneo" : "Athens CH",
    "fecha" : "20120507",
    "superficie" : "Hard",
    "resultado" : "6-4 6-4",
    "contrincante" : "Laurynas Grigelis",
    "ganador" : false,
    "winnerAces" : 4,
    "winnerPrimerSaqueDentro" : 39,
    "winnerPrimerSaqueGanado" : 33,
    "winnerSegundoSaqueGanado" : 9,
    "winnerDobleFalta" : 1,
    "winnerServingPoints" : 54,
    "winnerServingGames" : 10,
    "loserAces" : 5,
    "loserPrimerSaqueDentro" : 44,
    "loserPrimerSaqueGanado" : 29,
    "loserSegundoSaqueGanado" : 14,
    "loserDobleFalta" : 1,
    "loserServingPoints" : 70,
    "loserServingGames" : 10
  } ]
}