{
  "nombre" : "Amer Delic",
  "mano" : "R",
  "nacionalidad" : "BIH",
  "edad" : 29.6810403833,
  "ganar1Saque" : 0.684323796759481,
  "ganar2Saque" : 0.5411941415589788,
  "primerSaque" : 0.6656128323596456,
  "segundoSaque" : 0.31025634965170984,
  "ganarPuntoSacando" : 0.6234036194251641,
  "ganarPuntoRestando" : 0.35219338691268226,
  "probAce" : 0.09045226126909256,
  "clay" : {
    "nombre" : "Clay",
    "probVictoria" : 0.25,
    "probGanarPrimerSaque" : 0.6090089231729507,
    "probGanarSegundoSaque" : 0.4123147316277027,
    "probPrimerSaque" : 0.6886761784553528,
    "probSegundoSaque" : 0.2897850051522255,
    "probGanarPuntoSacando" : 0.5388925644850295,
    "probGanarPuntoRestando" : 0.3553058892481508,
    "probAce" : 0.0
  },
  "grass" : {
    "nombre" : "Grass",
    "probVictoria" : 0.0,
    "probGanarPrimerSaque" : 0.6666666865348816,
    "probGanarSegundoSaque" : 0.7777777910232544,
    "probPrimerSaque" : 0.6428571343421936,
    "probSegundoSaque" : 0.3214285671710968,
    "probGanarPuntoSacando" : 0.6785714366133249,
    "probGanarPuntoRestando" : 0.44999999476498687,
    "probAce" : 0.0
  },
  "hard" : {
    "nombre" : "Hard",
    "probVictoria" : 0.4285714328289032,
    "probGanarPrimerSaque" : 0.6858408685241427,
    "probGanarSegundoSaque" : 0.5383856466838292,
    "probPrimerSaque" : 0.6754326479775565,
    "probSegundoSaque" : 0.3032801906977381,
    "probGanarPuntoSacando" : 0.6265210155136857,
    "probGanarPuntoRestando" : 0.3467376495120113,
    "probAce" : 0.0
  },
  "other" : {
    "nombre" : "Other",
    "probVictoria" : 0.75,
    "probGanarPrimerSaque" : 0.7587431967258453,
    "probGanarSegundoSaque" : 0.6207573711872101,
    "probPrimerSaque" : 0.6138690561056137,
    "probSegundoSaque" : 0.35235119611024857,
    "probGanarPuntoSacando" : 0.6844935722327177,
    "probGanarPuntoRestando" : 0.34372431351648597,
    "probAce" : 0.0
  },
  "partidos" : [ {
    "torneo" : "Indian Wells Masters",
    "fecha" : "20120308",
    "superficie" : "Hard",
    "resultado" : "2-6 6-0 6-2",
    "contrincante" : "Dudi Sela",
    "ganador" : false,
    "winnerAces" : 2,
    "winnerPrimerSaqueDentro" : 35,
    "winnerPrimerSaqueGanado" : 24,
    "winnerSegundoSaqueGanado" : 15,
    "winnerDobleFalta" : 2,
    "winnerServingPoints" : 62,
    "winnerServingGames" : 11,
    "loserAces" : 10,
    "loserPrimerSaqueDentro" : 60,
    "loserPrimerSaqueGanado" : 38,
    "loserSegundoSaqueGanado" : 9,
    "loserDobleFalta" : 4,
    "loserServingPoints" : 93,
    "loserServingGames" : 11
  }, {
    "torneo" : "Bergamo CH",
    "fecha" : "20120213",
    "superficie" : "Hard",
    "resultado" : "6-4 7-5",
    "contrincante" : "Malek Jaziri",
    "ganador" : true,
    "winnerAces" : 15,
    "winnerPrimerSaqueDentro" : 32,
    "winnerPrimerSaqueGanado" : 28,
    "winnerSegundoSaqueGanado" : 7,
    "winnerDobleFalta" : 1,
    "winnerServingPoints" : 44,
    "winnerServingGames" : 9,
    "loserAces" : 2,
    "loserPrimerSaqueDentro" : 38,
    "loserPrimerSaqueGanado" : 25,
    "loserSegundoSaqueGanado" : 15,
    "loserDobleFalta" : 2,
    "loserServingPoints" : 64,
    "loserServingGames" : 10
  }, {
    "torneo" : "Bergamo CH",
    "fecha" : "20120213",
    "superficie" : "Hard",
    "resultado" : "6-2 6-1",
    "contrincante" : "Benjamin Becker",
    "ganador" : false,
    "winnerAces" : 8,
    "winnerPrimerSaqueDentro" : 36,
    "winnerPrimerSaqueGanado" : 28,
    "winnerSegundoSaqueGanado" : 9,
    "winnerDobleFalta" : 3,
    "winnerServingPoints" : 52,
    "winnerServingGames" : 8,
    "loserAces" : 6,
    "loserPrimerSaqueDentro" : 44,
    "loserPrimerSaqueGanado" : 27,
    "loserSegundoSaqueGanado" : 8,
    "loserDobleFalta" : 2,
    "loserServingPoints" : 69,
    "loserServingGames" : 7
  }, {
    "torneo" : "Wolfsburg CH",
    "fecha" : "20120220",
    "superficie" : "Carpet",
    "resultado" : "6-3 6-2",
    "contrincante" : "Nils Langer",
    "ganador" : true,
    "winnerAces" : 8,
    "winnerPrimerSaqueDentro" : 30,
    "winnerPrimerSaqueGanado" : 24,
    "winnerSegundoSaqueGanado" : 13,
    "winnerDobleFalta" : 1,
    "winnerServingPoints" : 48,
    "winnerServingGames" : 9,
    "loserAces" : 2,
    "loserPrimerSaqueDentro" : 21,
    "loserPrimerSaqueGanado" : 13,
    "loserSegundoSaqueGanado" : 12,
    "loserDobleFalta" : 4,
    "loserServingPoints" : 44,
    "loserServingGames" : 8
  }, {
    "torneo" : "Wolfsburg CH",
    "fecha" : "20120220",
    "superficie" : "Carpet",
    "resultado" : "6-2 6-4",
    "contrincante" : "Dusan Lajovic",
    "ganador" : true,
    "winnerAces" : 6,
    "winnerPrimerSaqueDentro" : 32,
    "winnerPrimerSaqueGanado" : 27,
    "winnerSegundoSaqueGanado" : 8,
    "winnerDobleFalta" : 0,
    "winnerServingPoints" : 48,
    "winnerServingGames" : 9,
    "loserAces" : 0,
    "loserPrimerSaqueDentro" : 33,
    "loserPrimerSaqueGanado" : 23,
    "loserSegundoSaqueGanado" : 8,
    "loserDobleFalta" : 2,
    "loserServingPoints" : 55,
    "loserServingGames" : 9
  }, {
    "torneo" : "Wolfsburg CH",
    "fecha" : "20120220",
    "superficie" : "Carpet",
    "resultado" : "4-6 7-6(6) 6-3",
    "contrincante" : "Peter Gojowczyk",
    "ganador" : true,
    "winnerAces" : 14,
    "winnerPrimerSaqueDentro" : 62,
    "winnerPrimerSaqueGanado" : 43,
    "winnerSegundoSaqueGanado" : 28,
    "winnerDobleFalta" : 5,
    "winnerServingPoints" : 105,
    "winnerServingGames" : 16,
    "loserAces" : 7,
    "loserPrimerSaqueDentro" : 44,
    "loserPrimerSaqueGanado" : 39,
    "loserSegundoSaqueGanado" : 23,
    "loserDobleFalta" : 1,
    "loserServingPoints" : 78,
    "loserServingGames" : 15
  }, {
    "torneo" : "Wolfsburg CH",
    "fecha" : "20120220",
    "superficie" : "Carpet",
    "resultado" : "7-6(3) 6-3",
    "contrincante" : "Igor Sijsling",
    "ganador" : false,
    "winnerAces" : 4,
    "winnerPrimerSaqueDentro" : 32,
    "winnerPrimerSaqueGanado" : 26,
    "winnerSegundoSaqueGanado" : 18,
    "winnerDobleFalta" : 3,
    "winnerServingPoints" : 63,
    "winnerServingGames" : 11,
    "loserAces" : 9,
    "loserPrimerSaqueDentro" : 43,
    "loserPrimerSaqueGanado" : 30,
    "loserSegundoSaqueGanado" : 13,
    "loserDobleFalta" : 5,
    "loserServingPoints" : 75,
    "loserServingGames" : 10
  }, {
    "torneo" : "Savannah CH",
    "fecha" : "20120423",
    "superficie" : "Clay",
    "resultado" : "6-3 7-6(2)",
    "contrincante" : "James Lemke",
    "ganador" : true,
    "winnerAces" : 7,
    "winnerPrimerSaqueDentro" : 53,
    "winnerPrimerSaqueGanado" : 40,
    "winnerSegundoSaqueGanado" : 15,
    "winnerDobleFalta" : 2,
    "winnerServingPoints" : 84,
    "winnerServingGames" : 11,
    "loserAces" : 0,
    "loserPrimerSaqueDentro" : 36,
    "loserPrimerSaqueGanado" : 25,
    "loserSegundoSaqueGanado" : 10,
    "loserDobleFalta" : 5,
    "loserServingPoints" : 60,
    "loserServingGames" : 10
  }, {
    "torneo" : "Savannah CH",
    "fecha" : "20120423",
    "superficie" : "Clay",
    "resultado" : "3-6 6-1 6-1",
    "contrincante" : "Peter Polansky",
    "ganador" : false,
    "winnerAces" : 2,
    "winnerPrimerSaqueDentro" : 43,
    "winnerPrimerSaqueGanado" : 30,
    "winnerSegundoSaqueGanado" : 16,
    "winnerDobleFalta" : 3,
    "winnerServingPoints" : 73,
    "winnerServingGames" : 11,
    "loserAces" : 4,
    "loserPrimerSaqueDentro" : 52,
    "loserPrimerSaqueGanado" : 28,
    "loserSegundoSaqueGanado" : 9,
    "loserDobleFalta" : 0,
    "loserServingPoints" : 71,
    "loserServingGames" : 12
  }, {
    "torneo" : "Sarasota CH",
    "fecha" : "20120416",
    "superficie" : "Clay",
    "resultado" : "6-1 6-1",
    "contrincante" : "Alex Kuznetsov",
    "ganador" : false,
    "winnerAces" : 5,
    "winnerPrimerSaqueDentro" : 35,
    "winnerPrimerSaqueGanado" : 25,
    "winnerSegundoSaqueGanado" : 9,
    "winnerDobleFalta" : 1,
    "winnerServingPoints" : 49,
    "winnerServingGames" : 7,
    "loserAces" : 2,
    "loserPrimerSaqueDentro" : 28,
    "loserPrimerSaqueGanado" : 14,