{
  "nombre" : "Andre Begemann",
  "mano" : "R",
  "nacionalidad" : "GER",
  "edad" : 27.7234770705,
  "ganar1Saque" : 0.6951031982898712,
  "ganar2Saque" : 0.5495390959761359,
  "primerSaque" : 0.5733416378498077,
  "segundoSaque" : 0.33327385173602536,
  "ganarPuntoSacando" : 0.5816786173776546,
  "ganarPuntoRestando" : 0.3641413427418583,
  "probAce" : 0.05789804831147194,
  "clay" : {
    "nombre" : "Clay",
    "probVictoria" : 0.5,
    "probGanarPrimerSaque" : 0.6659811660647392,
    "probGanarSegundoSaque" : 0.5777921602129936,
    "probPrimerSaque" : 0.5466384366154671,
    "probSegundoSaque" : 0.3308700416237116,
    "probGanarPuntoSacando" : 0.5552250195325023,
    "probGanarPuntoRestando" : 0.3912604366629347,
    "probAce" : 0.0
  },
  "grass" : {
    "nombre" : "Grass",
    "probVictoria" : 0.0,
    "probGanarPrimerSaque" : 0.6829268336296082,
    "probGanarSegundoSaque" : 0.5333333611488342,
    "probPrimerSaque" : 0.5189873576164246,
    "probSegundoSaque" : 0.37974682450294495,
    "probGanarPuntoSacando" : 0.556962043128534,
    "probGanarPuntoRestando" : 0.3714285406486063,
    "probAce" : 0.0
  },
  "hard" : {
    "nombre" : "Hard",
    "probVictoria" : 0.23076923191547394,
    "probGanarPrimerSaque" : 0.7139610923253573,
    "probGanarSegundoSaque" : 0.533399189894016,
    "probPrimerSaque" : 0.5939554755504315,
    "probSegundoSaque" : 0.33117827543845546,
    "probGanarPuntoSacando" : 0.6007113239459826,
    "probGanarPuntoRestando" : 0.34689211587452307,
    "probAce" : 0.0
  },
  "other" : {
    "nombre" : "Other",
    "probVictoria" : 0.0,
    "probGanarPrimerSaque" : 0.0,
    "probGanarSegundoSaque" : 0.0,
    "probPrimerSaque" : 0.0,
    "probSegundoSaque" : 0.0,
    "probGanarPuntoSacando" : 0.0,
    "probGanarPuntoRestando" : 0.0,
    "probAce" : 0.0
  },
  "partidos" : [ {
    "torneo" : "San Luis Potosi CH",
    "fecha" : "20120402",
    "superficie" : "Clay",
    "resultado" : "5-7 6-4 6-2",
    "contrincante" : "Julio Cesar Campozano",
    "ganador" : true,
    "winnerAces" : 3,
    "winnerPrimerSaqueDentro" : 45,
    "winnerPrimerSaqueGanado" : 33,
    "winnerSegundoSaqueGanado" : 12,
    "winnerDobleFalta" : 19,
    "winnerServingPoints" : 85,
    "winnerServingGames" : 15,
    "loserAces" : 1,
    "loserPrimerSaqueDentro" : 74,
    "loserPrimerSaqueGanado" : 38,
    "loserSegundoSaqueGanado" : 8,
    "loserDobleFalta" : 3,
    "loserServingPoints" : 95,
    "loserServingGames" : 15
  }, {
    "torneo" : "San Luis Potosi CH",
    "fecha" : "20120402",
    "superficie" : "Clay",
    "resultado" : "6-2 6-1",
    "contrincante" : "Denis Zivkovic",
    "ganador" : false,
    "winnerAces" : 3,
    "winnerPrimerSaqueDentro" : 32,
    "winnerPrimerSaqueGanado" : 25,
    "winnerSegundoSaqueGanado" : 9,
    "winnerDobleFalta" : 1,
    "winnerServingPoints" : 45,
    "winnerServingGames" : 8,
    "loserAces" : 2,
    "loserPrimerSaqueDentro" : 23,
    "loserPrimerSaqueGanado" : 12,
    "loserSegundoSaqueGanado" : 5,
    "loserDobleFalta" : 4,
    "loserServingPoints" : 36,
    "loserServingGames" : 7
  }, {
    "torneo" : "Genova CH",
    "fecha" : "20120904",
    "superficie" : "Clay",
    "resultado" : "6-7(5) 6-3 6-2",
    "contrincante" : "Paul Capdeville",
    "ganador" : true,
    "winnerAces" : 9,
    "winnerPrimerSaqueDentro" : 59,
    "winnerPrimerSaqueGanado" : 45,
    "winnerSegundoSaqueGanado" : 20,
    "winnerDobleFalta" : 10,
    "winnerServingPoints" : 103,
    "winnerServingGames" : 14,
    "loserAces" : 1,
    "loserPrimerSaqueDentro" : 51,
    "loserPrimerSaqueGanado" : 36,
    "loserSegundoSaqueGanado" : 23,
    "loserDobleFalta" : 10,
    "loserServingPoints" : 105,
    "loserServingGames" : 15
  }, {
    "torneo" : "Genova CH",
    "fecha" : "20120904",
    "superficie" : "Clay",
    "resultado" : "6-3 6-0",
    "contrincante" : "Filippo Volandri",
    "ganador" : false,
    "winnerAces" : 0,
    "winnerPrimerSaqueDentro" : 30,
    "winnerPrimerSaqueGanado" : 22,
    "winnerSegundoSaqueGanado" : 7,
    "winnerDobleFalta" : 0,
    "winnerServingPoints" : 43,
    "winnerServingGames" : 7,
    "loserAces" : 1,
    "loserPrimerSaqueDentro" : 28,
    "loserPrimerSaqueGanado" : 14,
    "loserSegundoSaqueGanado" : 13,
    "loserDobleFalta" : 6,
    "loserServingPoints" : 65,
    "loserServingGames" : 8
  }, {
    "torneo" : "Ostrava CH",
    "fecha" : "20120430",
    "superficie" : "Clay",
    "resultado" : "6-3 6-2",
    "contrincante" : "Jiri Vesely",
    "ganador" : true,
    "winnerAces" : 1,
    "winnerPrimerSaqueDentro" : 32,
    "winnerPrimerSaqueGanado" : 28,
    "winnerSegundoSaqueGanado" : 15,
    "winnerDobleFalta" : 6,
    "winnerServingPoints" : 61,
    "winnerServingGames" : 9,
    "loserAces" : 2,
    "loserPrimerSaqueDentro" : 27,
    "loserPrimerSaqueGanado" : 18,
    "loserSegundoSaqueGanado" : 8,
    "loserDobleFalta" : 2,
    "loserServingPoints" : 47,
    "loserServingGames" : 8
  }, {
    "torneo" : "Ostrava CH",
    "fecha" : "20120430",
    "superficie" : "Clay",
    "resultado" : "6-2 7-5",
    "contrincante" : "Jan Hajek",
    "ganador" : false,
    "winnerAces" : 0,
    "winnerPrimerSaqueDentro" : 42,
    "winnerPrimerSaqueGanado" : 32,
    "winnerSegundoSaqueGanado" : 8,
    "winnerDobleFalta" : 1,
    "winnerServingPoints" : 58,
    "winnerServingGames" : 10,
    "loserAces" : 1,
    "loserPrimerSaqueDentro" : 33,
    "loserPrimerSaqueGanado" : 23,
    "loserSegundoSaqueGanado" : 12,
    "loserDobleFalta" : 5,
    "loserServingPoints" : 58,
    "loserServingGames" : 10
  }, {
    "torneo" : "Leon CH",
    "fecha" : "20120409",
    "superficie" : "Hard",
    "resultado" : "3-6 6-4 6-4",
    "contrincante" : "Denis Zivkovic",
    "ganador" : false,
    "winnerAces" : 3,
    "winnerPrimerSaqueDentro" : 60,
    "winnerPrimerSaqueGanado" : 43,
    "winnerSegundoSaqueGanado" : 14,
    "winnerDobleFalta" : 0,
    "winnerServingPoints" : 79,
    "winnerServingGames" : 15,
    "loserAces" : 6,
    "loserPrimerSaqueDentro" : 40,
    "loserPrimerSaqueGanado" : 37,
    "loserSegundoSaqueGanado" : 14,
    "loserDobleFalta" : 7,
    "loserServingPoints" : 66,
    "loserServingGames" : 14
  }, {
    "torneo" : "Dallas CH",
    "fecha" : "20120206",
    "superficie" : "Hard",
    "resultado" : "6-7(2) 6-2 6-3",
    "contrincante" : "Carlos Salamanca",
    "ganador" : true,
    "winnerAces" : 6,
    "winnerPrimerSaqueDentro" : 55,
    "winnerPrimerSaqueGanado" : 44,
    "winnerSegundoSaqueGanado" : 17,
    "winnerDobleFalta" : 2,
    "winnerServingPoints" : 84,
    "winnerServingGames" : 15,
    "loserAces" : 4,
    "loserPrimerSaqueDentro" : 51,
    "loserPrimerSaqueGanado" : 36,
    "loserSegundoSaqueGanado" : 19,
    "loserDobleFalta" : 1,
    "loserServingPoints" : 88,
    "loserServingGames" : 14
  }, {
    "torneo" : "Dallas CH",
    "fecha" : "20120206",
    "superficie" : "Hard",
    "resultado" : "6-4 6-4",
    "contrincante" : "Ricardas Berankis",
    "ganador" : false,
    "winnerAces" : 9,
    "winnerPrimerSaqueDentro" : 32,
    "winnerPrimerSaqueGanado" : 25,
    "winnerSegundoSaqueGanado" : 17,
    "winnerDobleFalta" : 3,
    "winnerServingPoints" : 57,
    "winnerServingGames" : 10,
    "loserAces" : 8,
    "loserPrimerSaqueDentro" : 32,
    "loserPrimerSaqueGanado" : 25,
    "loserSegundoSaqueGanado" : 15,
    "loserDobleFalta" : 5,
    "loserServingPoints" : 63,
    "loserServingGames" : 10
  }, {
    "torneo" : "Petange CH",
    "fecha" : "20120910",
    "superficie" : "Hard",
    "resultado" : "6-3 6-0",
    "contrincante" : "Jurgen Zopp",
    "ganador" : false,
    "winnerAces" : 6,
    "winnerPrimerSaqueDentro" : 35,
    "winnerPrimerSaqueGanado" : 29,
    "winnerSegundoSaqueGanado" : 8,
    "winnerDobleFalta" : 1,
    "winnerServingPoints" : 53,
    "winnerServingGames" : 8,
    "loserAces" : 5,
    "loserPrimerSaqueDentro" : 37,
    "loserPrimerSaqueGanado" : 24,
    "loserSegundoSaqueGanado" : 5,
    "loserDobleFalta" : 7,
    "loserServingPoints" : 59,