{
  "nombre" : "Artem Sitak",
  "mano" : "U",
  "nacionalidad" : "NZL",
  "edad" : 26.1464750171,
  "ganar1Saque" : 0.6996948719024658,
  "ganar2Saque" : 0.4927724566724565,
  "primerSaque" : 0.5220465097162459,
  "segundoSaque" : 0.38396628035439384,
  "ganarPuntoSacando" : 0.5544812729926578,
  "ganarPuntoRestando" : 0.365359544068469,
  "probAce" : 0.07525325566530228,
  "clay" : {
    "nombre" : "Clay",
    "probVictoria" : 0.0,
    "probGanarPrimerSaque" : 0.6451612710952759,
    "probGanarSegundoSaque" : 0.4000000059604645,
    "probPrimerSaque" : 0.469696968793869,
    "probSegundoSaque" : 0.3787878751754761,
    "probGanarPuntoSacando" : 0.45454544574459277,
    "probGanarPuntoRestando" : 0.18918919850153193,
    "probAce" : 0.0
  },
  "grass" : {
    "nombre" : "Grass",
    "probVictoria" : 0.5,
    "probGanarPrimerSaque" : 1.4570886492729187,
    "probGanarSegundoSaque" : 0.5036133676767349,
    "probPrimerSaque" : 0.536983847618103,
    "probSegundoSaque" : 0.38904839754104614,
    "probGanarPuntoSacando" : 0.97836304288212,
    "probGanarPuntoRestando" : 0.39891223511146046,
    "probAce" : 0.0
  },
  "hard" : {
    "nombre" : "Hard",
    "probVictoria" : 0.5,
    "probGanarPrimerSaque" : 0.6991673211256663,
    "probGanarSegundoSaque" : 0.5046208947896957,
    "probPrimerSaque" : 0.5257923205693563,
    "probSegundoSaque" : 0.38313530882199603,
    "probGanarPuntoSacando" : 0.5609548906042064,
    "probGanarPuntoRestando" : 0.3835370379819613,
    "probAce" : 0.0
  },
  "other" : {
    "nombre" : "Other",
    "probVictoria" : 0.0,
    "probGanarPrimerSaque" : 0.0,
    "probGanarSegundoSaque" : 0.0,
    "probPrimerSaque" : 0.0,
    "probSegundoSaque" : 0.0,
    "probGanarPuntoSacando" : 0.0,
    "probGanarPuntoRestando" : 0.0,
    "probAce" : 0.0
  },
  "partidos" : [ {
    "torneo" : "Tallahassee CH",
    "fecha" : "20120402",
    "superficie" : "Hard",
    "resultado" : "6-0 6-4",
    "contrincante" : "Frank Dancevic",
    "ganador" : false,
    "winnerAces" : 4,
    "winnerPrimerSaqueDentro" : 22,
    "winnerPrimerSaqueGanado" : 17,
    "winnerSegundoSaqueGanado" : 15,
    "winnerDobleFalta" : 0,
    "winnerServingPoints" : 44,
    "winnerServingGames" : 8,
    "loserAces" : 2,
    "loserPrimerSaqueDentro" : 29,
    "loserPrimerSaqueGanado" : 21,
    "loserSegundoSaqueGanado" : 9,
    "loserDobleFalta" : 8,
    "loserServingPoints" : 65,
    "loserServingGames" : 8
  }, {
    "torneo" : "Auckland Q",
    "fecha" : "20120109",
    "superficie" : "Hard",
    "resultado" : "6-3 6-7(5) 6-0",
    "contrincante" : "Denis Kudla",
    "ganador" : true,
    "winnerAces" : 10,
    "winnerPrimerSaqueDentro" : 50,
    "winnerPrimerSaqueGanado" : 42,
    "winnerSegundoSaqueGanado" : 18,
    "winnerDobleFalta" : 10,
    "winnerServingPoints" : 96,
    "winnerServingGames" : 14,
    "loserAces" : 0,
    "loserPrimerSaqueDentro" : 53,
    "loserPrimerSaqueGanado" : 29,
    "loserSegundoSaqueGanado" : 20,
    "loserDobleFalta" : 4,
    "loserServingPoints" : 92,
    "loserServingGames" : 13
  }, {
    "torneo" : "Auckland Q",
    "fecha" : "20120109",
    "superficie" : "Hard",
    "resultado" : "6-3 6-4",
    "contrincante" : "Dominik Hrbaty",
    "ganador" : true,
    "winnerAces" : 6,
    "winnerPrimerSaqueDentro" : 41,
    "winnerPrimerSaqueGanado" : 29,
    "winnerSegundoSaqueGanado" : 12,
    "winnerDobleFalta" : 3,
    "winnerServingPoints" : 61,
    "winnerServingGames" : 10,
    "loserAces" : 0,
    "loserPrimerSaqueDentro" : 30,
    "loserPrimerSaqueGanado" : 21,
    "loserSegundoSaqueGanado" : 11,
    "loserDobleFalta" : 6,
    "loserServingPoints" : 57,
    "loserServingGames" : 9
  }, {
    "torneo" : "Auckland Q",
    "fecha" : "20120109",
    "superficie" : "Hard",
    "resultado" : "6-1 6-0",
    "contrincante" : "Adrian Mannarino",
    "ganador" : false,
    "winnerAces" : 0,
    "winnerPrimerSaqueDentro" : 25,
    "winnerPrimerSaqueGanado" : 19,
    "winnerSegundoSaqueGanado" : 8,
    "winnerDobleFalta" : 2,
    "winnerServingPoints" : 39,
    "winnerServingGames" : 6,
    "loserAces" : 5,
    "loserPrimerSaqueDentro" : 19,
    "loserPrimerSaqueGanado" : 10,
    "loserSegundoSaqueGanado" : 13,
    "loserDobleFalta" : 5,
    "loserServingPoints" : 56,
    "loserServingGames" : 7
  }, {
    "torneo" : "Delray Beach Q",
    "fecha" : "20120227",
    "superficie" : "Hard",
    "resultado" : "6-2 7-6(8)",
    "contrincante" : "Sekou Bangoura",
    "ganador" : true,
    "winnerAces" : 7,
    "winnerPrimerSaqueDentro" : 46,
    "winnerPrimerSaqueGanado" : 35,
    "winnerSegundoSaqueGanado" : 15,
    "winnerDobleFalta" : 5,
    "winnerServingPoints" : 77,
    "winnerServingGames" : 10,
    "loserAces" : 0,
    "loserPrimerSaqueDentro" : 58,
    "loserPrimerSaqueGanado" : 33,
    "loserSegundoSaqueGanado" : 12,
    "loserDobleFalta" : 4,
    "loserServingPoints" : 81,
    "loserServingGames" : 10
  }, {
    "torneo" : "Delray Beach Q",
    "fecha" : "20120227",
    "superficie" : "Hard",
    "resultado" : "4-6 6-2 6-2",
    "contrincante" : "Nicholas Monroe",
    "ganador" : false,
    "winnerAces" : 4,
    "winnerPrimerSaqueDentro" : 47,
    "winnerPrimerSaqueGanado" : 33,
    "winnerSegundoSaqueGanado" : 18,
    "winnerDobleFalta" : 5,
    "winnerServingPoints" : 81,
    "winnerServingGames" : 13,
    "loserAces" : 6,
    "loserPrimerSaqueDentro" : 55,
    "loserPrimerSaqueGanado" : 35,
    "loserSegundoSaqueGanado" : 15,
    "loserDobleFalta" : 11,
    "loserServingPoints" : 95,
    "loserServingGames" : 13
  }, {
    "torneo" : "s-Hertogenbosch Q",
    "fecha" : "20120617",
    "superficie" : "Grass",
    "resultado" : "6-4 7-6(4)",
    "contrincante" : "Peter Torebko",
    "ganador" : true,
    "winnerAces" : 2,
    "winnerPrimerSaqueDentro" : 37,
    "winnerPrimerSaqueGanado" : 26,
    "winnerSegundoSaqueGanado" : 16,
    "winnerDobleFalta" : 5,
    "winnerServingPoints" : 69,
    "winnerServingGames" : 11,
    "loserAces" : 5,
    "loserPrimerSaqueDentro" : 40,
    "loserPrimerSaqueGanado" : 28,
    "loserSegundoSaqueGanado" : 20,
    "loserDobleFalta" : 7,
    "loserServingPoints" : 93,
    "loserServingGames" : 11
  }, {
    "torneo" : "s-Hertogenbosch Q",
    "fecha" : "20120617",
    "superficie" : "Grass",
    "resultado" : "6-7(4) 6-3 6-2",
    "contrincante" : "Nikola Mektic",
    "ganador" : false,
    "winnerAces" : 2,
    "winnerPrimerSaqueDentro" : 49,
    "winnerPrimerSaqueGanado" : 41,
    "winnerSegundoSaqueGanado" : 18,
    "winnerDobleFalta" : 1,
    "winnerServingPoints" : 86,
    "winnerServingGames" : 14,
    "loserAces" : 11,
    "loserPrimerSaqueDentro" : 57,
    "loserPrimerSaqueGanado" : 43,
    "loserSegundoSaqueGanado" : 17,
    "loserDobleFalta" : 8,
    "loserServingPoints" : 106,
    "loserServingGames" : 15
  }, {
    "torneo" : "Stuttgart Q",
    "fecha" : "20120709",
    "superficie" : "Clay",
    "resultado" : "6-2 6-0",
    "contrincante" : "Robert Farah",
    "ganador" : false,
    "winnerAces" : 1,
    "winnerPrimerSaqueDentro" : 18,
    "winnerPrimerSaqueGanado" : 15,
    "winnerSegundoSaqueGanado" : 15,
    "winnerDobleFalta" : 0,
    "winnerServingPoints" : 37,
    "winnerServingGames" : 7,
    "loserAces" : 3,
    "loserPrimerSaqueDentro" : 31,
    "loserPrimerSaqueGanado" : 20,
    "loserSegundoSaqueGanado" : 10,
    "loserDobleFalta" : 10,
    "loserServingPoints" : 66,
    "loserServingGames" : 7
  } ]
}