{
  "nombre" : "Clement Reix",
  "mano" : "U",
  "nacionalidad" : "FRA",
  "edad" : 28.9418206708,
  "ganar1Saque" : 0.753713690099262,
  "ganar2Saque" : 0.5165680561746869,
  "primerSaque" : 0.6131090862410409,
  "segundoSaque" : 0.33547682421548025,
  "ganarPuntoSacando" : 0.6354053228007694,
  "ganarPuntoRestando" : 0.3081572085162192,
  "probAce" : 0.12704649567604065,
  "clay" : {
    "nombre" : "Clay",
    "probVictoria" : 0.0,
    "probGanarPrimerSaque" : 0.6896551847457886,
    "probGanarSegundoSaque" : 0.5581395626068115,
    "probPrimerSaque" : 0.5321100950241089,
    "probSegundoSaque" : 0.39449542760849,
    "probGanarPuntoSacando" : 0.5871559913047406,
    "probGanarPuntoRestando" : 0.3773585091899888,
    "probAce" : 0.0
  },
  "grass" : {
    "nombre" : "Grass",
    "probVictoria" : 0.0,
    "probGanarPrimerSaque" : 0.774193525314331,
    "probGanarSegundoSaque" : 0.6000000238418579,
    "probPrimerSaque" : 0.6200000047683716,
    "probSegundoSaque" : 0.30000001192092896,
    "probGanarPuntoSacando" : 0.6600000036916427,
    "probGanarPuntoRestando" : 0.2413793192714193,
    "probAce" : 0.0
  },
  "hard" : {
    "nombre" : "Hard",
    "probVictoria" : 0.4736842215061188,
    "probGanarPrimerSaque" : 0.7560073043170729,
    "probGanarSegundoSaque" : 0.5099889259589346,
    "probPrimerSaque" : 0.617009511119441,
    "probSegundoSaque" : 0.3342377825787193,
    "probGanarPuntoSacando" : 0.6369212649916206,
    "probGanarPuntoRestando" : 0.3080296605462734,
    "probAce" : 0.0
  },
  "other" : {
    "nombre" : "Other",
    "probVictoria" : 0.0,
    "probGanarPrimerSaque" : 0.0,
    "probGanarSegundoSaque" : 0.0,
    "probPrimerSaque" : 0.0,
    "probSegundoSaque" : 0.0,
    "probGanarPuntoSacando" : 0.0,
    "probGanarPuntoRestando" : 0.0,
    "probAce" : 0.0
  },
  "partidos" : [ {
    "torneo" : "Metz",
    "fecha" : "20120917",
    "superficie" : "Hard",
    "resultado" : "6-3 3-6 7-5",
    "contrincante" : "Edouard Roger Vasselin",
    "ganador" : true,
    "winnerAces" : 21,
    "winnerPrimerSaqueDentro" : 75,
    "winnerPrimerSaqueGanado" : 57,
    "winnerSegundoSaqueGanado" : 14,
    "winnerDobleFalta" : 0,
    "winnerServingPoints" : 107,
    "winnerServingGames" : 15,
    "loserAces" : 16,
    "loserPrimerSaqueDentro" : 52,
    "loserPrimerSaqueGanado" : 43,
    "loserSegundoSaqueGanado" : 13,
    "loserDobleFalta" : 1,
    "loserServingPoints" : 77,
    "loserServingGames" : 15
  }, {
    "torneo" : "Metz",
    "fecha" : "20120917",
    "superficie" : "Hard",
    "resultado" : "6-3 6-3",
    "contrincante" : "Jo Wilfried Tsonga",
    "ganador" : false,
    "winnerAces" : 6,
    "winnerPrimerSaqueDentro" : 35,
    "winnerPrimerSaqueGanado" : 28,
    "winnerSegundoSaqueGanado" : 13,
    "winnerDobleFalta" : 2,
    "winnerServingPoints" : 57,
    "winnerServingGames" : 9,
    "loserAces" : 4,
    "loserPrimerSaqueDentro" : 44,
    "loserPrimerSaqueGanado" : 27,
    "loserSegundoSaqueGanado" : 13,
    "loserDobleFalta" : 3,
    "loserServingPoints" : 71,
    "loserServingGames" : 9
  }, {
    "torneo" : "Dallas CH",
    "fecha" : "20120206",
    "superficie" : "Hard",
    "resultado" : "6-4 0-6 6-1",
    "contrincante" : "Jonathan Eysseric",
    "ganador" : true,
    "winnerAces" : 11,
    "winnerPrimerSaqueDentro" : 46,
    "winnerPrimerSaqueGanado" : 31,
    "winnerSegundoSaqueGanado" : 9,
    "winnerDobleFalta" : 4,
    "winnerServingPoints" : 70,
    "winnerServingGames" : 12,
    "loserAces" : 4,
    "loserPrimerSaqueDentro" : 50,
    "loserPrimerSaqueGanado" : 30,
    "loserSegundoSaqueGanado" : 14,
    "loserDobleFalta" : 6,
    "loserServingPoints" : 81,
    "loserServingGames" : 11
  }, {
    "torneo" : "Dallas CH",
    "fecha" : "20120206",
    "superficie" : "Hard",
    "resultado" : "2-6 7-5 7-6(3)",
    "contrincante" : "Alex Kuznetsov",
    "ganador" : true,
    "winnerAces" : 20,
    "winnerPrimerSaqueDentro" : 72,
    "winnerPrimerSaqueGanado" : 52,
    "winnerSegundoSaqueGanado" : 18,
    "winnerDobleFalta" : 4,
    "winnerServingPoints" : 109,
    "winnerServingGames" : 16,
    "loserAces" : 10,
    "loserPrimerSaqueDentro" : 69,
    "loserPrimerSaqueGanado" : 49,
    "loserSegundoSaqueGanado" : 17,
    "loserDobleFalta" : 2,
    "loserServingPoints" : 99,
    "loserServingGames" : 16
  }, {
    "torneo" : "Dallas CH",
    "fecha" : "20120206",
    "superficie" : "Hard",
    "resultado" : "6-4 6-3",
    "contrincante" : "Izak Van Der Merwe",
    "ganador" : false,
    "winnerAces" : 14,
    "winnerPrimerSaqueDentro" : 28,
    "winnerPrimerSaqueGanado" : 25,
    "winnerSegundoSaqueGanado" : 12,
    "winnerDobleFalta" : 2,
    "winnerServingPoints" : 44,
    "winnerServingGames" : 9,
    "loserAces" : 9,
    "loserPrimerSaqueDentro" : 32,
    "loserPrimerSaqueGanado" : 27,
    "loserSegundoSaqueGanado" : 9,
    "loserDobleFalta" : 1,
    "loserServingPoints" : 58,
    "loserServingGames" : 10
  }, {
    "torneo" : "Rimouski CH",
    "fecha" : "20120319",
    "superficie" : "Hard",
    "resultado" : "6-4 6-3",
    "contrincante" : "Denis Gremelmayr",
    "ganador" : true,
    "winnerAces" : 9,
    "winnerPrimerSaqueDentro" : 35,
    "winnerPrimerSaqueGanado" : 32,
    "winnerSegundoSaqueGanado" : 9,
    "winnerDobleFalta" : 1,
    "winnerServingPoints" : 52,
    "winnerServingGames" : 10,
    "loserAces" : 5,
    "loserPrimerSaqueDentro" : 30,
    "loserPrimerSaqueGanado" : 22,
    "loserSegundoSaqueGanado" : 12,
    "loserDobleFalta" : 0,
    "loserServingPoints" : 55,
    "loserServingGames" : 9
  }, {
    "torneo" : "Rimouski CH",
    "fecha" : "20120319",
    "superficie" : "Hard",
    "resultado" : "6-7(5) 7-6(5) 6-2",
    "contrincante" : "Pierre Hugues Herbert",
    "ganador" : true,
    "winnerAces" : 10,
    "winnerPrimerSaqueDentro" : 72,
    "winnerPrimerSaqueGanado" : 57,
    "winnerSegundoSaqueGanado" : 20,
    "winnerDobleFalta" : 1,
    "winnerServingPoints" : 100,
    "winnerServingGames" : 16,
    "loserAces" : 11,
    "loserPrimerSaqueDentro" : 55,
    "loserPrimerSaqueGanado" : 43,
    "loserSegundoSaqueGanado" : 28,
    "loserDobleFalta" : 4,
    "loserServingPoints" : 100,
    "loserServingGames" : 16
  }, {
    "torneo" : "Rimouski CH",
    "fecha" : "20120319",
    "superficie" : "Hard",
    "resultado" : "7-6(6) 7-5",
    "contrincante" : "Tatsuma Ito",
    "ganador" : false,
    "winnerAces" : 6,
    "winnerPrimerSaqueDentro" : 49,
    "winnerPrimerSaqueGanado" : 39,
    "winnerSegundoSaqueGanado" : 13,
    "winnerDobleFalta" : 5,
    "winnerServingPoints" : 74,
    "winnerServingGames" : 12,
    "loserAces" : 11,
    "loserPrimerSaqueDentro" : 43,
    "loserPrimerSaqueGanado" : 35,
    "loserSegundoSaqueGanado" : 14,
    "loserDobleFalta" : 0,
    "loserServingPoints" : 70,
    "loserServingGames" : 12
  }, {
    "torneo" : "Champaign CH",
    "fecha" : "20121112",
    "superficie" : "Hard",
    "resultado" : "6-2 3-1 RET",
    "contrincante" : "Ryan Sweeting",
    "ganador" : false,
    "winnerAces" : 7,
    "winnerPrimerSaqueDentro" : 18,
    "winnerPrimerSaqueGanado" : 16,
    "winnerSegundoSaqueGanado" : 9,
    "winnerDobleFalta" : 1,
    "winnerServingPoints" : 29,
    "winnerServingGames" : 6,
    "loserAces" : 0,
    "loserPrimerSaqueDentro" : 21,
    "loserPrimerSaqueGanado" : 13,
    "loserSegundoSaqueGanado" : 5,
    "loserDobleFalta" : 1,
    "loserServingPoints" : 38,
    "loserServingGames" : 6
  }, {
    "torneo" : "Granby CH",
    "fecha" : "20120716",
    "superficie" : "Hard",
    "resultado" : "7-6(7) 2-6 6-3",
    "contrincante" : "Yasutaka Uchiyama",
    "ganador" : false,
    "winnerAces" : 11,
    "winnerPrimerSaqueDentro" : 74,
    "winnerPrimerSaqueGanado" : 50,
    "winnerSegundoSaqueGanado" : 30,
    "winnerDobleFalta" : 6,
    "winnerServingPoints" : 124,
    "winnerServingGames" : 15,
    "loserAces" : 8,
    "loserPrimerSaqueDentro" : 48,
    "loserPrimerSaqueGanado" : 37,
    "loserSegundoSaqueGanado" : 24,
    "loserDobleFalta" : 6,