{
  "nombre" : "Daniel Smethurst",
  "mano" : "U",
  "nacionalidad" : "GBR",
  "edad" : 22.045174538,
  "ganar1Saque" : 0.6356284831251416,
  "ganar2Saque" : 0.4972340336867741,
  "primerSaque" : 0.5842416839940208,
  "segundoSaque" : 0.3234005155307906,
  "ganarPuntoSacando" : 0.532166398209355,
  "ganarPuntoRestando" : 0.34556373938318996,
  "probAce" : 0.032634031027555466,
  "clay" : {
    "nombre" : "Clay",
    "probVictoria" : 0.5,
    "probGanarPrimerSaque" : 0.569950744509697,
    "probGanarSegundoSaque" : 0.4327731281518936,
    "probPrimerSaque" : 0.6960784494876862,
    "probSegundoSaque" : 0.2078431434929371,
    "probGanarPuntoSacando" : 0.4866793578970235,
    "probGanarPuntoRestando" : 0.4841872205985469,
    "probAce" : 0.0
  },
  "grass" : {
    "nombre" : "Grass",
    "probVictoria" : 0.0,
    "probGanarPrimerSaque" : 0.6216216087341309,
    "probGanarSegundoSaque" : 0.6499999761581421,
    "probPrimerSaque" : 0.6065573692321777,
    "probSegundoSaque" : 0.32786884903907776,
    "probGanarPuntoSacando" : 0.5901639117100466,
    "probGanarPuntoRestando" : 0.19148935238328635,
    "probAce" : 0.0
  },
  "hard" : {
    "nombre" : "Hard",
    "probVictoria" : 0.25,
    "probGanarPrimerSaque" : 0.6719690710306168,
    "probGanarSegundoSaque" : 0.4912730008363724,
    "probPrimerSaque" : 0.5227443799376488,
    "probSegundoSaque" : 0.38006211817264557,
    "probGanarPuntoSacando" : 0.5379823126720812,
    "probGanarPuntoRestando" : 0.3147705955254873,
    "probAce" : 0.0
  },
  "other" : {
    "nombre" : "Other",
    "probVictoria" : 0.0,
    "probGanarPrimerSaque" : 0.0,
    "probGanarSegundoSaque" : 0.0,
    "probPrimerSaque" : 0.0,
    "probSegundoSaque" : 0.0,
    "probGanarPuntoSacando" : 0.0,
    "probGanarPuntoRestando" : 0.0,
    "probAce" : 0.0
  },
  "partidos" : [ {
    "torneo" : "Charlottesville CH",
    "fecha" : "20121029",
    "superficie" : "Hard",
    "resultado" : "6-0 6-2",
    "contrincante" : "Denis Kudla",
    "ganador" : false,
    "winnerAces" : 4,
    "winnerPrimerSaqueDentro" : 25,
    "winnerPrimerSaqueGanado" : 22,
    "winnerSegundoSaqueGanado" : 7,
    "winnerDobleFalta" : 3,
    "winnerServingPoints" : 44,
    "winnerServingGames" : 7,
    "loserAces" : 3,
    "loserPrimerSaqueDentro" : 29,
    "loserPrimerSaqueGanado" : 15,
    "loserSegundoSaqueGanado" : 6,
    "loserDobleFalta" : 3,
    "loserServingPoints" : 55,
    "loserServingGames" : 7
  }, {
    "torneo" : "Bercuit CH",
    "fecha" : "20120716",
    "superficie" : "Clay",
    "resultado" : "6-7(4) 6-4 6-1",
    "contrincante" : "Markus Eriksson",
    "ganador" : true,
    "winnerAces" : 1,
    "winnerPrimerSaqueDentro" : 70,
    "winnerPrimerSaqueGanado" : 46,
    "winnerSegundoSaqueGanado" : 4,
    "winnerDobleFalta" : 8,
    "winnerServingPoints" : 85,
    "winnerServingGames" : 14,
    "loserAces" : 3,
    "loserPrimerSaqueDentro" : 67,
    "loserPrimerSaqueGanado" : 35,
    "loserSegundoSaqueGanado" : 11,
    "loserDobleFalta" : 10,
    "loserServingPoints" : 102,
    "loserServingGames" : 15
  }, {
    "torneo" : "Bercuit CH",
    "fecha" : "20120716",
    "superficie" : "Clay",
    "resultado" : "6-0 6-4",
    "contrincante" : "Victor Hanescu",
    "ganador" : false,
    "winnerAces" : 0,
    "winnerPrimerSaqueDentro" : 41,
    "winnerPrimerSaqueGanado" : 28,
    "winnerSegundoSaqueGanado" : 8,
    "winnerDobleFalta" : 2,
    "winnerServingPoints" : 62,
    "winnerServingGames" : 8,
    "loserAces" : 0,
    "loserPrimerSaqueDentro" : 29,
    "loserPrimerSaqueGanado" : 14,
    "loserSegundoSaqueGanado" : 5,
    "loserDobleFalta" : 5,
    "loserServingPoints" : 51,
    "loserServingGames" : 8
  }, {
    "torneo" : "Champaign CH",
    "fecha" : "20121112",
    "superficie" : "Hard",
    "resultado" : "6-3 6-4",
    "contrincante" : "Bobby Reynolds",
    "ganador" : true,
    "winnerAces" : 5,
    "winnerPrimerSaqueDentro" : 36,
    "winnerPrimerSaqueGanado" : 28,
    "winnerSegundoSaqueGanado" : 11,
    "winnerDobleFalta" : 7,
    "winnerServingPoints" : 59,
    "winnerServingGames" : 10,
    "loserAces" : 3,
    "loserPrimerSaqueDentro" : 31,
    "loserPrimerSaqueGanado" : 17,
    "loserSegundoSaqueGanado" : 17,
    "loserDobleFalta" : 0,
    "loserServingPoints" : 59,
    "loserServingGames" : 9
  }, {
    "torneo" : "Champaign CH",
    "fecha" : "20121112",
    "superficie" : "Hard",
    "resultado" : "7-5 6-4",
    "contrincante" : "Rhyne Williams",
    "ganador" : false,
    "winnerAces" : 8,
    "winnerPrimerSaqueDentro" : 34,
    "winnerPrimerSaqueGanado" : 27,
    "winnerSegundoSaqueGanado" : 14,
    "winnerDobleFalta" : 1,
    "winnerServingPoints" : 60,
    "winnerServingGames" : 11,
    "loserAces" : 0,
    "loserPrimerSaqueDentro" : 28,
    "loserPrimerSaqueGanado" : 20,
    "loserSegundoSaqueGanado" : 14,
    "loserDobleFalta" : 9,
    "loserServingPoints" : 63,
    "loserServingGames" : 11
  }, {
    "torneo" : "Bath CH",
    "fecha" : "20120319",
    "superficie" : "Hard",
    "resultado" : "6-1 6-4",
    "contrincante" : "Michael Ryderstedt",
    "ganador" : false,
    "winnerAces" : 8,
    "winnerPrimerSaqueDentro" : 34,
    "winnerPrimerSaqueGanado" : 29,
    "winnerSegundoSaqueGanado" : 8,
    "winnerDobleFalta" : 1,
    "winnerServingPoints" : 45,
    "winnerServingGames" : 9,
    "loserAces" : 1,
    "loserPrimerSaqueDentro" : 28,
    "loserPrimerSaqueGanado" : 19,
    "loserSegundoSaqueGanado" : 11,
    "loserDobleFalta" : 4,
    "loserServingPoints" : 55,
    "loserServingGames" : 8
  }, {
    "torneo" : "Eastbourne Q",
    "fecha" : "20120618",
    "superficie" : "Grass",
    "resultado" : "6-3 6-4",
    "contrincante" : "Robert Kendrick",
    "ganador" : false,
    "winnerAces" : 5,
    "winnerPrimerSaqueDentro" : 26,
    "winnerPrimerSaqueGanado" : 22,
    "winnerSegundoSaqueGanado" : 16,
    "winnerDobleFalta" : 2,
    "winnerServingPoints" : 47,
    "winnerServingGames" : 9,
    "loserAces" : 4,
    "loserPrimerSaqueDentro" : 37,
    "loserPrimerSaqueGanado" : 23,
    "loserSegundoSaqueGanado" : 13,
    "loserDobleFalta" : 4,
    "loserServingPoints" : 61,
    "loserServingGames" : 10
  } ]
}