{
  "nombre" : "Denis Matsukevitch",
  "mano" : "R",
  "nacionalidad" : "RUS",
  "edad" : 26.1300479124,
  "ganar1Saque" : 0.6413053893125974,
  "ganar2Saque" : 0.5006396357829754,
  "primerSaque" : 0.6263110752289112,
  "segundoSaque" : 0.3462777378467413,
  "ganarPuntoSacando" : 0.5750170284858136,
  "ganarPuntoRestando" : 0.35544984096809,
  "probAce" : 0.06931818276643753,
  "clay" : {
    "nombre" : "Clay",
    "probVictoria" : 0.0,
    "probGanarPrimerSaque" : 0.6829268336296082,
    "probGanarSegundoSaque" : 0.6756756901741028,
    "probPrimerSaque" : 0.512499988079071,
    "probSegundoSaque" : 0.4625000059604645,
    "probGanarPuntoSacando" : 0.6625000048269154,
    "probGanarPuntoRestando" : 0.30851063841139137,
    "probAce" : 0.0
  },
  "grass" : {
    "nombre" : "Grass",
    "probVictoria" : 0.3333333432674408,
    "probGanarPrimerSaque" : 1.8300585746765137,
    "probGanarSegundoSaque" : 0.4178571403026581,
    "probPrimerSaque" : 0.6623232165972391,
    "probSegundoSaque" : 0.32434343298276264,
    "probGanarPuntoSacando" : 1.3476195011232313,
    "probGanarPuntoRestando" : 0.3839895080016387,
    "probAce" : 0.0
  },
  "hard" : {
    "nombre" : "Hard",
    "probVictoria" : 0.2222222238779068,
    "probGanarPrimerSaque" : 0.6471094058619605,
    "probGanarSegundoSaque" : 0.5087853504551781,
    "probPrimerSaque" : 0.6269527044561174,
    "probSegundoSaque" : 0.34067558745543164,
    "probGanarPuntoSacando" : 0.5790377402391829,
    "probGanarPuntoRestando" : 0.3511520855743181,
    "probAce" : 0.0
  },
  "other" : {
    "nombre" : "Other",
    "probVictoria" : 0.0,
    "probGanarPrimerSaque" : 0.0,
    "probGanarSegundoSaque" : 0.0,
    "probPrimerSaque" : 0.0,
    "probSegundoSaque" : 0.0,
    "probGanarPuntoSacando" : 0.0,
    "probGanarPuntoRestando" : 0.0,
    "probAce" : 0.0
  },
  "partidos" : [ {
    "torneo" : "Fergana CH",
    "fecha" : "20120514",
    "superficie" : "Hard",
    "resultado" : "4-6 6-3 6-3",
    "contrincante" : "Andrey Kumantsov",
    "ganador" : true,
    "winnerAces" : 3,
    "winnerPrimerSaqueDentro" : 52,
    "winnerPrimerSaqueGanado" : 38,
    "winnerSegundoSaqueGanado" : 14,
    "winnerDobleFalta" : 2,
    "winnerServingPoints" : 74,
    "winnerServingGames" : 14,
    "loserAces" : 1,
    "loserPrimerSaqueDentro" : 52,
    "loserPrimerSaqueGanado" : 36,
    "loserSegundoSaqueGanado" : 19,
    "loserDobleFalta" : 6,
    "loserServingPoints" : 92,
    "loserServingGames" : 14
  }, {
    "torneo" : "Fergana CH",
    "fecha" : "20120514",
    "superficie" : "Hard",
    "resultado" : "7-6(5) 6-1",
    "contrincante" : "Farrukh Dustov",
    "ganador" : false,
    "winnerAces" : 7,
    "winnerPrimerSaqueDentro" : 43,
    "winnerPrimerSaqueGanado" : 34,
    "winnerSegundoSaqueGanado" : 9,
    "winnerDobleFalta" : 2,
    "winnerServingPoints" : 60,
    "winnerServingGames" : 10,
    "loserAces" : 2,
    "loserPrimerSaqueDentro" : 33,
    "loserPrimerSaqueGanado" : 25,
    "loserSegundoSaqueGanado" : 8,
    "loserDobleFalta" : 1,
    "loserServingPoints" : 51,
    "loserServingGames" : 9
  }, {
    "torneo" : "Nottingham CH",
    "fecha" : "20120605",
    "superficie" : "Grass",
    "resultado" : "6-2 6-1",
    "contrincante" : "Dmitry Tursunov",
    "ganador" : false,
    "winnerAces" : 8,
    "winnerPrimerSaqueDentro" : 28,
    "winnerPrimerSaqueGanado" : 24,
    "winnerSegundoSaqueGanado" : 8,
    "winnerDobleFalta" : 2,
    "winnerServingPoints" : 44,
    "winnerServingGames" : 8,
    "loserAces" : 2,
    "loserPrimerSaqueDentro" : 32,
    "loserPrimerSaqueGanado" : 18,
    "loserSegundoSaqueGanado" : 6,
    "loserDobleFalta" : 2,
    "loserServingPoints" : 50,
    "loserServingGames" : 7
  }, {
    "torneo" : "Karshi CH",
    "fecha" : "20120813",
    "superficie" : "Hard",
    "resultado" : "6-3 6-1",
    "contrincante" : "Ervin Eleskovic",
    "ganador" : true,
    "winnerAces" : 1,
    "winnerPrimerSaqueDentro" : 26,
    "winnerPrimerSaqueGanado" : 20,
    "winnerSegundoSaqueGanado" : 9,
    "winnerDobleFalta" : 1,
    "winnerServingPoints" : 42,
    "winnerServingGames" : 7,
    "loserAces" : 2,
    "loserPrimerSaqueDentro" : 23,
    "loserPrimerSaqueGanado" : 13,
    "loserSegundoSaqueGanado" : 5,
    "loserDobleFalta" : 6,
    "loserServingPoints" : 40,
    "loserServingGames" : 7
  }, {
    "torneo" : "Karshi CH",
    "fecha" : "20120813",
    "superficie" : "Hard",
    "resultado" : "6-7(5) 6-2 5-2 RET",
    "contrincante" : "Dzmitry Zhyrmont",
    "ganador" : false,
    "winnerAces" : 7,
    "winnerPrimerSaqueDentro" : 56,
    "winnerPrimerSaqueGanado" : 44,
    "winnerSegundoSaqueGanado" : 12,
    "winnerDobleFalta" : 6,
    "winnerServingPoints" : 84,
    "winnerServingGames" : 13,
    "loserAces" : 7,
    "loserPrimerSaqueDentro" : 68,
    "loserPrimerSaqueGanado" : 42,
    "loserSegundoSaqueGanado" : 15,
    "loserDobleFalta" : 4,
    "loserServingPoints" : 100,
    "loserServingGames" : 14
  }, {
    "torneo" : "Astana CH",
    "fecha" : "20120723",
    "superficie" : "Hard",
    "resultado" : "4-6 6-3 6-3",
    "contrincante" : "Karol Beck",
    "ganador" : false,
    "winnerAces" : 5,
    "winnerPrimerSaqueDentro" : 41,
    "winnerPrimerSaqueGanado" : 27,
    "winnerSegundoSaqueGanado" : 29,
    "winnerDobleFalta" : 6,
    "winnerServingPoints" : 93,
    "winnerServingGames" : 14,
    "loserAces" : 7,
    "loserPrimerSaqueDentro" : 47,
    "loserPrimerSaqueGanado" : 28,
    "loserSegundoSaqueGanado" : 26,
    "loserDobleFalta" : 1,
    "loserServingPoints" : 97,
    "loserServingGames" : 14
  }, {
    "torneo" : "Samarkand CH",
    "fecha" : "20120806",
    "superficie" : "Clay",
    "resultado" : "6-3 4-6 6-4",
    "contrincante" : "Brydan Klein",
    "ganador" : false,
    "winnerAces" : 8,
    "winnerPrimerSaqueDentro" : 59,
    "winnerPrimerSaqueGanado" : 43,
    "winnerSegundoSaqueGanado" : 22,
    "winnerDobleFalta" : 3,
    "winnerServingPoints" : 94,
    "winnerServingGames" : 15,
    "loserAces" : 4,
    "loserPrimerSaqueDentro" : 41,
    "loserPrimerSaqueGanado" : 28,
    "loserSegundoSaqueGanado" : 25,
    "loserDobleFalta" : 2,
    "loserServingPoints" : 80,
    "loserServingGames" : 14
  }, {
    "torneo" : "Kazan CH",
    "fecha" : "20120130",
    "superficie" : "Hard",
    "resultado" : "6-4 5-7 6-1",
    "contrincante" : "Ruben Bemelmans",
    "ganador" : false,
    "winnerAces" : 6,
    "winnerPrimerSaqueDentro" : 61,
    "winnerPrimerSaqueGanado" : 47,
    "winnerSegundoSaqueGanado" : 19,
    "winnerDobleFalta" : 2,
    "winnerServingPoints" : 95,
    "winnerServingGames" : 14,
    "loserAces" : 8,
    "loserPrimerSaqueDentro" : 53,
    "loserPrimerSaqueGanado" : 38,
    "loserSegundoSaqueGanado" : 14,
    "loserDobleFalta" : 2,
    "loserServingPoints" : 86,
    "loserServingGames" : 15
  }, {
    "torneo" : "Sarajevo CH",
    "fecha" : "20120312",
    "superficie" : "Hard",
    "resultado" : "6-3 6-4",
    "contrincante" : "Dusan Lajovic",
    "ganador" : false,
    "winnerAces" : 5,
    "winnerPrimerSaqueDentro" : 33,
    "winnerPrimerSaqueGanado" : 30,
    "winnerSegundoSaqueGanado" : 12,
    "winnerDobleFalta" : 1,
    "winnerServingPoints" : 51,
    "winnerServingGames" : 10,
    "loserAces" : 8,
    "loserPrimerSaqueDentro" : 37,
    "loserPrimerSaqueGanado" : 26,
    "loserSegundoSaqueGanado" : 10,
    "loserDobleFalta" : 4,
    "loserServingPoints" : 57,
    "loserServingGames" : 9
  }, {
    "torneo" : "Moscow Q",
    "fecha" : "20121015",
    "superficie" : "Hard",
    "resultado" : "3-6 6-1 7-5",
    "contrincante" : "Matwe Middelkoop",
    "ganador" : false,
    "winnerAces" : 2,
    "winnerPrimerSaqueDentro" : 59,
    "winnerPrimerSaqueGanado" : 39,
    "winnerSegundoSaqueGanado" : 15,
    "winnerDobleFalta" : 1,
    "winnerServingPoints" : 88,
    "winnerServingGames" : 14,
    "loserAces" : 10,
    "loserPrimerSaqueDentro" : 40,
    "loserPrimerSaqueGanado" : 24,
    "loserSegundoSaqueGanado" : 20,
    "loserDobleFalta" : 4,
    "loserServingPoints" : 81,