{
  "nombre" : "Denis Gremelmayr",
  "mano" : "L",
  "nacionalidad" : "GER",
  "edad" : 30.379192334,
  "ganar1Saque" : 0.6815833681159549,
  "ganar2Saque" : 0.5525827176041074,
  "primerSaque" : 0.585526403453615,
  "segundoSaque" : 0.3763141565852695,
  "ganarPuntoSacando" : 0.6070297575055221,
  "ganarPuntoRestando" : 0.3144002614986346,
  "probAce" : 0.05832037329673767,
  "clay" : {
    "nombre" : "Clay",
    "probVictoria" : 0.4000000059604645,
    "probGanarPrimerSaque" : 0.7016428232192993,
    "probGanarSegundoSaque" : 0.5969459652900696,
    "probPrimerSaque" : 0.5690773010253907,
    "probSegundoSaque" : 0.3991441249847412,
    "probGanarPuntoSacando" : 0.6375564791003507,
    "probGanarPuntoRestando" : 0.27684658214284025,
    "probAce" : 0.0
  },
  "grass" : {
    "nombre" : "Grass",
    "probVictoria" : 0.5,
    "probGanarPrimerSaque" : 0.0,
    "probGanarSegundoSaque" : 0.0,
    "probPrimerSaque" : 0.0,
    "probSegundoSaque" : 0.0,
    "probGanarPuntoSacando" : 0.0,
    "probGanarPuntoRestando" : 0.0,
    "probAce" : 0.0
  },
  "hard" : {
    "nombre" : "Hard",
    "probVictoria" : 0.4166666567325592,
    "probGanarPrimerSaque" : 0.670082355539004,
    "probGanarSegundoSaque" : 0.5343132565418879,
    "probPrimerSaque" : 0.5955009857813517,
    "probSegundoSaque" : 0.3661099001765251,
    "probGanarPuntoSacando" : 0.5946520762937116,
    "probGanarPuntoRestando" : 0.3315877850035052,
    "probAce" : 0.0
  },
  "other" : {
    "nombre" : "Other",
    "probVictoria" : 0.0,
    "probGanarPrimerSaque" : 0.719298243522644,
    "probGanarSegundoSaque" : 0.550000011920929,
    "probPrimerSaque" : 0.5480769276618958,
    "probSegundoSaque" : 0.38461539149284363,
    "probGanarPuntoSacando" : 0.6057692412885256,
    "probGanarPuntoRestando" : 0.29591837621915895,
    "probAce" : 0.0
  },
  "partidos" : [ {
    "torneo" : "Doha",
    "fecha" : "20120102",
    "superficie" : "Hard",
    "resultado" : "6-3 6-2",
    "contrincante" : "Potito Starace",
    "ganador" : true,
    "winnerAces" : 3,
    "winnerPrimerSaqueDentro" : 42,
    "winnerPrimerSaqueGanado" : 32,
    "winnerSegundoSaqueGanado" : 11,
    "winnerDobleFalta" : 1,
    "winnerServingPoints" : 68,
    "winnerServingGames" : 9,
    "loserAces" : 1,
    "loserPrimerSaqueDentro" : 36,
    "loserPrimerSaqueGanado" : 23,
    "loserSegundoSaqueGanado" : 4,
    "loserDobleFalta" : 2,
    "loserServingPoints" : 53,
    "loserServingGames" : 8
  }, {
    "torneo" : "Doha",
    "fecha" : "20120102",
    "superficie" : "Hard",
    "resultado" : "6-2 6-2",
    "contrincante" : "Rafael Nadal",
    "ganador" : false,
    "winnerAces" : 1,
    "winnerPrimerSaqueDentro" : 28,
    "winnerPrimerSaqueGanado" : 24,
    "winnerSegundoSaqueGanado" : 9,
    "winnerDobleFalta" : 0,
    "winnerServingPoints" : 40,
    "winnerServingGames" : 8,
    "loserAces" : 2,
    "loserPrimerSaqueDentro" : 50,
    "loserPrimerSaqueGanado" : 29,
    "loserSegundoSaqueGanado" : 12,
    "loserDobleFalta" : 2,
    "loserServingPoints" : 79,
    "loserServingGames" : 8
  }, {
    "torneo" : "Bergamo CH",
    "fecha" : "20120213",
    "superficie" : "Hard",
    "resultado" : "7-5 7-6(2)",
    "contrincante" : "Andrea Arnaboldi",
    "ganador" : false,
    "winnerAces" : 7,
    "winnerPrimerSaqueDentro" : 56,
    "winnerPrimerSaqueGanado" : 46,
    "winnerSegundoSaqueGanado" : 12,
    "winnerDobleFalta" : 0,
    "winnerServingPoints" : 76,
    "winnerServingGames" : 12,
    "loserAces" : 7,
    "loserPrimerSaqueDentro" : 51,
    "loserPrimerSaqueGanado" : 39,
    "loserSegundoSaqueGanado" : 15,
    "loserDobleFalta" : 3,
    "loserServingPoints" : 77,
    "loserServingGames" : 12
  }, {
    "torneo" : "Wolfsburg CH",
    "fecha" : "20120220",
    "superficie" : "Carpet",
    "resultado" : "6-7(7) 6-4 6-2",
    "contrincante" : "Peter Torebko",
    "ganador" : false,
    "winnerAces" : 22,
    "winnerPrimerSaqueDentro" : 52,
    "winnerPrimerSaqueGanado" : 45,
    "winnerSegundoSaqueGanado" : 24,
    "winnerDobleFalta" : 13,
    "winnerServingPoints" : 98,
    "winnerServingGames" : 15,
    "loserAces" : 5,
    "loserPrimerSaqueDentro" : 57,
    "loserPrimerSaqueGanado" : 41,
    "loserSegundoSaqueGanado" : 22,
    "loserDobleFalta" : 7,
    "loserServingPoints" : 104,
    "loserServingGames" : 15
  }, {
    "torneo" : "Guadalajara CH",
    "fecha" : "20120312",
    "superficie" : "Hard",
    "resultado" : "6-2 7-5",
    "contrincante" : "Robby Ginepri",
    "ganador" : true,
    "winnerAces" : 4,
    "winnerPrimerSaqueDentro" : 37,
    "winnerPrimerSaqueGanado" : 29,
    "winnerSegundoSaqueGanado" : 9,
    "winnerDobleFalta" : 5,
    "winnerServingPoints" : 60,
    "winnerServingGames" : 10,
    "loserAces" : 4,
    "loserPrimerSaqueDentro" : 45,
    "loserPrimerSaqueGanado" : 26,
    "loserSegundoSaqueGanado" : 9,
    "loserDobleFalta" : 4,
    "loserServingPoints" : 69,
    "loserServingGames" : 10
  }, {
    "torneo" : "Guadalajara CH",
    "fecha" : "20120312",
    "superficie" : "Hard",
    "resultado" : "6-1 4-6 6-1",
    "contrincante" : "Marco Chiudinelli",
    "ganador" : false,
    "winnerAces" : 3,
    "winnerPrimerSaqueDentro" : 45,
    "winnerPrimerSaqueGanado" : 33,
    "winnerSegundoSaqueGanado" : 17,
    "winnerDobleFalta" : 5,
    "winnerServingPoints" : 74,
    "winnerServingGames" : 12,
    "loserAces" : 4,
    "loserPrimerSaqueDentro" : 42,
    "loserPrimerSaqueGanado" : 27,
    "loserSegundoSaqueGanado" : 16,
    "loserDobleFalta" : 6,
    "loserServingPoints" : 82,
    "loserServingGames" : 12
  }, {
    "torneo" : "Rimouski CH",
    "fecha" : "20120319",
    "superficie" : "Hard",
    "resultado" : "6-4 6-3",
    "contrincante" : "Clement Reix",
    "ganador" : false,
    "winnerAces" : 9,
    "winnerPrimerSaqueDentro" : 35,
    "winnerPrimerSaqueGanado" : 32,
    "winnerSegundoSaqueGanado" : 9,
    "winnerDobleFalta" : 1,
    "winnerServingPoints" : 52,
    "winnerServingGames" : 10,
    "loserAces" : 5,
    "loserPrimerSaqueDentro" : 30,
    "loserPrimerSaqueGanado" : 22,
    "loserSegundoSaqueGanado" : 12,
    "loserDobleFalta" : 0,
    "loserServingPoints" : 55,
    "loserServingGames" : 9
  }, {
    "torneo" : "Marburg CH",
    "fecha" : "20120625",
    "superficie" : "Clay",
    "resultado" : "6-2 7-5",
    "contrincante" : "Mischa Zverev",
    "ganador" : false,
    "winnerAces" : 6,
    "winnerPrimerSaqueDentro" : 37,
    "winnerPrimerSaqueGanado" : 32,
    "winnerSegundoSaqueGanado" : 8,
    "winnerDobleFalta" : 4,
    "winnerServingPoints" : 59,
    "winnerServingGames" : 10,
    "loserAces" : 1,
    "loserPrimerSaqueDentro" : 34,
    "loserPrimerSaqueGanado" : 21,
    "loserSegundoSaqueGanado" : 13,
    "loserDobleFalta" : 5,
    "loserServingPoints" : 66,
    "loserServingGames" : 10
  }, {
    "torneo" : "Gstaad Q",
    "fecha" : "20120716",
    "superficie" : "Clay",
    "resultado" : "6-0 6-0",
    "contrincante" : "Raphael Mori",
    "ganador" : true,
    "winnerAces" : 5,
    "winnerPrimerSaqueDentro" : 18,
    "winnerPrimerSaqueGanado" : 16,
    "winnerSegundoSaqueGanado" : 8,
    "winnerDobleFalta" : 0,
    "winnerServingPoints" : 29,
    "winnerServingGames" : 6,
    "loserAces" : 0,
    "loserPrimerSaqueDentro" : 7,
    "loserPrimerSaqueGanado" : 0,
    "loserSegundoSaqueGanado" : 0,
    "loserDobleFalta" : 8,
    "loserServingPoints" : 24,
    "loserServingGames" : 6
  }, {
    "torneo" : "Gstaad Q",
    "fecha" : "20120716",
    "superficie" : "Clay",
    "resultado" : "7-6(3) 6-2",
    "contrincante" : "Joao Souza",
    "ganador" : true,
    "winnerAces" : 4,
    "winnerPrimerSaqueDentro" : 35,
    "winnerPrimerSaqueGanado" : 28,
    "winnerSegundoSaqueGanado" : 16,
    "winnerDobleFalta" : 2,
    "winnerServingPoints" : 62,
    "winnerServingGames" : 10,
    "loserAces" : 5,
    "loserPrimerSaqueDentro" : 45,
    "loserPrimerSaqueGanado" : 31,
    "loserSegundoSaqueGanado" : 8,
    "loserDobleFalta" : 2,
    "loserServingPoints" : 64,