{
  "nombre" : "Denis Zivkovic",
  "mano" : "U",
  "nacionalidad" : "USA",
  "edad" : 24.5065023956,
  "ganar1Saque" : 0.6540133456389109,
  "ganar2Saque" : 0.5635005484024683,
  "primerSaque" : 0.7017482842008272,
  "segundoSaque" : 0.2699606465175748,
  "ganarPuntoSacando" : 0.6110757155062866,
  "ganarPuntoRestando" : 0.36644300211078473,
  "probAce" : 0.056880734860897064,
  "clay" : {
    "nombre" : "Clay",
    "probVictoria" : 0.3333333432674408,
    "probGanarPrimerSaque" : 0.6708463554581007,
    "probGanarSegundoSaque" : 0.5066405733426412,
    "probPrimerSaque" : 0.7105416357517242,
    "probSegundoSaque" : 0.2657542433589697,
    "probGanarPuntoSacando" : 0.6113061489689098,
    "probGanarPuntoRestando" : 0.38121189890856005,
    "probAce" : 0.0
  },
  "grass" : {
    "nombre" : "Grass",
    "probVictoria" : 0.0,
    "probGanarPrimerSaque" : 0.0,
    "probGanarSegundoSaque" : 0.0,
    "probPrimerSaque" : 0.0,
    "probSegundoSaque" : 0.0,
    "probGanarPuntoSacando" : 0.0,
    "probGanarPuntoRestando" : 0.0,
    "probAce" : 0.0
  },
  "hard" : {
    "nombre" : "Hard",
    "probVictoria" : 0.6363636255264282,
    "probGanarPrimerSaque" : 0.6482738662849773,
    "probGanarSegundoSaque" : 0.6436990824612704,
    "probPrimerSaque" : 0.6907334436069835,
    "probSegundoSaque" : 0.27735219624909485,
    "probGanarPuntoSacando" : 0.6263157943035961,
    "probGanarPuntoRestando" : 0.3567849781452892,
    "probAce" : 0.0
  },
  "other" : {
    "nombre" : "Other",
    "probVictoria" : 0.0,
    "probGanarPrimerSaque" : 0.5151515007019043,
    "probGanarSegundoSaque" : 0.3636363744735718,
    "probPrimerSaque" : 0.717391312122345,
    "probSegundoSaque" : 0.239130437374115,
    "probGanarPuntoSacando" : 0.4565217363033369,
    "probGanarPuntoRestando" : 0.2954545041579306,
    "probAce" : 0.0
  },
  "partidos" : [ {
    "torneo" : "San Luis Potosi CH",
    "fecha" : "20120402",
    "superficie" : "Clay",
    "resultado" : "4-1 RET",
    "contrincante" : "Arnau Brugues Davi",
    "ganador" : true,
    "winnerAces" : 2,
    "winnerPrimerSaqueDentro" : 10,
    "winnerPrimerSaqueGanado" : 8,
    "winnerSegundoSaqueGanado" : 1,
    "winnerDobleFalta" : 0,
    "winnerServingPoints" : 14,
    "winnerServingGames" : 3,
    "loserAces" : 0,
    "loserPrimerSaqueDentro" : 8,
    "loserPrimerSaqueGanado" : 4,
    "loserSegundoSaqueGanado" : 0,
    "loserDobleFalta" : 1,
    "loserServingPoints" : 12,
    "loserServingGames" : 2
  }, {
    "torneo" : "San Luis Potosi CH",
    "fecha" : "20120402",
    "superficie" : "Clay",
    "resultado" : "6-2 6-1",
    "contrincante" : "Andre Begemann",
    "ganador" : true,
    "winnerAces" : 3,
    "winnerPrimerSaqueDentro" : 32,
    "winnerPrimerSaqueGanado" : 25,
    "winnerSegundoSaqueGanado" : 9,
    "winnerDobleFalta" : 1,
    "winnerServingPoints" : 45,
    "winnerServingGames" : 8,
    "loserAces" : 2,
    "loserPrimerSaqueDentro" : 23,
    "loserPrimerSaqueGanado" : 12,
    "loserSegundoSaqueGanado" : 5,
    "loserDobleFalta" : 4,
    "loserServingPoints" : 36,
    "loserServingGames" : 7
  }, {
    "torneo" : "San Luis Potosi CH",
    "fecha" : "20120402",
    "superficie" : "Clay",
    "resultado" : "7-5 3-6 7-6(4)",
    "contrincante" : "Riccardo Ghedin",
    "ganador" : false,
    "winnerAces" : 4,
    "winnerPrimerSaqueDentro" : 76,
    "winnerPrimerSaqueGanado" : 45,
    "winnerSegundoSaqueGanado" : 30,
    "winnerDobleFalta" : 7,
    "winnerServingPoints" : 130,
    "winnerServingGames" : 16,
    "loserAces" : 4,
    "loserPrimerSaqueDentro" : 67,
    "loserPrimerSaqueGanado" : 43,
    "loserSegundoSaqueGanado" : 19,
    "loserDobleFalta" : 3,
    "loserServingPoints" : 102,
    "loserServingGames" : 17
  }, {
    "torneo" : "Medellin CH",
    "fecha" : "20121029",
    "superficie" : "Clay",
    "resultado" : "7-6(2) 6-3",
    "contrincante" : "Juan Sebastian Cabal",
    "ganador" : false,
    "winnerAces" : 6,
    "winnerPrimerSaqueDentro" : 47,
    "winnerPrimerSaqueGanado" : 32,
    "winnerSegundoSaqueGanado" : 20,
    "winnerDobleFalta" : 1,
    "winnerServingPoints" : 75,
    "winnerServingGames" : 11,
    "loserAces" : 5,
    "loserPrimerSaqueDentro" : 42,
    "loserPrimerSaqueGanado" : 28,
    "loserSegundoSaqueGanado" : 15,
    "loserDobleFalta" : 2,
    "loserServingPoints" : 67,
    "loserServingGames" : 10
  }, {
    "torneo" : "Toyota CH",
    "fecha" : "20121119",
    "superficie" : "Carpet",
    "resultado" : "6-1 6-2",
    "contrincante" : "Benjamin Mitchell",
    "ganador" : false,
    "winnerAces" : 3,
    "winnerPrimerSaqueDentro" : 29,
    "winnerPrimerSaqueGanado" : 24,
    "winnerSegundoSaqueGanado" : 7,
    "winnerDobleFalta" : 0,
    "winnerServingPoints" : 44,
    "winnerServingGames" : 8,
    "loserAces" : 3,
    "loserPrimerSaqueDentro" : 33,
    "loserPrimerSaqueGanado" : 17,
    "loserSegundoSaqueGanado" : 4,
    "loserDobleFalta" : 2,
    "loserServingPoints" : 46,
    "loserServingGames" : 7
  }, {
    "torneo" : "Tampere CH",
    "fecha" : "20120723",
    "superficie" : "Clay",
    "resultado" : "6-3 6-0",
    "contrincante" : "Joao Sousa",
    "ganador" : false,
    "winnerAces" : 0,
    "winnerPrimerSaqueDentro" : 31,
    "winnerPrimerSaqueGanado" : 25,
    "winnerSegundoSaqueGanado" : 8,
    "winnerDobleFalta" : 0,
    "winnerServingPoints" : 41,
    "winnerServingGames" : 8,
    "loserAces" : 1,
    "loserPrimerSaqueDentro" : 32,
    "loserPrimerSaqueGanado" : 16,
    "loserSegundoSaqueGanado" : 6,
    "loserDobleFalta" : 2,
    "loserServingPoints" : 48,
    "loserServingGames" : 7
  }, {
    "torneo" : "Istanbul CH",
    "fecha" : "20120910",
    "superficie" : "Hard",
    "resultado" : "6-4 3-6 6-3",
    "contrincante" : "Haluk Akkoyun",
    "ganador" : true,
    "winnerAces" : 6,
    "winnerPrimerSaqueDentro" : 70,
    "winnerPrimerSaqueGanado" : 46,
    "winnerSegundoSaqueGanado" : 13,
    "winnerDobleFalta" : 4,
    "winnerServingPoints" : 94,
    "winnerServingGames" : 14,
    "loserAces" : 7,
    "loserPrimerSaqueDentro" : 55,
    "loserPrimerSaqueGanado" : 39,
    "loserSegundoSaqueGanado" : 16,
    "loserDobleFalta" : 3,
    "loserServingPoints" : 96,
    "loserServingGames" : 14
  }, {
    "torneo" : "Istanbul CH",
    "fecha" : "20120910",
    "superficie" : "Hard",
    "resultado" : "6-4 6-4",
    "contrincante" : "Maxime Teixeira",
    "ganador" : false,
    "winnerAces" : 5,
    "winnerPrimerSaqueDentro" : 41,
    "winnerPrimerSaqueGanado" : 28,
    "winnerSegundoSaqueGanado" : 13,
    "winnerDobleFalta" : 4,
    "winnerServingPoints" : 63,
    "winnerServingGames" : 10,
    "loserAces" : 0,
    "loserPrimerSaqueDentro" : 59,
    "loserPrimerSaqueGanado" : 32,
    "loserSegundoSaqueGanado" : 14,
    "loserDobleFalta" : 2,
    "loserServingPoints" : 85,
    "loserServingGames" : 10
  }, {
    "torneo" : "Segovia CH",
    "fecha" : "20120820",
    "superficie" : "Hard",
    "resultado" : "6-4 7-5",
    "contrincante" : "Catalin Ionut Gard",
    "ganador" : true,
    "winnerAces" : 3,
    "winnerPrimerSaqueDentro" : 45,
    "winnerPrimerSaqueGanado" : 30,
    "winnerSegundoSaqueGanado" : 17,
    "winnerDobleFalta" : 3,
    "winnerServingPoints" : 75,
    "winnerServingGames" : 11,
    "loserAces" : 3,
    "loserPrimerSaqueDentro" : 43,
    "loserPrimerSaqueGanado" : 26,
    "loserSegundoSaqueGanado" : 10,
    "loserDobleFalta" : 8,
    "loserServingPoints" : 66,
    "loserServingGames" : 11
  }, {
    "torneo" : "Segovia CH",
    "fecha" : "20120820",
    "superficie" : "Hard",
    "resultado" : "6-4 6-2",
    "contrincante" : "Konstantin Kravchuk",
    "ganador" : false,
    "winnerAces" : 4,
    "winnerPrimerSaqueDentro" : 25,
    "winnerPrimerSaqueGanado" : 18,
    "winnerSegundoSaqueGanado" : 20,
    "winnerDobleFalta" : 2,
    "winnerServingPoints" : 49,
    "winnerServingGames" : 9,
    "loserAces" : 0,
    "loserPrimerSaqueDentro" : 29,
    "loserPrimerSaqueGanado" : 20,
    "loserSegundoSaqueGanado" : 9,
    "loserDobleFalta" : 4,