{
  "nombre" : "Filip Krajinovic",
  "mano" : "R",
  "nacionalidad" : "SRB",
  "edad" : 20.1533196441,
  "ganar1Saque" : 0.6805770607555613,
  "ganar2Saque" : 0.4795893733115757,
  "primerSaque" : 0.5667811456848594,
  "segundoSaque" : 0.39384785294532776,
  "ganarPuntoSacando" : 0.5746234911960306,
  "ganarPuntoRestando" : 0.405072365303,
  "probAce" : 0.06581196933984756,
  "clay" : {
    "nombre" : "Clay",
    "probVictoria" : 0.5,
    "probGanarPrimerSaque" : 0.6570190574441638,
    "probGanarSegundoSaque" : 0.4583505908293383,
    "probPrimerSaque" : 0.5720026748520988,
    "probSegundoSaque" : 0.39459020112242016,
    "probGanarPuntoSacando" : 0.5566773101067951,
    "probGanarPuntoRestando" : 0.41517245669827935,
    "probAce" : 0.0
  },
  "grass" : {
    "nombre" : "Grass",
    "probVictoria" : 0.0,
    "probGanarPrimerSaque" : 0.0,
    "probGanarSegundoSaque" : 0.0,
    "probPrimerSaque" : 0.0,
    "probSegundoSaque" : 0.0,
    "probGanarPuntoSacando" : 0.0,
    "probGanarPuntoRestando" : 0.0,
    "probAce" : 0.0
  },
  "hard" : {
    "nombre" : "Hard",
    "probVictoria" : 0.0,
    "probGanarPrimerSaque" : 0.6610169410705566,
    "probGanarSegundoSaque" : 0.4749999940395355,
    "probPrimerSaque" : 0.567307710647583,
    "probSegundoSaque" : 0.38461539149284363,
    "probGanarPuntoSacando" : 0.5576923162046201,
    "probGanarPuntoRestando" : 0.39805826483037476,
    "probAce" : 0.0
  },
  "other" : {
    "nombre" : "Other",
    "probVictoria" : 0.5,
    "probGanarPrimerSaque" : 0.8552631437778473,
    "probGanarSegundoSaque" : 0.6305555403232574,
    "probPrimerSaque" : 0.5299671590328217,
    "probSegundoSaque" : 0.3932676464319229,
    "probGanarPuntoSacando" : 0.7012384718209623,
    "probGanarPuntoRestando" : 0.33787877577235725,
    "probAce" : 0.0
  },
  "partidos" : [ {
    "torneo" : "Barcelona",
    "fecha" : "20120423",
    "superficie" : "Clay",
    "resultado" : "6-2 6-4",
    "contrincante" : "Inigo Cervantes Huegun",
    "ganador" : true,
    "winnerAces" : 1,
    "winnerPrimerSaqueDentro" : 33,
    "winnerPrimerSaqueGanado" : 24,
    "winnerSegundoSaqueGanado" : 14,
    "winnerDobleFalta" : 0,
    "winnerServingPoints" : 58,
    "winnerServingGames" : 9,
    "loserAces" : 4,
    "loserPrimerSaqueDentro" : 25,
    "loserPrimerSaqueGanado" : 17,
    "loserSegundoSaqueGanado" : 9,
    "loserDobleFalta" : 4,
    "loserServingPoints" : 48,
    "loserServingGames" : 9
  }, {
    "torneo" : "Barcelona",
    "fecha" : "20120423",
    "superficie" : "Clay",
    "resultado" : "6-0 6-3",
    "contrincante" : "David Ferrer",
    "ganador" : false,
    "winnerAces" : 3,
    "winnerPrimerSaqueDentro" : 27,
    "winnerPrimerSaqueGanado" : 21,
    "winnerSegundoSaqueGanado" : 9,
    "winnerDobleFalta" : 2,
    "winnerServingPoints" : 41,
    "winnerServingGames" : 8,
    "loserAces" : 0,
    "loserPrimerSaqueDentro" : 24,
    "loserPrimerSaqueGanado" : 9,
    "loserSegundoSaqueGanado" : 9,
    "loserDobleFalta" : 2,
    "loserServingPoints" : 44,
    "loserServingGames" : 7
  }, {
    "torneo" : "Roland Garros",
    "fecha" : "20120527",
    "superficie" : "Clay",
    "resultado" : "6-2 6-2 6-0",
    "contrincante" : "Nicolas Devilder",
    "ganador" : false,
    "winnerAces" : 2,
    "winnerPrimerSaqueDentro" : 36,
    "winnerPrimerSaqueGanado" : 24,
    "winnerSegundoSaqueGanado" : 21,
    "winnerDobleFalta" : 1,
    "winnerServingPoints" : 70,
    "winnerServingGames" : 11,
    "loserAces" : 0,
    "loserPrimerSaqueDentro" : 38,
    "loserPrimerSaqueGanado" : 16,
    "loserSegundoSaqueGanado" : 2,
    "loserDobleFalta" : 4,
    "loserServingPoints" : 60,
    "loserServingGames" : 11
  }, {
    "torneo" : "Kosice CH",
    "fecha" : "20120611",
    "superficie" : "Clay",
    "resultado" : "5-7 6-4 6-1",
    "contrincante" : "Tsung Hua Yang",
    "ganador" : false,
    "winnerAces" : 8,
    "winnerPrimerSaqueDentro" : 47,
    "winnerPrimerSaqueGanado" : 39,
    "winnerSegundoSaqueGanado" : 26,
    "winnerDobleFalta" : 4,
    "winnerServingPoints" : 100,
    "winnerServingGames" : 15,
    "loserAces" : 6,
    "loserPrimerSaqueDentro" : 46,
    "loserPrimerSaqueGanado" : 36,
    "loserSegundoSaqueGanado" : 10,
    "loserDobleFalta" : 1,
    "loserServingPoints" : 73,
    "loserServingGames" : 14
  }, {
    "torneo" : "Rome CH",
    "fecha" : "20120416",
    "superficie" : "Clay",
    "resultado" : "6-1 6-0",
    "contrincante" : "Adrian Mannarino",
    "ganador" : true,
    "winnerAces" : 8,
    "winnerPrimerSaqueDentro" : 25,
    "winnerPrimerSaqueGanado" : 19,
    "winnerSegundoSaqueGanado" : 9,
    "winnerDobleFalta" : 0,
    "winnerServingPoints" : 40,
    "winnerServingGames" : 6,
    "loserAces" : 2,
    "loserPrimerSaqueDentro" : 19,
    "loserPrimerSaqueGanado" : 8,
    "loserSegundoSaqueGanado" : 4,
    "loserDobleFalta" : 4,
    "loserServingPoints" : 39,
    "loserServingGames" : 7
  }, {
    "torneo" : "Rome CH",
    "fecha" : "20120416",
    "superficie" : "Clay",
    "resultado" : "7-5 6-0",
    "contrincante" : "Jesse Huta Galung",
    "ganador" : false,
    "winnerAces" : 2,
    "winnerPrimerSaqueDentro" : 33,
    "winnerPrimerSaqueGanado" : 25,
    "winnerSegundoSaqueGanado" : 10,
    "winnerDobleFalta" : 2,
    "winnerServingPoints" : 56,
    "winnerServingGames" : 9,
    "loserAces" : 3,
    "loserPrimerSaqueDentro" : 32,
    "loserPrimerSaqueGanado" : 18,
    "loserSegundoSaqueGanado" : 14,
    "loserDobleFalta" : 0,
    "loserServingPoints" : 64,
    "loserServingGames" : 9
  }, {
    "torneo" : "Todi CH",
    "fecha" : "20120910",
    "superficie" : "Clay",
    "resultado" : "4-6 7-6(2) 6-1",
    "contrincante" : "Adrian Ungur",
    "ganador" : true,
    "winnerAces" : 7,
    "winnerPrimerSaqueDentro" : 48,
    "winnerPrimerSaqueGanado" : 36,
    "winnerSegundoSaqueGanado" : 23,
    "winnerDobleFalta" : 3,
    "winnerServingPoints" : 92,
    "winnerServingGames" : 14,
    "loserAces" : 5,
    "loserPrimerSaqueDentro" : 61,
    "loserPrimerSaqueGanado" : 43,
    "loserSegundoSaqueGanado" : 15,
    "loserDobleFalta" : 7,
    "loserServingPoints" : 103,
    "loserServingGames" : 15
  }, {
    "torneo" : "Todi CH",
    "fecha" : "20120910",
    "superficie" : "Clay",
    "resultado" : "6-3 4-6 6-2",
    "contrincante" : "Bastian Knittel",
    "ganador" : false,
    "winnerAces" : 1,
    "winnerPrimerSaqueDentro" : 71,
    "winnerPrimerSaqueGanado" : 46,
    "winnerSegundoSaqueGanado" : 8,
    "winnerDobleFalta" : 3,
    "winnerServingPoints" : 91,
    "winnerServingGames" : 13,
    "loserAces" : 0,
    "loserPrimerSaqueDentro" : 55,
    "loserPrimerSaqueGanado" : 32,
    "loserSegundoSaqueGanado" : 17,
    "loserDobleFalta" : 3,
    "loserServingPoints" : 92,
    "loserServingGames" : 14
  }, {
    "torneo" : "Eckental CH",
    "fecha" : "20121029",
    "superficie" : "Carpet",
    "resultado" : "6-4 6-1",
    "contrincante" : "Radu Albot",
    "ganador" : true,
    "winnerAces" : 4,
    "winnerPrimerSaqueDentro" : 17,
    "winnerPrimerSaqueGanado" : 17,
    "winnerSegundoSaqueGanado" : 13,
    "winnerDobleFalta" : 5,
    "winnerServingPoints" : 42,
    "winnerServingGames" : 8,
    "loserAces" : 3,
    "loserPrimerSaqueDentro" : 37,
    "loserPrimerSaqueGanado" : 19,
    "loserSegundoSaqueGanado" : 8,
    "loserDobleFalta" : 3,
    "loserServingPoints" : 55,
    "loserServingGames" : 9
  }, {
    "torneo" : "Eckental CH",
    "fecha" : "20121029",
    "superficie" : "Carpet",
    "resultado" : "6-4 6-4",
    "contrincante" : "Rajeev Ram",
    "ganador" : false,
    "winnerAces" : 10,
    "winnerPrimerSaqueDentro" : 24,
    "winnerPrimerSaqueGanado" : 22,
    "winnerSegundoSaqueGanado" : 18,
    "winnerDobleFalta" : 2,
    "winnerServingPoints" : 48,
    "winnerServingGames" : 10,
    "loserAces" : 3,
    "loserPrimerSaqueDentro" : 38,
    "loserPrimerSaqueGanado" : 27,
    "loserSegundoSaqueGanado" : 11,
    "loserDobleFalta" : 2,
    "loserServingPoints" : 58,