{
  "nombre" : "Gibril Diarra",
  "mano" : "U",
  "nacionalidad" : "AUT",
  "edad" : 22.160164271,
  "ganar1Saque" : 0.6874143679936727,
  "ganar2Saque" : 0.5841073294480642,
  "primerSaque" : 0.5969176491101583,
  "segundoSaque" : 0.32175926367441815,
  "ganarPuntoSacando" : 0.5982717127373683,
  "ganarPuntoRestando" : 0.24617418736583274,
  "probAce" : 0.02666666731238365,
  "clay" : {
    "nombre" : "Clay",
    "probVictoria" : 0.0,
    "probGanarPrimerSaque" : 0.8235294222831726,
    "probGanarSegundoSaque" : 0.6315789222717285,
    "probPrimerSaque" : 0.53125,
    "probSegundoSaque" : 0.3958333432674408,
    "probGanarPuntoSacando" : 0.6875000019280009,
    "probGanarPuntoRestando" : 0.3047618935430081,
    "probAce" : 0.0
  },
  "grass" : {
    "nombre" : "Grass",
    "probVictoria" : 0.0,
    "probGanarPrimerSaque" : 0.6326530575752258,
    "probGanarSegundoSaque" : 0.6470588445663452,
    "probPrimerSaque" : 0.6805555820465088,
    "probSegundoSaque" : 0.2361111044883728,
    "probGanarPuntoSacando" : 0.5833333482911414,
    "probGanarPuntoRestando" : 0.21153848380832874,
    "probAce" : 0.0
  },
  "hard" : {
    "nombre" : "Hard",
    "probVictoria" : 0.0,
    "probGanarPrimerSaque" : 0.6060606241226196,
    "probGanarSegundoSaque" : 0.4736842215061188,
    "probPrimerSaque" : 0.5789473652839661,
    "probSegundoSaque" : 0.3333333432674408,
    "probGanarPuntoSacando" : 0.5087719467458163,
    "probGanarPuntoRestando" : 0.2222221847461614,
    "probAce" : 0.0
  },
  "other" : {
    "nombre" : "Other",
    "probVictoria" : 0.0,
    "probGanarPrimerSaque" : 0.0,
    "probGanarSegundoSaque" : 0.0,
    "probPrimerSaque" : 0.0,
    "probSegundoSaque" : 0.0,
    "probGanarPuntoSacando" : 0.0,
    "probGanarPuntoRestando" : 0.0,
    "probAce" : 0.0
  },
  "partidos" : [ {
    "torneo" : "Kitzbuhel Q",
    "fecha" : "20120722",
    "superficie" : "Clay",
    "resultado" : "6-7(1) 6-3 6-4",
    "contrincante" : "Marc Rath",
    "ganador" : false,
    "winnerAces" : 2,
    "winnerPrimerSaqueDentro" : 62,
    "winnerPrimerSaqueGanado" : 48,
    "winnerSegundoSaqueGanado" : 25,
    "winnerDobleFalta" : 6,
    "winnerServingPoints" : 105,
    "winnerServingGames" : 16,
    "loserAces" : 4,
    "loserPrimerSaqueDentro" : 51,
    "loserPrimerSaqueGanado" : 42,
    "loserSegundoSaqueGanado" : 24,
    "loserDobleFalta" : 7,
    "loserServingPoints" : 96,
    "loserServingGames" : 15
  }, {
    "torneo" : "s-Hertogenbosch Q",
    "fecha" : "20120617",
    "superficie" : "Grass",
    "resultado" : "6-4 6-4",
    "contrincante" : "John Patrick Smith",
    "ganador" : false,
    "winnerAces" : 6,
    "winnerPrimerSaqueDentro" : 30,
    "winnerPrimerSaqueGanado" : 25,
    "winnerSegundoSaqueGanado" : 16,
    "winnerDobleFalta" : 1,
    "winnerServingPoints" : 52,
    "winnerServingGames" : 10,
    "loserAces" : 1,
    "loserPrimerSaqueDentro" : 49,
    "loserPrimerSaqueGanado" : 31,
    "loserSegundoSaqueGanado" : 11,
    "loserDobleFalta" : 6,
    "loserServingPoints" : 72,
    "loserServingGames" : 10
  }, {
    "torneo" : "Vienna Q",
    "fecha" : "20121015",
    "superficie" : "Hard",
    "resultado" : "6-3 6-2",
    "contrincante" : "Ivo Minar",
    "ganador" : false,
    "winnerAces" : 9,
    "winnerPrimerSaqueDentro" : 23,
    "winnerPrimerSaqueGanado" : 22,
    "winnerSegundoSaqueGanado" : 13,
    "winnerDobleFalta" : 4,
    "winnerServingPoints" : 45,
    "winnerServingGames" : 8,
    "loserAces" : 1,
    "loserPrimerSaqueDentro" : 33,
    "loserPrimerSaqueGanado" : 20,
    "loserSegundoSaqueGanado" : 9,
    "loserDobleFalta" : 5,
    "loserServingPoints" : 57,
    "loserServingGames" : 9
  } ]
}