{
  "nombre" : "Harri Heliovaara",
  "mano" : "R",
  "nacionalidad" : "FIN",
  "edad" : 22.7515400411,
  "ganar1Saque" : 0.6352626697013253,
  "ganar2Saque" : 0.49891507939288493,
  "primerSaque" : 0.6328893523467215,
  "segundoSaque" : 0.32590362508046,
  "ganarPuntoSacando" : 0.5646492125787677,
  "ganarPuntoRestando" : 0.34906932123928336,
  "probAce" : 0.05453087389469147,
  "clay" : {
    "nombre" : "Clay",
    "probVictoria" : 0.1666666716337204,
    "probGanarPrimerSaque" : 0.637063259879748,
    "probGanarSegundoSaque" : 0.4774287094672521,
    "probPrimerSaque" : 0.6193623046080271,
    "probSegundoSaque" : 0.3401028464237849,
    "probGanarPuntoSacando" : 0.5569478318744698,
    "probGanarPuntoRestando" : 0.32725273224494894,
    "probAce" : 0.0
  },
  "grass" : {
    "nombre" : "Grass",
    "probVictoria" : 0.5,
    "probGanarPrimerSaque" : 0.0,
    "probGanarSegundoSaque" : 0.0,
    "probPrimerSaque" : 0.0,
    "probSegundoSaque" : 0.0,
    "probGanarPuntoSacando" : 0.0,
    "probGanarPuntoRestando" : 0.0,
    "probAce" : 0.0
  },
  "hard" : {
    "nombre" : "Hard",
    "probVictoria" : 0.1818181872367859,
    "probGanarPrimerSaque" : 0.6041942726482045,
    "probGanarSegundoSaque" : 0.4794061915440993,
    "probPrimerSaque" : 0.6517427672039379,
    "probSegundoSaque" : 0.310979115692052,
    "probGanarPuntoSacando" : 0.5428645606881898,
    "probGanarPuntoRestando" : 0.36240097806531035,
    "probAce" : 0.0
  },
  "other" : {
    "nombre" : "Other",
    "probVictoria" : 0.5,
    "probGanarPrimerSaque" : 0.8007370829582214,
    "probGanarSegundoSaque" : 0.6706730723381042,
    "probPrimerSaque" : 0.569776713848114,
    "probSegundoSaque" : 0.36539076268672943,
    "probGanarPuntoSacando" : 0.701299089199332,
    "probGanarPuntoRestando" : 0.34119497567913804,
    "probAce" : 0.0
  },
  "partidos" : [ {
    "torneo" : "Kyoto CH",
    "fecha" : "20120305",
    "superficie" : "Carpet",
    "resultado" : "7-5 6-4",
    "contrincante" : "Shota Tagawa",
    "ganador" : true,
    "winnerAces" : 11,
    "winnerPrimerSaqueDentro" : 37,
    "winnerPrimerSaqueGanado" : 31,
    "winnerSegundoSaqueGanado" : 17,
    "winnerDobleFalta" : 3,
    "winnerServingPoints" : 66,
    "winnerServingGames" : 11,
    "loserAces" : 2,
    "loserPrimerSaqueDentro" : 27,
    "loserPrimerSaqueGanado" : 21,
    "loserSegundoSaqueGanado" : 19,
    "loserDobleFalta" : 3,
    "loserServingPoints" : 60,
    "loserServingGames" : 11
  }, {
    "torneo" : "Kyoto CH",
    "fecha" : "20120305",
    "superficie" : "Carpet",
    "resultado" : "6-4 4-6 7-6(5)",
    "contrincante" : "Samuel Groth",
    "ganador" : false,
    "winnerAces" : 18,
    "winnerPrimerSaqueDentro" : 49,
    "winnerPrimerSaqueGanado" : 38,
    "winnerSegundoSaqueGanado" : 31,
    "winnerDobleFalta" : 7,
    "winnerServingPoints" : 106,
    "winnerServingGames" : 16,
    "loserAces" : 4,
    "loserPrimerSaqueDentro" : 55,
    "loserPrimerSaqueGanado" : 42,
    "loserSegundoSaqueGanado" : 22,
    "loserDobleFalta" : 8,
    "loserServingPoints" : 95,
    "loserServingGames" : 16
  }, {
    "torneo" : "Kosice CH",
    "fecha" : "20120611",
    "superficie" : "Clay",
    "resultado" : "7-6(1) 4-6 6-3",
    "contrincante" : "Alessandro Giannessi",
    "ganador" : false,
    "winnerAces" : 1,
    "winnerPrimerSaqueDentro" : 68,
    "winnerPrimerSaqueGanado" : 47,
    "winnerSegundoSaqueGanado" : 22,
    "winnerDobleFalta" : 7,
    "winnerServingPoints" : 104,
    "winnerServingGames" : 16,
    "loserAces" : 7,
    "loserPrimerSaqueDentro" : 54,
    "loserPrimerSaqueGanado" : 41,
    "loserSegundoSaqueGanado" : 18,
    "loserDobleFalta" : 3,
    "loserServingPoints" : 90,
    "loserServingGames" : 15
  }, {
    "torneo" : "Bergamo CH",
    "fecha" : "20120213",
    "superficie" : "Hard",
    "resultado" : "3-6 6-4 6-4",
    "contrincante" : "Arnaud Clement",
    "ganador" : false,
    "winnerAces" : 10,
    "winnerPrimerSaqueDentro" : 56,
    "winnerPrimerSaqueGanado" : 43,
    "winnerSegundoSaqueGanado" : 16,
    "winnerDobleFalta" : 3,
    "winnerServingPoints" : 92,
    "winnerServingGames" : 15,
    "loserAces" : 12,
    "loserPrimerSaqueDentro" : 52,
    "loserPrimerSaqueGanado" : 33,
    "loserSegundoSaqueGanado" : 20,
    "loserDobleFalta" : 8,
    "loserServingPoints" : 89,
    "loserServingGames" : 14
  }, {
    "torneo" : "Tampere CH",
    "fecha" : "20120723",
    "superficie" : "Clay",
    "resultado" : "6-0 6-4",
    "contrincante" : "Daniele Giorgini",
    "ganador" : true,
    "winnerAces" : 3,
    "winnerPrimerSaqueDentro" : 30,
    "winnerPrimerSaqueGanado" : 23,
    "winnerSegundoSaqueGanado" : 12,
    "winnerDobleFalta" : 1,
    "winnerServingPoints" : 49,
    "winnerServingGames" : 8,
    "loserAces" : 0,
    "loserPrimerSaqueDentro" : 16,
    "loserPrimerSaqueGanado" : 8,
    "loserSegundoSaqueGanado" : 10,
    "loserDobleFalta" : 6,
    "loserServingPoints" : 39,
    "loserServingGames" : 8
  }, {
    "torneo" : "Tampere CH",
    "fecha" : "20120723",
    "superficie" : "Clay",
    "resultado" : "6-4 6-4",
    "contrincante" : "Henri Laaksonen",
    "ganador" : false,
    "winnerAces" : 3,
    "winnerPrimerSaqueDentro" : 31,
    "winnerPrimerSaqueGanado" : 19,
    "winnerSegundoSaqueGanado" : 20,
    "winnerDobleFalta" : 0,
    "winnerServingPoints" : 66,
    "winnerServingGames" : 10,
    "loserAces" : 0,
    "loserPrimerSaqueDentro" : 39,
    "loserPrimerSaqueGanado" : 24,
    "loserSegundoSaqueGanado" : 10,
    "loserDobleFalta" : 1,
    "loserServingPoints" : 65,
    "loserServingGames" : 10
  }, {
    "torneo" : "Helsinki CH",
    "fecha" : "20121112",
    "superficie" : "Hard",
    "resultado" : "6-3 6-1",
    "contrincante" : "Jarkko Nieminen",
    "ganador" : false,
    "winnerAces" : 1,
    "winnerPrimerSaqueDentro" : 29,
    "winnerPrimerSaqueGanado" : 20,
    "winnerSegundoSaqueGanado" : 12,
    "winnerDobleFalta" : 0,
    "winnerServingPoints" : 45,
    "winnerServingGames" : 8,
    "loserAces" : 1,
    "loserPrimerSaqueDentro" : 40,
    "loserPrimerSaqueGanado" : 20,
    "loserSegundoSaqueGanado" : 8,
    "loserDobleFalta" : 1,
    "loserServingPoints" : 60,
    "loserServingGames" : 8
  }, {
    "torneo" : "Marburg CH",
    "fecha" : "20120625",
    "superficie" : "Clay",
    "resultado" : "6-3 6-1",
    "contrincante" : "Pavol Cervenak",
    "ganador" : false,
    "winnerAces" : 0,
    "winnerPrimerSaqueDentro" : 33,
    "winnerPrimerSaqueGanado" : 27,
    "winnerSegundoSaqueGanado" : 10,
    "winnerDobleFalta" : 0,
    "winnerServingPoints" : 48,
    "winnerServingGames" : 8,
    "loserAces" : 4,
    "loserPrimerSaqueDentro" : 39,
    "loserPrimerSaqueGanado" : 25,
    "loserSegundoSaqueGanado" : 5,
    "loserDobleFalta" : 1,
    "loserServingPoints" : 57,
    "loserServingGames" : 8
  }, {
    "torneo" : "Singapore CH",
    "fecha" : "20120227",
    "superficie" : "Hard",
    "resultado" : "7-5 RET",
    "contrincante" : "Christopher Rungkat",
    "ganador" : false,
    "winnerAces" : 2,
    "winnerPrimerSaqueDentro" : 19,
    "winnerPrimerSaqueGanado" : 14,
    "winnerSegundoSaqueGanado" : 6,
    "winnerDobleFalta" : 0,
    "winnerServingPoints" : 32,
    "winnerServingGames" : 6,
    "loserAces" : 0,
    "loserPrimerSaqueDentro" : 27,
    "loserPrimerSaqueGanado" : 15,
    "loserSegundoSaqueGanado" : 4,
    "loserDobleFalta" : 2,
    "loserServingPoints" : 39,
    "loserServingGames" : 6
  }, {
    "torneo" : "Pingguo CH",
    "fecha" : "20120312",
    "superficie" : "Hard",
    "resultado" : "6-2 6-4",
    "contrincante" : "Ti Chen",
    "ganador" : true,
    "winnerAces" : 4,
    "winnerPrimerSaqueDentro" : 40,
    "winnerPrimerSaqueGanado" : 24,
    "winnerSegundoSaqueGanado" : 13,
    "winnerDobleFalta" : 0,
    "winnerServingPoints" : 61,
    "winnerServingGames" : 9,
    "loserAces" : 2,
    "loserPrimerSaqueDentro" : 45,
    "loserPrimerSaqueGanado" : 25,
    "loserSegundoSaqueGanado" : 8,
    "loserDobleFalta" : 4,
    "loserServingPoints" : 68,