{
  "nombre" : "Henri Laaksonen",
  "mano" : "R",
  "nacionalidad" : "SUI",
  "edad" : 20.2929500342,
  "ganar1Saque" : 0.7145736592787283,
  "ganar2Saque" : 0.5413772778378593,
  "primerSaque" : 0.5428717014966188,
  "segundoSaque" : 0.41587913588241293,
  "ganarPuntoSacando" : 0.6130693327508903,
  "ganarPuntoRestando" : 0.3791999192199478,
  "probAce" : 0.054421767592430115,
  "clay" : {
    "nombre" : "Clay",
    "probVictoria" : 0.5833333134651184,
    "probGanarPrimerSaque" : 0.7121849854787191,
    "probGanarSegundoSaque" : 0.5592442701260248,
    "probPrimerSaque" : 0.5233573615550995,
    "probSegundoSaque" : 0.44032689680655795,
    "probGanarPuntoSacando" : 0.6189775489607402,
    "probGanarPuntoRestando" : 0.39742121204588937,
    "probAce" : 0.0
  },
  "grass" : {
    "nombre" : "Grass",
    "probVictoria" : 0.0,
    "probGanarPrimerSaque" : 0.0,
    "probGanarSegundoSaque" : 0.0,
    "probPrimerSaque" : 0.0,
    "probSegundoSaque" : 0.0,
    "probGanarPuntoSacando" : 0.0,
    "probGanarPuntoRestando" : 0.0,
    "probAce" : 0.0
  },
  "hard" : {
    "nombre" : "Hard",
    "probVictoria" : 0.5,
    "probGanarPrimerSaque" : 0.7196709981986454,
    "probGanarSegundoSaque" : 0.5222614758781025,
    "probPrimerSaque" : 0.5552481434174946,
    "probSegundoSaque" : 0.39969695040157865,
    "probGanarPuntoSacando" : 0.6083423048419182,
    "probGanarPuntoRestando" : 0.3702592164222187,
    "probAce" : 0.0
  },
  "other" : {
    "nombre" : "Other",
    "probVictoria" : 0.0,
    "probGanarPrimerSaque" : 0.671875,
    "probGanarSegundoSaque" : 0.5945945978164673,
    "probPrimerSaque" : 0.6037735939025879,
    "probSegundoSaque" : 0.349056601524353,
    "probGanarPuntoSacando" : 0.6132075530018568,
    "probGanarPuntoRestando" : 0.2857142444768529,
    "probAce" : 0.0
  },
  "partidos" : [ {
    "torneo" : "Gstaad",
    "fecha" : "20120716",
    "superficie" : "Clay",
    "resultado" : "6-2 6-2",
    "contrincante" : "Santiago Giraldo",
    "ganador" : false,
    "winnerAces" : 1,
    "winnerPrimerSaqueDentro" : 36,
    "winnerPrimerSaqueGanado" : 28,
    "winnerSegundoSaqueGanado" : 7,
    "winnerDobleFalta" : 0,
    "winnerServingPoints" : 50,
    "winnerServingGames" : 8,
    "loserAces" : 4,
    "loserPrimerSaqueDentro" : 17,
    "loserPrimerSaqueGanado" : 13,
    "loserSegundoSaqueGanado" : 13,
    "loserDobleFalta" : 4,
    "loserServingPoints" : 54,
    "loserServingGames" : 8
  }, {
    "torneo" : "Basel",
    "fecha" : "20121022",
    "superficie" : "Hard",
    "resultado" : "6-2 7-5",
    "contrincante" : "Paul Henri Mathieu",
    "ganador" : false,
    "winnerAces" : 4,
    "winnerPrimerSaqueDentro" : 29,
    "winnerPrimerSaqueGanado" : 25,
    "winnerSegundoSaqueGanado" : 15,
    "winnerDobleFalta" : 3,
    "winnerServingPoints" : 56,
    "winnerServingGames" : 10,
    "loserAces" : 9,
    "loserPrimerSaqueDentro" : 48,
    "loserPrimerSaqueGanado" : 32,
    "loserSegundoSaqueGanado" : 16,
    "loserDobleFalta" : 6,
    "loserServingPoints" : 90,
    "loserServingGames" : 10
  }, {
    "torneo" : "Toyota CH",
    "fecha" : "20121119",
    "superficie" : "Carpet",
    "resultado" : "6-7(1) 6-2 7-5",
    "contrincante" : "Jimmy Wang",
    "ganador" : false,
    "winnerAces" : 7,
    "winnerPrimerSaqueDentro" : 58,
    "winnerPrimerSaqueGanado" : 45,
    "winnerSegundoSaqueGanado" : 20,
    "winnerDobleFalta" : 2,
    "winnerServingPoints" : 91,
    "winnerServingGames" : 16,
    "loserAces" : 6,
    "loserPrimerSaqueDentro" : 64,
    "loserPrimerSaqueGanado" : 43,
    "loserSegundoSaqueGanado" : 22,
    "loserDobleFalta" : 5,
    "loserServingPoints" : 106,
    "loserServingGames" : 16
  }, {
    "torneo" : "Tampere CH",
    "fecha" : "20120723",
    "superficie" : "Clay",
    "resultado" : "7-6(4) 6-4",
    "contrincante" : "Timo Nieminen",
    "ganador" : true,
    "winnerAces" : 4,
    "winnerPrimerSaqueDentro" : 56,
    "winnerPrimerSaqueGanado" : 32,
    "winnerSegundoSaqueGanado" : 29,
    "winnerDobleFalta" : 3,
    "winnerServingPoints" : 106,
    "winnerServingGames" : 11,
    "loserAces" : 0,
    "loserPrimerSaqueDentro" : 47,
    "loserPrimerSaqueGanado" : 28,
    "loserSegundoSaqueGanado" : 9,
    "loserDobleFalta" : 4,
    "loserServingPoints" : 71,
    "loserServingGames" : 11
  }, {
    "torneo" : "Tampere CH",
    "fecha" : "20120723",
    "superficie" : "Clay",
    "resultado" : "6-4 6-4",
    "contrincante" : "Harri Heliovaara",
    "ganador" : true,
    "winnerAces" : 3,
    "winnerPrimerSaqueDentro" : 31,
    "winnerPrimerSaqueGanado" : 19,
    "winnerSegundoSaqueGanado" : 20,
    "winnerDobleFalta" : 0,
    "winnerServingPoints" : 66,
    "winnerServingGames" : 10,
    "loserAces" : 0,
    "loserPrimerSaqueDentro" : 39,
    "loserPrimerSaqueGanado" : 24,
    "loserSegundoSaqueGanado" : 10,
    "loserDobleFalta" : 1,
    "loserServingPoints" : 65,
    "loserServingGames" : 10
  }, {
    "torneo" : "Tampere CH",
    "fecha" : "20120723",
    "superficie" : "Clay",
    "resultado" : "7-6(4) 5-7 6-4",
    "contrincante" : "Jonathan Dasnieres De Veigy",
    "ganador" : true,
    "winnerAces" : 5,
    "winnerPrimerSaqueDentro" : 64,
    "winnerPrimerSaqueGanado" : 44,
    "winnerSegundoSaqueGanado" : 20,
    "winnerDobleFalta" : 1,
    "winnerServingPoints" : 95,
    "winnerServingGames" : 17,
    "loserAces" : 5,
    "loserPrimerSaqueDentro" : 86,
    "loserPrimerSaqueGanado" : 56,
    "loserSegundoSaqueGanado" : 18,
    "loserDobleFalta" : 3,
    "loserServingPoints" : 120,
    "loserServingGames" : 17
  }, {
    "torneo" : "Tampere CH",
    "fecha" : "20120723",
    "superficie" : "Clay",
    "resultado" : "7-6(5) 6-1",
    "contrincante" : "Joao Sousa",
    "ganador" : false,
    "winnerAces" : 2,
    "winnerPrimerSaqueDentro" : 39,
    "winnerPrimerSaqueGanado" : 31,
    "winnerSegundoSaqueGanado" : 15,
    "winnerDobleFalta" : 1,
    "winnerServingPoints" : 62,
    "winnerServingGames" : 10,
    "loserAces" : 1,
    "loserPrimerSaqueDentro" : 23,
    "loserPrimerSaqueGanado" : 17,
    "loserSegundoSaqueGanado" : 15,
    "loserDobleFalta" : 4,
    "loserServingPoints" : 54,
    "loserServingGames" : 9
  }, {
    "torneo" : "Caloundra CH",
    "fecha" : "20120206",
    "superficie" : "Hard",
    "resultado" : "6-1 6-3",
    "contrincante" : "Raven Klaasen",
    "ganador" : true,
    "winnerAces" : 3,
    "winnerPrimerSaqueDentro" : 20,
    "winnerPrimerSaqueGanado" : 18,
    "winnerSegundoSaqueGanado" : 14,
    "winnerDobleFalta" : 1,
    "winnerServingPoints" : 38,
    "winnerServingGames" : 8,
    "loserAces" : 2,
    "loserPrimerSaqueDentro" : 37,
    "loserPrimerSaqueGanado" : 20,
    "loserSegundoSaqueGanado" : 11,
    "loserDobleFalta" : 4,
    "loserServingPoints" : 62,
    "loserServingGames" : 8
  }, {
    "torneo" : "Caloundra CH",
    "fecha" : "20120206",
    "superficie" : "Hard",
    "resultado" : "6-2 7-5",
    "contrincante" : "John Millman",
    "ganador" : false,
    "winnerAces" : 6,
    "winnerPrimerSaqueDentro" : 54,
    "winnerPrimerSaqueGanado" : 38,
    "winnerSegundoSaqueGanado" : 12,
    "winnerDobleFalta" : 0,
    "winnerServingPoints" : 76,
    "winnerServingGames" : 10,
    "loserAces" : 3,
    "loserPrimerSaqueDentro" : 46,
    "loserPrimerSaqueGanado" : 31,
    "loserSegundoSaqueGanado" : 13,
    "loserDobleFalta" : 7,
    "loserServingPoints" : 82,
    "loserServingGames" : 10
  }, {
    "torneo" : "Geneva CH",
    "fecha" : "20121029",
    "superficie" : "Hard",
    "resultado" : "6-7(8) 7-6(5) 7-6(6)",
    "contrincante" : "Rik De Voest",
    "ganador" : true,
    "winnerAces" : 8,
    "winnerPrimerSaqueDentro" : 70,
    "winnerPrimerSaqueGanado" : 56,
    "winnerSegundoSaqueGanado" : 35,
    "winnerDobleFalta" : 5,
    "winnerServingPoints" : 134,
    "winnerServingGames" : 18,
    "loserAces" : 6,
    "loserPrimerSaqueDentro" : 84,
    "loserPrimerSaqueGanado" : 64,
    "loserSegundoSaqueGanado" : 32,
    "loserDobleFalta" : 2,
    "loserServingPoints" : 142,