{
  "nombre" : "Hiroki Kondo",
  "mano" : "R",
  "nacionalidad" : "JPN",
  "edad" : 30.0396988364,
  "ganar1Saque" : 0.6673261324564616,
  "ganar2Saque" : 0.5549401872687869,
  "primerSaque" : 0.6094297899140252,
  "segundoSaque" : 0.3721938927968343,
  "ganarPuntoSacando" : 0.6132337732760543,
  "ganarPuntoRestando" : 0.3578002866247458,
  "probAce" : 0.07130124419927597,
  "clay" : {
    "nombre" : "Clay",
    "probVictoria" : 0.5,
    "probGanarPrimerSaque" : 0.722222238779068,
    "probGanarSegundoSaque" : 0.571428582072258,
    "probPrimerSaque" : 0.6667032241821289,
    "probSegundoSaque" : 0.3111281841993332,
    "probGanarPuntoSacando" : 0.6592954323097813,
    "probGanarPuntoRestando" : 0.3979072285061933,
    "probAce" : 0.0
  },
  "grass" : {
    "nombre" : "Grass",
    "probVictoria" : 0.0,
    "probGanarPrimerSaque" : 0.0,
    "probGanarSegundoSaque" : 0.0,
    "probPrimerSaque" : 0.0,
    "probSegundoSaque" : 0.0,
    "probGanarPuntoSacando" : 0.0,
    "probGanarPuntoRestando" : 0.0,
    "probAce" : 0.0
  },
  "hard" : {
    "nombre" : "Hard",
    "probVictoria" : 0.25,
    "probGanarPrimerSaque" : 0.5583333373069763,
    "probGanarSegundoSaque" : 0.5429664775729179,
    "probPrimerSaque" : 0.5684977024793625,
    "probSegundoSaque" : 0.41682643443346024,
    "probGanarPuntoSacando" : 0.5437340003402658,
    "probGanarPuntoRestando" : 0.35246018107108434,
    "probAce" : 0.0
  },
  "other" : {
    "nombre" : "Other",
    "probVictoria" : 0.6666666865348816,
    "probGanarPrimerSaque" : 0.776052455107371,
    "probGanarSegundoSaque" : 0.5599128703276316,
    "probPrimerSaque" : 0.6258236169815063,
    "probSegundoSaque" : 0.3533943096796672,
    "probGanarPuntoSacando" : 0.6835419767128673,
    "probGanarPuntoRestando" : 0.3381824661086626,
    "probAce" : 0.0
  },
  "partidos" : [ {
    "torneo" : "Toyota CH",
    "fecha" : "20121119",
    "superficie" : "Carpet",
    "resultado" : "6-4 6-4",
    "contrincante" : "Suk Young Jeong",
    "ganador" : true,
    "winnerAces" : 10,
    "winnerPrimerSaqueDentro" : 35,
    "winnerPrimerSaqueGanado" : 30,
    "winnerSegundoSaqueGanado" : 12,
    "winnerDobleFalta" : 1,
    "winnerServingPoints" : 53,
    "winnerServingGames" : 10,
    "loserAces" : 1,
    "loserPrimerSaqueDentro" : 37,
    "loserPrimerSaqueGanado" : 26,
    "loserSegundoSaqueGanado" : 12,
    "loserDobleFalta" : 0,
    "loserServingPoints" : 58,
    "loserServingGames" : 10
  }, {
    "torneo" : "Toyota CH",
    "fecha" : "20121119",
    "superficie" : "Carpet",
    "resultado" : "6-4 6-4",
    "contrincante" : "Ti Chen",
    "ganador" : true,
    "winnerAces" : 8,
    "winnerPrimerSaqueDentro" : 46,
    "winnerPrimerSaqueGanado" : 37,
    "winnerSegundoSaqueGanado" : 12,
    "winnerDobleFalta" : 0,
    "winnerServingPoints" : 73,
    "winnerServingGames" : 10,
    "loserAces" : 1,
    "loserPrimerSaqueDentro" : 40,
    "loserPrimerSaqueGanado" : 30,
    "loserSegundoSaqueGanado" : 11,
    "loserDobleFalta" : 2,
    "loserServingPoints" : 64,
    "loserServingGames" : 10
  }, {
    "torneo" : "Toyota CH",
    "fecha" : "20121119",
    "superficie" : "Carpet",
    "resultado" : "6-2 6-3",
    "contrincante" : "Yuichi Sugita",
    "ganador" : false,
    "winnerAces" : 5,
    "winnerPrimerSaqueDentro" : 43,
    "winnerPrimerSaqueGanado" : 33,
    "winnerSegundoSaqueGanado" : 7,
    "winnerDobleFalta" : 2,
    "winnerServingPoints" : 58,
    "winnerServingGames" : 9,
    "loserAces" : 7,
    "loserPrimerSaqueDentro" : 27,
    "loserPrimerSaqueGanado" : 18,
    "loserSegundoSaqueGanado" : 9,
    "loserDobleFalta" : 2,
    "loserServingPoints" : 46,
    "loserServingGames" : 8
  }, {
    "torneo" : "Ningbo CH",
    "fecha" : "20120910",
    "superficie" : "Hard",
    "resultado" : "6-4 6-0",
    "contrincante" : "John Millman",
    "ganador" : false,
    "winnerAces" : 1,
    "winnerPrimerSaqueDentro" : 32,
    "winnerPrimerSaqueGanado" : 23,
    "winnerSegundoSaqueGanado" : 9,
    "winnerDobleFalta" : 2,
    "winnerServingPoints" : 49,
    "winnerServingGames" : 8,
    "loserAces" : 1,
    "loserPrimerSaqueDentro" : 30,
    "loserPrimerSaqueGanado" : 13,
    "loserSegundoSaqueGanado" : 10,
    "loserDobleFalta" : 1,
    "loserServingPoints" : 54,
    "loserServingGames" : 8
  }, {
    "torneo" : "An-Ning CH",
    "fecha" : "20120716",
    "superficie" : "Clay",
    "resultado" : "7-5 3-6 6-1",
    "contrincante" : "Xin Gao",
    "ganador" : true,
    "winnerAces" : 1,
    "winnerPrimerSaqueDentro" : 45,
    "winnerPrimerSaqueGanado" : 36,
    "winnerSegundoSaqueGanado" : 17,
    "winnerDobleFalta" : 1,
    "winnerServingPoints" : 67,
    "winnerServingGames" : 14,
    "loserAces" : 2,
    "loserPrimerSaqueDentro" : 62,
    "loserPrimerSaqueGanado" : 40,
    "loserSegundoSaqueGanado" : 21,
    "loserDobleFalta" : 3,
    "loserServingPoints" : 104,
    "loserServingGames" : 14
  }, {
    "torneo" : "An-Ning CH",
    "fecha" : "20120716",
    "superficie" : "Clay",
    "resultado" : "6-4 6-4",
    "contrincante" : "Hiroki Moriya",
    "ganador" : false,
    "winnerAces" : 3,
    "winnerPrimerSaqueDentro" : 40,
    "winnerPrimerSaqueGanado" : 29,
    "winnerSegundoSaqueGanado" : 13,
    "winnerDobleFalta" : 3,
    "winnerServingPoints" : 68,
    "winnerServingGames" : 10,
    "loserAces" : 2,
    "loserPrimerSaqueDentro" : 45,
    "loserPrimerSaqueGanado" : 29,
    "loserSegundoSaqueGanado" : 7,
    "loserDobleFalta" : 2,
    "loserServingPoints" : 68,
    "loserServingGames" : 10
  }, {
    "torneo" : "Wuhan CH",
    "fecha" : "20120723",
    "superficie" : "Hard",
    "resultado" : "6-3 3-6 6-0",
    "contrincante" : "Yuqing Ning",
    "ganador" : true,
    "winnerAces" : 8,
    "winnerPrimerSaqueDentro" : 50,
    "winnerPrimerSaqueGanado" : 35,
    "winnerSegundoSaqueGanado" : 14,
    "winnerDobleFalta" : 1,
    "winnerServingPoints" : 76,
    "winnerServingGames" : 12,
    "loserAces" : 0,
    "loserPrimerSaqueDentro" : 44,
    "loserPrimerSaqueGanado" : 26,
    "loserSegundoSaqueGanado" : 12,
    "loserDobleFalta" : 4,
    "loserServingPoints" : 67,
    "loserServingGames" : 12
  }, {
    "torneo" : "Wuhan CH",
    "fecha" : "20120723",
    "superficie" : "Hard",
    "resultado" : "6-3 6-1",
    "contrincante" : "Laurent Rochette",
    "ganador" : false,
    "winnerAces" : 2,
    "winnerPrimerSaqueDentro" : 32,
    "winnerPrimerSaqueGanado" : 26,
    "winnerSegundoSaqueGanado" : 8,
    "winnerDobleFalta" : 0,
    "winnerServingPoints" : 49,
    "winnerServingGames" : 8,
    "loserAces" : 0,
    "loserPrimerSaqueDentro" : 26,
    "loserPrimerSaqueGanado" : 13,
    "loserSegundoSaqueGanado" : 14,
    "loserDobleFalta" : 0,
    "loserServingPoints" : 50,
    "loserServingGames" : 8
  }, {
    "torneo" : "Tokyo Q",
    "fecha" : "20121001",
    "superficie" : "Hard",
    "resultado" : "7-5 6-4",
    "contrincante" : "Grigor Dimitrov",
    "ganador" : false,
    "winnerAces" : 7,
    "winnerPrimerSaqueDentro" : 50,
    "winnerPrimerSaqueGanado" : 40,
    "winnerSegundoSaqueGanado" : 8,
    "winnerDobleFalta" : 4,
    "winnerServingPoints" : 71,
    "winnerServingGames" : 11,
    "loserAces" : 3,
    "loserPrimerSaqueDentro" : 40,
    "loserPrimerSaqueGanado" : 24,
    "loserSegundoSaqueGanado" : 19,
    "loserDobleFalta" : 2,
    "loserServingPoints" : 74,
    "loserServingGames" : 11
  } ]
}