{
  "nombre" : "Ilija Bozoljac",
  "mano" : "R",
  "nacionalidad" : "SRB",
  "edad" : 27.0308008214,
  "ganar1Saque" : 0.7738871005448428,
  "ganar2Saque" : 0.5714055353944952,
  "primerSaque" : 0.5614643720063296,
  "segundoSaque" : 0.36372404342347925,
  "ganarPuntoSacando" : 0.6423439666794531,
  "ganarPuntoRestando" : 0.3122802692689308,
  "probAce" : 0.13364993035793304,
  "clay" : {
    "nombre" : "Clay",
    "probVictoria" : 0.375,
    "probGanarPrimerSaque" : 0.7375964894890785,
    "probGanarSegundoSaque" : 0.5050953738391399,
    "probPrimerSaque" : 0.5160871483385563,
    "probSegundoSaque" : 0.3970680236816406,
    "probGanarPuntoSacando" : 0.5812212907459952,
    "probGanarPuntoRestando" : 0.3114837207723874,
    "probAce" : 0.0
  },
  "grass" : {
    "nombre" : "Grass",
    "probVictoria" : 0.0,
    "probGanarPrimerSaque" : 1.4259259700775146,
    "probGanarSegundoSaque" : 0.6073529422283173,
    "probPrimerSaque" : 0.553480476140976,
    "probSegundoSaque" : 0.35823430120944977,
    "probGanarPuntoSacando" : 1.0067968417069504,
    "probGanarPuntoRestando" : 0.25164832558552086,
    "probAce" : 0.0
  },
  "hard" : {
    "nombre" : "Hard",
    "probVictoria" : 0.5,
    "probGanarPrimerSaque" : 0.8023493647575378,
    "probGanarSegundoSaque" : 0.6001350373029709,
    "probPrimerSaque" : 0.5992241114377975,
    "probSegundoSaque" : 0.3349353313446045,
    "probGanarPuntoSacando" : 0.681793512730094,
    "probGanarPuntoRestando" : 0.32926858140854937,
    "probAce" : 0.0
  },
  "other" : {
    "nombre" : "Other",
    "probVictoria" : 0.5,
    "probGanarPrimerSaque" : 0.8376623392105103,
    "probGanarSegundoSaque" : 0.6570512652397156,
    "probPrimerSaque" : 0.562158465385437,
    "probSegundoSaque" : 0.37978142499923706,
    "probGanarPuntoSacando" : 0.7204348409320467,
    "probGanarPuntoRestando" : 0.2911568462404218,
    "probAce" : 0.0
  },
  "partidos" : [ {
    "torneo" : "Cordenons CH",
    "fecha" : "20120813",
    "superficie" : "Clay",
    "resultado" : "4-6 6-1 6-3",
    "contrincante" : "Blaz Kavcic",
    "ganador" : false,
    "winnerAces" : 2,
    "winnerPrimerSaqueDentro" : 40,
    "winnerPrimerSaqueGanado" : 32,
    "winnerSegundoSaqueGanado" : 20,
    "winnerDobleFalta" : 0,
    "winnerServingPoints" : 65,
    "winnerServingGames" : 13,
    "loserAces" : 10,
    "loserPrimerSaqueDentro" : 43,
    "loserPrimerSaqueGanado" : 35,
    "loserSegundoSaqueGanado" : 19,
    "loserDobleFalta" : 8,
    "loserServingPoints" : 96,
    "loserServingGames" : 13
  }, {
    "torneo" : "Wolfsburg CH",
    "fecha" : "20120220",
    "superficie" : "Carpet",
    "resultado" : "6-4 7-5",
    "contrincante" : "Stefan Seifert",
    "ganador" : true,
    "winnerAces" : 15,
    "winnerPrimerSaqueDentro" : 33,
    "winnerPrimerSaqueGanado" : 27,
    "winnerSegundoSaqueGanado" : 19,
    "winnerDobleFalta" : 2,
    "winnerServingPoints" : 61,
    "winnerServingGames" : 11,
    "loserAces" : 4,
    "loserPrimerSaqueDentro" : 41,
    "loserPrimerSaqueGanado" : 28,
    "loserSegundoSaqueGanado" : 15,
    "loserDobleFalta" : 3,
    "loserServingPoints" : 62,
    "loserServingGames" : 11
  }, {
    "torneo" : "Wolfsburg CH",
    "fecha" : "20120220",
    "superficie" : "Carpet",
    "resultado" : "5-5 RET",
    "contrincante" : "Thomas Schoorel",
    "ganador" : false,
    "winnerAces" : 1,
    "winnerPrimerSaqueDentro" : 15,
    "winnerPrimerSaqueGanado" : 15,
    "winnerSegundoSaqueGanado" : 6,
    "winnerDobleFalta" : 3,
    "winnerServingPoints" : 29,
    "winnerServingGames" : 5,
    "loserAces" : 9,
    "loserPrimerSaqueDentro" : 21,
    "loserPrimerSaqueGanado" : 18,
    "loserSegundoSaqueGanado" : 7,
    "loserDobleFalta" : 3,
    "loserServingPoints" : 36,
    "loserServingGames" : 5
  }, {
    "torneo" : "Aptos CH",
    "fecha" : "20120806",
    "superficie" : "Hard",
    "resultado" : "7-5 4-6 6-1",
    "contrincante" : "Mischa Zverev",
    "ganador" : true,
    "winnerAces" : 3,
    "winnerPrimerSaqueDentro" : 42,
    "winnerPrimerSaqueGanado" : 31,
    "winnerSegundoSaqueGanado" : 19,
    "winnerDobleFalta" : 6,
    "winnerServingPoints" : 84,
    "winnerServingGames" : 15,
    "loserAces" : 2,
    "loserPrimerSaqueDentro" : 58,
    "loserPrimerSaqueGanado" : 36,
    "loserSegundoSaqueGanado" : 13,
    "loserDobleFalta" : 4,
    "loserServingPoints" : 90,
    "loserServingGames" : 14
  }, {
    "torneo" : "Aptos CH",
    "fecha" : "20120806",
    "superficie" : "Hard",
    "resultado" : "6-3 6-4",
    "contrincante" : "Florent Serra",
    "ganador" : true,
    "winnerAces" : 15,
    "winnerPrimerSaqueDentro" : 35,
    "winnerPrimerSaqueGanado" : 30,
    "winnerSegundoSaqueGanado" : 11,
    "winnerDobleFalta" : 3,
    "winnerServingPoints" : 58,
    "winnerServingGames" : 10,
    "loserAces" : 2,
    "loserPrimerSaqueDentro" : 26,
    "loserPrimerSaqueGanado" : 18,
    "loserSegundoSaqueGanado" : 11,
    "loserDobleFalta" : 1,
    "loserServingPoints" : 50,
    "loserServingGames" : 9
  }, {
    "torneo" : "Aptos CH",
    "fecha" : "20120806",
    "superficie" : "Hard",
    "resultado" : "7-6(4) 6-2",
    "contrincante" : "Michael Mcclune",
    "ganador" : true,
    "winnerAces" : 12,
    "winnerPrimerSaqueDentro" : 36,
    "winnerPrimerSaqueGanado" : 30,
    "winnerSegundoSaqueGanado" : 14,
    "winnerDobleFalta" : 2,
    "winnerServingPoints" : 53,
    "winnerServingGames" : 10,
    "loserAces" : 9,
    "loserPrimerSaqueDentro" : 48,
    "loserPrimerSaqueGanado" : 30,
    "loserSegundoSaqueGanado" : 12,
    "loserDobleFalta" : 0,
    "loserServingPoints" : 67,
    "loserServingGames" : 10
  }, {
    "torneo" : "Aptos CH",
    "fecha" : "20120806",
    "superficie" : "Hard",
    "resultado" : "4-6 6-2 6-4",
    "contrincante" : "Robert Farah",
    "ganador" : false,
    "winnerAces" : 12,
    "winnerPrimerSaqueDentro" : 63,
    "winnerPrimerSaqueGanado" : 45,
    "winnerSegundoSaqueGanado" : 19,
    "winnerDobleFalta" : 2,
    "winnerServingPoints" : 96,
    "winnerServingGames" : 14,
    "loserAces" : 15,
    "loserPrimerSaqueDentro" : 53,
    "loserPrimerSaqueGanado" : 41,
    "loserSegundoSaqueGanado" : 18,
    "loserDobleFalta" : 8,
    "loserServingPoints" : 95,
    "loserServingGames" : 14
  }, {
    "torneo" : "Timisoara CH",
    "fecha" : "20120709",
    "superficie" : "Clay",
    "resultado" : "6-4 2-0 RET",
    "contrincante" : "Pablo Galdon",
    "ganador" : false,
    "winnerAces" : 2,
    "winnerPrimerSaqueDentro" : 29,
    "winnerPrimerSaqueGanado" : 21,
    "winnerSegundoSaqueGanado" : 9,
    "winnerDobleFalta" : 1,
    "winnerServingPoints" : 47,
    "winnerServingGames" : 6,
    "loserAces" : 2,
    "loserPrimerSaqueDentro" : 16,
    "loserPrimerSaqueGanado" : 10,
    "loserSegundoSaqueGanado" : 9,
    "loserDobleFalta" : 3,
    "loserServingPoints" : 38,
    "loserServingGames" : 6
  }, {
    "torneo" : "Petange CH",
    "fecha" : "20120910",
    "superficie" : "Hard",
    "resultado" : "7-6(5) RET",
    "contrincante" : "Maxime Authom",
    "ganador" : false,
    "winnerAces" : 4,
    "winnerPrimerSaqueDentro" : 29,
    "winnerPrimerSaqueGanado" : 21,
    "winnerSegundoSaqueGanado" : 11,
    "winnerDobleFalta" : 1,
    "winnerServingPoints" : 46,
    "winnerServingGames" : 6,
    "loserAces" : 12,
    "loserPrimerSaqueDentro" : 28,
    "loserPrimerSaqueGanado" : 24,
    "loserSegundoSaqueGanado" : 6,
    "loserDobleFalta" : 9,
    "loserServingPoints" : 46,
    "loserServingGames" : 6
  }, {
    "torneo" : "Athens CH",
    "fecha" : "20120507",
    "superficie" : "Hard",
    "resultado" : "7-5 6-3",
    "contrincante" : "Denys Molchanov",
    "ganador" : false,
    "winnerAces" : 0,
    "winnerPrimerSaqueDentro" : 30,
    "winnerPrimerSaqueGanado" : 21,
    "winnerSegundoSaqueGanado" : 20,
    "winnerDobleFalta" : 1,
    "winnerServingPoints" : 59,
    "winnerServingGames" : 11,
    "loserAces" : 8,
    "loserPrimerSaqueDentro" : 38,
    "loserPrimerSaqueGanado" : 30,
    "loserSegundoSaqueGanado" : 6,