{
  "nombre" : "James Mcgee",
  "mano" : "R",
  "nacionalidad" : "IRL",
  "edad" : 25.1006160164,
  "ganar1Saque" : 0.6939131538073222,
  "ganar2Saque" : 0.5535918633143108,
  "primerSaque" : 0.6055058936278025,
  "segundoSaque" : 0.33948058088620503,
  "ganarPuntoSacando" : 0.6081021916280083,
  "ganarPuntoRestando" : 0.40479287514060347,
  "probAce" : 0.06720977276563644,
  "clay" : {
    "nombre" : "Clay",
    "probVictoria" : 0.3333333432674408,
    "probGanarPrimerSaque" : 0.7018706599871317,
    "probGanarSegundoSaque" : 0.6074929932753245,
    "probPrimerSaque" : 0.6458781758944193,
    "probSegundoSaque" : 0.299649382630984,
    "probGanarPuntoSacando" : 0.6353578419739003,
    "probGanarPuntoRestando" : 0.4287122011386944,
    "probAce" : 0.0
  },
  "grass" : {
    "nombre" : "Grass",
    "probVictoria" : 0.0,
    "probGanarPrimerSaque" : 0.0,
    "probGanarSegundoSaque" : 0.0,
    "probPrimerSaque" : 0.0,
    "probSegundoSaque" : 0.0,
    "probGanarPuntoSacando" : 0.0,
    "probGanarPuntoRestando" : 0.0,
    "probAce" : 0.0
  },
  "hard" : {
    "nombre" : "Hard",
    "probVictoria" : 0.5,
    "probGanarPrimerSaque" : 0.6864338874816894,
    "probGanarSegundoSaque" : 0.5452221214771271,
    "probPrimerSaque" : 0.6189788162708283,
    "probSegundoSaque" : 0.3203007116913795,
    "probGanarPuntoSacando" : 0.5995230686606067,
    "probGanarPuntoRestando" : 0.4282460505048668,
    "probAce" : 0.0
  },
  "other" : {
    "nombre" : "Other",
    "probVictoria" : 0.5,
    "probGanarPrimerSaque" : 0.7193732261657715,
    "probGanarSegundoSaque" : 0.5145888775587082,
    "probPrimerSaque" : 0.4775828570127487,
    "probSegundoSaque" : 0.49512672424316406,
    "probGanarPuntoSacando" : 0.5983470258883372,
    "probGanarPuntoRestando" : 0.2516480093221509,
    "probAce" : 0.0
  },
  "partidos" : [ {
    "torneo" : "Penza CH",
    "fecha" : "20120716",
    "superficie" : "Hard",
    "resultado" : "6-3 6-1",
    "contrincante" : "Ilya Chkoniya",
    "ganador" : true,
    "winnerAces" : 6,
    "winnerPrimerSaqueDentro" : 22,
    "winnerPrimerSaqueGanado" : 20,
    "winnerSegundoSaqueGanado" : 12,
    "winnerDobleFalta" : 0,
    "winnerServingPoints" : 35,
    "winnerServingGames" : 8,
    "loserAces" : 0,
    "loserPrimerSaqueDentro" : 21,
    "loserPrimerSaqueGanado" : 16,
    "loserSegundoSaqueGanado" : 9,
    "loserDobleFalta" : 7,
    "loserServingPoints" : 49,
    "loserServingGames" : 8
  }, {
    "torneo" : "Penza CH",
    "fecha" : "20120716",
    "superficie" : "Hard",
    "resultado" : "6-2 6-1",
    "contrincante" : "Yuki Bhambri",
    "ganador" : false,
    "winnerAces" : 2,
    "winnerPrimerSaqueDentro" : 27,
    "winnerPrimerSaqueGanado" : 23,
    "winnerSegundoSaqueGanado" : 12,
    "winnerDobleFalta" : 1,
    "winnerServingPoints" : 46,
    "winnerServingGames" : 8,
    "loserAces" : 2,
    "loserPrimerSaqueDentro" : 33,
    "loserPrimerSaqueGanado" : 21,
    "loserSegundoSaqueGanado" : 11,
    "loserDobleFalta" : 6,
    "loserServingPoints" : 68,
    "loserServingGames" : 7
  }, {
    "torneo" : "Toyota CH",
    "fecha" : "20121119",
    "superficie" : "Carpet",
    "resultado" : "7-6(5) 7-6(4)",
    "contrincante" : "Liang Chi Huang",
    "ganador" : true,
    "winnerAces" : 15,
    "winnerPrimerSaqueDentro" : 39,
    "winnerPrimerSaqueGanado" : 33,
    "winnerSegundoSaqueGanado" : 24,
    "winnerDobleFalta" : 3,
    "winnerServingPoints" : 81,
    "winnerServingGames" : 12,
    "loserAces" : 5,
    "loserPrimerSaqueDentro" : 53,
    "loserPrimerSaqueGanado" : 42,
    "loserSegundoSaqueGanado" : 11,
    "loserDobleFalta" : 0,
    "loserServingPoints" : 74,
    "loserServingGames" : 12
  }, {
    "torneo" : "Toyota CH",
    "fecha" : "20121119",
    "superficie" : "Carpet",
    "resultado" : "6-3 6-1",
    "contrincante" : "Jimmy Wang",
    "ganador" : false,
    "winnerAces" : 2,
    "winnerPrimerSaqueDentro" : 24,
    "winnerPrimerSaqueGanado" : 21,
    "winnerSegundoSaqueGanado" : 11,
    "winnerDobleFalta" : 0,
    "winnerServingPoints" : 41,
    "winnerServingGames" : 8,
    "loserAces" : 6,
    "loserPrimerSaqueDentro" : 27,
    "loserPrimerSaqueGanado" : 16,
    "loserSegundoSaqueGanado" : 12,
    "loserDobleFalta" : 1,
    "loserServingPoints" : 57,
    "loserServingGames" : 8
  }, {
    "torneo" : "Istanbul CH",
    "fecha" : "20120910",
    "superficie" : "Hard",
    "resultado" : "6-3 3-6 6-3",
    "contrincante" : "Michael Russell",
    "ganador" : false,
    "winnerAces" : 0,
    "winnerPrimerSaqueDentro" : 49,
    "winnerPrimerSaqueGanado" : 39,
    "winnerSegundoSaqueGanado" : 12,
    "winnerDobleFalta" : 4,
    "winnerServingPoints" : 76,
    "winnerServingGames" : 14,
    "loserAces" : 5,
    "loserPrimerSaqueDentro" : 52,
    "loserPrimerSaqueGanado" : 36,
    "loserSegundoSaqueGanado" : 11,
    "loserDobleFalta" : 4,
    "loserServingPoints" : 78,
    "loserServingGames" : 13
  }, {
    "torneo" : "Alphen aan den Rijn CH",
    "fecha" : "20120904",
    "superficie" : "Clay",
    "resultado" : "6-3 6-4",
    "contrincante" : "Jan Lennard Struff",
    "ganador" : false,
    "winnerAces" : 7,
    "winnerPrimerSaqueDentro" : 40,
    "winnerPrimerSaqueGanado" : 33,
    "winnerSegundoSaqueGanado" : 11,
    "winnerDobleFalta" : 4,
    "winnerServingPoints" : 64,
    "winnerServingGames" : 10,
    "loserAces" : 6,
    "loserPrimerSaqueDentro" : 30,
    "loserPrimerSaqueGanado" : 22,
    "loserSegundoSaqueGanado" : 15,
    "loserDobleFalta" : 6,
    "loserServingPoints" : 64,
    "loserServingGames" : 9
  }, {
    "torneo" : "Yokohama CH",
    "fecha" : "20121112",
    "superficie" : "Hard",
    "resultado" : "6-2 6-4",
    "contrincante" : "Philipp Oswald",
    "ganador" : true,
    "winnerAces" : 3,
    "winnerPrimerSaqueDentro" : 41,
    "winnerPrimerSaqueGanado" : 27,
    "winnerSegundoSaqueGanado" : 19,
    "winnerDobleFalta" : 3,
    "winnerServingPoints" : 72,
    "winnerServingGames" : 9,
    "loserAces" : 2,
    "loserPrimerSaqueDentro" : 49,
    "loserPrimerSaqueGanado" : 31,
    "loserSegundoSaqueGanado" : 11,
    "loserDobleFalta" : 8,
    "loserServingPoints" : 82,
    "loserServingGames" : 9
  }, {
    "torneo" : "Yokohama CH",
    "fecha" : "20121112",
    "superficie" : "Hard",
    "resultado" : "6-2 7-5",
    "contrincante" : "Yuichi Sugita",
    "ganador" : false,
    "winnerAces" : 1,
    "winnerPrimerSaqueDentro" : 49,
    "winnerPrimerSaqueGanado" : 32,
    "winnerSegundoSaqueGanado" : 18,
    "winnerDobleFalta" : 2,
    "winnerServingPoints" : 82,
    "winnerServingGames" : 10,
    "loserAces" : 5,
    "loserPrimerSaqueDentro" : 37,
    "loserPrimerSaqueGanado" : 21,
    "loserSegundoSaqueGanado" : 14,
    "loserDobleFalta" : 3,
    "loserServingPoints" : 63,
    "loserServingGames" : 10
  }, {
    "torneo" : "Izmir CH",
    "fecha" : "20120917",
    "superficie" : "Hard",
    "resultado" : "6-2 6-4",
    "contrincante" : "Radu Albot",
    "ganador" : true,
    "winnerAces" : 3,
    "winnerPrimerSaqueDentro" : 32,
    "winnerPrimerSaqueGanado" : 24,
    "winnerSegundoSaqueGanado" : 10,
    "winnerDobleFalta" : 3,
    "winnerServingPoints" : 57,
    "winnerServingGames" : 9,
    "loserAces" : 0,
    "loserPrimerSaqueDentro" : 37,
    "loserPrimerSaqueGanado" : 18,
    "loserSegundoSaqueGanado" : 8,
    "loserDobleFalta" : 3,
    "loserServingPoints" : 55,
    "loserServingGames" : 9
  }, {
    "torneo" : "Izmir CH",
    "fecha" : "20120917",
    "superficie" : "Hard",
    "resultado" : "6-3 7-6(7)",
    "contrincante" : "Marius Copil",
    "ganador" : true,
    "winnerAces" : 4,
    "winnerPrimerSaqueDentro" : 46,
    "winnerPrimerSaqueGanado" : 33,
    "winnerSegundoSaqueGanado" : 11,
    "winnerDobleFalta" : 5,
    "winnerServingPoints" : 68,
    "winnerServingGames" : 10,
    "loserAces" : 3,
    "loserPrimerSaqueDentro" : 43,
    "loserPrimerSaqueGanado" : 28,
    "loserSegundoSaqueGanado" : 12,
    "loserDobleFalta" : 5,
    "loserServingPoints" : 73,