{
  "nombre" : "James Lemke",
  "mano" : "R",
  "nacionalidad" : "AUS",
  "edad" : 24.1095140315,
  "ganar1Saque" : 0.6432081609964371,
  "ganar2Saque" : 0.5196601487696171,
  "primerSaque" : 0.6636986657977104,
  "segundoSaque" : 0.26944874599575996,
  "ganarPuntoSacando" : 0.5669181737134776,
  "ganarPuntoRestando" : 0.3277187923064706,
  "probAce" : 0.013029315508902073,
  "clay" : {
    "nombre" : "Clay",
    "probVictoria" : 0.3333333432674408,
    "probGanarPrimerSaque" : 0.6482308904329935,
    "probGanarSegundoSaque" : 0.5846648017565409,
    "probPrimerSaque" : 0.6488263010978699,
    "probSegundoSaque" : 0.28356396158536273,
    "probGanarPuntoSacando" : 0.5863791182826232,
    "probGanarPuntoRestando" : 0.37433861799804063,
    "probAce" : 0.0
  },
  "grass" : {
    "nombre" : "Grass",
    "probVictoria" : 0.0,
    "probGanarPrimerSaque" : 0.0,
    "probGanarSegundoSaque" : 0.0,
    "probPrimerSaque" : 0.0,
    "probSegundoSaque" : 0.0,
    "probGanarPuntoSacando" : 0.0,
    "probGanarPuntoRestando" : 0.0,
    "probAce" : 0.0
  },
  "hard" : {
    "nombre" : "Hard",
    "probVictoria" : 0.0,
    "probGanarPrimerSaque" : 0.6456976979970932,
    "probGanarSegundoSaque" : 0.47582169622182846,
    "probPrimerSaque" : 0.654966801404953,
    "probSegundoSaque" : 0.27217046543955803,
    "probGanarPuntoSacando" : 0.5524151684586325,
    "probGanarPuntoRestando" : 0.2925407667129852,
    "probAce" : 0.0
  },
  "other" : {
    "nombre" : "Other",
    "probVictoria" : 0.0,
    "probGanarPrimerSaque" : 0.6181818246841431,
    "probGanarSegundoSaque" : 0.5,
    "probPrimerSaque" : 0.7432432174682617,
    "probSegundoSaque" : 0.21621622145175934,
    "probGanarPuntoSacando" : 0.567567559084523,
    "probGanarPuntoRestando" : 0.3285714176057023,
    "probAce" : 0.0
  },
  "partidos" : [ {
    "torneo" : "Kyoto CH",
    "fecha" : "20120305",
    "superficie" : "Carpet",
    "resultado" : "7-6(2) 7-5",
    "contrincante" : "Tatsuma Ito",
    "ganador" : false,
    "winnerAces" : 2,
    "winnerPrimerSaqueDentro" : 39,
    "winnerPrimerSaqueGanado" : 28,
    "winnerSegundoSaqueGanado" : 19,
    "winnerDobleFalta" : 3,
    "winnerServingPoints" : 70,
    "winnerServingGames" : 12,
    "loserAces" : 2,
    "loserPrimerSaqueDentro" : 55,
    "loserPrimerSaqueGanado" : 34,
    "loserSegundoSaqueGanado" : 8,
    "loserDobleFalta" : 3,
    "loserServingPoints" : 74,
    "loserServingGames" : 12
  }, {
    "torneo" : "Caloundra CH",
    "fecha" : "20120206",
    "superficie" : "Hard",
    "resultado" : "6-4 6-3",
    "contrincante" : "Marinko Matosevic",
    "ganador" : false,
    "winnerAces" : 4,
    "winnerPrimerSaqueDentro" : 32,
    "winnerPrimerSaqueGanado" : 25,
    "winnerSegundoSaqueGanado" : 11,
    "winnerDobleFalta" : 2,
    "winnerServingPoints" : 51,
    "winnerServingGames" : 10,
    "loserAces" : 1,
    "loserPrimerSaqueDentro" : 34,
    "loserPrimerSaqueGanado" : 21,
    "loserSegundoSaqueGanado" : 12,
    "loserDobleFalta" : 6,
    "loserServingPoints" : 63,
    "loserServingGames" : 9
  }, {
    "torneo" : "Savannah CH",
    "fecha" : "20120423",
    "superficie" : "Clay",
    "resultado" : "6-3 7-6(2)",
    "contrincante" : "Amer Delic",
    "ganador" : false,
    "winnerAces" : 7,
    "winnerPrimerSaqueDentro" : 53,
    "winnerPrimerSaqueGanado" : 40,
    "winnerSegundoSaqueGanado" : 15,
    "winnerDobleFalta" : 2,
    "winnerServingPoints" : 84,
    "winnerServingGames" : 11,
    "loserAces" : 0,
    "loserPrimerSaqueDentro" : 36,
    "loserPrimerSaqueGanado" : 25,
    "loserSegundoSaqueGanado" : 10,
    "loserDobleFalta" : 5,
    "loserServingPoints" : 60,
    "loserServingGames" : 10
  }, {
    "torneo" : "Burnie CH",
    "fecha" : "20120130",
    "superficie" : "Hard",
    "resultado" : "6-4 6-3",
    "contrincante" : "Samuel Groth",
    "ganador" : false,
    "winnerAces" : 18,
    "winnerPrimerSaqueDentro" : 29,
    "winnerPrimerSaqueGanado" : 26,
    "winnerSegundoSaqueGanado" : 15,
    "winnerDobleFalta" : 0,
    "winnerServingPoints" : 54,
    "winnerServingGames" : 10,
    "loserAces" : 0,
    "loserPrimerSaqueDentro" : 43,
    "loserPrimerSaqueGanado" : 31,
    "loserSegundoSaqueGanado" : 8,
    "loserDobleFalta" : 5,
    "loserServingPoints" : 63,
    "loserServingGames" : 9
  }, {
    "torneo" : "Recanati CH",
    "fecha" : "20120716",
    "superficie" : "Hard",
    "resultado" : "2-6 6-2 6-3",
    "contrincante" : "Julien Obry",
    "ganador" : false,
    "winnerAces" : 8,
    "winnerPrimerSaqueDentro" : 31,
    "winnerPrimerSaqueGanado" : 25,
    "winnerSegundoSaqueGanado" : 20,
    "winnerDobleFalta" : 1,
    "winnerServingPoints" : 62,
    "winnerServingGames" : 13,
    "loserAces" : 1,
    "loserPrimerSaqueDentro" : 58,
    "loserPrimerSaqueGanado" : 38,
    "loserSegundoSaqueGanado" : 18,
    "loserDobleFalta" : 6,
    "loserServingPoints" : 96,
    "loserServingGames" : 12
  }, {
    "torneo" : "Stuttgart Q",
    "fecha" : "20120709",
    "superficie" : "Clay",
    "resultado" : "7-6(1) 6-4",
    "contrincante" : "Florian Fallert",
    "ganador" : true,
    "winnerAces" : 1,
    "winnerPrimerSaqueDentro" : 57,
    "winnerPrimerSaqueGanado" : 39,
    "winnerSegundoSaqueGanado" : 21,
    "winnerDobleFalta" : 6,
    "winnerServingPoints" : 95,
    "winnerServingGames" : 11,
    "loserAces" : 1,
    "loserPrimerSaqueDentro" : 48,
    "loserPrimerSaqueGanado" : 31,
    "loserSegundoSaqueGanado" : 13,
    "loserDobleFalta" : 5,
    "loserServingPoints" : 72,
    "loserServingGames" : 11
  }, {
    "torneo" : "Stuttgart Q",
    "fecha" : "20120709",
    "superficie" : "Clay",
    "resultado" : "6-2 4-6 6-1",
    "contrincante" : "Pavol Cervenak",
    "ganador" : false,
    "winnerAces" : 9,
    "winnerPrimerSaqueDentro" : 50,
    "winnerPrimerSaqueGanado" : 37,
    "winnerSegundoSaqueGanado" : 18,
    "winnerDobleFalta" : 4,
    "winnerServingPoints" : 90,
    "winnerServingGames" : 13,
    "loserAces" : 2,
    "loserPrimerSaqueDentro" : 53,
    "loserPrimerSaqueGanado" : 30,
    "loserSegundoSaqueGanado" : 8,
    "loserDobleFalta" : 4,
    "loserServingPoints" : 71,
    "loserServingGames" : 12
  }, {
    "torneo" : "Australian Open Q",
    "fecha" : "20120116",
    "superficie" : "Hard",
    "resultado" : "4-6 6-2 6-2",
    "contrincante" : "Augustin Gensse",
    "ganador" : false,
    "winnerAces" : 4,
    "winnerPrimerSaqueDentro" : 47,
    "winnerPrimerSaqueGanado" : 35,
    "winnerSegundoSaqueGanado" : 11,
    "winnerDobleFalta" : 4,
    "winnerServingPoints" : 72,
    "winnerServingGames" : 13,
    "loserAces" : 1,
    "loserPrimerSaqueDentro" : 73,
    "loserPrimerSaqueGanado" : 43,
    "loserSegundoSaqueGanado" : 4,
    "loserDobleFalta" : 5,
    "loserServingPoints" : 92,
    "loserServingGames" : 13
  } ]
}