{
  "nombre" : "John Patrick Smith",
  "mano" : "L",
  "nacionalidad" : "AUS",
  "edad" : 22.6529774127,
  "ganar1Saque" : 0.7317593683456552,
  "ganar2Saque" : 0.5392565336720697,
  "primerSaque" : 0.6181398876782122,
  "segundoSaque" : 0.3616785427619671,
  "ganarPuntoSacando" : 0.6473671710300466,
  "ganarPuntoRestando" : 0.3787396766512564,
  "probAce" : 0.07599067687988281,
  "clay" : {
    "nombre" : "Clay",
    "probVictoria" : 0.0,
    "probGanarPrimerSaque" : 0.5376984030008316,
    "probGanarSegundoSaque" : 0.5275362432003021,
    "probPrimerSaque" : 0.5906593501567841,
    "probSegundoSaque" : 0.3997252732515335,
    "probGanarPuntoSacando" : 0.52846615826014,
    "probGanarPuntoRestando" : 0.36810775220879616,
    "probAce" : 0.0
  },
  "grass" : {
    "nombre" : "Grass",
    "probVictoria" : 0.6666666865348816,
    "probGanarPrimerSaque" : 1.1143589615821838,
    "probGanarSegundoSaque" : 0.6710516015688578,
    "probPrimerSaque" : 0.5789538224538168,
    "probSegundoSaque" : 0.38424475987752277,
    "probGanarPuntoSacando" : 0.9030104419039241,
    "probGanarPuntoRestando" : 0.3690717993519855,
    "probAce" : 0.0
  },
  "hard" : {
    "nombre" : "Hard",
    "probVictoria" : 0.5416666865348816,
    "probGanarPrimerSaque" : 0.7465377897024155,
    "probGanarSegundoSaque" : 0.5237588410576185,
    "probPrimerSaque" : 0.6253281906247139,
    "probSegundoSaque" : 0.3556872047483921,
    "probGanarPuntoSacando" : 0.6531254434056264,
    "probGanarPuntoRestando" : 0.38083415501720347,
    "probAce" : 0.0
  },
  "other" : {
    "nombre" : "Other",
    "probVictoria" : 0.0,
    "probGanarPrimerSaque" : 0.0,
    "probGanarSegundoSaque" : 0.0,
    "probPrimerSaque" : 0.0,
    "probSegundoSaque" : 0.0,
    "probGanarPuntoSacando" : 0.0,
    "probGanarPuntoRestando" : 0.0,
    "probAce" : 0.0
  },
  "partidos" : [ {
    "torneo" : "Vancouver CH",
    "fecha" : "20120730",
    "superficie" : "Hard",
    "resultado" : "6-3 7-5",
    "contrincante" : "Jan Hernych",
    "ganador" : false,
    "winnerAces" : 2,
    "winnerPrimerSaqueDentro" : 27,
    "winnerPrimerSaqueGanado" : 22,
    "winnerSegundoSaqueGanado" : 15,
    "winnerDobleFalta" : 2,
    "winnerServingPoints" : 52,
    "winnerServingGames" : 10,
    "loserAces" : 3,
    "loserPrimerSaqueDentro" : 42,
    "loserPrimerSaqueGanado" : 26,
    "loserSegundoSaqueGanado" : 18,
    "loserDobleFalta" : 2,
    "loserServingPoints" : 79,
    "loserServingGames" : 11
  }, {
    "torneo" : "Winnetka CH",
    "fecha" : "20120702",
    "superficie" : "Hard",
    "resultado" : "6-3 6-2",
    "contrincante" : "Matt Reid",
    "ganador" : true,
    "winnerAces" : 7,
    "winnerPrimerSaqueDentro" : 29,
    "winnerPrimerSaqueGanado" : 26,
    "winnerSegundoSaqueGanado" : 10,
    "winnerDobleFalta" : 2,
    "winnerServingPoints" : 47,
    "winnerServingGames" : 9,
    "loserAces" : 3,
    "loserPrimerSaqueDentro" : 31,
    "loserPrimerSaqueGanado" : 16,
    "loserSegundoSaqueGanado" : 11,
    "loserDobleFalta" : 3,
    "loserServingPoints" : 49,
    "loserServingGames" : 8
  }, {
    "torneo" : "Winnetka CH",
    "fecha" : "20120702",
    "superficie" : "Hard",
    "resultado" : "6-3 6-4",
    "contrincante" : "Bobby Reynolds",
    "ganador" : true,
    "winnerAces" : 10,
    "winnerPrimerSaqueDentro" : 33,
    "winnerPrimerSaqueGanado" : 30,
    "winnerSegundoSaqueGanado" : 13,
    "winnerDobleFalta" : 1,
    "winnerServingPoints" : 57,
    "winnerServingGames" : 10,
    "loserAces" : 7,
    "loserPrimerSaqueDentro" : 34,
    "loserPrimerSaqueGanado" : 24,
    "loserSegundoSaqueGanado" : 13,
    "loserDobleFalta" : 1,
    "loserServingPoints" : 61,
    "loserServingGames" : 9
  }, {
    "torneo" : "Winnetka CH",
    "fecha" : "20120702",
    "superficie" : "Hard",
    "resultado" : "6-2 1-0 RET",
    "contrincante" : "Mikhail Ledovskikh",
    "ganador" : true,
    "winnerAces" : 9,
    "winnerPrimerSaqueDentro" : 15,
    "winnerPrimerSaqueGanado" : 15,
    "winnerSegundoSaqueGanado" : 5,
    "winnerDobleFalta" : 0,
    "winnerServingPoints" : 22,
    "winnerServingGames" : 5,
    "loserAces" : 2,
    "loserPrimerSaqueDentro" : 23,
    "loserPrimerSaqueGanado" : 13,
    "loserSegundoSaqueGanado" : 5,
    "loserDobleFalta" : 3,
    "loserServingPoints" : 36,
    "loserServingGames" : 4
  }, {
    "torneo" : "Winnetka CH",
    "fecha" : "20120702",
    "superficie" : "Hard",
    "resultado" : "2-6 6-1 6-4",
    "contrincante" : "Sergei Bubka",
    "ganador" : true,
    "winnerAces" : 4,
    "winnerPrimerSaqueDentro" : 39,
    "winnerPrimerSaqueGanado" : 27,
    "winnerSegundoSaqueGanado" : 21,
    "winnerDobleFalta" : 1,
    "winnerServingPoints" : 73,
    "winnerServingGames" : 13,
    "loserAces" : 4,
    "loserPrimerSaqueDentro" : 47,
    "loserPrimerSaqueGanado" : 35,
    "loserSegundoSaqueGanado" : 16,
    "loserDobleFalta" : 4,
    "loserServingPoints" : 84,
    "loserServingGames" : 12
  }, {
    "torneo" : "Winnetka CH",
    "fecha" : "20120702",
    "superficie" : "Hard",
    "resultado" : "3-6 6-3 7-6(3)",
    "contrincante" : "Ricardas Berankis",
    "ganador" : true,
    "winnerAces" : 7,
    "winnerPrimerSaqueDentro" : 64,
    "winnerPrimerSaqueGanado" : 44,
    "winnerSegundoSaqueGanado" : 22,
    "winnerDobleFalta" : 0,
    "winnerServingPoints" : 103,
    "winnerServingGames" : 15,
    "loserAces" : 10,
    "loserPrimerSaqueDentro" : 59,
    "loserPrimerSaqueGanado" : 40,
    "loserSegundoSaqueGanado" : 30,
    "loserDobleFalta" : 7,
    "loserServingPoints" : 117,
    "loserServingGames" : 15
  }, {
    "torneo" : "Caloundra CH",
    "fecha" : "20120206",
    "superficie" : "Hard",
    "resultado" : "3-6 7-5 6-3",
    "contrincante" : "Blake Strode",
    "ganador" : true,
    "winnerAces" : 2,
    "winnerPrimerSaqueDentro" : 54,
    "winnerPrimerSaqueGanado" : 39,
    "winnerSegundoSaqueGanado" : 18,
    "winnerDobleFalta" : 3,
    "winnerServingPoints" : 87,
    "winnerServingGames" : 15,
    "loserAces" : 2,
    "loserPrimerSaqueDentro" : 55,
    "loserPrimerSaqueGanado" : 40,
    "loserSegundoSaqueGanado" : 16,
    "loserDobleFalta" : 2,
    "loserServingPoints" : 87,
    "loserServingGames" : 15
  }, {
    "torneo" : "Caloundra CH",
    "fecha" : "20120206",
    "superficie" : "Hard",
    "resultado" : "6-4 7-5",
    "contrincante" : "Benjamin Mitchell",
    "ganador" : false,
    "winnerAces" : 6,
    "winnerPrimerSaqueDentro" : 46,
    "winnerPrimerSaqueGanado" : 30,
    "winnerSegundoSaqueGanado" : 12,
    "winnerDobleFalta" : 8,
    "winnerServingPoints" : 70,
    "winnerServingGames" : 11,
    "loserAces" : 4,
    "loserPrimerSaqueDentro" : 38,
    "loserPrimerSaqueGanado" : 25,
    "loserSegundoSaqueGanado" : 11,
    "loserDobleFalta" : 2,
    "loserServingPoints" : 68,
    "loserServingGames" : 11
  }, {
    "torneo" : "Burnie CH",
    "fecha" : "20120130",
    "superficie" : "Hard",
    "resultado" : "6-3 6-3",
    "contrincante" : "Yuichi Sugita",
    "ganador" : false,
    "winnerAces" : 1,
    "winnerPrimerSaqueDentro" : 48,
    "winnerPrimerSaqueGanado" : 33,
    "winnerSegundoSaqueGanado" : 12,
    "winnerDobleFalta" : 1,
    "winnerServingPoints" : 68,
    "winnerServingGames" : 9,
    "loserAces" : 3,
    "loserPrimerSaqueDentro" : 35,
    "loserPrimerSaqueGanado" : 25,
    "loserSegundoSaqueGanado" : 6,
    "loserDobleFalta" : 0,
    "loserServingPoints" : 53,
    "loserServingGames" : 9
  }, {
    "torneo" : "Charlottesville CH",
    "fecha" : "20121029",
    "superficie" : "Hard",
    "resultado" : "6-3 6-1",
    "contrincante" : "Robert Farah",
    "ganador" : true,
    "winnerAces" : 4,
    "winnerPrimerSaqueDentro" : 27,
    "winnerPrimerSaqueGanado" : 24,
    "winnerSegundoSaqueGanado" : 7,
    "winnerDobleFalta" : 0,
    "winnerServingPoints" : 40,
    "winnerServingGames" : 8,
    "loserAces" : 3,
    "loserPrimerSaqueDentro" : 44,
    "loserPrimerSaqueGanado" : 26,
    "loserSegundoSaqueGanado" : 6,
    "loserDobleFalta" : 6,
    "loserServingPoints" : 70,