{
  "nombre" : "Josh Goodall",
  "mano" : "R",
  "nacionalidad" : "GBR",
  "edad" : 26.688569473,
  "ganar1Saque" : 0.7299411088228226,
  "ganar2Saque" : 0.5572809651494026,
  "primerSaque" : 0.5787627130746842,
  "segundoSaque" : 0.3830754280090332,
  "ganarPuntoSacando" : 0.6359433407729347,
  "ganarPuntoRestando" : 0.3088285708303401,
  "probAce" : 0.10209789872169495,
  "clay" : {
    "nombre" : "Clay",
    "probVictoria" : 0.0,
    "probGanarPrimerSaque" : 0.765625,
    "probGanarSegundoSaque" : 0.5714285969734192,
    "probPrimerSaque" : 0.5614035129547119,
    "probSegundoSaque" : 0.429824560880661,
    "probGanarPuntoSacando" : 0.6754386103747034,
    "probGanarPuntoRestando" : 0.2869565556401241,
    "probAce" : 0.0
  },
  "grass" : {
    "nombre" : "Grass",
    "probVictoria" : 0.4285714328289032,
    "probGanarPrimerSaque" : 1.7325203816095989,
    "probGanarSegundoSaque" : 0.5976789891719818,
    "probPrimerSaque" : 0.5946885091917855,
    "probSegundoSaque" : 0.36745924183300566,
    "probGanarPuntoSacando" : 1.2499326311044494,
    "probGanarPuntoRestando" : 0.33254496860155314,
    "probAce" : 0.0
  },
  "hard" : {
    "nombre" : "Hard",
    "probVictoria" : 0.1818181872367859,
    "probGanarPrimerSaque" : 0.7253987301479686,
    "probGanarSegundoSaque" : 0.5313621109182184,
    "probPrimerSaque" : 0.571784333749251,
    "probSegundoSaque" : 0.3885004005648873,
    "probGanarPuntoSacando" : 0.6212060225569409,
    "probGanarPuntoRestando" : 0.30601344600700814,
    "probAce" : 0.0
  },
  "other" : {
    "nombre" : "Other",
    "probVictoria" : 0.0,
    "probGanarPrimerSaque" : 0.65625,
    "probGanarSegundoSaque" : 0.5454545617103577,
    "probPrimerSaque" : 0.5614035129547119,
    "probSegundoSaque" : 0.38596490025520325,
    "probGanarPuntoSacando" : 0.5789473708808135,
    "probGanarPuntoRestando" : 0.19565217467871576,
    "probAce" : 0.0
  },
  "partidos" : [ {
    "torneo" : "Wimbledon",
    "fecha" : "20120625",
    "superficie" : "Grass",
    "resultado" : "6-4 3-6 7-6(3) 6-4",
    "contrincante" : "Grega Zemlja",
    "ganador" : false,
    "winnerAces" : 19,
    "winnerPrimerSaqueDentro" : 72,
    "winnerPrimerSaqueGanado" : 56,
    "winnerSegundoSaqueGanado" : 24,
    "winnerDobleFalta" : 4,
    "winnerServingPoints" : 107,
    "winnerServingGames" : 20,
    "loserAces" : 21,
    "loserPrimerSaqueDentro" : 74,
    "loserPrimerSaqueGanado" : 55,
    "loserSegundoSaqueGanado" : 33,
    "loserDobleFalta" : 6,
    "loserServingPoints" : 134,
    "loserServingGames" : 21
  }, {
    "torneo" : "Nottingham CH",
    "fecha" : "20120605",
    "superficie" : "Grass",
    "resultado" : "7-6(2) 6-2",
    "contrincante" : "Igor Kunitsyn",
    "ganador" : false,
    "winnerAces" : 5,
    "winnerPrimerSaqueDentro" : 33,
    "winnerPrimerSaqueGanado" : 25,
    "winnerSegundoSaqueGanado" : 21,
    "winnerDobleFalta" : 3,
    "winnerServingPoints" : 62,
    "winnerServingGames" : 10,
    "loserAces" : 8,
    "loserPrimerSaqueDentro" : 37,
    "loserPrimerSaqueGanado" : 30,
    "loserSegundoSaqueGanado" : 7,
    "loserDobleFalta" : 4,
    "loserServingPoints" : 62,
    "loserServingGames" : 10
  }, {
    "torneo" : "Wolfsburg CH",
    "fecha" : "20120220",
    "superficie" : "Carpet",
    "resultado" : "6-2 6-4",
    "contrincante" : "Peter Gojowczyk",
    "ganador" : false,
    "winnerAces" : 8,
    "winnerPrimerSaqueDentro" : 24,
    "winnerPrimerSaqueGanado" : 21,
    "winnerSegundoSaqueGanado" : 16,
    "winnerDobleFalta" : 0,
    "winnerServingPoints" : 46,
    "winnerServingGames" : 9,
    "loserAces" : 4,
    "loserPrimerSaqueDentro" : 32,
    "loserPrimerSaqueGanado" : 21,
    "loserSegundoSaqueGanado" : 12,
    "loserDobleFalta" : 3,
    "loserServingPoints" : 57,
    "loserServingGames" : 9
  }, {
    "torneo" : "Helsinki CH",
    "fecha" : "20121112",
    "superficie" : "Hard",
    "resultado" : "6-3 6-2",
    "contrincante" : "Igor Kunitsyn",
    "ganador" : false,
    "winnerAces" : 7,
    "winnerPrimerSaqueDentro" : 36,
    "winnerPrimerSaqueGanado" : 29,
    "winnerSegundoSaqueGanado" : 11,
    "winnerDobleFalta" : 1,
    "winnerServingPoints" : 55,
    "winnerServingGames" : 9,
    "loserAces" : 6,
    "loserPrimerSaqueDentro" : 27,
    "loserPrimerSaqueGanado" : 16,
    "loserSegundoSaqueGanado" : 14,
    "loserDobleFalta" : 1,
    "loserServingPoints" : 54,
    "loserServingGames" : 8
  }, {
    "torneo" : "Nottingham2 CH",
    "fecha" : "20120611",
    "superficie" : "Grass",
    "resultado" : "6-2 6-3",
    "contrincante" : "Kyle Edmund",
    "ganador" : true,
    "winnerAces" : 10,
    "winnerPrimerSaqueDentro" : 27,
    "winnerPrimerSaqueGanado" : 23,
    "winnerSegundoSaqueGanado" : 11,
    "winnerDobleFalta" : 2,
    "winnerServingPoints" : 44,
    "winnerServingGames" : 8,
    "loserAces" : 1,
    "loserPrimerSaqueDentro" : 33,
    "loserPrimerSaqueGanado" : 18,
    "loserSegundoSaqueGanado" : 6,
    "loserDobleFalta" : 3,
    "loserServingPoints" : 46,
    "loserServingGames" : 9
  }, {
    "torneo" : "Nottingham2 CH",
    "fecha" : "20120611",
    "superficie" : "Grass",
    "resultado" : "6-3 6-3",
    "contrincante" : "Karol Beck",
    "ganador" : false,
    "winnerAces" : 6,
    "winnerPrimerSaqueDentro" : 35,
    "winnerPrimerSaqueGanado" : 27,
    "winnerSegundoSaqueGanado" : 13,
    "winnerDobleFalta" : 3,
    "winnerServingPoints" : 59,
    "winnerServingGames" : 9,
    "loserAces" : 1,
    "loserPrimerSaqueDentro" : 28,
    "loserPrimerSaqueGanado" : 18,
    "loserSegundoSaqueGanado" : 15,
    "loserDobleFalta" : 1,
    "loserServingPoints" : 52,
    "loserServingGames" : 9
  }, {
    "torneo" : "Petange CH",
    "fecha" : "20120910",
    "superficie" : "Hard",
    "resultado" : "6-1 7-5",
    "contrincante" : "Vincent Millot",
    "ganador" : true,
    "winnerAces" : 8,
    "winnerPrimerSaqueDentro" : 36,
    "winnerPrimerSaqueGanado" : 29,
    "winnerSegundoSaqueGanado" : 10,
    "winnerDobleFalta" : 2,
    "winnerServingPoints" : 57,
    "winnerServingGames" : 10,
    "loserAces" : 2,
    "loserPrimerSaqueDentro" : 30,
    "loserPrimerSaqueGanado" : 18,
    "loserSegundoSaqueGanado" : 12,
    "loserDobleFalta" : 2,
    "loserServingPoints" : 56,
    "loserServingGames" : 9
  }, {
    "torneo" : "Petange CH",
    "fecha" : "20120910",
    "superficie" : "Hard",
    "resultado" : "6-2 7-6(3)",
    "contrincante" : "Tobias Kamke",
    "ganador" : false,
    "winnerAces" : 5,
    "winnerPrimerSaqueDentro" : 40,
    "winnerPrimerSaqueGanado" : 30,
    "winnerSegundoSaqueGanado" : 18,
    "winnerDobleFalta" : 4,
    "winnerServingPoints" : 70,
    "winnerServingGames" : 10,
    "loserAces" : 7,
    "loserPrimerSaqueDentro" : 36,
    "loserPrimerSaqueGanado" : 28,
    "loserSegundoSaqueGanado" : 10,
    "loserDobleFalta" : 2,
    "loserServingPoints" : 65,
    "loserServingGames" : 10
  }, {
    "torneo" : "St. Remy CH",
    "fecha" : "20120904",
    "superficie" : "Hard",
    "resultado" : "6-3 6-2",
    "contrincante" : "Kenny De Schepper",
    "ganador" : false,
    "winnerAces" : 21,
    "winnerPrimerSaqueDentro" : 36,
    "winnerPrimerSaqueGanado" : 31,
    "winnerSegundoSaqueGanado" : 8,
    "winnerDobleFalta" : 1,
    "winnerServingPoints" : 50,
    "winnerServingGames" : 9,
    "loserAces" : 1,
    "loserPrimerSaqueDentro" : 28,
    "loserPrimerSaqueGanado" : 17,
    "loserSegundoSaqueGanado" : 9,
    "loserDobleFalta" : 1,
    "loserServingPoints" : 48,
    "loserServingGames" : 8
  }, {
    "torneo" : "Bath CH",
    "fecha" : "20120319",
    "superficie" : "Hard",
    "resultado" : "6-3 6-4",
    "contrincante" : "Dusan Lajovic",
    "ganador" : false,
    "winnerAces" : 7,
    "winnerPrimerSaqueDentro" : 37,
    "winnerPrimerSaqueGanado" : 31,
    "winnerSegundoSaqueGanado" : 10,
    "winnerDobleFalta" : 2,
    "winnerServingPoints" : 52,
    "winnerServingGames" : 10,
    "loserAces" : 3,
    "loserPrimerSaqueDentro" : 31,
    "loserPrimerSaqueGanado" : 20,
    "loserSegundoSaqueGanado" : 13,