{
  "nombre" : "Juan Carlos Ferrero",
  "mano" : "R",
  "nacionalidad" : "ESP",
  "edad" : 32.4052019165,
  "ganar1Saque" : 0.6462192833423615,
  "ganar2Saque" : 0.513282036408782,
  "primerSaque" : 0.6666660569608212,
  "segundoSaque" : 0.31526755075901747,
  "ganarPuntoSacando" : 0.5926336320250973,
  "ganarPuntoRestando" : 0.3589615657495712,
  "probAce" : 0.03349282220005989,
  "clay" : {
    "nombre" : "Clay",
    "probVictoria" : 0.3333333432674408,
    "probGanarPrimerSaque" : 0.6608959883451462,
    "probGanarSegundoSaque" : 0.520120345056057,
    "probPrimerSaque" : 0.668123925725619,
    "probSegundoSaque" : 0.3149040800829728,
    "probGanarPuntoSacando" : 0.605348441021788,
    "probGanarPuntoRestando" : 0.36983141604582537,
    "probAce" : 0.0
  },
  "grass" : {
    "nombre" : "Grass",
    "probVictoria" : 0.0,
    "probGanarPrimerSaque" : 0.5625,
    "probGanarSegundoSaque" : 0.4545454680919647,
    "probPrimerSaque" : 0.6666666865348816,
    "probSegundoSaque" : 0.3055555522441864,
    "probGanarPuntoSacando" : 0.5138889026988034,
    "probGanarPuntoRestando" : 0.3058823193138691,
    "probAce" : 0.0
  },
  "hard" : {
    "nombre" : "Hard",
    "probVictoria" : 0.0,
    "probGanarPrimerSaque" : 0.6154188911120096,
    "probGanarSegundoSaque" : 0.5055076579252878,
    "probPrimerSaque" : 0.6608343720436096,
    "probSegundoSaque" : 0.31995876630147296,
    "probGanarPuntoSacando" : 0.5684315630375016,
    "probGanarPuntoRestando" : 0.33317524670978843,
    "probAce" : 0.0
  },
  "other" : {
    "nombre" : "Other",
    "probVictoria" : 0.0,
    "probGanarPrimerSaque" : 0.0,
    "probGanarSegundoSaque" : 0.0,
    "probPrimerSaque" : 0.0,
    "probSegundoSaque" : 0.0,
    "probGanarPuntoSacando" : 0.0,
    "probGanarPuntoRestando" : 0.0,
    "probAce" : 0.0
  },
  "partidos" : [ {
    "torneo" : "Umag",
    "fecha" : "20120709",
    "superficie" : "Clay",
    "resultado" : "6-2 6-2",
    "contrincante" : "Mate Pavic",
    "ganador" : false,
    "winnerAces" : 5,
    "winnerPrimerSaqueDentro" : 34,
    "winnerPrimerSaqueGanado" : 25,
    "winnerSegundoSaqueGanado" : 12,
    "winnerDobleFalta" : 3,
    "winnerServingPoints" : 55,
    "winnerServingGames" : 8,
    "loserAces" : 0,
    "loserPrimerSaqueDentro" : 19,
    "loserPrimerSaqueGanado" : 12,
    "loserSegundoSaqueGanado" : 8,
    "loserDobleFalta" : 2,
    "loserServingPoints" : 42,
    "loserServingGames" : 8
  }, {
    "torneo" : "Rome Masters",
    "fecha" : "20120513",
    "superficie" : "Clay",
    "resultado" : "6-4 7-5",
    "contrincante" : "Kevin Anderson",
    "ganador" : true,
    "winnerAces" : 3,
    "winnerPrimerSaqueDentro" : 52,
    "winnerPrimerSaqueGanado" : 40,
    "winnerSegundoSaqueGanado" : 7,
    "winnerDobleFalta" : 0,
    "winnerServingPoints" : 67,
    "winnerServingGames" : 11,
    "loserAces" : 9,
    "loserPrimerSaqueDentro" : 47,
    "loserPrimerSaqueGanado" : 30,
    "loserSegundoSaqueGanado" : 16,
    "loserDobleFalta" : 5,
    "loserServingPoints" : 78,
    "loserServingGames" : 11
  }, {
    "torneo" : "Rome Masters",
    "fecha" : "20120513",
    "superficie" : "Clay",
    "resultado" : "7-5 6-3",
    "contrincante" : "Gael Monfils",
    "ganador" : true,
    "winnerAces" : 0,
    "winnerPrimerSaqueDentro" : 47,
    "winnerPrimerSaqueGanado" : 32,
    "winnerSegundoSaqueGanado" : 6,
    "winnerDobleFalta" : 0,
    "winnerServingPoints" : 63,
    "winnerServingGames" : 11,
    "loserAces" : 2,
    "loserPrimerSaqueDentro" : 40,
    "loserPrimerSaqueGanado" : 23,
    "loserSegundoSaqueGanado" : 7,
    "loserDobleFalta" : 4,
    "loserServingPoints" : 59,
    "loserServingGames" : 10
  }, {
    "torneo" : "Rome Masters",
    "fecha" : "20120513",
    "superficie" : "Clay",
    "resultado" : "6-2 5-7 6-1",
    "contrincante" : "Roger Federer",
    "ganador" : false,
    "winnerAces" : 12,
    "winnerPrimerSaqueDentro" : 39,
    "winnerPrimerSaqueGanado" : 33,
    "winnerSegundoSaqueGanado" : 23,
    "winnerDobleFalta" : 1,
    "winnerServingPoints" : 76,
    "winnerServingGames" : 14,
    "loserAces" : 2,
    "loserPrimerSaqueDentro" : 64,
    "loserPrimerSaqueGanado" : 40,
    "loserSegundoSaqueGanado" : 7,
    "loserDobleFalta" : 0,
    "loserServingPoints" : 81,
    "loserServingGames" : 13
  }, {
    "torneo" : "Nice",
    "fecha" : "20120520",
    "superficie" : "Clay",
    "resultado" : "4-6 7-6(6) 7-6(6)",
    "contrincante" : "Robin Haase",
    "ganador" : true,
    "winnerAces" : 3,
    "winnerPrimerSaqueDentro" : 87,
    "winnerPrimerSaqueGanado" : 62,
    "winnerSegundoSaqueGanado" : 16,
    "winnerDobleFalta" : 1,
    "winnerServingPoints" : 115,
    "winnerServingGames" : 17,
    "loserAces" : 9,
    "loserPrimerSaqueDentro" : 71,
    "loserPrimerSaqueGanado" : 55,
    "loserSegundoSaqueGanado" : 23,
    "loserDobleFalta" : 2,
    "loserServingPoints" : 115,
    "loserServingGames" : 17
  }, {
    "torneo" : "Nice",
    "fecha" : "20120520",
    "superficie" : "Clay",
    "resultado" : "6-4 6-3",
    "contrincante" : "Thomaz Bellucci",
    "ganador" : false,
    "winnerAces" : 12,
    "winnerPrimerSaqueDentro" : 50,
    "winnerPrimerSaqueGanado" : 35,
    "winnerSegundoSaqueGanado" : 14,
    "winnerDobleFalta" : 1,
    "winnerServingPoints" : 76,
    "winnerServingGames" : 10,
    "loserAces" : 0,
    "loserPrimerSaqueDentro" : 43,
    "loserPrimerSaqueGanado" : 27,
    "loserSegundoSaqueGanado" : 9,
    "loserDobleFalta" : 0,
    "loserServingPoints" : 63,
    "loserServingGames" : 9
  }, {
    "torneo" : "Auckland",
    "fecha" : "20120109",
    "superficie" : "Hard",
    "resultado" : "6-3 6-2",
    "contrincante" : "Benoit Paire",
    "ganador" : false,
    "winnerAces" : 8,
    "winnerPrimerSaqueDentro" : 22,
    "winnerPrimerSaqueGanado" : 19,
    "winnerSegundoSaqueGanado" : 20,
    "winnerDobleFalta" : 0,
    "winnerServingPoints" : 53,
    "winnerServingGames" : 9,
    "loserAces" : 0,
    "loserPrimerSaqueDentro" : 33,
    "loserPrimerSaqueGanado" : 19,
    "loserSegundoSaqueGanado" : 9,
    "loserDobleFalta" : 2,
    "loserServingPoints" : 51,
    "loserServingGames" : 8
  }, {
    "torneo" : "Madrid Masters",
    "fecha" : "20120506",
    "superficie" : "Clay",
    "resultado" : "6-4 7-6(4)",
    "contrincante" : "Igor Andreev",
    "ganador" : false,
    "winnerAces" : 11,
    "winnerPrimerSaqueDentro" : 46,
    "winnerPrimerSaqueGanado" : 37,
    "winnerSegundoSaqueGanado" : 16,
    "winnerDobleFalta" : 2,
    "winnerServingPoints" : 77,
    "winnerServingGames" : 11,
    "loserAces" : 6,
    "loserPrimerSaqueDentro" : 46,
    "loserPrimerSaqueGanado" : 33,
    "loserSegundoSaqueGanado" : 14,
    "loserDobleFalta" : 0,
    "loserServingPoints" : 67,
    "loserServingGames" : 11
  }, {
    "torneo" : "Sao Paulo",
    "fecha" : "20120213",
    "superficie" : "Clay",
    "resultado" : "7-6(6) 6-2",
    "contrincante" : "Leonardo Mayer",
    "ganador" : false,
    "winnerAces" : 11,
    "winnerPrimerSaqueDentro" : 43,
    "winnerPrimerSaqueGanado" : 33,
    "winnerSegundoSaqueGanado" : 18,
    "winnerDobleFalta" : 2,
    "winnerServingPoints" : 74,
    "winnerServingGames" : 10,
    "loserAces" : 1,
    "loserPrimerSaqueDentro" : 46,
    "loserPrimerSaqueGanado" : 29,
    "loserSegundoSaqueGanado" : 11,
    "loserDobleFalta" : 3,
    "loserServingPoints" : 66,
    "loserServingGames" : 10
  }, {
    "torneo" : "Wimbledon",
    "fecha" : "20120625",
    "superficie" : "Grass",
    "resultado" : "6-3 6-3 6-1",
    "contrincante" : "Novak Djokovic",
    "ganador" : false,
    "winnerAces" : 13,
    "winnerPrimerSaqueDentro" : 56,
    "winnerPrimerSaqueGanado" : 47,
    "winnerSegundoSaqueGanado" : 12,
    "winnerDobleFalta" : 3,
    "winnerServingPoints" : 85,
    "winnerServingGames" : 13,
    "loserAces" : 2,
    "loserPrimerSaqueDentro" : 48,
    "loserPrimerSaqueGanado" : 27,
    "loserSegundoSaqueGanado" : 10,
    "loserDobleFalta" : 2,
    "loserServingPoints" : 72,