{
  "nombre" : "Juan Ignacio Chela",
  "mano" : "R",
  "nacionalidad" : "ARG",
  "edad" : 32.629705681,
  "ganar1Saque" : 0.6179314220652861,
  "ganar2Saque" : 0.5420750747708714,
  "primerSaque" : 0.6529153865926406,
  "segundoSaque" : 0.32006816127721,
  "ganarPuntoSacando" : 0.5769579057816153,
  "ganarPuntoRestando" : 0.39131603435917844,
  "probAce" : 0.022641509771347046,
  "clay" : {
    "nombre" : "Clay",
    "probVictoria" : 0.30000001192092896,
    "probGanarPrimerSaque" : 0.6319085955619812,
    "probGanarSegundoSaque" : 0.5387122452259063,
    "probPrimerSaque" : 0.6518996238708497,
    "probSegundoSaque" : 0.31991921961307523,
    "probGanarPuntoSacando" : 0.584285376856292,
    "probGanarPuntoRestando" : 0.3718181819394709,
    "probAce" : 0.0
  },
  "grass" : {
    "nombre" : "Grass",
    "probVictoria" : 0.0,
    "probGanarPrimerSaque" : 0.6884058117866516,
    "probGanarSegundoSaque" : 0.5714285969734192,
    "probPrimerSaque" : 0.6571428775787354,
    "probSegundoSaque" : 0.3333333432674408,
    "probGanarPuntoSacando" : 0.6428571807671783,
    "probGanarPuntoRestando" : 0.36842107394041834,
    "probAce" : 0.0
  },
  "hard" : {
    "nombre" : "Hard",
    "probVictoria" : 0.3333333432674408,
    "probGanarPrimerSaque" : 0.5828904012838999,
    "probGanarSegundoSaque" : 0.5427875369787216,
    "probPrimerSaque" : 0.6539037426312765,
    "probSegundoSaque" : 0.3181055337190628,
    "probGanarPuntoSacando" : 0.5538179340900605,
    "probGanarPuntoRestando" : 0.4276282817951513,
    "probAce" : 0.0
  },
  "other" : {
    "nombre" : "Other",
    "probVictoria" : 0.0,
    "probGanarPrimerSaque" : 0.0,
    "probGanarSegundoSaque" : 0.0,
    "probPrimerSaque" : 0.0,
    "probSegundoSaque" : 0.0,
    "probGanarPuntoSacando" : 0.0,
    "probGanarPuntoRestando" : 0.0,
    "probAce" : 0.0
  },
  "partidos" : [ {
    "torneo" : "Monte Carlo Masters",
    "fecha" : "20120415",
    "superficie" : "Clay",
    "resultado" : "6-2 6-2",
    "contrincante" : "Alexandr Dolgopolov",
    "ganador" : false,
    "winnerAces" : 4,
    "winnerPrimerSaqueDentro" : 27,
    "winnerPrimerSaqueGanado" : 21,
    "winnerSegundoSaqueGanado" : 11,
    "winnerDobleFalta" : 0,
    "winnerServingPoints" : 43,
    "winnerServingGames" : 8,
    "loserAces" : 0,
    "loserPrimerSaqueDentro" : 25,
    "loserPrimerSaqueGanado" : 16,
    "loserSegundoSaqueGanado" : 8,
    "loserDobleFalta" : 2,
    "loserServingPoints" : 49,
    "loserServingGames" : 8
  }, {
    "torneo" : "Rome Masters",
    "fecha" : "20120513",
    "superficie" : "Clay",
    "resultado" : "2-6 6-0 6-3",
    "contrincante" : "Radek Stepanek",
    "ganador" : false,
    "winnerAces" : 0,
    "winnerPrimerSaqueDentro" : 50,
    "winnerPrimerSaqueGanado" : 37,
    "winnerSegundoSaqueGanado" : 12,
    "winnerDobleFalta" : 2,
    "winnerServingPoints" : 74,
    "winnerServingGames" : 12,
    "loserAces" : 1,
    "loserPrimerSaqueDentro" : 45,
    "loserPrimerSaqueGanado" : 27,
    "loserSegundoSaqueGanado" : 14,
    "loserDobleFalta" : 3,
    "loserServingPoints" : 73,
    "loserServingGames" : 11
  }, {
    "torneo" : "Auckland",
    "fecha" : "20120109",
    "superficie" : "Hard",
    "resultado" : "5-7 6-2 6-2",
    "contrincante" : "Benoit Paire",
    "ganador" : false,
    "winnerAces" : 12,
    "winnerPrimerSaqueDentro" : 48,
    "winnerPrimerSaqueGanado" : 36,
    "winnerSegundoSaqueGanado" : 18,
    "winnerDobleFalta" : 3,
    "winnerServingPoints" : 88,
    "winnerServingGames" : 14,
    "loserAces" : 0,
    "loserPrimerSaqueDentro" : 61,
    "loserPrimerSaqueGanado" : 33,
    "loserSegundoSaqueGanado" : 17,
    "loserDobleFalta" : 2,
    "loserServingPoints" : 97,
    "loserServingGames" : 14
  }, {
    "torneo" : "Madrid Masters",
    "fecha" : "20120506",
    "superficie" : "Clay",
    "resultado" : "6-3 2-6 6-2",
    "contrincante" : "Alejandro Falla",
    "ganador" : false,
    "winnerAces" : 4,
    "winnerPrimerSaqueDentro" : 52,
    "winnerPrimerSaqueGanado" : 39,
    "winnerSegundoSaqueGanado" : 10,
    "winnerDobleFalta" : 0,
    "winnerServingPoints" : 79,
    "winnerServingGames" : 13,
    "loserAces" : 3,
    "loserPrimerSaqueDentro" : 58,
    "loserPrimerSaqueGanado" : 34,
    "loserSegundoSaqueGanado" : 12,
    "loserDobleFalta" : 1,
    "loserServingPoints" : 87,
    "loserServingGames" : 12
  }, {
    "torneo" : "Wimbledon",
    "fecha" : "20120625",
    "superficie" : "Grass",
    "resultado" : "7-5 3-6 7-6(6) 1-6 11-9",
    "contrincante" : "Martin Klizan",
    "ganador" : false,
    "winnerAces" : 13,
    "winnerPrimerSaqueDentro" : 98,
    "winnerPrimerSaqueGanado" : 73,
    "winnerSegundoSaqueGanado" : 47,
    "winnerDobleFalta" : 7,
    "winnerServingPoints" : 190,
    "winnerServingGames" : 29,
    "loserAces" : 9,
    "loserPrimerSaqueDentro" : 138,
    "loserPrimerSaqueGanado" : 95,
    "loserSegundoSaqueGanado" : 40,
    "loserDobleFalta" : 2,
    "loserServingPoints" : 210,
    "loserServingGames" : 31
  }, {
    "torneo" : "Miami Masters",
    "fecha" : "20120321",
    "superficie" : "Hard",
    "resultado" : "6-2 4-6 6-4",
    "contrincante" : "Grigor Dimitrov",
    "ganador" : false,
    "winnerAces" : 3,
    "winnerPrimerSaqueDentro" : 47,
    "winnerPrimerSaqueGanado" : 35,
    "winnerSegundoSaqueGanado" : 21,
    "winnerDobleFalta" : 3,
    "winnerServingPoints" : 88,
    "winnerServingGames" : 14,
    "loserAces" : 3,
    "loserPrimerSaqueDentro" : 54,
    "loserPrimerSaqueGanado" : 37,
    "loserSegundoSaqueGanado" : 11,
    "loserDobleFalta" : 4,
    "loserServingPoints" : 77,
    "loserServingGames" : 14
  }, {
    "torneo" : "Roland Garros",
    "fecha" : "20120527",
    "superficie" : "Clay",
    "resultado" : "6-3 6-3 6-1",
    "contrincante" : "Marcos Baghdatis",
    "ganador" : false,
    "winnerAces" : 8,
    "winnerPrimerSaqueDentro" : 28,
    "winnerPrimerSaqueGanado" : 25,
    "winnerSegundoSaqueGanado" : 30,
    "winnerDobleFalta" : 3,
    "winnerServingPoints" : 75,
    "winnerServingGames" : 13,
    "loserAces" : 1,
    "loserPrimerSaqueDentro" : 38,
    "loserPrimerSaqueGanado" : 25,
    "loserSegundoSaqueGanado" : 16,
    "loserDobleFalta" : 6,
    "loserServingPoints" : 71,
    "loserServingGames" : 12
  }, {
    "torneo" : "Acapulco",
    "fecha" : "20120227",
    "superficie" : "Clay",
    "resultado" : "6-0 6-2",
    "contrincante" : "Cesar Ramirez",
    "ganador" : true,
    "winnerAces" : 3,
    "winnerPrimerSaqueDentro" : 28,
    "winnerPrimerSaqueGanado" : 21,
    "winnerSegundoSaqueGanado" : 7,
    "winnerDobleFalta" : 0,
    "winnerServingPoints" : 38,
    "winnerServingGames" : 7,
    "loserAces" : 1,
    "loserPrimerSaqueDentro" : 36,
    "loserPrimerSaqueGanado" : 20,
    "loserSegundoSaqueGanado" : 0,
    "loserDobleFalta" : 1,
    "loserServingPoints" : 47,
    "loserServingGames" : 7
  }, {
    "torneo" : "Acapulco",
    "fecha" : "20120227",
    "superficie" : "Clay",
    "resultado" : "6-4 6-2",
    "contrincante" : "Fernando Verdasco",
    "ganador" : false,
    "winnerAces" : 3,
    "winnerPrimerSaqueDentro" : 38,
    "winnerPrimerSaqueGanado" : 31,
    "winnerSegundoSaqueGanado" : 7,
    "winnerDobleFalta" : 4,
    "winnerServingPoints" : 50,
    "winnerServingGames" : 9,
    "loserAces" : 0,
    "loserPrimerSaqueDentro" : 39,
    "loserPrimerSaqueGanado" : 21,
    "loserSegundoSaqueGanado" : 15,
    "loserDobleFalta" : 2,
    "loserServingPoints" : 63,
    "loserServingGames" : 9
  }, {
    "torneo" : "Santiago",
    "fecha" : "20120130",
    "superficie" : "Clay",
    "resultado" : "6-4 7-6(2)",
    "contrincante" : "Horacio Zeballos",
    "ganador" : true,
    "winnerAces" : 2,
    "winnerPrimerSaqueDentro" : 46,
    "winnerPrimerSaqueGanado" : 38,
    "winnerSegundoSaqueGanado" : 10,
    "winnerDobleFalta" : 1,
    "winnerServingPoints" : 66,
    "winnerServingGames" : 11,
    "loserAces" : 5,
    "loserPrimerSaqueDentro" : 60,
    "loserPrimerSaqueGanado" : 41,
    "loserSegundoSaqueGanado" : 11,
    "loserDobleFalta" : 1,