{
  "nombre" : "Juan Sebastian Cabal",
  "mano" : "U",
  "nacionalidad" : "COL",
  "edad" : 25.8425735797,
  "ganar1Saque" : 0.6995753913090147,
  "ganar2Saque" : 0.5660560942929367,
  "primerSaque" : 0.6423873017574179,
  "segundoSaque" : 0.32470115042965986,
  "ganarPuntoSacando" : 0.6331974130235243,
  "ganarPuntoRestando" : 0.3643147226112659,
  "probAce" : 0.056800417602062225,
  "clay" : {
    "nombre" : "Clay",
    "probVictoria" : 0.52173912525177,
    "probGanarPrimerSaque" : 0.7091100475062495,
    "probGanarSegundoSaque" : 0.579438100690427,
    "probPrimerSaque" : 0.6484904289245605,
    "probSegundoSaque" : 0.31911704008993896,
    "probGanarPuntoSacando" : 0.6447596504697083,
    "probGanarPuntoRestando" : 0.360472198868003,
    "probAce" : 0.0
  },
  "grass" : {
    "nombre" : "Grass",
    "probVictoria" : 0.5,
    "probGanarPrimerSaque" : 1.3203463554382324,
    "probGanarSegundoSaque" : 0.5133928656578064,
    "probPrimerSaque" : 0.648181825876236,
    "probSegundoSaque" : 0.31909090280532837,
    "probGanarPuntoSacando" : 1.0196435044535512,
    "probGanarPuntoRestando" : 0.3203030614251241,
    "probAce" : 0.0
  },
  "hard" : {
    "nombre" : "Hard",
    "probVictoria" : 0.25,
    "probGanarPrimerSaque" : 0.6644522249698639,
    "probGanarSegundoSaque" : 0.5154411718249321,
    "probPrimerSaque" : 0.6043970584869385,
    "probSegundoSaque" : 0.35961490869522095,
    "probGanarPuntoSacando" : 0.5869533002204679,
    "probGanarPuntoRestando" : 0.4084150647280985,
    "probAce" : 0.0
  },
  "other" : {
    "nombre" : "Other",
    "probVictoria" : 0.0,
    "probGanarPrimerSaque" : 0.0,
    "probGanarSegundoSaque" : 0.0,
    "probPrimerSaque" : 0.0,
    "probSegundoSaque" : 0.0,
    "probGanarPuntoSacando" : 0.0,
    "probGanarPuntoRestando" : 0.0,
    "probAce" : 0.0
  },
  "partidos" : [ {
    "torneo" : "Acapulco",
    "fecha" : "20120227",
    "superficie" : "Clay",
    "resultado" : "7-6(3) 7-6(6)",
    "contrincante" : "Benoit Paire",
    "ganador" : false,
    "winnerAces" : 10,
    "winnerPrimerSaqueDentro" : 46,
    "winnerPrimerSaqueGanado" : 39,
    "winnerSegundoSaqueGanado" : 17,
    "winnerDobleFalta" : 8,
    "winnerServingPoints" : 89,
    "winnerServingGames" : 12,
    "loserAces" : 1,
    "loserPrimerSaqueDentro" : 51,
    "loserPrimerSaqueGanado" : 29,
    "loserSegundoSaqueGanado" : 12,
    "loserDobleFalta" : 3,
    "loserServingPoints" : 74,
    "loserServingGames" : 12
  }, {
    "torneo" : "Medellin CH",
    "fecha" : "20121029",
    "superficie" : "Clay",
    "resultado" : "7-6(2) 6-3",
    "contrincante" : "Denis Zivkovic",
    "ganador" : true,
    "winnerAces" : 6,
    "winnerPrimerSaqueDentro" : 47,
    "winnerPrimerSaqueGanado" : 32,
    "winnerSegundoSaqueGanado" : 20,
    "winnerDobleFalta" : 1,
    "winnerServingPoints" : 75,
    "winnerServingGames" : 11,
    "loserAces" : 5,
    "loserPrimerSaqueDentro" : 42,
    "loserPrimerSaqueGanado" : 28,
    "loserSegundoSaqueGanado" : 15,
    "loserDobleFalta" : 2,
    "loserServingPoints" : 67,
    "loserServingGames" : 10
  }, {
    "torneo" : "Medellin CH",
    "fecha" : "20121029",
    "superficie" : "Clay",
    "resultado" : "6-4 6-4",
    "contrincante" : "Julio Silva",
    "ganador" : true,
    "winnerAces" : 5,
    "winnerPrimerSaqueDentro" : 37,
    "winnerPrimerSaqueGanado" : 27,
    "winnerSegundoSaqueGanado" : 12,
    "winnerDobleFalta" : 1,
    "winnerServingPoints" : 56,
    "winnerServingGames" : 10,
    "loserAces" : 5,
    "loserPrimerSaqueDentro" : 36,
    "loserPrimerSaqueGanado" : 25,
    "loserSegundoSaqueGanado" : 13,
    "loserDobleFalta" : 3,
    "loserServingPoints" : 63,
    "loserServingGames" : 10
  }, {
    "torneo" : "Medellin CH",
    "fecha" : "20121029",
    "superficie" : "Clay",
    "resultado" : "7-6(4) 7-6(3)",
    "contrincante" : "Nicolas Barrientos",
    "ganador" : true,
    "winnerAces" : 11,
    "winnerPrimerSaqueDentro" : 51,
    "winnerPrimerSaqueGanado" : 42,
    "winnerSegundoSaqueGanado" : 15,
    "winnerDobleFalta" : 2,
    "winnerServingPoints" : 86,
    "winnerServingGames" : 12,
    "loserAces" : 6,
    "loserPrimerSaqueDentro" : 60,
    "loserPrimerSaqueGanado" : 40,
    "loserSegundoSaqueGanado" : 12,
    "loserDobleFalta" : 0,
    "loserServingPoints" : 82,
    "loserServingGames" : 12
  }, {
    "torneo" : "Medellin CH",
    "fecha" : "20121029",
    "superficie" : "Clay",
    "resultado" : "4-6 6-1 7-6(2)",
    "contrincante" : "Leonardo Mayer",
    "ganador" : false,
    "winnerAces" : 8,
    "winnerPrimerSaqueDentro" : 51,
    "winnerPrimerSaqueGanado" : 40,
    "winnerSegundoSaqueGanado" : 23,
    "winnerDobleFalta" : 6,
    "winnerServingPoints" : 84,
    "winnerServingGames" : 15,
    "loserAces" : 2,
    "loserPrimerSaqueDentro" : 54,
    "loserPrimerSaqueGanado" : 38,
    "loserSegundoSaqueGanado" : 20,
    "loserDobleFalta" : 5,
    "loserServingPoints" : 93,
    "loserServingGames" : 14
  }, {
    "torneo" : "Rio de Janeiro CH",
    "fecha" : "20121015",
    "superficie" : "Clay",
    "resultado" : "6-3 6-3",
    "contrincante" : "Andre Ghem",
    "ganador" : false,
    "winnerAces" : 2,
    "winnerPrimerSaqueDentro" : 28,
    "winnerPrimerSaqueGanado" : 23,
    "winnerSegundoSaqueGanado" : 15,
    "winnerDobleFalta" : 2,
    "winnerServingPoints" : 50,
    "winnerServingGames" : 9,
    "loserAces" : 3,
    "loserPrimerSaqueDentro" : 35,
    "loserPrimerSaqueGanado" : 23,
    "loserSegundoSaqueGanado" : 9,
    "loserDobleFalta" : 1,
    "loserServingPoints" : 58,
    "loserServingGames" : 9
  }, {
    "torneo" : "Guayaquil CH",
    "fecha" : "20121105",
    "superficie" : "Clay",
    "resultado" : "6-2 6-3",
    "contrincante" : "Juan Sebastian Vivanco",
    "ganador" : true,
    "winnerAces" : 3,
    "winnerPrimerSaqueDentro" : 33,
    "winnerPrimerSaqueGanado" : 25,
    "winnerSegundoSaqueGanado" : 10,
    "winnerDobleFalta" : 1,
    "winnerServingPoints" : 45,
    "winnerServingGames" : 8,
    "loserAces" : 1,
    "loserPrimerSaqueDentro" : 40,
    "loserPrimerSaqueGanado" : 23,
    "loserSegundoSaqueGanado" : 6,
    "loserDobleFalta" : 0,
    "loserServingPoints" : 57,
    "loserServingGames" : 9
  }, {
    "torneo" : "Guayaquil CH",
    "fecha" : "20121105",
    "superficie" : "Clay",
    "resultado" : "6-4 6-3",
    "contrincante" : "Wayne Odesnik",
    "ganador" : true,
    "winnerAces" : 6,
    "winnerPrimerSaqueDentro" : 37,
    "winnerPrimerSaqueGanado" : 27,
    "winnerSegundoSaqueGanado" : 10,
    "winnerDobleFalta" : 2,
    "winnerServingPoints" : 59,
    "winnerServingGames" : 9,
    "loserAces" : 1,
    "loserPrimerSaqueDentro" : 44,
    "loserPrimerSaqueGanado" : 27,
    "loserSegundoSaqueGanado" : 10,
    "loserDobleFalta" : 0,
    "loserServingPoints" : 68,
    "loserServingGames" : 10
  }, {
    "torneo" : "Guayaquil CH",
    "fecha" : "20121105",
    "superficie" : "Clay",
    "resultado" : "3-6 6-4 6-3",
    "contrincante" : "Ruben Ramirez Hidalgo",
    "ganador" : false,
    "winnerAces" : 4,
    "winnerPrimerSaqueDentro" : 42,
    "winnerPrimerSaqueGanado" : 33,
    "winnerSegundoSaqueGanado" : 24,
    "winnerDobleFalta" : 5,
    "winnerServingPoints" : 88,
    "winnerServingGames" : 14,
    "loserAces" : 1,
    "loserPrimerSaqueDentro" : 62,
    "loserPrimerSaqueGanado" : 39,
    "loserSegundoSaqueGanado" : 17,
    "loserDobleFalta" : 1,
    "loserServingPoints" : 92,
    "loserServingGames" : 14
  }, {
    "torneo" : "Quito CH",
    "fecha" : "20121001",
    "superficie" : "Clay",
    "resultado" : "7-6(4) 5-7 6-4",
    "contrincante" : "Carlos Salamanca",
    "ganador" : true,
    "winnerAces" : 6,
    "winnerPrimerSaqueDentro" : 79,
    "winnerPrimerSaqueGanado" : 63,
    "winnerSegundoSaqueGanado" : 13,
    "winnerDobleFalta" : 4,
    "winnerServingPoints" : 104,
    "winnerServingGames" : 17,
    "loserAces" : 15,
    "loserPrimerSaqueDentro" : 60,
    "loserPrimerSaqueGanado" : 48,
    "loserSegundoSaqueGanado" : 20,
    "loserDobleFalta" : 3,