{
  "nombre" : "Julien Obry",
  "mano" : "U",
  "nacionalidad" : "FRA",
  "edad" : 20.8459958932,
  "ganar1Saque" : 0.6641322511893052,
  "ganar2Saque" : 0.48243672572649443,
  "primerSaque" : 0.559740309531872,
  "segundoSaque" : 0.3892948306523837,
  "ganarPuntoSacando" : 0.5595517152929868,
  "ganarPuntoRestando" : 0.320928103998426,
  "probAce" : 0.056689340621232986,
  "clay" : {
    "nombre" : "Clay",
    "probVictoria" : 0.0,
    "probGanarPrimerSaque" : 0.6054986715316772,
    "probGanarSegundoSaque" : 0.3986266627907753,
    "probPrimerSaque" : 0.5664202272891998,
    "probSegundoSaque" : 0.3778567463159561,
    "probGanarPuntoSacando" : 0.49359046894919134,
    "probGanarPuntoRestando" : 0.3141041353659567,
    "probAce" : 0.0
  },
  "grass" : {
    "nombre" : "Grass",
    "probVictoria" : 0.0,
    "probGanarPrimerSaque" : 0.0,
    "probGanarSegundoSaque" : 0.0,
    "probPrimerSaque" : 0.0,
    "probSegundoSaque" : 0.0,
    "probGanarPuntoSacando" : 0.0,
    "probGanarPuntoRestando" : 0.0,
    "probAce" : 0.0
  },
  "hard" : {
    "nombre" : "Hard",
    "probVictoria" : 0.2857142984867096,
    "probGanarPrimerSaque" : 0.6836534908839634,
    "probGanarSegundoSaque" : 0.5501492364065987,
    "probPrimerSaque" : 0.5580338920865741,
    "probSegundoSaque" : 0.3911756191934858,
    "probGanarPuntoSacando" : 0.5967067865567259,
    "probGanarPuntoRestando" : 0.31837802498679385,
    "probAce" : 0.0
  },
  "other" : {
    "nombre" : "Other",
    "probVictoria" : 0.5,
    "probGanarPrimerSaque" : 0.7130750715732574,
    "probGanarSegundoSaque" : 0.41306306421756744,
    "probPrimerSaque" : 0.5523529350757599,
    "probSegundoSaque" : 0.4055882394313812,
    "probGanarPuntoSacando" : 0.561402629702981,
    "probGanarPuntoRestando" : 0.34350131780407633,
    "probAce" : 0.0
  },
  "partidos" : [ {
    "torneo" : "San Benedetto CH",
    "fecha" : "20120709",
    "superficie" : "Clay",
    "resultado" : "6-4 3-6 6-1",
    "contrincante" : "Fabrice Martin",
    "ganador" : false,
    "winnerAces" : 6,
    "winnerPrimerSaqueDentro" : 55,
    "winnerPrimerSaqueGanado" : 42,
    "winnerSegundoSaqueGanado" : 13,
    "winnerDobleFalta" : 0,
    "winnerServingPoints" : 79,
    "winnerServingGames" : 13,
    "loserAces" : 7,
    "loserPrimerSaqueDentro" : 52,
    "loserPrimerSaqueGanado" : 35,
    "loserSegundoSaqueGanado" : 19,
    "loserDobleFalta" : 1,
    "loserServingPoints" : 92,
    "loserServingGames" : 13
  }, {
    "torneo" : "Toyota CH",
    "fecha" : "20121119",
    "superficie" : "Carpet",
    "resultado" : "2-6 6-3 7-5",
    "contrincante" : "Prakash Amritraj",
    "ganador" : true,
    "winnerAces" : 4,
    "winnerPrimerSaqueDentro" : 59,
    "winnerPrimerSaqueGanado" : 42,
    "winnerSegundoSaqueGanado" : 17,
    "winnerDobleFalta" : 4,
    "winnerServingPoints" : 100,
    "winnerServingGames" : 15,
    "loserAces" : 9,
    "loserPrimerSaqueDentro" : 59,
    "loserPrimerSaqueGanado" : 39,
    "loserSegundoSaqueGanado" : 15,
    "loserDobleFalta" : 3,
    "loserServingPoints" : 87,
    "loserServingGames" : 14
  }, {
    "torneo" : "Toyota CH",
    "fecha" : "20121119",
    "superficie" : "Carpet",
    "resultado" : "6-1 3-6 6-1",
    "contrincante" : "John Millman",
    "ganador" : false,
    "winnerAces" : 6,
    "winnerPrimerSaqueDentro" : 39,
    "winnerPrimerSaqueGanado" : 27,
    "winnerSegundoSaqueGanado" : 18,
    "winnerDobleFalta" : 3,
    "winnerServingPoints" : 65,
    "winnerServingGames" : 12,
    "loserAces" : 5,
    "loserPrimerSaqueDentro" : 35,
    "loserPrimerSaqueGanado" : 25,
    "loserSegundoSaqueGanado" : 11,
    "loserDobleFalta" : 3,
    "loserServingPoints" : 68,
    "loserServingGames" : 11
  }, {
    "torneo" : "Ostrava CH",
    "fecha" : "20120430",
    "superficie" : "Clay",
    "resultado" : "7-5 6-0",
    "contrincante" : "Dusan Lojda",
    "ganador" : false,
    "winnerAces" : 2,
    "winnerPrimerSaqueDentro" : 36,
    "winnerPrimerSaqueGanado" : 24,
    "winnerSegundoSaqueGanado" : 13,
    "winnerDobleFalta" : 6,
    "winnerServingPoints" : 56,
    "winnerServingGames" : 9,
    "loserAces" : 2,
    "loserPrimerSaqueDentro" : 33,
    "loserPrimerSaqueGanado" : 20,
    "loserSegundoSaqueGanado" : 8,
    "loserDobleFalta" : 5,
    "loserServingPoints" : 57,
    "loserServingGames" : 9
  }, {
    "torneo" : "Orbetello CH",
    "fecha" : "20120723",
    "superficie" : "Clay",
    "resultado" : "6-1 6-3",
    "contrincante" : "Dusan Lajovic",
    "ganador" : false,
    "winnerAces" : 2,
    "winnerPrimerSaqueDentro" : 32,
    "winnerPrimerSaqueGanado" : 28,
    "winnerSegundoSaqueGanado" : 8,
    "winnerDobleFalta" : 0,
    "winnerServingPoints" : 50,
    "winnerServingGames" : 8,
    "loserAces" : 4,
    "loserPrimerSaqueDentro" : 28,
    "loserPrimerSaqueGanado" : 18,
    "loserSegundoSaqueGanado" : 6,
    "loserDobleFalta" : 1,
    "loserServingPoints" : 46,
    "loserServingGames" : 8
  }, {
    "torneo" : "Segovia CH",
    "fecha" : "20120820",
    "superficie" : "Hard",
    "resultado" : "7-6(4) 3-6 6-4",
    "contrincante" : "Fabrice Martin",
    "ganador" : true,
    "winnerAces" : 4,
    "winnerPrimerSaqueDentro" : 63,
    "winnerPrimerSaqueGanado" : 47,
    "winnerSegundoSaqueGanado" : 32,
    "winnerDobleFalta" : 9,
    "winnerServingPoints" : 117,
    "winnerServingGames" : 15,
    "loserAces" : 20,
    "loserPrimerSaqueDentro" : 62,
    "loserPrimerSaqueGanado" : 56,
    "loserSegundoSaqueGanado" : 13,
    "loserDobleFalta" : 5,
    "loserServingPoints" : 91,
    "loserServingGames" : 16
  }, {
    "torneo" : "Segovia CH",
    "fecha" : "20120820",
    "superficie" : "Hard",
    "resultado" : "6-3 3-6 6-1",
    "contrincante" : "Andres Artunedo Martinavarr",
    "ganador" : false,
    "winnerAces" : 1,
    "winnerPrimerSaqueDentro" : 64,
    "winnerPrimerSaqueGanado" : 46,
    "winnerSegundoSaqueGanado" : 18,
    "winnerDobleFalta" : 5,
    "winnerServingPoints" : 106,
    "winnerServingGames" : 13,
    "loserAces" : 2,
    "loserPrimerSaqueDentro" : 34,
    "loserPrimerSaqueGanado" : 25,
    "loserSegundoSaqueGanado" : 22,
    "loserDobleFalta" : 7,
    "loserServingPoints" : 73,
    "loserServingGames" : 12
  }, {
    "torneo" : "Recanati CH",
    "fecha" : "20120716",
    "superficie" : "Hard",
    "resultado" : "2-6 6-2 6-3",
    "contrincante" : "James Lemke",
    "ganador" : true,
    "winnerAces" : 8,
    "winnerPrimerSaqueDentro" : 31,
    "winnerPrimerSaqueGanado" : 25,
    "winnerSegundoSaqueGanado" : 20,
    "winnerDobleFalta" : 1,
    "winnerServingPoints" : 62,
    "winnerServingGames" : 13,
    "loserAces" : 1,
    "loserPrimerSaqueDentro" : 58,
    "loserPrimerSaqueGanado" : 38,
    "loserSegundoSaqueGanado" : 18,
    "loserDobleFalta" : 6,
    "loserServingPoints" : 96,
    "loserServingGames" : 12
  }, {
    "torneo" : "Recanati CH",
    "fecha" : "20120716",
    "superficie" : "Hard",
    "resultado" : "6-3 6-2",
    "contrincante" : "Simone Bolelli",
    "ganador" : false,
    "winnerAces" : 2,
    "winnerPrimerSaqueDentro" : 35,
    "winnerPrimerSaqueGanado" : 28,
    "winnerSegundoSaqueGanado" : 12,
    "winnerDobleFalta" : 0,
    "winnerServingPoints" : 58,
    "winnerServingGames" : 9,
    "loserAces" : 5,
    "loserPrimerSaqueDentro" : 32,
    "loserPrimerSaqueGanado" : 20,
    "loserSegundoSaqueGanado" : 8,
    "loserDobleFalta" : 4,
    "loserServingPoints" : 50,
    "loserServingGames" : 8
  }, {
    "torneo" : "Yokohama CH",
    "fecha" : "20121112",
    "superficie" : "Hard",
    "resultado" : "6-0 6-3",
    "contrincante" : "Taro Daniel",
    "ganador" : false,
    "winnerAces" : 4,
    "winnerPrimerSaqueDentro" : 33,
    "winnerPrimerSaqueGanado" : 21,
    "winnerSegundoSaqueGanado" : 9,
    "winnerDobleFalta" : 1,
    "winnerServingPoints" : 47,
    "winnerServingGames" : 7,
    "loserAces" : 3,
    "loserPrimerSaqueDentro" : 30,
    "loserPrimerSaqueGanado" : 18,
    "loserSegundoSaqueGanado" : 3,
    "loserDobleFalta" : 1,
    "loserServingPoints" : 51,