{
  "nombre" : "Kevin Krawietz",
  "mano" : "R",
  "nacionalidad" : "GER",
  "edad" : 20.4572210815,
  "ganar1Saque" : 0.6674533356790957,
  "ganar2Saque" : 0.5528123728607012,
  "primerSaque" : 0.5747500658035278,
  "segundoSaque" : 0.3721824534561323,
  "ganarPuntoSacando" : 0.5893659138345464,
  "ganarPuntoRestando" : 0.334330154695547,
  "probAce" : 0.03175675496459007,
  "clay" : {
    "nombre" : "Clay",
    "probVictoria" : 0.375,
    "probGanarPrimerSaque" : 0.6806839630007744,
    "probGanarSegundoSaque" : 0.5389342606067657,
    "probPrimerSaque" : 0.576384611427784,
    "probSegundoSaque" : 0.37316368892788887,
    "probGanarPuntoSacando" : 0.5934464582969703,
    "probGanarPuntoRestando" : 0.3481070639689299,
    "probAce" : 0.0
  },
  "grass" : {
    "nombre" : "Grass",
    "probVictoria" : 0.0,
    "probGanarPrimerSaque" : 0.0,
    "probGanarSegundoSaque" : 0.0,
    "probPrimerSaque" : 0.0,
    "probSegundoSaque" : 0.0,
    "probGanarPuntoSacando" : 0.0,
    "probGanarPuntoRestando" : 0.0,
    "probAce" : 0.0
  },
  "hard" : {
    "nombre" : "Hard",
    "probVictoria" : 0.3333333432674408,
    "probGanarPrimerSaque" : 0.6461916665236155,
    "probGanarSegundoSaque" : 0.5922124733527502,
    "probPrimerSaque" : 0.5609198013941447,
    "probSegundoSaque" : 0.37457868953545886,
    "probGanarPuntoSacando" : 0.5842918734440038,
    "probGanarPuntoRestando" : 0.3269976316349798,
    "probAce" : 0.0
  },
  "other" : {
    "nombre" : "Other",
    "probVictoria" : 0.0,
    "probGanarPrimerSaque" : 0.5833333134651184,
    "probGanarSegundoSaque" : 0.5384615659713745,
    "probPrimerSaque" : 0.6315789222717285,
    "probSegundoSaque" : 0.34210526943206787,
    "probGanarPuntoSacando" : 0.5526315645489461,
    "probGanarPuntoRestando" : 0.15789474468482234,
    "probAce" : 0.0
  },
  "partidos" : [ {
    "torneo" : "San Benedetto CH",
    "fecha" : "20120709",
    "superficie" : "Clay",
    "resultado" : "7-5 6-4",
    "contrincante" : "Jerome Inzerillo",
    "ganador" : false,
    "winnerAces" : 4,
    "winnerPrimerSaqueDentro" : 33,
    "winnerPrimerSaqueGanado" : 27,
    "winnerSegundoSaqueGanado" : 14,
    "winnerDobleFalta" : 4,
    "winnerServingPoints" : 56,
    "winnerServingGames" : 11,
    "loserAces" : 3,
    "loserPrimerSaqueDentro" : 47,
    "loserPrimerSaqueGanado" : 38,
    "loserSegundoSaqueGanado" : 9,
    "loserDobleFalta" : 5,
    "loserServingPoints" : 77,
    "loserServingGames" : 11
  }, {
    "torneo" : "Prague CH",
    "fecha" : "20120507",
    "superficie" : "Clay",
    "resultado" : "6-4 4-6 6-2",
    "contrincante" : "Jan Mertl",
    "ganador" : true,
    "winnerAces" : 3,
    "winnerPrimerSaqueDentro" : 54,
    "winnerPrimerSaqueGanado" : 39,
    "winnerSegundoSaqueGanado" : 21,
    "winnerDobleFalta" : 1,
    "winnerServingPoints" : 89,
    "winnerServingGames" : 14,
    "loserAces" : 12,
    "loserPrimerSaqueDentro" : 45,
    "loserPrimerSaqueGanado" : 36,
    "loserSegundoSaqueGanado" : 18,
    "loserDobleFalta" : 6,
    "loserServingPoints" : 80,
    "loserServingGames" : 14
  }, {
    "torneo" : "Prague CH",
    "fecha" : "20120507",
    "superficie" : "Clay",
    "resultado" : "7-6(3) 3-6 6-3",
    "contrincante" : "Teymuraz Gabashvili",
    "ganador" : true,
    "winnerAces" : 4,
    "winnerPrimerSaqueDentro" : 55,
    "winnerPrimerSaqueGanado" : 41,
    "winnerSegundoSaqueGanado" : 19,
    "winnerDobleFalta" : 1,
    "winnerServingPoints" : 87,
    "winnerServingGames" : 15,
    "loserAces" : 0,
    "loserPrimerSaqueDentro" : 54,
    "loserPrimerSaqueGanado" : 44,
    "loserSegundoSaqueGanado" : 13,
    "loserDobleFalta" : 7,
    "loserServingPoints" : 84,
    "loserServingGames" : 15
  }, {
    "torneo" : "Prague CH",
    "fecha" : "20120507",
    "superficie" : "Clay",
    "resultado" : "6-4 6-2",
    "contrincante" : "Martin Klizan",
    "ganador" : false,
    "winnerAces" : 3,
    "winnerPrimerSaqueDentro" : 25,
    "winnerPrimerSaqueGanado" : 21,
    "winnerSegundoSaqueGanado" : 16,
    "winnerDobleFalta" : 1,
    "winnerServingPoints" : 45,
    "winnerServingGames" : 9,
    "loserAces" : 2,
    "loserPrimerSaqueDentro" : 27,
    "loserPrimerSaqueGanado" : 17,
    "loserSegundoSaqueGanado" : 14,
    "loserDobleFalta" : 0,
    "loserServingPoints" : 51,
    "loserServingGames" : 9
  }, {
    "torneo" : "Heilbronn CH",
    "fecha" : "20120123",
    "superficie" : "Hard",
    "resultado" : "6-3 6-3",
    "contrincante" : "Frank Dancevic",
    "ganador" : false,
    "winnerAces" : 13,
    "winnerPrimerSaqueDentro" : 35,
    "winnerPrimerSaqueGanado" : 28,
    "winnerSegundoSaqueGanado" : 13,
    "winnerDobleFalta" : 1,
    "winnerServingPoints" : 52,
    "winnerServingGames" : 9,
    "loserAces" : 1,
    "loserPrimerSaqueDentro" : 35,
    "loserPrimerSaqueGanado" : 22,
    "loserSegundoSaqueGanado" : 18,
    "loserDobleFalta" : 6,
    "loserServingPoints" : 71,
    "loserServingGames" : 9
  }, {
    "torneo" : "Furth CH",
    "fecha" : "20120605",
    "superficie" : "Clay",
    "resultado" : "6-2 6-3",
    "contrincante" : "Andreas Haider Maurer",
    "ganador" : false,
    "winnerAces" : 5,
    "winnerPrimerSaqueDentro" : 33,
    "winnerPrimerSaqueGanado" : 26,
    "winnerSegundoSaqueGanado" : 12,
    "winnerDobleFalta" : 1,
    "winnerServingPoints" : 59,
    "winnerServingGames" : 9,
    "loserAces" : 1,
    "loserPrimerSaqueDentro" : 28,
    "loserPrimerSaqueGanado" : 15,
    "loserSegundoSaqueGanado" : 11,
    "loserDobleFalta" : 2,
    "loserServingPoints" : 52,
    "loserServingGames" : 8
  }, {
    "torneo" : "Ningbo CH",
    "fecha" : "20120910",
    "superficie" : "Hard",
    "resultado" : "6-3 6-3",
    "contrincante" : "Hiroki Moriya",
    "ganador" : false,
    "winnerAces" : 4,
    "winnerPrimerSaqueDentro" : 43,
    "winnerPrimerSaqueGanado" : 31,
    "winnerSegundoSaqueGanado" : 14,
    "winnerDobleFalta" : 3,
    "winnerServingPoints" : 70,
    "winnerServingGames" : 9,
    "loserAces" : 0,
    "loserPrimerSaqueDentro" : 37,
    "loserPrimerSaqueGanado" : 20,
    "loserSegundoSaqueGanado" : 8,
    "loserDobleFalta" : 2,
    "loserServingPoints" : 52,
    "loserServingGames" : 9
  }, {
    "torneo" : "Sibiu CH",
    "fecha" : "20120806",
    "superficie" : "Clay",
    "resultado" : "6-3 6-1",
    "contrincante" : "Simone Vagnozzi",
    "ganador" : false,
    "winnerAces" : 1,
    "winnerPrimerSaqueDentro" : 38,
    "winnerPrimerSaqueGanado" : 27,
    "winnerSegundoSaqueGanado" : 8,
    "winnerDobleFalta" : 5,
    "winnerServingPoints" : 56,
    "winnerServingGames" : 8,
    "loserAces" : 2,
    "loserPrimerSaqueDentro" : 32,
    "loserPrimerSaqueGanado" : 19,
    "loserSegundoSaqueGanado" : 7,
    "loserDobleFalta" : 7,
    "loserServingPoints" : 54,
    "loserServingGames" : 8
  }, {
    "torneo" : "Salinas CH",
    "fecha" : "20120227",
    "superficie" : "Clay",
    "resultado" : "6-2 4-1 RET",
    "contrincante" : "Daniele Giorgini",
    "ganador" : false,
    "winnerAces" : 1,
    "winnerPrimerSaqueDentro" : 24,
    "winnerPrimerSaqueGanado" : 19,
    "winnerSegundoSaqueGanado" : 9,
    "winnerDobleFalta" : 1,
    "winnerServingPoints" : 36,
    "winnerServingGames" : 7,
    "loserAces" : 0,
    "loserPrimerSaqueDentro" : 17,
    "loserPrimerSaqueGanado" : 10,
    "loserSegundoSaqueGanado" : 5,
    "loserDobleFalta" : 4,
    "loserServingPoints" : 32,
    "loserServingGames" : 6
  }, {
    "torneo" : "Marburg CH",
    "fecha" : "20120625",
    "superficie" : "Clay",
    "resultado" : "6-4 6-2",
    "contrincante" : "Pedro Sousa",
    "ganador" : true,
    "winnerAces" : 4,
    "winnerPrimerSaqueDentro" : 27,
    "winnerPrimerSaqueGanado" : 21,
    "winnerSegundoSaqueGanado" : 14,
    "winnerDobleFalta" : 1,
    "winnerServingPoints" : 46,
    "winnerServingGames" : 9,
    "loserAces" : 1,
    "loserPrimerSaqueDentro" : 26,
    "loserPrimerSaqueGanado" : 14,
    "loserSegundoSaqueGanado" : 16,
    "loserDobleFalta" : 2,
    "loserServingPoints" : 55,