{
  "nombre" : "Liang Chi Huang",
  "mano" : "U",
  "nacionalidad" : "TPE",
  "edad" : 20.1259411362,
  "ganar1Saque" : 0.648300031820933,
  "ganar2Saque" : 0.6078752636909485,
  "primerSaque" : 0.630745001633962,
  "segundoSaque" : 0.3450779587030411,
  "ganarPuntoSacando" : 0.6186763597707373,
  "ganarPuntoRestando" : 0.34312658286334524,
  "probAce" : 0.05367793142795563,
  "clay" : {
    "nombre" : "Clay",
    "probVictoria" : 0.5,
    "probGanarPrimerSaque" : 0.6174242496490479,
    "probGanarSegundoSaque" : 0.6484615504741669,
    "probPrimerSaque" : 0.6722085475921631,
    "probSegundoSaque" : 0.2984400689601898,
    "probGanarPuntoSacando" : 0.6085647679463095,
    "probGanarPuntoRestando" : 0.34747897313595405,
    "probAce" : 0.0
  },
  "grass" : {
    "nombre" : "Grass",
    "probVictoria" : 0.0,
    "probGanarPrimerSaque" : 0.0,
    "probGanarSegundoSaque" : 0.0,
    "probPrimerSaque" : 0.0,
    "probSegundoSaque" : 0.0,
    "probGanarPuntoSacando" : 0.0,
    "probGanarPuntoRestando" : 0.0,
    "probAce" : 0.0
  },
  "hard" : {
    "nombre" : "Hard",
    "probVictoria" : 0.5,
    "probGanarPrimerSaque" : 0.6414332638184229,
    "probGanarSegundoSaque" : 0.6081163585186005,
    "probPrimerSaque" : 0.6167118102312088,
    "probSegundoSaque" : 0.35795878743131954,
    "probGanarPuntoSacando" : 0.61326006358444,
    "probGanarPuntoRestando" : 0.3463037100774539,
    "probAce" : 0.0
  },
  "other" : {
    "nombre" : "Other",
    "probVictoria" : 0.0,
    "probGanarPrimerSaque" : 0.7924528121948242,
    "probGanarSegundoSaque" : 0.523809552192688,
    "probPrimerSaque" : 0.7162162065505981,
    "probSegundoSaque" : 0.28378379344940186,
    "probGanarPuntoSacando" : 0.716216208786804,
    "probGanarPuntoRestando" : 0.2962962757488261,
    "probAce" : 0.0
  },
  "partidos" : [ {
    "torneo" : "Kaohsiung CH",
    "fecha" : "20120423",
    "superficie" : "Hard",
    "resultado" : "6-4 3-6 6-3",
    "contrincante" : "Mirza Basic",
    "ganador" : false,
    "winnerAces" : 6,
    "winnerPrimerSaqueDentro" : 60,
    "winnerPrimerSaqueGanado" : 44,
    "winnerSegundoSaqueGanado" : 17,
    "winnerDobleFalta" : 1,
    "winnerServingPoints" : 89,
    "winnerServingGames" : 14,
    "loserAces" : 7,
    "loserPrimerSaqueDentro" : 49,
    "loserPrimerSaqueGanado" : 36,
    "loserSegundoSaqueGanado" : 18,
    "loserDobleFalta" : 2,
    "loserServingPoints" : 77,
    "loserServingGames" : 14
  }, {
    "torneo" : "Toyota CH",
    "fecha" : "20121119",
    "superficie" : "Carpet",
    "resultado" : "7-6(5) 7-6(4)",
    "contrincante" : "James Mcgee",
    "ganador" : false,
    "winnerAces" : 15,
    "winnerPrimerSaqueDentro" : 39,
    "winnerPrimerSaqueGanado" : 33,
    "winnerSegundoSaqueGanado" : 24,
    "winnerDobleFalta" : 3,
    "winnerServingPoints" : 81,
    "winnerServingGames" : 12,
    "loserAces" : 5,
    "loserPrimerSaqueDentro" : 53,
    "loserPrimerSaqueGanado" : 42,
    "loserSegundoSaqueGanado" : 11,
    "loserDobleFalta" : 0,
    "loserServingPoints" : 74,
    "loserServingGames" : 12
  }, {
    "torneo" : "Ningbo CH",
    "fecha" : "20120910",
    "superficie" : "Hard",
    "resultado" : "7-6(5) 6-2",
    "contrincante" : "Jaan Frederik Brunken",
    "ganador" : false,
    "winnerAces" : 4,
    "winnerPrimerSaqueDentro" : 43,
    "winnerPrimerSaqueGanado" : 30,
    "winnerSegundoSaqueGanado" : 13,
    "winnerDobleFalta" : 0,
    "winnerServingPoints" : 64,
    "winnerServingGames" : 10,
    "loserAces" : 4,
    "loserPrimerSaqueDentro" : 42,
    "loserPrimerSaqueGanado" : 26,
    "loserSegundoSaqueGanado" : 15,
    "loserDobleFalta" : 0,
    "loserServingPoints" : 70,
    "loserServingGames" : 10
  }, {
    "torneo" : "An-Ning CH",
    "fecha" : "20120716",
    "superficie" : "Clay",
    "resultado" : "7-5 7-6(5)",
    "contrincante" : "Arata Onozawa",
    "ganador" : true,
    "winnerAces" : 10,
    "winnerPrimerSaqueDentro" : 60,
    "winnerPrimerSaqueGanado" : 37,
    "winnerSegundoSaqueGanado" : 18,
    "winnerDobleFalta" : 2,
    "winnerServingPoints" : 87,
    "winnerServingGames" : 12,
    "loserAces" : 2,
    "loserPrimerSaqueDentro" : 43,
    "loserPrimerSaqueGanado" : 32,
    "loserSegundoSaqueGanado" : 17,
    "loserDobleFalta" : 11,
    "loserServingPoints" : 85,
    "loserServingGames" : 12
  }, {
    "torneo" : "An-Ning CH",
    "fecha" : "20120716",
    "superficie" : "Clay",
    "resultado" : "6-3 7-6(9)",
    "contrincante" : "Grega Zemlja",
    "ganador" : false,
    "winnerAces" : 9,
    "winnerPrimerSaqueDentro" : 42,
    "winnerPrimerSaqueGanado" : 35,
    "winnerSegundoSaqueGanado" : 16,
    "winnerDobleFalta" : 1,
    "winnerServingPoints" : 70,
    "winnerServingGames" : 11,
    "loserAces" : 4,
    "loserPrimerSaqueDentro" : 55,
    "loserPrimerSaqueGanado" : 34,
    "loserSegundoSaqueGanado" : 15,
    "loserDobleFalta" : 3,
    "loserServingPoints" : 84,
    "loserServingGames" : 10
  }, {
    "torneo" : "Wuhan CH",
    "fecha" : "20120723",
    "superficie" : "Hard",
    "resultado" : "6-4 4-3 RET",
    "contrincante" : "Samuel Groth",
    "ganador" : true,
    "winnerAces" : 1,
    "winnerPrimerSaqueDentro" : 35,
    "winnerPrimerSaqueGanado" : 26,
    "winnerSegundoSaqueGanado" : 7,
    "winnerDobleFalta" : 0,
    "winnerServingPoints" : 45,
    "winnerServingGames" : 8,
    "loserAces" : 13,
    "loserPrimerSaqueDentro" : 25,
    "loserPrimerSaqueGanado" : 21,
    "loserSegundoSaqueGanado" : 15,
    "loserDobleFalta" : 7,
    "loserServingPoints" : 55,
    "loserServingGames" : 8
  }, {
    "torneo" : "Wuhan CH",
    "fecha" : "20120723",
    "superficie" : "Hard",
    "resultado" : "7-6(2) 6-3",
    "contrincante" : "Ti Chen",
    "ganador" : false,
    "winnerAces" : 8,
    "winnerPrimerSaqueDentro" : 50,
    "winnerPrimerSaqueGanado" : 38,
    "winnerSegundoSaqueGanado" : 13,
    "winnerDobleFalta" : 3,
    "winnerServingPoints" : 71,
    "winnerServingGames" : 11,
    "loserAces" : 2,
    "loserPrimerSaqueDentro" : 39,
    "loserPrimerSaqueGanado" : 25,
    "loserSegundoSaqueGanado" : 15,
    "loserDobleFalta" : 1,
    "loserServingPoints" : 63,
    "loserServingGames" : 10
  }, {
    "torneo" : "Singapore CH",
    "fecha" : "20120227",
    "superficie" : "Hard",
    "resultado" : "6-3 5-7 6-2",
    "contrincante" : "Denys Molchanov",
    "ganador" : true,
    "winnerAces" : 6,
    "winnerPrimerSaqueDentro" : 61,
    "winnerPrimerSaqueGanado" : 41,
    "winnerSegundoSaqueGanado" : 28,
    "winnerDobleFalta" : 5,
    "winnerServingPoints" : 110,
    "winnerServingGames" : 15,
    "loserAces" : 6,
    "loserPrimerSaqueDentro" : 48,
    "loserPrimerSaqueGanado" : 32,
    "loserSegundoSaqueGanado" : 14,
    "loserDobleFalta" : 6,
    "loserServingPoints" : 78,
    "loserServingGames" : 14
  }, {
    "torneo" : "Singapore CH",
    "fecha" : "20120227",
    "superficie" : "Hard",
    "resultado" : "6-0 6-1",
    "contrincante" : "Yen Hsun Lu",
    "ganador" : false,
    "winnerAces" : 2,
    "winnerPrimerSaqueDentro" : 21,
    "winnerPrimerSaqueGanado" : 19,
    "winnerSegundoSaqueGanado" : 7,
    "winnerDobleFalta" : 2,
    "winnerServingPoints" : 34,
    "winnerServingGames" : 6,
    "loserAces" : 1,
    "loserPrimerSaqueDentro" : 31,
    "loserPrimerSaqueGanado" : 12,
    "loserSegundoSaqueGanado" : 6,
    "loserDobleFalta" : 4,
    "loserServingPoints" : 48,
    "loserServingGames" : 7
  }, {
    "torneo" : "Yokohama CH",
    "fecha" : "20121112",
    "superficie" : "Hard",
    "resultado" : "6-3 7-6(2)",
    "contrincante" : "Brydan Klein",
    "ganador" : true,
    "winnerAces" : 1,
    "winnerPrimerSaqueDentro" : 36,
    "winnerPrimerSaqueGanado" : 27,
    "winnerSegundoSaqueGanado" : 15,
    "winnerDobleFalta" : 2,
    "winnerServingPoints" : 57,
    "winnerServingGames" : 10,
    "loserAces" : 5,
    "loserPrimerSaqueDentro" : 44,
    "loserPrimerSaqueGanado" : 33,
    "loserSegundoSaqueGanado" : 7,
    "loserDobleFalta" : 3,
    "loserServingPoints" : 64,