{
  "nombre" : "Luca Vanni",
  "mano" : "U",
  "nacionalidad" : "ITA",
  "edad" : 27.2689938398,
  "ganar1Saque" : 0.7185235420862833,
  "ganar2Saque" : 0.5489407463206185,
  "primerSaque" : 0.562462243768904,
  "segundoSaque" : 0.3653799204362763,
  "ganarPuntoSacando" : 0.6047142898974891,
  "ganarPuntoRestando" : 0.3459438027018317,
  "probAce" : 0.10151007026433945,
  "clay" : {
    "nombre" : "Clay",
    "probVictoria" : 0.4285714328289032,
    "probGanarPrimerSaque" : 0.7134854878698077,
    "probGanarSegundoSaque" : 0.5030665057046073,
    "probPrimerSaque" : 0.5416128635406494,
    "probSegundoSaque" : 0.39467242785862516,
    "probGanarPuntoSacando" : 0.5849793973606561,
    "probGanarPuntoRestando" : 0.38449503331482004,
    "probAce" : 0.0
  },
  "grass" : {
    "nombre" : "Grass",
    "probVictoria" : 0.0,
    "probGanarPrimerSaque" : 0.0,
    "probGanarSegundoSaque" : 0.0,
    "probPrimerSaque" : 0.0,
    "probSegundoSaque" : 0.0,
    "probGanarPuntoSacando" : 0.0,
    "probGanarPuntoRestando" : 0.0,
    "probAce" : 0.0
  },
  "hard" : {
    "nombre" : "Hard",
    "probVictoria" : 0.30000001192092896,
    "probGanarPrimerSaque" : 0.7167596757411957,
    "probGanarSegundoSaque" : 0.5876709282398224,
    "probPrimerSaque" : 0.5802727341651917,
    "probSegundoSaque" : 0.33747376352548597,
    "probGanarPuntoSacando" : 0.6142396166493085,
    "probGanarPuntoRestando" : 0.32769025241968375,
    "probAce" : 0.0
  },
  "other" : {
    "nombre" : "Other",
    "probVictoria" : 0.0,
    "probGanarPrimerSaque" : 0.7714285850524902,
    "probGanarSegundoSaque" : 0.48275861144065857,
    "probPrimerSaque" : 0.5303030014038086,
    "probSegundoSaque" : 0.43939393758773804,
    "probGanarPuntoSacando" : 0.6212121012073286,
    "probGanarPuntoRestando" : 0.2586206912323932,
    "probAce" : 0.0
  },
  "partidos" : [ {
    "torneo" : "Istanbul CH",
    "fecha" : "20120910",
    "superficie" : "Hard",
    "resultado" : "6-4 6-2",
    "contrincante" : "Adrian Mannarino",
    "ganador" : false,
    "winnerAces" : 5,
    "winnerPrimerSaqueDentro" : 36,
    "winnerPrimerSaqueGanado" : 28,
    "winnerSegundoSaqueGanado" : 11,
    "winnerDobleFalta" : 3,
    "winnerServingPoints" : 53,
    "winnerServingGames" : 9,
    "loserAces" : 6,
    "loserPrimerSaqueDentro" : 28,
    "loserPrimerSaqueGanado" : 20,
    "loserSegundoSaqueGanado" : 13,
    "loserDobleFalta" : 7,
    "loserServingPoints" : 56,
    "loserServingGames" : 9
  }, {
    "torneo" : "Wolfsburg CH",
    "fecha" : "20120220",
    "superficie" : "Carpet",
    "resultado" : "7-5 6-4",
    "contrincante" : "Frank Dancevic",
    "ganador" : false,
    "winnerAces" : 15,
    "winnerPrimerSaqueDentro" : 34,
    "winnerPrimerSaqueGanado" : 29,
    "winnerSegundoSaqueGanado" : 14,
    "winnerDobleFalta" : 2,
    "winnerServingPoints" : 58,
    "winnerServingGames" : 11,
    "loserAces" : 9,
    "loserPrimerSaqueDentro" : 35,
    "loserPrimerSaqueGanado" : 27,
    "loserSegundoSaqueGanado" : 14,
    "loserDobleFalta" : 2,
    "loserServingPoints" : 66,
    "loserServingGames" : 11
  }, {
    "torneo" : "Sacramento CH",
    "fecha" : "20121001",
    "superficie" : "Hard",
    "resultado" : "4-6 6-4 7-6(3)",
    "contrincante" : "Luka Gregorc",
    "ganador" : true,
    "winnerAces" : 15,
    "winnerPrimerSaqueDentro" : 60,
    "winnerPrimerSaqueGanado" : 49,
    "winnerSegundoSaqueGanado" : 18,
    "winnerDobleFalta" : 11,
    "winnerServingPoints" : 98,
    "winnerServingGames" : 16,
    "loserAces" : 7,
    "loserPrimerSaqueDentro" : 54,
    "loserPrimerSaqueGanado" : 37,
    "loserSegundoSaqueGanado" : 40,
    "loserDobleFalta" : 13,
    "loserServingPoints" : 126,
    "loserServingGames" : 16
  }, {
    "torneo" : "Sacramento CH",
    "fecha" : "20121001",
    "superficie" : "Hard",
    "resultado" : "6-4 6-4",
    "contrincante" : "Alex Kuznetsov",
    "ganador" : true,
    "winnerAces" : 10,
    "winnerPrimerSaqueDentro" : 31,
    "winnerPrimerSaqueGanado" : 27,
    "winnerSegundoSaqueGanado" : 15,
    "winnerDobleFalta" : 6,
    "winnerServingPoints" : 59,
    "winnerServingGames" : 10,
    "loserAces" : 4,
    "loserPrimerSaqueDentro" : 38,
    "loserPrimerSaqueGanado" : 25,
    "loserSegundoSaqueGanado" : 14,
    "loserDobleFalta" : 2,
    "loserServingPoints" : 63,
    "loserServingGames" : 10
  }, {
    "torneo" : "Sacramento CH",
    "fecha" : "20121001",
    "superficie" : "Hard",
    "resultado" : "5-7 6-2 6-3",
    "contrincante" : "Bobby Reynolds",
    "ganador" : false,
    "winnerAces" : 5,
    "winnerPrimerSaqueDentro" : 53,
    "winnerPrimerSaqueGanado" : 36,
    "winnerSegundoSaqueGanado" : 18,
    "winnerDobleFalta" : 2,
    "winnerServingPoints" : 82,
    "winnerServingGames" : 14,
    "loserAces" : 9,
    "loserPrimerSaqueDentro" : 43,
    "loserPrimerSaqueGanado" : 31,
    "loserSegundoSaqueGanado" : 22,
    "loserDobleFalta" : 6,
    "loserServingPoints" : 93,
    "loserServingGames" : 15
  }, {
    "torneo" : "Orbetello CH",
    "fecha" : "20120723",
    "superficie" : "Clay",
    "resultado" : "6-2 4-6 6-2",
    "contrincante" : "Gianluca Naso",
    "ganador" : false,
    "winnerAces" : 0,
    "winnerPrimerSaqueDentro" : 51,
    "winnerPrimerSaqueGanado" : 37,
    "winnerSegundoSaqueGanado" : 14,
    "winnerDobleFalta" : 0,
    "winnerServingPoints" : 67,
    "winnerServingGames" : 13,
    "loserAces" : 8,
    "loserPrimerSaqueDentro" : 55,
    "loserPrimerSaqueGanado" : 37,
    "loserSegundoSaqueGanado" : 14,
    "loserDobleFalta" : 1,
    "loserServingPoints" : 85,
    "loserServingGames" : 13
  }, {
    "torneo" : "Segovia CH",
    "fecha" : "20120820",
    "superficie" : "Hard",
    "resultado" : "4-6 7-5 6-1",
    "contrincante" : "Gerard Granollers",
    "ganador" : false,
    "winnerAces" : 9,
    "winnerPrimerSaqueDentro" : 44,
    "winnerPrimerSaqueGanado" : 36,
    "winnerSegundoSaqueGanado" : 28,
    "winnerDobleFalta" : 6,
    "winnerServingPoints" : 98,
    "winnerServingGames" : 15,
    "loserAces" : 8,
    "loserPrimerSaqueDentro" : 40,
    "loserPrimerSaqueGanado" : 26,
    "loserSegundoSaqueGanado" : 28,
    "loserDobleFalta" : 9,
    "loserServingPoints" : 88,
    "loserServingGames" : 14
  }, {
    "torneo" : "Recanati CH",
    "fecha" : "20120716",
    "superficie" : "Hard",
    "resultado" : "6-2 6-4",
    "contrincante" : "Nikola Mektic",
    "ganador" : false,
    "winnerAces" : 2,
    "winnerPrimerSaqueDentro" : 31,
    "winnerPrimerSaqueGanado" : 24,
    "winnerSegundoSaqueGanado" : 18,
    "winnerDobleFalta" : 3,
    "winnerServingPoints" : 60,
    "winnerServingGames" : 9,
    "loserAces" : 6,
    "loserPrimerSaqueDentro" : 30,
    "loserPrimerSaqueGanado" : 22,
    "loserSegundoSaqueGanado" : 7,
    "loserDobleFalta" : 6,
    "loserServingPoints" : 48,
    "loserServingGames" : 9
  }, {
    "torneo" : "Brasov CH",
    "fecha" : "20120904",
    "superficie" : "Clay",
    "resultado" : "6-2 6-3",
    "contrincante" : "Andrei Ciumac",
    "ganador" : true,
    "winnerAces" : 3,
    "winnerPrimerSaqueDentro" : 30,
    "winnerPrimerSaqueGanado" : 20,
    "winnerSegundoSaqueGanado" : 10,
    "winnerDobleFalta" : 1,
    "winnerServingPoints" : 53,
    "winnerServingGames" : 8,
    "loserAces" : 1,
    "loserPrimerSaqueDentro" : 34,
    "loserPrimerSaqueGanado" : 17,
    "loserSegundoSaqueGanado" : 10,
    "loserDobleFalta" : 1,
    "loserServingPoints" : 59,
    "loserServingGames" : 9
  }, {
    "torneo" : "Brasov CH",
    "fecha" : "20120904",
    "superficie" : "Clay",
    "resultado" : "6-3 6-2",
    "contrincante" : "Andreas Haider Maurer",
    "ganador" : false,
    "winnerAces" : 2,
    "winnerPrimerSaqueDentro" : 26,
    "winnerPrimerSaqueGanado" : 23,
    "winnerSegundoSaqueGanado" : 12,
    "winnerDobleFalta" : 2,
    "winnerServingPoints" : 43,
    "winnerServingGames" : 9,
    "loserAces" : 5,
    "loserPrimerSaqueDentro" : 38,
    "loserPrimerSaqueGanado" : 23,
    "loserSegundoSaqueGanado" : 9,
    "loserDobleFalta" : 4,