{
  "nombre" : "Manuel Sanchez",
  "mano" : "R",
  "nacionalidad" : "MEX",
  "edad" : 21.2402464066,
  "ganar1Saque" : 0.6649877309799195,
  "ganar2Saque" : 0.45275392532348635,
  "primerSaque" : 0.6488986015319824,
  "segundoSaque" : 0.29029971063137056,
  "ganarPuntoSacando" : 0.5629439421774212,
  "ganarPuntoRestando" : 0.3004094765098818,
  "probAce" : 0.05775076150894165,
  "clay" : {
    "nombre" : "Clay",
    "probVictoria" : 0.0,
    "probGanarPrimerSaque" : 0.7186761200428009,
    "probGanarSegundoSaque" : 0.4809523969888687,
    "probPrimerSaque" : 0.6729620099067688,
    "probSegundoSaque" : 0.26152368634939194,
    "probGanarPuntoSacando" : 0.6094221700351067,
    "probGanarPuntoRestando" : 0.3146174851659861,
    "probAce" : 0.0
  },
  "grass" : {
    "nombre" : "Grass",
    "probVictoria" : 0.0,
    "probGanarPrimerSaque" : 0.5348837375640869,
    "probGanarSegundoSaque" : 0.42307692766189575,
    "probPrimerSaque" : 0.5972222089767456,
    "probSegundoSaque" : 0.3611111044883728,
    "probGanarPuntoSacando" : 0.47222222392529645,
    "probGanarPuntoRestando" : 0.41791044729500837,
    "probAce" : 0.0
  },
  "hard" : {
    "nombre" : "Hard",
    "probVictoria" : 0.0,
    "probGanarPrimerSaque" : 0.6763513386249542,
    "probGanarSegundoSaque" : 0.43939395248889923,
    "probPrimerSaque" : 0.6506733894348145,
    "probSegundoSaque" : 0.283670037984848,
    "probGanarPuntoSacando" : 0.5647267171447115,
    "probGanarPuntoRestando" : 0.2274509824612142,
    "probAce" : 0.0
  },
  "other" : {
    "nombre" : "Other",
    "probVictoria" : 0.0,
    "probGanarPrimerSaque" : 0.0,
    "probGanarSegundoSaque" : 0.0,
    "probPrimerSaque" : 0.0,
    "probSegundoSaque" : 0.0,
    "probGanarPuntoSacando" : 0.0,
    "probGanarPuntoRestando" : 0.0,
    "probAce" : 0.0
  },
  "partidos" : [ {
    "torneo" : "San Luis Potosi CH",
    "fecha" : "20120402",
    "superficie" : "Clay",
    "resultado" : "6-3 0-6 6-2",
    "contrincante" : "Fabiano De Paula",
    "ganador" : false,
    "winnerAces" : 0,
    "winnerPrimerSaqueDentro" : 34,
    "winnerPrimerSaqueGanado" : 23,
    "winnerSegundoSaqueGanado" : 14,
    "winnerDobleFalta" : 5,
    "winnerServingPoints" : 60,
    "winnerServingGames" : 11,
    "loserAces" : 0,
    "loserPrimerSaqueDentro" : 47,
    "loserPrimerSaqueGanado" : 31,
    "loserSegundoSaqueGanado" : 8,
    "loserDobleFalta" : 4,
    "loserServingPoints" : 66,
    "loserServingGames" : 12
  }, {
    "torneo" : "Belem CH",
    "fecha" : "20121001",
    "superficie" : "Hard",
    "resultado" : "6-2 6-2",
    "contrincante" : "Gastao Elias",
    "ganador" : false,
    "winnerAces" : 4,
    "winnerPrimerSaqueDentro" : 16,
    "winnerPrimerSaqueGanado" : 15,
    "winnerSegundoSaqueGanado" : 17,
    "winnerDobleFalta" : 3,
    "winnerServingPoints" : 40,
    "winnerServingGames" : 8,
    "loserAces" : 3,
    "loserPrimerSaqueDentro" : 37,
    "loserPrimerSaqueGanado" : 26,
    "loserSegundoSaqueGanado" : 8,
    "loserDobleFalta" : 5,
    "loserServingPoints" : 66,
    "loserServingGames" : 8
  }, {
    "torneo" : "Leon CH",
    "fecha" : "20120409",
    "superficie" : "Hard",
    "resultado" : "6-4 6-2",
    "contrincante" : "Colin Ebelthite",
    "ganador" : false,
    "winnerAces" : 6,
    "winnerPrimerSaqueDentro" : 36,
    "winnerPrimerSaqueGanado" : 30,
    "winnerSegundoSaqueGanado" : 8,
    "winnerDobleFalta" : 2,
    "winnerServingPoints" : 51,
    "winnerServingGames" : 9,
    "loserAces" : 10,
    "loserPrimerSaqueDentro" : 40,
    "loserPrimerSaqueGanado" : 26,
    "loserSegundoSaqueGanado" : 6,
    "loserDobleFalta" : 3,
    "loserServingPoints" : 54,
    "loserServingGames" : 9
  }, {
    "torneo" : "Queen's Club Q",
    "fecha" : "20120611",
    "superficie" : "Grass",
    "resultado" : "6-2 7-6(3)",
    "contrincante" : "Thomas Fabbiano",
    "ganador" : false,
    "winnerAces" : 0,
    "winnerPrimerSaqueDentro" : 46,
    "winnerPrimerSaqueGanado" : 27,
    "winnerSegundoSaqueGanado" : 12,
    "winnerDobleFalta" : 2,
    "winnerServingPoints" : 67,
    "winnerServingGames" : 10,
    "loserAces" : 4,
    "loserPrimerSaqueDentro" : 43,
    "loserPrimerSaqueGanado" : 23,
    "loserSegundoSaqueGanado" : 11,
    "loserDobleFalta" : 3,
    "loserServingPoints" : 72,
    "loserServingGames" : 10
  }, {
    "torneo" : "Acapulco Q",
    "fecha" : "20120227",
    "superficie" : "Clay",
    "resultado" : "6-4 6-4",
    "contrincante" : "Facundo Bagnis",
    "ganador" : false,
    "winnerAces" : 4,
    "winnerPrimerSaqueDentro" : 36,
    "winnerPrimerSaqueGanado" : 33,
    "winnerSegundoSaqueGanado" : 13,
    "winnerDobleFalta" : 3,
    "winnerServingPoints" : 61,
    "winnerServingGames" : 10,
    "loserAces" : 2,
    "loserPrimerSaqueDentro" : 45,
    "loserPrimerSaqueGanado" : 35,
    "loserSegundoSaqueGanado" : 9,
    "loserDobleFalta" : 5,
    "loserServingPoints" : 71,
    "loserServingGames" : 10
  } ]
}