{
  "nombre" : "Mate Pavic",
  "mano" : "L",
  "nacionalidad" : "CRO",
  "edad" : 19.0143737166,
  "ganar1Saque" : 0.6578259021043777,
  "ganar2Saque" : 0.5199597217142582,
  "primerSaque" : 0.6519370526075363,
  "segundoSaque" : 0.31615023501217365,
  "ganarPuntoSacando" : 0.5932464679636489,
  "ganarPuntoRestando" : 0.3310395057954576,
  "probAce" : 0.08604206144809723,
  "clay" : {
    "nombre" : "Clay",
    "probVictoria" : 0.4000000059604645,
    "probGanarPrimerSaque" : 0.6596245646476746,
    "probGanarSegundoSaque" : 0.510043865442276,
    "probPrimerSaque" : 0.6442081809043885,
    "probSegundoSaque" : 0.3190920978784561,
    "probGanarPuntoSacando" : 0.5876865079055404,
    "probGanarPuntoRestando" : 0.38307506144579134,
    "probAce" : 0.0
  },
  "grass" : {
    "nombre" : "Grass",
    "probVictoria" : 0.5,
    "probGanarPrimerSaque" : 0.7368420958518982,
    "probGanarSegundoSaque" : 0.6666666865348816,
    "probPrimerSaque" : 0.7702702879905701,
    "probSegundoSaque" : 0.20270270109176636,
    "probGanarPuntoSacando" : 0.7027027114639353,
    "probGanarPuntoRestando" : 0.2881355738764908,
    "probAce" : 0.0
  },
  "hard" : {
    "nombre" : "Hard",
    "probVictoria" : 0.0,
    "probGanarPrimerSaque" : 0.6138211488723755,
    "probGanarSegundoSaque" : 0.471395879983902,
    "probPrimerSaque" : 0.6120926141738892,
    "probSegundoSaque" : 0.36551934480667114,
    "probGanarPuntoSacando" : 0.5480197048447923,
    "probGanarPuntoRestando" : 0.2224025826291065,
    "probAce" : 0.0
  },
  "other" : {
    "nombre" : "Other",
    "probVictoria" : 0.0,
    "probGanarPrimerSaque" : 0.0,
    "probGanarSegundoSaque" : 0.0,
    "probPrimerSaque" : 0.0,
    "probSegundoSaque" : 0.0,
    "probGanarPuntoSacando" : 0.0,
    "probGanarPuntoRestando" : 0.0,
    "probAce" : 0.0
  },
  "partidos" : [ {
    "torneo" : "Umag",
    "fecha" : "20120709",
    "superficie" : "Clay",
    "resultado" : "6-2 6-2",
    "contrincante" : "Juan Carlos Ferrero",
    "ganador" : true,
    "winnerAces" : 5,
    "winnerPrimerSaqueDentro" : 34,
    "winnerPrimerSaqueGanado" : 25,
    "winnerSegundoSaqueGanado" : 12,
    "winnerDobleFalta" : 3,
    "winnerServingPoints" : 55,
    "winnerServingGames" : 8,
    "loserAces" : 0,
    "loserPrimerSaqueDentro" : 19,
    "loserPrimerSaqueGanado" : 12,
    "loserSegundoSaqueGanado" : 8,
    "loserDobleFalta" : 2,
    "loserServingPoints" : 42,
    "loserServingGames" : 8
  }, {
    "torneo" : "Umag",
    "fecha" : "20120709",
    "superficie" : "Clay",
    "resultado" : "7-6(0) 6-1",
    "contrincante" : "Andrey Kuznetsov",
    "ganador" : false,
    "winnerAces" : 2,
    "winnerPrimerSaqueDentro" : 31,
    "winnerPrimerSaqueGanado" : 25,
    "winnerSegundoSaqueGanado" : 18,
    "winnerDobleFalta" : 3,
    "winnerServingPoints" : 60,
    "winnerServingGames" : 10,
    "loserAces" : 6,
    "loserPrimerSaqueDentro" : 44,
    "loserPrimerSaqueGanado" : 28,
    "loserSegundoSaqueGanado" : 9,
    "loserDobleFalta" : 2,
    "loserServingPoints" : 70,
    "loserServingGames" : 9
  }, {
    "torneo" : "s-Hertogenbosch",
    "fecha" : "20120617",
    "superficie" : "Grass",
    "resultado" : "6-4 7-6(2)",
    "contrincante" : "Robin Haase",
    "ganador" : true,
    "winnerAces" : 6,
    "winnerPrimerSaqueDentro" : 57,
    "winnerPrimerSaqueGanado" : 42,
    "winnerSegundoSaqueGanado" : 10,
    "winnerDobleFalta" : 2,
    "winnerServingPoints" : 74,
    "winnerServingGames" : 11,
    "loserAces" : 7,
    "loserPrimerSaqueDentro" : 35,
    "loserPrimerSaqueGanado" : 29,
    "loserSegundoSaqueGanado" : 13,
    "loserDobleFalta" : 3,
    "loserServingPoints" : 59,
    "loserServingGames" : 11
  }, {
    "torneo" : "s-Hertogenbosch",
    "fecha" : "20120617",
    "superficie" : "Grass",
    "resultado" : " W/O",
    "contrincante" : "Philipp Petzschner",
    "ganador" : false,
    "winnerAces" : 0,
    "winnerPrimerSaqueDentro" : 0,
    "winnerPrimerSaqueGanado" : 0,
    "winnerSegundoSaqueGanado" : 0,
    "winnerDobleFalta" : 0,
    "winnerServingPoints" : 0,
    "winnerServingGames" : 0,
    "loserAces" : 0,
    "loserPrimerSaqueDentro" : 0,
    "loserPrimerSaqueGanado" : 0,
    "loserSegundoSaqueGanado" : 0,
    "loserDobleFalta" : 0,
    "loserServingPoints" : 0,
    "loserServingGames" : 0
  }, {
    "torneo" : "Prague CH",
    "fecha" : "20120507",
    "superficie" : "Clay",
    "resultado" : "6-4 6-4",
    "contrincante" : "Axel Michon",
    "ganador" : true,
    "winnerAces" : 8,
    "winnerPrimerSaqueDentro" : 47,
    "winnerPrimerSaqueGanado" : 32,
    "winnerSegundoSaqueGanado" : 11,
    "winnerDobleFalta" : 2,
    "winnerServingPoints" : 65,
    "winnerServingGames" : 10,
    "loserAces" : 2,
    "loserPrimerSaqueDentro" : 43,
    "loserPrimerSaqueGanado" : 30,
    "loserSegundoSaqueGanado" : 5,
    "loserDobleFalta" : 2,
    "loserServingPoints" : 59,
    "loserServingGames" : 10
  }, {
    "torneo" : "Prague CH",
    "fecha" : "20120507",
    "superficie" : "Clay",
    "resultado" : "7-6(5) 6-1",
    "contrincante" : "Dominik Meffert",
    "ganador" : false,
    "winnerAces" : 4,
    "winnerPrimerSaqueDentro" : 44,
    "winnerPrimerSaqueGanado" : 34,
    "winnerSegundoSaqueGanado" : 13,
    "winnerDobleFalta" : 2,
    "winnerServingPoints" : 70,
    "winnerServingGames" : 10,
    "loserAces" : 8,
    "loserPrimerSaqueDentro" : 51,
    "loserPrimerSaqueGanado" : 34,
    "loserSegundoSaqueGanado" : 12,
    "loserDobleFalta" : 3,
    "loserServingPoints" : 84,
    "loserServingGames" : 9
  }, {
    "torneo" : "Kitzbuhel Q",
    "fecha" : "20120722",
    "superficie" : "Clay",
    "resultado" : "6-4 6-3",
    "contrincante" : "Christian Lindell",
    "ganador" : false,
    "winnerAces" : 4,
    "winnerPrimerSaqueDentro" : 37,
    "winnerPrimerSaqueGanado" : 26,
    "winnerSegundoSaqueGanado" : 11,
    "winnerDobleFalta" : 1,
    "winnerServingPoints" : 59,
    "winnerServingGames" : 10,
    "loserAces" : 5,
    "loserPrimerSaqueDentro" : 38,
    "loserPrimerSaqueGanado" : 22,
    "loserSegundoSaqueGanado" : 8,
    "loserDobleFalta" : 2,
    "loserServingPoints" : 59,
    "loserServingGames" : 9
  }, {
    "torneo" : "Zagreb Q",
    "fecha" : "20120130",
    "superficie" : "Hard",
    "resultado" : "6-3 7-6(0)",
    "contrincante" : "Aljaz Bedene",
    "ganador" : false,
    "winnerAces" : 11,
    "winnerPrimerSaqueDentro" : 42,
    "winnerPrimerSaqueGanado" : 32,
    "winnerSegundoSaqueGanado" : 13,
    "winnerDobleFalta" : 5,
    "winnerServingPoints" : 63,
    "winnerServingGames" : 11,
    "loserAces" : 5,
    "loserPrimerSaqueDentro" : 41,
    "loserPrimerSaqueGanado" : 23,
    "loserSegundoSaqueGanado" : 12,
    "loserDobleFalta" : 3,
    "loserServingPoints" : 67,
    "loserServingGames" : 10
  }, {
    "torneo" : "Vienna Q",
    "fecha" : "20121015",
    "superficie" : "Hard",
    "resultado" : "6-3 6-2",
    "contrincante" : "Dustin Brown",
    "ganador" : false,
    "winnerAces" : 4,
    "winnerPrimerSaqueDentro" : 28,
    "winnerPrimerSaqueGanado" : 25,
    "winnerSegundoSaqueGanado" : 12,
    "winnerDobleFalta" : 0,
    "winnerServingPoints" : 44,
    "winnerServingGames" : 9,
    "loserAces" : 2,
    "loserPrimerSaqueDentro" : 30,
    "loserPrimerSaqueGanado" : 20,
    "loserSegundoSaqueGanado" : 8,
    "loserDobleFalta" : 0,
    "loserServingPoints" : 49,
    "loserServingGames" : 8
  } ]
}