{
  "nombre" : "Mathieu Rodrigues",
  "mano" : "U",
  "nacionalidad" : "FRA",
  "edad" : 26.4010951403,
  "ganar1Saque" : 0.6442461127326602,
  "ganar2Saque" : 0.4867743920712244,
  "primerSaque" : 0.5568535966532571,
  "segundoSaque" : 0.4032636909257798,
  "ganarPuntoSacando" : 0.5550492029998562,
  "ganarPuntoRestando" : 0.36903273289390365,
  "probAce" : 0.03768844157457352,
  "clay" : {
    "nombre" : "Clay",
    "probVictoria" : 0.1428571492433548,
    "probGanarPrimerSaque" : 0.578509909766061,
    "probGanarSegundoSaque" : 0.4421356405530657,
    "probPrimerSaque" : 0.5363129036767142,
    "probSegundoSaque" : 0.42119377851486206,
    "probGanarPuntoSacando" : 0.49648711057302475,
    "probGanarPuntoRestando" : 0.3675451535265561,
    "probAce" : 0.0
  },
  "grass" : {
    "nombre" : "Grass",
    "probVictoria" : 0.3333333432674408,
    "probGanarPrimerSaque" : 1.3108959197998047,
    "probGanarSegundoSaque" : 0.5323886871337891,
    "probPrimerSaque" : 0.5744579136371613,
    "probSegundoSaque" : 0.39700254797935486,
    "probGanarPuntoSacando" : 0.9644142003911611,
    "probGanarPuntoRestando" : 0.35162948832715146,
    "probAce" : 0.0
  },
  "hard" : {
    "nombre" : "Hard",
    "probVictoria" : 0.25,
    "probGanarPrimerSaque" : 0.6807252566019694,
    "probGanarSegundoSaque" : 0.5052112812797228,
    "probPrimerSaque" : 0.5659016147255898,
    "probSegundoSaque" : 0.393847996989886,
    "probGanarPuntoSacando" : 0.5841999730842586,
    "probGanarPuntoRestando" : 0.3728010282859819,
    "probAce" : 0.0
  },
  "other" : {
    "nombre" : "Other",
    "probVictoria" : 0.0,
    "probGanarPrimerSaque" : 0.0,
    "probGanarSegundoSaque" : 0.0,
    "probPrimerSaque" : 0.0,
    "probSegundoSaque" : 0.0,
    "probGanarPuntoSacando" : 0.0,
    "probGanarPuntoRestando" : 0.0,
    "probAce" : 0.0
  },
  "partidos" : [ {
    "torneo" : "St. Brieuc CH",
    "fecha" : "20120402",
    "superficie" : "Clay",
    "resultado" : "6-2 2-6 6-4",
    "contrincante" : "Stephane Robert",
    "ganador" : false,
    "winnerAces" : 2,
    "winnerPrimerSaqueDentro" : 57,
    "winnerPrimerSaqueGanado" : 41,
    "winnerSegundoSaqueGanado" : 21,
    "winnerDobleFalta" : 6,
    "winnerServingPoints" : 115,
    "winnerServingGames" : 13,
    "loserAces" : 1,
    "loserPrimerSaqueDentro" : 44,
    "loserPrimerSaqueGanado" : 26,
    "loserSegundoSaqueGanado" : 23,
    "loserDobleFalta" : 1,
    "loserServingPoints" : 89,
    "loserServingGames" : 13
  }, {
    "torneo" : "Noumea CH",
    "fecha" : "20120102",
    "superficie" : "Hard",
    "resultado" : "7-6(15) 6-3",
    "contrincante" : "Ruben Bemelmans",
    "ganador" : false,
    "winnerAces" : 15,
    "winnerPrimerSaqueDentro" : 51,
    "winnerPrimerSaqueGanado" : 42,
    "winnerSegundoSaqueGanado" : 15,
    "winnerDobleFalta" : 0,
    "winnerServingPoints" : 77,
    "winnerServingGames" : 11,
    "loserAces" : 8,
    "loserPrimerSaqueDentro" : 57,
    "loserPrimerSaqueGanado" : 41,
    "loserSegundoSaqueGanado" : 22,
    "loserDobleFalta" : 2,
    "loserServingPoints" : 101,
    "loserServingGames" : 10
  }, {
    "torneo" : "Cherbourg CH",
    "fecha" : "20120227",
    "superficie" : "Hard",
    "resultado" : "6-3 7-6(6)",
    "contrincante" : "Marc Gicquel",
    "ganador" : false,
    "winnerAces" : 1,
    "winnerPrimerSaqueDentro" : 38,
    "winnerPrimerSaqueGanado" : 27,
    "winnerSegundoSaqueGanado" : 18,
    "winnerDobleFalta" : 2,
    "winnerServingPoints" : 79,
    "winnerServingGames" : 11,
    "loserAces" : 2,
    "loserPrimerSaqueDentro" : 43,
    "loserPrimerSaqueGanado" : 25,
    "loserSegundoSaqueGanado" : 16,
    "loserDobleFalta" : 2,
    "loserServingPoints" : 80,
    "loserServingGames" : 10
  }, {
    "torneo" : "Ostrava CH",
    "fecha" : "20120430",
    "superficie" : "Clay",
    "resultado" : "7-5 6-1",
    "contrincante" : "Jonathan Dasnieres De Veigy",
    "ganador" : false,
    "winnerAces" : 2,
    "winnerPrimerSaqueDentro" : 36,
    "winnerPrimerSaqueGanado" : 27,
    "winnerSegundoSaqueGanado" : 10,
    "winnerDobleFalta" : 1,
    "winnerServingPoints" : 57,
    "winnerServingGames" : 9,
    "loserAces" : 0,
    "loserPrimerSaqueDentro" : 31,
    "loserPrimerSaqueGanado" : 20,
    "loserSegundoSaqueGanado" : 10,
    "loserDobleFalta" : 6,
    "loserServingPoints" : 65,
    "loserServingGames" : 10
  }, {
    "torneo" : "Todi CH",
    "fecha" : "20120910",
    "superficie" : "Clay",
    "resultado" : "6-1 6-4",
    "contrincante" : "Thomas Fabbiano",
    "ganador" : false,
    "winnerAces" : 1,
    "winnerPrimerSaqueDentro" : 32,
    "winnerPrimerSaqueGanado" : 23,
    "winnerSegundoSaqueGanado" : 9,
    "winnerDobleFalta" : 2,
    "winnerServingPoints" : 49,
    "winnerServingGames" : 9,
    "loserAces" : 2,
    "loserPrimerSaqueDentro" : 37,
    "loserPrimerSaqueGanado" : 19,
    "loserSegundoSaqueGanado" : 7,
    "loserDobleFalta" : 1,
    "loserServingPoints" : 58,
    "loserServingGames" : 8
  }, {
    "torneo" : "Guadalajara CH",
    "fecha" : "20120312",
    "superficie" : "Hard",
    "resultado" : "6-3 6-2",
    "contrincante" : "Erik Chvojka",
    "ganador" : false,
    "winnerAces" : 6,
    "winnerPrimerSaqueDentro" : 25,
    "winnerPrimerSaqueGanado" : 22,
    "winnerSegundoSaqueGanado" : 16,
    "winnerDobleFalta" : 2,
    "winnerServingPoints" : 48,
    "winnerServingGames" : 9,
    "loserAces" : 2,
    "loserPrimerSaqueDentro" : 23,
    "loserPrimerSaqueGanado" : 19,
    "loserSegundoSaqueGanado" : 10,
    "loserDobleFalta" : 2,
    "loserServingPoints" : 52,
    "loserServingGames" : 8
  }, {
    "torneo" : "Pozoblanco CH",
    "fecha" : "20120806",
    "superficie" : "Hard",
    "resultado" : "6-1 6-2",
    "contrincante" : "Evgeny Donskoy",
    "ganador" : false,
    "winnerAces" : 6,
    "winnerPrimerSaqueDentro" : 28,
    "winnerPrimerSaqueGanado" : 25,
    "winnerSegundoSaqueGanado" : 8,
    "winnerDobleFalta" : 1,
    "winnerServingPoints" : 44,
    "winnerServingGames" : 8,
    "loserAces" : 2,
    "loserPrimerSaqueDentro" : 22,
    "loserPrimerSaqueGanado" : 14,
    "loserSegundoSaqueGanado" : 6,
    "loserDobleFalta" : 6,
    "loserServingPoints" : 41,
    "loserServingGames" : 7
  }, {
    "torneo" : "Rimouski CH",
    "fecha" : "20120319",
    "superficie" : "Hard",
    "resultado" : "6-4 6-4",
    "contrincante" : "Milan Pokrajac",
    "ganador" : true,
    "winnerAces" : 5,
    "winnerPrimerSaqueDentro" : 46,
    "winnerPrimerSaqueGanado" : 30,
    "winnerSegundoSaqueGanado" : 8,
    "winnerDobleFalta" : 1,
    "winnerServingPoints" : 61,
    "winnerServingGames" : 10,
    "loserAces" : 6,
    "loserPrimerSaqueDentro" : 56,
    "loserPrimerSaqueGanado" : 32,
    "loserSegundoSaqueGanado" : 7,
    "loserDobleFalta" : 1,
    "loserServingPoints" : 73,
    "loserServingGames" : 10
  }, {
    "torneo" : "Rimouski CH",
    "fecha" : "20120319",
    "superficie" : "Hard",
    "resultado" : "7-6(3) 6-3",
    "contrincante" : "Blake Strode",
    "ganador" : true,
    "winnerAces" : 8,
    "winnerPrimerSaqueDentro" : 49,
    "winnerPrimerSaqueGanado" : 32,
    "winnerSegundoSaqueGanado" : 19,
    "winnerDobleFalta" : 0,
    "winnerServingPoints" : 75,
    "winnerServingGames" : 11,
    "loserAces" : 6,
    "loserPrimerSaqueDentro" : 34,
    "loserPrimerSaqueGanado" : 22,
    "loserSegundoSaqueGanado" : 15,
    "loserDobleFalta" : 3,
    "loserServingPoints" : 62,
    "loserServingGames" : 10
  }, {
    "torneo" : "Rimouski CH",
    "fecha" : "20120319",
    "superficie" : "Hard",
    "resultado" : "2-6 6-3 7-6(0)",
    "contrincante" : "Filip Peliwo",
    "ganador" : false,
    "winnerAces" : 7,
    "winnerPrimerSaqueDentro" : 70,
    "winnerPrimerSaqueGanado" : 50,
    "winnerSegundoSaqueGanado" : 20,
    "winnerDobleFalta" : 5,
    "winnerServingPoints" : 112,
    "winnerServingGames" : 15,
    "loserAces" : 6,
    "loserPrimerSaqueDentro" : 45,
    "loserPrimerSaqueGanado" : 37,
    "loserSegundoSaqueGanado" : 19,
    "loserDobleFalta" : 5,