{
  "nombre" : "Matthew Barton",
  "mano" : "R",
  "nacionalidad" : "AUS",
  "edad" : 20.2135523614,
  "ganar1Saque" : 0.6472184161345164,
  "ganar2Saque" : 0.5081983606020609,
  "primerSaque" : 0.5113270580768585,
  "segundoSaque" : 0.4250418543815613,
  "ganarPuntoSacando" : 0.5469458622391956,
  "ganarPuntoRestando" : 0.33610353527912834,
  "probAce" : 0.10919540375471115,
  "clay" : {
    "nombre" : "Clay",
    "probVictoria" : 0.0,
    "probGanarPrimerSaque" : 0.7538461685180664,
    "probGanarSegundoSaque" : 0.5813953280448914,
    "probPrimerSaque" : 0.5701754093170166,
    "probSegundoSaque" : 0.37719297409057617,
    "probGanarPuntoSacando" : 0.6491227806044719,
    "probGanarPuntoRestando" : 0.2659574737537749,
    "probAce" : 0.0
  },
  "grass" : {
    "nombre" : "Grass",
    "probVictoria" : 0.0,
    "probGanarPrimerSaque" : 0.0,
    "probGanarSegundoSaque" : 0.0,
    "probPrimerSaque" : 0.0,
    "probSegundoSaque" : 0.0,
    "probGanarPuntoSacando" : 0.0,
    "probGanarPuntoRestando" : 0.0,
    "probAce" : 0.0
  },
  "hard" : {
    "nombre" : "Hard",
    "probVictoria" : 0.0,
    "probGanarPrimerSaque" : 0.5514455835024515,
    "probGanarSegundoSaque" : 0.46801737944285077,
    "probPrimerSaque" : 0.4733295440673828,
    "probSegundoSaque" : 0.45916615923245746,
    "probGanarPuntoSacando" : 0.47591322919000073,
    "probGanarPuntoRestando" : 0.3655048521864351,
    "probAce" : 0.0
  },
  "other" : {
    "nombre" : "Other",
    "probVictoria" : 0.5,
    "probGanarPrimerSaque" : 0.7375637888908386,
    "probGanarSegundoSaque" : 0.5318713486194611,
    "probPrimerSaque" : 0.538899153470993,
    "probSegundoSaque" : 0.39777983725070953,
    "probGanarPuntoSacando" : 0.6090401999562958,
    "probGanarPuntoRestando" : 0.3270745906808446,
    "probAce" : 0.0
  },
  "partidos" : [ {
    "torneo" : "Kyoto CH",
    "fecha" : "20120305",
    "superficie" : "Carpet",
    "resultado" : "7-6(4) 6-7(6) 6-4",
    "contrincante" : "Raven Klaasen",
    "ganador" : true,
    "winnerAces" : 18,
    "winnerPrimerSaqueDentro" : 64,
    "winnerPrimerSaqueGanado" : 50,
    "winnerSegundoSaqueGanado" : 23,
    "winnerDobleFalta" : 6,
    "winnerServingPoints" : 115,
    "winnerServingGames" : 17,
    "loserAces" : 7,
    "loserPrimerSaqueDentro" : 82,
    "loserPrimerSaqueGanado" : 54,
    "loserSegundoSaqueGanado" : 23,
    "loserDobleFalta" : 3,
    "loserServingPoints" : 131,
    "loserServingGames" : 17
  }, {
    "torneo" : "Kyoto CH",
    "fecha" : "20120305",
    "superficie" : "Carpet",
    "resultado" : "3-6 6-4 6-0",
    "contrincante" : "Tatsuma Ito",
    "ganador" : false,
    "winnerAces" : 5,
    "winnerPrimerSaqueDentro" : 33,
    "winnerPrimerSaqueGanado" : 27,
    "winnerSegundoSaqueGanado" : 20,
    "winnerDobleFalta" : 2,
    "winnerServingPoints" : 62,
    "winnerServingGames" : 12,
    "loserAces" : 11,
    "loserPrimerSaqueDentro" : 49,
    "loserPrimerSaqueGanado" : 34,
    "loserSegundoSaqueGanado" : 21,
    "loserDobleFalta" : 7,
    "loserServingPoints" : 94,
    "loserServingGames" : 13
  }, {
    "torneo" : "Caloundra CH",
    "fecha" : "20120206",
    "superficie" : "Hard",
    "resultado" : "6-1 6-0",
    "contrincante" : "Jimmy Wang",
    "ganador" : false,
    "winnerAces" : 4,
    "winnerPrimerSaqueDentro" : 27,
    "winnerPrimerSaqueGanado" : 16,
    "winnerSegundoSaqueGanado" : 10,
    "winnerDobleFalta" : 2,
    "winnerServingPoints" : 44,
    "winnerServingGames" : 6,
    "loserAces" : 3,
    "loserPrimerSaqueDentro" : 16,
    "loserPrimerSaqueGanado" : 6,
    "loserSegundoSaqueGanado" : 6,
    "loserDobleFalta" : 4,
    "loserServingPoints" : 41,
    "loserServingGames" : 7
  }, {
    "torneo" : "Noumea CH",
    "fecha" : "20120102",
    "superficie" : "Hard",
    "resultado" : "6-4 7-5",
    "contrincante" : "Romain Jouan",
    "ganador" : false,
    "winnerAces" : 7,
    "winnerPrimerSaqueDentro" : 34,
    "winnerPrimerSaqueGanado" : 28,
    "winnerSegundoSaqueGanado" : 18,
    "winnerDobleFalta" : 1,
    "winnerServingPoints" : 63,
    "winnerServingGames" : 11,
    "loserAces" : 8,
    "loserPrimerSaqueDentro" : 32,
    "loserPrimerSaqueGanado" : 22,
    "loserSegundoSaqueGanado" : 19,
    "loserDobleFalta" : 2,
    "loserServingPoints" : 61,
    "loserServingGames" : 11
  }, {
    "torneo" : "An-Ning CH",
    "fecha" : "20120716",
    "superficie" : "Clay",
    "resultado" : "7-6(5) 5-7 6-4",
    "contrincante" : "Ze Zhang",
    "ganador" : false,
    "winnerAces" : 8,
    "winnerPrimerSaqueDentro" : 58,
    "winnerPrimerSaqueGanado" : 47,
    "winnerSegundoSaqueGanado" : 22,
    "winnerDobleFalta" : 3,
    "winnerServingPoints" : 94,
    "winnerServingGames" : 17,
    "loserAces" : 9,
    "loserPrimerSaqueDentro" : 65,
    "loserPrimerSaqueGanado" : 49,
    "loserSegundoSaqueGanado" : 25,
    "loserDobleFalta" : 6,
    "loserServingPoints" : 114,
    "loserServingGames" : 17
  }, {
    "torneo" : "Wuhan CH",
    "fecha" : "20120723",
    "superficie" : "Hard",
    "resultado" : "1-6 6-4 6-1",
    "contrincante" : "Luke Saville",
    "ganador" : false,
    "winnerAces" : 0,
    "winnerPrimerSaqueDentro" : 0,
    "winnerPrimerSaqueGanado" : 0,
    "winnerSegundoSaqueGanado" : 0,
    "winnerDobleFalta" : 0,
    "winnerServingPoints" : 0,
    "winnerServingGames" : 0,
    "loserAces" : 0,
    "loserPrimerSaqueDentro" : 0,
    "loserPrimerSaqueGanado" : 0,
    "loserSegundoSaqueGanado" : 0,
    "loserDobleFalta" : 0,
    "loserServingPoints" : 0,
    "loserServingGames" : 0
  }, {
    "torneo" : "Sydney Q",
    "fecha" : "20120109",
    "superficie" : "Hard",
    "resultado" : "6-2 6-7(4) 6-3",
    "contrincante" : "Stephane Robert",
    "ganador" : false,
    "winnerAces" : 3,
    "winnerPrimerSaqueDentro" : 44,
    "winnerPrimerSaqueGanado" : 28,
    "winnerSegundoSaqueGanado" : 25,
    "winnerDobleFalta" : 9,
    "winnerServingPoints" : 91,
    "winnerServingGames" : 15,
    "loserAces" : 8,
    "loserPrimerSaqueDentro" : 49,
    "loserPrimerSaqueGanado" : 29,
    "loserSegundoSaqueGanado" : 17,
    "loserDobleFalta" : 7,
    "loserServingPoints" : 97,
    "loserServingGames" : 14
  } ]
}