{
  "nombre" : "Michal Przysiezny",
  "mano" : "R",
  "nacionalidad" : "POL",
  "edad" : 28.758384668,
  "ganar1Saque" : 0.7278850830119589,
  "ganar2Saque" : 0.5509595922801805,
  "primerSaque" : 0.6024974325428838,
  "segundoSaque" : 0.3585367047268411,
  "ganarPuntoSacando" : 0.636088130354749,
  "ganarPuntoRestando" : 0.3735650285943138,
  "probAce" : 0.09921354800462723,
  "clay" : {
    "nombre" : "Clay",
    "probVictoria" : 0.4444444477558136,
    "probGanarPrimerSaque" : 0.659566170639462,
    "probGanarSegundoSaque" : 0.5185397631592221,
    "probPrimerSaque" : 0.5776858859592013,
    "probSegundoSaque" : 0.3874371349811554,
    "probGanarPuntoSacando" : 0.5819236278467912,
    "probGanarPuntoRestando" : 0.36638833477991345,
    "probAce" : 0.0
  },
  "grass" : {
    "nombre" : "Grass",
    "probVictoria" : 0.3333333432674408,
    "probGanarPrimerSaque" : 2.0848677158355713,
    "probGanarSegundoSaque" : 0.5121389528115591,
    "probPrimerSaque" : 0.6417420506477356,
    "probSegundoSaque" : 0.32072389125823975,
    "probGanarPuntoSacando" : 1.5022024811002233,
    "probGanarPuntoRestando" : 0.35232905512256996,
    "probAce" : 0.0
  },
  "hard" : {
    "nombre" : "Hard",
    "probVictoria" : 0.3333333432674408,
    "probGanarPrimerSaque" : 0.7605996429920197,
    "probGanarSegundoSaque" : 0.5634501079718272,
    "probPrimerSaque" : 0.5676768819491068,
    "probSegundoSaque" : 0.382975568373998,
    "probGanarPuntoSacando" : 0.6475624590962146,
    "probGanarPuntoRestando" : 0.3224366434315706,
    "probAce" : 0.0
  },
  "other" : {
    "nombre" : "Other",
    "probVictoria" : 1.0,
    "probGanarPrimerSaque" : 0.8313591599464416,
    "probGanarSegundoSaque" : 0.6176190495491027,
    "probPrimerSaque" : 0.6653961062431335,
    "probSegundoSaque" : 0.2998769819736481,
    "probGanarPuntoSacando" : 0.7383928845061426,
    "probGanarPuntoRestando" : 0.4605787237385727,
    "probAce" : 0.0
  },
  "partidos" : [ {
    "torneo" : "Toyota CH",
    "fecha" : "20121119",
    "superficie" : "Carpet",
    "resultado" : "5-2 RET",
    "contrincante" : "Alexander Kudryavtsev",
    "ganador" : true,
    "winnerAces" : 5,
    "winnerPrimerSaqueDentro" : 14,
    "winnerPrimerSaqueGanado" : 10,
    "winnerSegundoSaqueGanado" : 4,
    "winnerDobleFalta" : 0,
    "winnerServingPoints" : 21,
    "winnerServingGames" : 4,
    "loserAces" : 1,
    "loserPrimerSaqueDentro" : 23,
    "loserPrimerSaqueGanado" : 12,
    "loserSegundoSaqueGanado" : 0,
    "loserDobleFalta" : 3,
    "loserServingPoints" : 28,
    "loserServingGames" : 3
  }, {
    "torneo" : "Toyota CH",
    "fecha" : "20121119",
    "superficie" : "Carpet",
    "resultado" : "6-1 6-3",
    "contrincante" : "Tsung Hua Yang",
    "ganador" : true,
    "winnerAces" : 6,
    "winnerPrimerSaqueDentro" : 26,
    "winnerPrimerSaqueGanado" : 23,
    "winnerSegundoSaqueGanado" : 11,
    "winnerDobleFalta" : 4,
    "winnerServingPoints" : 45,
    "winnerServingGames" : 8,
    "loserAces" : 1,
    "loserPrimerSaqueDentro" : 28,
    "loserPrimerSaqueGanado" : 17,
    "loserSegundoSaqueGanado" : 8,
    "loserDobleFalta" : 2,
    "loserServingPoints" : 50,
    "loserServingGames" : 8
  }, {
    "torneo" : "Toyota CH",
    "fecha" : "20121119",
    "superficie" : "Carpet",
    "resultado" : "6-4 6-4",
    "contrincante" : "Matteo Viola",
    "ganador" : true,
    "winnerAces" : 10,
    "winnerPrimerSaqueDentro" : 38,
    "winnerPrimerSaqueGanado" : 32,
    "winnerSegundoSaqueGanado" : 14,
    "winnerDobleFalta" : 0,
    "winnerServingPoints" : 62,
    "winnerServingGames" : 10,
    "loserAces" : 3,
    "loserPrimerSaqueDentro" : 41,
    "loserPrimerSaqueGanado" : 30,
    "loserSegundoSaqueGanado" : 8,
    "loserDobleFalta" : 0,
    "loserServingPoints" : 59,
    "loserServingGames" : 10
  }, {
    "torneo" : "Toyota CH",
    "fecha" : "20121119",
    "superficie" : "Carpet",
    "resultado" : "7-6(3) 6-2",
    "contrincante" : "John Millman",
    "ganador" : true,
    "winnerAces" : 9,
    "winnerPrimerSaqueDentro" : 40,
    "winnerPrimerSaqueGanado" : 36,
    "winnerSegundoSaqueGanado" : 7,
    "winnerDobleFalta" : 5,
    "winnerServingPoints" : 59,
    "winnerServingGames" : 10,
    "loserAces" : 3,
    "loserPrimerSaqueDentro" : 37,
    "loserPrimerSaqueGanado" : 24,
    "loserSegundoSaqueGanado" : 16,
    "loserDobleFalta" : 0,
    "loserServingPoints" : 68,
    "loserServingGames" : 10
  }, {
    "torneo" : "Toyota CH",
    "fecha" : "20121119",
    "superficie" : "Carpet",
    "resultado" : "6-2 6-3",
    "contrincante" : "Hiroki Moriya",
    "ganador" : true,
    "winnerAces" : 17,
    "winnerPrimerSaqueDentro" : 38,
    "winnerPrimerSaqueGanado" : 31,
    "winnerSegundoSaqueGanado" : 7,
    "winnerDobleFalta" : 0,
    "winnerServingPoints" : 48,
    "winnerServingGames" : 9,
    "loserAces" : 4,
    "loserPrimerSaqueDentro" : 39,
    "loserPrimerSaqueGanado" : 25,
    "loserSegundoSaqueGanado" : 12,
    "loserDobleFalta" : 3,
    "loserServingPoints" : 69,
    "loserServingGames" : 8
  }, {
    "torneo" : "Poznan CH",
    "fecha" : "20120716",
    "superficie" : "Clay",
    "resultado" : "7-6(4) 3-6 7-5",
    "contrincante" : "Guillaume Rufin",
    "ganador" : true,
    "winnerAces" : 4,
    "winnerPrimerSaqueDentro" : 53,
    "winnerPrimerSaqueGanado" : 42,
    "winnerSegundoSaqueGanado" : 25,
    "winnerDobleFalta" : 3,
    "winnerServingPoints" : 99,
    "winnerServingGames" : 16,
    "loserAces" : 6,
    "loserPrimerSaqueDentro" : 61,
    "loserPrimerSaqueGanado" : 43,
    "loserSegundoSaqueGanado" : 34,
    "loserDobleFalta" : 9,
    "loserServingPoints" : 124,
    "loserServingGames" : 17
  }, {
    "torneo" : "Poznan CH",
    "fecha" : "20120716",
    "superficie" : "Clay",
    "resultado" : "6-0 3-0 RET",
    "contrincante" : "Uladzimir Ignatik",
    "ganador" : false,
    "winnerAces" : 2,
    "winnerPrimerSaqueDentro" : 13,
    "winnerPrimerSaqueGanado" : 10,
    "winnerSegundoSaqueGanado" : 7,
    "winnerDobleFalta" : 0,
    "winnerServingPoints" : 21,
    "winnerServingGames" : 4,
    "loserAces" : 2,
    "loserPrimerSaqueDentro" : 22,
    "loserPrimerSaqueGanado" : 11,
    "loserSegundoSaqueGanado" : 7,
    "loserDobleFalta" : 2,
    "loserServingPoints" : 47,
    "loserServingGames" : 5
  }, {
    "torneo" : "Seoul CH",
    "fecha" : "20121022",
    "superficie" : "Hard",
    "resultado" : "3-6 6-3 7-5",
    "contrincante" : "Matwe Middelkoop",
    "ganador" : false,
    "winnerAces" : 5,
    "winnerPrimerSaqueDentro" : 63,
    "winnerPrimerSaqueGanado" : 45,
    "winnerSegundoSaqueGanado" : 15,
    "winnerDobleFalta" : 0,
    "winnerServingPoints" : 85,
    "winnerServingGames" : 15,
    "loserAces" : 5,
    "loserPrimerSaqueDentro" : 68,
    "loserPrimerSaqueGanado" : 52,
    "loserSegundoSaqueGanado" : 23,
    "loserDobleFalta" : 10,
    "loserServingPoints" : 127,
    "loserServingGames" : 15
  }, {
    "torneo" : "Brasov CH",
    "fecha" : "20120904",
    "superficie" : "Clay",
    "resultado" : "4-6 7-5 6-3",
    "contrincante" : "Arnau Brugues Davi",
    "ganador" : true,
    "winnerAces" : 15,
    "winnerPrimerSaqueDentro" : 59,
    "winnerPrimerSaqueGanado" : 44,
    "winnerSegundoSaqueGanado" : 17,
    "winnerDobleFalta" : 4,
    "winnerServingPoints" : 90,
    "winnerServingGames" : 16,
    "loserAces" : 3,
    "loserPrimerSaqueDentro" : 70,
    "loserPrimerSaqueGanado" : 45,
    "loserSegundoSaqueGanado" : 16,
    "loserDobleFalta" : 4,
    "loserServingPoints" : 103,
    "loserServingGames" : 15
  }, {
    "torneo" : "Brasov CH",
    "fecha" : "20120904",
    "superficie" : "Clay",
    "resultado" : "6-7(5) 6-1 6-4",
    "contrincante" : "Goran Tosic",
    "ganador" : false,
    "winnerAces" : 8,
    "winnerPrimerSaqueDentro" : 69,
    "winnerPrimerSaqueGanado" : 48,
    "winnerSegundoSaqueGanado" : 19,
    "winnerDobleFalta" : 0,
    "winnerServingPoints" : 105,
    "winnerServingGames" : 15,
    "loserAces" : 7,
    "loserPrimerSaqueDentro" : 53,