{
  "nombre" : "Mikhail Elgin",
  "mano" : "R",
  "nacionalidad" : "RUS",
  "edad" : 30.9267624914,
  "ganar1Saque" : 0.745025385171175,
  "ganar2Saque" : 0.5183608382940292,
  "primerSaque" : 0.5238940510898829,
  "segundoSaque" : 0.4339158684015274,
  "ganarPuntoSacando" : 0.6152393604958246,
  "ganarPuntoRestando" : 0.3714159357838983,
  "probAce" : 0.06909430772066116,
  "clay" : {
    "nombre" : "Clay",
    "probVictoria" : 0.4444444477558136,
    "probGanarPrimerSaque" : 0.7529193560282389,
    "probGanarSegundoSaque" : 0.5465427902009752,
    "probPrimerSaque" : 0.5099622905254364,
    "probSegundoSaque" : 0.4447316726048787,
    "probGanarPuntoSacando" : 0.6270253686173143,
    "probGanarPuntoRestando" : 0.39342243661142196,
    "probAce" : 0.0
  },
  "grass" : {
    "nombre" : "Grass",
    "probVictoria" : 0.5,
    "probGanarPrimerSaque" : 1.423248052597046,
    "probGanarSegundoSaque" : 0.527046799659729,
    "probPrimerSaque" : 0.5939953029155731,
    "probSegundoSaque" : 0.36636577546596527,
    "probGanarPuntoSacando" : 1.0384945675905737,
    "probGanarPuntoRestando" : 0.3197110401062175,
    "probAce" : 0.0
  },
  "hard" : {
    "nombre" : "Hard",
    "probVictoria" : 0.20000000298023224,
    "probGanarPrimerSaque" : 0.7441767811775207,
    "probGanarSegundoSaque" : 0.46415894031524657,
    "probPrimerSaque" : 0.5209307193756103,
    "probSegundoSaque" : 0.44146745800971987,
    "probGanarPuntoSacando" : 0.5925756134548892,
    "probGanarPuntoRestando" : 0.35248619256542824,
    "probAce" : 0.0
  },
  "other" : {
    "nombre" : "Other",
    "probVictoria" : 0.0,
    "probGanarPrimerSaque" : 0.0,
    "probGanarSegundoSaque" : 0.0,
    "probPrimerSaque" : 0.0,
    "probSegundoSaque" : 0.0,
    "probGanarPuntoSacando" : 0.0,
    "probGanarPuntoRestando" : 0.0,
    "probAce" : 0.0
  },
  "partidos" : [ {
    "torneo" : "St. Petersburg",
    "fecha" : "20120917",
    "superficie" : "Hard",
    "resultado" : "6-4 6-3",
    "contrincante" : "Martin Klizan",
    "ganador" : false,
    "winnerAces" : 2,
    "winnerPrimerSaqueDentro" : 33,
    "winnerPrimerSaqueGanado" : 23,
    "winnerSegundoSaqueGanado" : 10,
    "winnerDobleFalta" : 4,
    "winnerServingPoints" : 58,
    "winnerServingGames" : 9,
    "loserAces" : 3,
    "loserPrimerSaqueDentro" : 30,
    "loserPrimerSaqueGanado" : 18,
    "loserSegundoSaqueGanado" : 16,
    "loserDobleFalta" : 3,
    "loserServingPoints" : 74,
    "loserServingGames" : 10
  }, {
    "torneo" : "Bastad Q",
    "fecha" : "20120709",
    "superficie" : "Clay",
    "resultado" : "6-3 6-4",
    "contrincante" : "Michal Przysiezny",
    "ganador" : false,
    "winnerAces" : 9,
    "winnerPrimerSaqueDentro" : 34,
    "winnerPrimerSaqueGanado" : 27,
    "winnerSegundoSaqueGanado" : 16,
    "winnerDobleFalta" : 0,
    "winnerServingPoints" : 56,
    "winnerServingGames" : 10,
    "loserAces" : 6,
    "loserPrimerSaqueDentro" : 26,
    "loserPrimerSaqueGanado" : 22,
    "loserSegundoSaqueGanado" : 13,
    "loserDobleFalta" : 3,
    "loserServingPoints" : 58,
    "loserServingGames" : 9
  }, {
    "torneo" : "Kitzbuhel Q",
    "fecha" : "20120722",
    "superficie" : "Clay",
    "resultado" : "6-0 6-2",
    "contrincante" : "Jan Subota",
    "ganador" : true,
    "winnerAces" : 5,
    "winnerPrimerSaqueDentro" : 20,
    "winnerPrimerSaqueGanado" : 19,
    "winnerSegundoSaqueGanado" : 12,
    "winnerDobleFalta" : 0,
    "winnerServingPoints" : 41,
    "winnerServingGames" : 7,
    "loserAces" : 2,
    "loserPrimerSaqueDentro" : 22,
    "loserPrimerSaqueGanado" : 6,
    "loserSegundoSaqueGanado" : 12,
    "loserDobleFalta" : 3,
    "loserServingPoints" : 44,
    "loserServingGames" : 7
  }, {
    "torneo" : "Kitzbuhel Q",
    "fecha" : "20120722",
    "superficie" : "Clay",
    "resultado" : "6-3 7-5",
    "contrincante" : "Attila Balazs",
    "ganador" : false,
    "winnerAces" : 5,
    "winnerPrimerSaqueDentro" : 39,
    "winnerPrimerSaqueGanado" : 33,
    "winnerSegundoSaqueGanado" : 19,
    "winnerDobleFalta" : 4,
    "winnerServingPoints" : 76,
    "winnerServingGames" : 11,
    "loserAces" : 7,
    "loserPrimerSaqueDentro" : 33,
    "loserPrimerSaqueGanado" : 24,
    "loserSegundoSaqueGanado" : 17,
    "loserDobleFalta" : 5,
    "loserServingPoints" : 67,
    "loserServingGames" : 10
  }, {
    "torneo" : "Delray Beach Q",
    "fecha" : "20120227",
    "superficie" : "Hard",
    "resultado" : "6-4 6-1",
    "contrincante" : "Vladimir Obradovic",
    "ganador" : true,
    "winnerAces" : 3,
    "winnerPrimerSaqueDentro" : 29,
    "winnerPrimerSaqueGanado" : 22,
    "winnerSegundoSaqueGanado" : 14,
    "winnerDobleFalta" : 2,
    "winnerServingPoints" : 57,
    "winnerServingGames" : 8,
    "loserAces" : 1,
    "loserPrimerSaqueDentro" : 26,
    "loserPrimerSaqueGanado" : 17,
    "loserSegundoSaqueGanado" : 8,
    "loserDobleFalta" : 6,
    "loserServingPoints" : 54,
    "loserServingGames" : 9
  }, {
    "torneo" : "Delray Beach Q",
    "fecha" : "20120227",
    "superficie" : "Hard",
    "resultado" : "7-6(6) 3-6 7-6(5)",
    "contrincante" : "Michael Yani",
    "ganador" : false,
    "winnerAces" : 9,
    "winnerPrimerSaqueDentro" : 68,
    "winnerPrimerSaqueGanado" : 50,
    "winnerSegundoSaqueGanado" : 27,
    "winnerDobleFalta" : 1,
    "winnerServingPoints" : 112,
    "winnerServingGames" : 16,
    "loserAces" : 11,
    "loserPrimerSaqueDentro" : 62,
    "loserPrimerSaqueGanado" : 51,
    "loserSegundoSaqueGanado" : 27,
    "loserDobleFalta" : 2,
    "loserServingPoints" : 105,
    "loserServingGames" : 17
  }, {
    "torneo" : "Gstaad Q",
    "fecha" : "20120716",
    "superficie" : "Clay",
    "resultado" : "3-6 6-2 6-1",
    "contrincante" : "Nils Langer",
    "ganador" : true,
    "winnerAces" : 3,
    "winnerPrimerSaqueDentro" : 53,
    "winnerPrimerSaqueGanado" : 34,
    "winnerSegundoSaqueGanado" : 21,
    "winnerDobleFalta" : 7,
    "winnerServingPoints" : 92,
    "winnerServingGames" : 12,
    "loserAces" : 5,
    "loserPrimerSaqueDentro" : 39,
    "loserPrimerSaqueGanado" : 25,
    "loserSegundoSaqueGanado" : 13,
    "loserDobleFalta" : 5,
    "loserServingPoints" : 69,
    "loserServingGames" : 12
  }, {
    "torneo" : "Gstaad Q",
    "fecha" : "20120716",
    "superficie" : "Clay",
    "resultado" : "6-3 6-2",
    "contrincante" : "Jan Hernych",
    "ganador" : false,
    "winnerAces" : 1,
    "winnerPrimerSaqueDentro" : 35,
    "winnerPrimerSaqueGanado" : 29,
    "winnerSegundoSaqueGanado" : 9,
    "winnerDobleFalta" : 1,
    "winnerServingPoints" : 55,
    "winnerServingGames" : 9,
    "loserAces" : 4,
    "loserPrimerSaqueDentro" : 35,
    "loserPrimerSaqueGanado" : 21,
    "loserSegundoSaqueGanado" : 7,
    "loserDobleFalta" : 1,
    "loserServingPoints" : 52,
    "loserServingGames" : 8
  }, {
    "torneo" : "Miami Masters Q",
    "fecha" : "20120321",
    "superficie" : "Hard",
    "resultado" : "6-2 6-4",
    "contrincante" : "Rajeev Ram",
    "ganador" : false,
    "winnerAces" : 5,
    "winnerPrimerSaqueDentro" : 31,
    "winnerPrimerSaqueGanado" : 27,
    "winnerSegundoSaqueGanado" : 12,
    "winnerDobleFalta" : 1,
    "winnerServingPoints" : 54,
    "winnerServingGames" : 9,
    "loserAces" : 4,
    "loserPrimerSaqueDentro" : 27,
    "loserPrimerSaqueGanado" : 21,
    "loserSegundoSaqueGanado" : 8,
    "loserDobleFalta" : 4,
    "loserServingPoints" : 50,
    "loserServingGames" : 9
  }, {
    "torneo" : "Casablanca Q",
    "fecha" : "20120409",
    "superficie" : "Clay",
    "resultado" : "6-3 6-1",
    "contrincante" : "Andre Sa",
    "ganador" : true,
    "winnerAces" : 3,
    "winnerPrimerSaqueDentro" : 19,
    "winnerPrimerSaqueGanado" : 13,
    "winnerSegundoSaqueGanado" : 21,
    "winnerDobleFalta" : 2,
    "winnerServingPoints" : 49,
    "winnerServingGames" : 8,
    "loserAces" : 0,
    "loserPrimerSaqueDentro" : 33,
    "loserPrimerSaqueGanado" : 19,
    "loserSegundoSaqueGanado" : 5,
    "loserDobleFalta" : 5,
    "loserServingPoints" : 48,