{
  "nombre" : "Mirza Basic",
  "mano" : "R",
  "nacionalidad" : "BIH",
  "edad" : 20.7830253251,
  "ganar1Saque" : 0.7018789251645406,
  "ganar2Saque" : 0.5894797212547727,
  "primerSaque" : 0.6389914519257016,
  "segundoSaque" : 0.33279995289113784,
  "ganarPuntoSacando" : 0.6446734569308101,
  "ganarPuntoRestando" : 0.36054620580723284,
  "probAce" : 0.10097965598106384,
  "clay" : {
    "nombre" : "Clay",
    "probVictoria" : 0.0,
    "probGanarPrimerSaque" : 0.675000011920929,
    "probGanarSegundoSaque" : 0.6000000238418579,
    "probPrimerSaque" : 0.7272727489471436,
    "probSegundoSaque" : 0.27272728085517883,
    "probGanarPuntoSacando" : 0.654545489224521,
    "probGanarPuntoRestando" : 0.2407407268233921,
    "probAce" : 0.0
  },
  "grass" : {
    "nombre" : "Grass",
    "probVictoria" : 0.0,
    "probGanarPrimerSaque" : 0.0,
    "probGanarSegundoSaque" : 0.0,
    "probPrimerSaque" : 0.0,
    "probSegundoSaque" : 0.0,
    "probGanarPuntoSacando" : 0.0,
    "probGanarPuntoRestando" : 0.0,
    "probAce" : 0.0
  },
  "hard" : {
    "nombre" : "Hard",
    "probVictoria" : 0.5714285969734192,
    "probGanarPrimerSaque" : 0.7075272755963462,
    "probGanarSegundoSaque" : 0.5795373235430036,
    "probPrimerSaque" : 0.638412377664021,
    "probSegundoSaque" : 0.33448811514036997,
    "probGanarPuntoSacando" : 0.6455425172810045,
    "probGanarPuntoRestando" : 0.3758508441499586,
    "probAce" : 0.0
  },
  "other" : {
    "nombre" : "Other",
    "probVictoria" : 0.6666666865348816,
    "probGanarPrimerSaque" : 0.6844795942306519,
    "probGanarSegundoSaque" : 0.6323708097139994,
    "probPrimerSaque" : 0.6122666994730631,
    "probSegundoSaque" : 0.34494608640670776,
    "probGanarPuntoSacando" : 0.6372178979849477,
    "probGanarPuntoRestando" : 0.32905971986912624,
    "probAce" : 0.0
  },
  "partidos" : [ {
    "torneo" : "Kaohsiung CH",
    "fecha" : "20120423",
    "superficie" : "Hard",
    "resultado" : "6-4 3-6 6-3",
    "contrincante" : "Liang Chi Huang",
    "ganador" : true,
    "winnerAces" : 6,
    "winnerPrimerSaqueDentro" : 60,
    "winnerPrimerSaqueGanado" : 44,
    "winnerSegundoSaqueGanado" : 17,
    "winnerDobleFalta" : 1,
    "winnerServingPoints" : 89,
    "winnerServingGames" : 14,
    "loserAces" : 7,
    "loserPrimerSaqueDentro" : 49,
    "loserPrimerSaqueGanado" : 36,
    "loserSegundoSaqueGanado" : 18,
    "loserDobleFalta" : 2,
    "loserServingPoints" : 77,
    "loserServingGames" : 14
  }, {
    "torneo" : "Kaohsiung CH",
    "fecha" : "20120423",
    "superficie" : "Hard",
    "resultado" : "6-2 6-2",
    "contrincante" : "Hsin Han Lee",
    "ganador" : true,
    "winnerAces" : 4,
    "winnerPrimerSaqueDentro" : 28,
    "winnerPrimerSaqueGanado" : 19,
    "winnerSegundoSaqueGanado" : 15,
    "winnerDobleFalta" : 1,
    "winnerServingPoints" : 48,
    "winnerServingGames" : 8,
    "loserAces" : 0,
    "loserPrimerSaqueDentro" : 18,
    "loserPrimerSaqueGanado" : 14,
    "loserSegundoSaqueGanado" : 9,
    "loserDobleFalta" : 4,
    "loserServingPoints" : 45,
    "loserServingGames" : 8
  }, {
    "torneo" : "Kaohsiung CH",
    "fecha" : "20120423",
    "superficie" : "Hard",
    "resultado" : "5-7 7-5 7-5",
    "contrincante" : "Vincent Millot",
    "ganador" : false,
    "winnerAces" : 8,
    "winnerPrimerSaqueDentro" : 63,
    "winnerPrimerSaqueGanado" : 47,
    "winnerSegundoSaqueGanado" : 22,
    "winnerDobleFalta" : 3,
    "winnerServingPoints" : 111,
    "winnerServingGames" : 18,
    "loserAces" : 16,
    "loserPrimerSaqueDentro" : 92,
    "loserPrimerSaqueGanado" : 56,
    "loserSegundoSaqueGanado" : 20,
    "loserDobleFalta" : 5,
    "loserServingPoints" : 131,
    "loserServingGames" : 18
  }, {
    "torneo" : "Toyota CH",
    "fecha" : "20121119",
    "superficie" : "Carpet",
    "resultado" : "5-7 6-3 7-6(8)",
    "contrincante" : "Takao Suzuki",
    "ganador" : true,
    "winnerAces" : 24,
    "winnerPrimerSaqueDentro" : 73,
    "winnerPrimerSaqueGanado" : 57,
    "winnerSegundoSaqueGanado" : 18,
    "winnerDobleFalta" : 0,
    "winnerServingPoints" : 102,
    "winnerServingGames" : 17,
    "loserAces" : 22,
    "loserPrimerSaqueDentro" : 74,
    "loserPrimerSaqueGanado" : 60,
    "loserSegundoSaqueGanado" : 12,
    "loserDobleFalta" : 2,
    "loserServingPoints" : 95,
    "loserServingGames" : 16
  }, {
    "torneo" : "Toyota CH",
    "fecha" : "20121119",
    "superficie" : "Carpet",
    "resultado" : "6-7(6) 6-3 7-5",
    "contrincante" : "Toshihide Matsui",
    "ganador" : true,
    "winnerAces" : 7,
    "winnerPrimerSaqueDentro" : 61,
    "winnerPrimerSaqueGanado" : 46,
    "winnerSegundoSaqueGanado" : 25,
    "winnerDobleFalta" : 5,
    "winnerServingPoints" : 107,
    "winnerServingGames" : 17,
    "loserAces" : 13,
    "loserPrimerSaqueDentro" : 86,
    "loserPrimerSaqueGanado" : 57,
    "loserSegundoSaqueGanado" : 14,
    "loserDobleFalta" : 1,
    "loserServingPoints" : 116,
    "loserServingGames" : 16
  }, {
    "torneo" : "Toyota CH",
    "fecha" : "20121119",
    "superficie" : "Carpet",
    "resultado" : "6-3 6-3",
    "contrincante" : "John Millman",
    "ganador" : false,
    "winnerAces" : 7,
    "winnerPrimerSaqueDentro" : 34,
    "winnerPrimerSaqueGanado" : 25,
    "winnerSegundoSaqueGanado" : 11,
    "winnerDobleFalta" : 3,
    "winnerServingPoints" : 56,
    "winnerServingGames" : 9,
    "loserAces" : 0,
    "loserPrimerSaqueDentro" : 27,
    "loserPrimerSaqueGanado" : 14,
    "loserSegundoSaqueGanado" : 12,
    "loserDobleFalta" : 4,
    "loserServingPoints" : 49,
    "loserServingGames" : 9
  }, {
    "torneo" : "Istanbul CH",
    "fecha" : "20120910",
    "superficie" : "Hard",
    "resultado" : "6-1 7-6(6)",
    "contrincante" : "Dmitry Tursunov",
    "ganador" : false,
    "winnerAces" : 11,
    "winnerPrimerSaqueDentro" : 42,
    "winnerPrimerSaqueGanado" : 30,
    "winnerSegundoSaqueGanado" : 10,
    "winnerDobleFalta" : 3,
    "winnerServingPoints" : 61,
    "winnerServingGames" : 10,
    "loserAces" : 6,
    "loserPrimerSaqueDentro" : 47,
    "loserPrimerSaqueGanado" : 32,
    "loserSegundoSaqueGanado" : 11,
    "loserDobleFalta" : 5,
    "loserServingPoints" : 82,
    "loserServingGames" : 9
  }, {
    "torneo" : "Tunis CH",
    "fecha" : "20120430",
    "superficie" : "Clay",
    "resultado" : "6-4 6-4",
    "contrincante" : "Jeremy Chardy",
    "ganador" : false,
    "winnerAces" : 6,
    "winnerPrimerSaqueDentro" : 27,
    "winnerPrimerSaqueGanado" : 24,
    "winnerSegundoSaqueGanado" : 17,
    "winnerDobleFalta" : 4,
    "winnerServingPoints" : 54,
    "winnerServingGames" : 10,
    "loserAces" : 0,
    "loserPrimerSaqueDentro" : 40,
    "loserPrimerSaqueGanado" : 27,
    "loserSegundoSaqueGanado" : 9,
    "loserDobleFalta" : 0,
    "loserServingPoints" : 55,
    "loserServingGames" : 10
  }, {
    "torneo" : "Yokohama CH",
    "fecha" : "20121112",
    "superficie" : "Hard",
    "resultado" : "6-2 1-6 7-6(5)",
    "contrincante" : "Daniel King Turner",
    "ganador" : true,
    "winnerAces" : 2,
    "winnerPrimerSaqueDentro" : 55,
    "winnerPrimerSaqueGanado" : 37,
    "winnerSegundoSaqueGanado" : 22,
    "winnerDobleFalta" : 5,
    "winnerServingPoints" : 89,
    "winnerServingGames" : 13,
    "loserAces" : 12,
    "loserPrimerSaqueDentro" : 55,
    "loserPrimerSaqueGanado" : 46,
    "loserSegundoSaqueGanado" : 9,
    "loserDobleFalta" : 8,
    "loserServingPoints" : 86,
    "loserServingGames" : 14
  }, {
    "torneo" : "Yokohama CH",
    "fecha" : "20121112",
    "superficie" : "Hard",
    "resultado" : "7-6(2) 6-2",
    "contrincante" : "Shuichi Sekiguchi",
    "ganador" : true,
    "winnerAces" : 7,
    "winnerPrimerSaqueDentro" : 47,
    "winnerPrimerSaqueGanado" : 29,
    "winnerSegundoSaqueGanado" : 21,
    "winnerDobleFalta" : 0,
    "winnerServingPoints" : 78,
    "winnerServingGames" : 10,
    "loserAces" : 0,
    "loserPrimerSaqueDentro" : 44,
    "loserPrimerSaqueGanado" : 28,
    "loserSegundoSaqueGanado" : 17,
    "loserDobleFalta" : 3,