{
  "nombre" : "Nicolas Pastor",
  "mano" : "R",
  "nacionalidad" : "ARG",
  "edad" : 21.1170431211,
  "ganar1Saque" : 0.584295262893041,
  "ganar2Saque" : 0.4626201291879018,
  "primerSaque" : 0.6442465533812841,
  "segundoSaque" : 0.30607936655481655,
  "ganarPuntoSacando" : 0.5180286853731934,
  "ganarPuntoRestando" : 0.3579488224671193,
  "probAce" : 0.016326529905200005,
  "clay" : {
    "nombre" : "Clay",
    "probVictoria" : 0.2857142984867096,
    "probGanarPrimerSaque" : 0.5660620076315743,
    "probGanarSegundoSaque" : 0.4898410865238735,
    "probPrimerSaque" : 0.6714453186307635,
    "probSegundoSaque" : 0.28202818759850096,
    "probGanarPuntoSacando" : 0.5182286789225606,
    "probGanarPuntoRestando" : 0.3910310585337501,
    "probAce" : 0.0
  },
  "grass" : {
    "nombre" : "Grass",
    "probVictoria" : 0.0,
    "probGanarPrimerSaque" : 0.707317054271698,
    "probGanarSegundoSaque" : 0.30434781312942505,
    "probPrimerSaque" : 0.6307692527770996,
    "probSegundoSaque" : 0.35384616255760193,
    "probGanarPuntoSacando" : 0.5538461555581033,
    "probGanarPuntoRestando" : 0.28301885413946337,
    "probAce" : 0.0
  },
  "hard" : {
    "nombre" : "Hard",
    "probVictoria" : 0.0,
    "probGanarPrimerSaque" : 0.5854480117559433,
    "probGanarSegundoSaque" : 0.4545515328645706,
    "probPrimerSaque" : 0.6000180393457413,
    "probSegundoSaque" : 0.3362272307276726,
    "probGanarPuntoSacando" : 0.5041119712707368,
    "probGanarPuntoRestando" : 0.3187874014324292,
    "probAce" : 0.0
  },
  "other" : {
    "nombre" : "Other",
    "probVictoria" : 0.0,
    "probGanarPrimerSaque" : 0.0,
    "probGanarSegundoSaque" : 0.0,
    "probPrimerSaque" : 0.0,
    "probSegundoSaque" : 0.0,
    "probGanarPuntoSacando" : 0.0,
    "probGanarPuntoRestando" : 0.0,
    "probAce" : 0.0
  },
  "partidos" : [ {
    "torneo" : "Sao Paulo2 CH",
    "fecha" : "20120423",
    "superficie" : "Clay",
    "resultado" : "6-2 0-6 7-5",
    "contrincante" : "Marco Trungelliti",
    "ganador" : true,
    "winnerAces" : 0,
    "winnerPrimerSaqueDentro" : 79,
    "winnerPrimerSaqueGanado" : 43,
    "winnerSegundoSaqueGanado" : 12,
    "winnerDobleFalta" : 4,
    "winnerServingPoints" : 107,
    "winnerServingGames" : 13,
    "loserAces" : 1,
    "loserPrimerSaqueDentro" : 44,
    "loserPrimerSaqueGanado" : 27,
    "loserSegundoSaqueGanado" : 13,
    "loserDobleFalta" : 4,
    "loserServingPoints" : 75,
    "loserServingGames" : 13
  }, {
    "torneo" : "Sao Paulo2 CH",
    "fecha" : "20120423",
    "superficie" : "Clay",
    "resultado" : "6-2 6-1",
    "contrincante" : "Julio Silva",
    "ganador" : false,
    "winnerAces" : 2,
    "winnerPrimerSaqueDentro" : 27,
    "winnerPrimerSaqueGanado" : 21,
    "winnerSegundoSaqueGanado" : 11,
    "winnerDobleFalta" : 1,
    "winnerServingPoints" : 49,
    "winnerServingGames" : 8,
    "loserAces" : 1,
    "loserPrimerSaqueDentro" : 34,
    "loserPrimerSaqueGanado" : 17,
    "loserSegundoSaqueGanado" : 9,
    "loserDobleFalta" : 4,
    "loserServingPoints" : 57,
    "loserServingGames" : 7
  }, {
    "torneo" : "Monza CH",
    "fecha" : "20120611",
    "superficie" : "Clay",
    "resultado" : "6-2 6-0",
    "contrincante" : "Rogerio Dutra Silva",
    "ganador" : false,
    "winnerAces" : 3,
    "winnerPrimerSaqueDentro" : 33,
    "winnerPrimerSaqueGanado" : 27,
    "winnerSegundoSaqueGanado" : 7,
    "winnerDobleFalta" : 0,
    "winnerServingPoints" : 49,
    "winnerServingGames" : 7,
    "loserAces" : 2,
    "loserPrimerSaqueDentro" : 37,
    "loserPrimerSaqueGanado" : 20,
    "loserSegundoSaqueGanado" : 5,
    "loserDobleFalta" : 0,
    "loserServingPoints" : 56,
    "loserServingGames" : 7
  }, {
    "torneo" : "Bucaramanga CH",
    "fecha" : "20120124",
    "superficie" : "Clay",
    "resultado" : "6-3 6-3",
    "contrincante" : "Julio Silva",
    "ganador" : false,
    "winnerAces" : 2,
    "winnerPrimerSaqueDentro" : 28,
    "winnerPrimerSaqueGanado" : 21,
    "winnerSegundoSaqueGanado" : 15,
    "winnerDobleFalta" : 1,
    "winnerServingPoints" : 53,
    "winnerServingGames" : 9,
    "loserAces" : 0,
    "loserPrimerSaqueDentro" : 37,
    "loserPrimerSaqueGanado" : 23,
    "loserSegundoSaqueGanado" : 5,
    "loserDobleFalta" : 4,
    "loserServingPoints" : 52,
    "loserServingGames" : 9
  }, {
    "torneo" : "Karshi CH",
    "fecha" : "20120813",
    "superficie" : "Hard",
    "resultado" : "6-0 3-0 RET",
    "contrincante" : "Riccardo Bellotti",
    "ganador" : false,
    "winnerAces" : 2,
    "winnerPrimerSaqueDentro" : 15,
    "winnerPrimerSaqueGanado" : 13,
    "winnerSegundoSaqueGanado" : 7,
    "winnerDobleFalta" : 0,
    "winnerServingPoints" : 25,
    "winnerServingGames" : 5,
    "loserAces" : 1,
    "loserPrimerSaqueDentro" : 21,
    "loserPrimerSaqueGanado" : 11,
    "loserSegundoSaqueGanado" : 4,
    "loserDobleFalta" : 3,
    "loserServingPoints" : 38,
    "loserServingGames" : 4
  }, {
    "torneo" : "Rio Quente CH",
    "fecha" : "20120507",
    "superficie" : "Hard",
    "resultado" : "6-3 4-6 7-6(3)",
    "contrincante" : "Renzo Olivo",
    "ganador" : false,
    "winnerAces" : 5,
    "winnerPrimerSaqueDentro" : 77,
    "winnerPrimerSaqueGanado" : 56,
    "winnerSegundoSaqueGanado" : 19,
    "winnerDobleFalta" : 2,
    "winnerServingPoints" : 121,
    "winnerServingGames" : 16,
    "loserAces" : 1,
    "loserPrimerSaqueDentro" : 64,
    "loserPrimerSaqueGanado" : 40,
    "loserSegundoSaqueGanado" : 21,
    "loserDobleFalta" : 3,
    "loserServingPoints" : 98,
    "loserServingGames" : 15
  }, {
    "torneo" : "Pozoblanco CH",
    "fecha" : "20120806",
    "superficie" : "Hard",
    "resultado" : "6-1 7-6(4)",
    "contrincante" : "Arnau Brugues Davi",
    "ganador" : false,
    "winnerAces" : 7,
    "winnerPrimerSaqueDentro" : 42,
    "winnerPrimerSaqueGanado" : 32,
    "winnerSegundoSaqueGanado" : 11,
    "winnerDobleFalta" : 1,
    "winnerServingPoints" : 58,
    "winnerServingGames" : 10,
    "loserAces" : 3,
    "loserPrimerSaqueDentro" : 36,
    "loserPrimerSaqueGanado" : 24,
    "loserSegundoSaqueGanado" : 12,
    "loserDobleFalta" : 4,
    "loserServingPoints" : 63,
    "loserServingGames" : 9
  }, {
    "torneo" : "Sao Paulo CH",
    "fecha" : "20120102",
    "superficie" : "Hard",
    "resultado" : "6-1 6-4",
    "contrincante" : "Juan Pablo Brzezicki",
    "ganador" : false,
    "winnerAces" : 1,
    "winnerPrimerSaqueDentro" : 32,
    "winnerPrimerSaqueGanado" : 22,
    "winnerSegundoSaqueGanado" : 9,
    "winnerDobleFalta" : 3,
    "winnerServingPoints" : 55,
    "winnerServingGames" : 9,
    "loserAces" : 1,
    "loserPrimerSaqueDentro" : 38,
    "loserPrimerSaqueGanado" : 20,
    "loserSegundoSaqueGanado" : 6,
    "loserDobleFalta" : 5,
    "loserServingPoints" : 61,
    "loserServingGames" : 8
  }, {
    "torneo" : "Santiago Q",
    "fecha" : "20120130",
    "superficie" : "Clay",
    "resultado" : "6-2 6-2",
    "contrincante" : "Andres Molteni",
    "ganador" : false,
    "winnerAces" : 3,
    "winnerPrimerSaqueDentro" : 34,
    "winnerPrimerSaqueGanado" : 27,
    "winnerSegundoSaqueGanado" : 6,
    "winnerDobleFalta" : 0,
    "winnerServingPoints" : 52,
    "winnerServingGames" : 8,
    "loserAces" : 1,
    "loserPrimerSaqueDentro" : 36,
    "loserPrimerSaqueGanado" : 18,
    "loserSegundoSaqueGanado" : 7,
    "loserDobleFalta" : 2,
    "loserServingPoints" : 54,
    "loserServingGames" : 8
  }, {
    "torneo" : "Buenos Aires Q",
    "fecha" : "20120220",
    "superficie" : "Clay",
    "resultado" : "6-0 6-3",
    "contrincante" : "Kevin Konfederak",
    "ganador" : true,
    "winnerAces" : 1,
    "winnerPrimerSaqueDentro" : 26,
    "winnerPrimerSaqueGanado" : 21,
    "winnerSegundoSaqueGanado" : 8,
    "winnerDobleFalta" : 0,
    "winnerServingPoints" : 36,
    "winnerServingGames" : 8,
    "loserAces" : 0,
    "loserPrimerSaqueDentro" : 21,
    "loserPrimerSaqueGanado" : 9,
    "loserSegundoSaqueGanado" : 6,
    "loserDobleFalta" : 1,
    "loserServingPoints" : 38,