{
  "nombre" : "Niels Desein",
  "mano" : "R",
  "nacionalidad" : "BEL",
  "edad" : 25.1033538672,
  "ganar1Saque" : 0.7444033026695251,
  "ganar2Saque" : 0.5437083542346954,
  "primerSaque" : 0.5922686457633972,
  "segundoSaque" : 0.3472459386376774,
  "ganarPuntoSacando" : 0.6296872537852536,
  "ganarPuntoRestando" : 0.39643392472220357,
  "probAce" : 0.061242345720529556,
  "clay" : {
    "nombre" : "Clay",
    "probVictoria" : 0.5,
    "probGanarPrimerSaque" : 0.7113032042980194,
    "probGanarSegundoSaque" : 0.5142644395430883,
    "probPrimerSaque" : 0.5717074871063232,
    "probSegundoSaque" : 0.3335648775100708,
    "probGanarPuntoSacando" : 0.5781979222838718,
    "probGanarPuntoRestando" : 0.4395674783180694,
    "probAce" : 0.0
  },
  "grass" : {
    "nombre" : "Grass",
    "probVictoria" : 0.6666666865348816,
    "probGanarPrimerSaque" : 1.1027609705924988,
    "probGanarSegundoSaque" : 0.508771946032842,
    "probPrimerSaque" : 0.6815598607063293,
    "probSegundoSaque" : 0.28613879283269245,
    "probGanarPuntoSacando" : 0.8971770039743772,
    "probGanarPuntoRestando" : 0.3571067935397359,
    "probAce" : 0.0
  },
  "hard" : {
    "nombre" : "Hard",
    "probVictoria" : 0.375,
    "probGanarPrimerSaque" : 0.7726893723011017,
    "probGanarSegundoSaque" : 0.5788924433290958,
    "probPrimerSaque" : 0.5742053091526031,
    "probSegundoSaque" : 0.3804219141602516,
    "probGanarPuntoSacando" : 0.6639057112852446,
    "probGanarPuntoRestando" : 0.3788314337187295,
    "probAce" : 0.0
  },
  "other" : {
    "nombre" : "Other",
    "probVictoria" : 0.0,
    "probGanarPrimerSaque" : 0.0,
    "probGanarSegundoSaque" : 0.0,
    "probPrimerSaque" : 0.0,
    "probSegundoSaque" : 0.0,
    "probGanarPuntoSacando" : 0.0,
    "probGanarPuntoRestando" : 0.0,
    "probAce" : 0.0
  },
  "partidos" : [ {
    "torneo" : "Penza CH",
    "fecha" : "20120716",
    "superficie" : "Hard",
    "resultado" : "2-6 7-6(11) 6-4",
    "contrincante" : "Konstantin Kravchuk",
    "ganador" : false,
    "winnerAces" : 11,
    "winnerPrimerSaqueDentro" : 74,
    "winnerPrimerSaqueGanado" : 55,
    "winnerSegundoSaqueGanado" : 15,
    "winnerDobleFalta" : 3,
    "winnerServingPoints" : 105,
    "winnerServingGames" : 15,
    "loserAces" : 4,
    "loserPrimerSaqueDentro" : 57,
    "loserPrimerSaqueGanado" : 45,
    "loserSegundoSaqueGanado" : 21,
    "loserDobleFalta" : 3,
    "loserServingPoints" : 93,
    "loserServingGames" : 15
  }, {
    "torneo" : "Tampere CH",
    "fecha" : "20120723",
    "superficie" : "Clay",
    "resultado" : "1-6 6-4 6-3",
    "contrincante" : "Petru Alexandru Luncanu",
    "ganador" : true,
    "winnerAces" : 3,
    "winnerPrimerSaqueDentro" : 41,
    "winnerPrimerSaqueGanado" : 31,
    "winnerSegundoSaqueGanado" : 10,
    "winnerDobleFalta" : 5,
    "winnerServingPoints" : 77,
    "winnerServingGames" : 13,
    "loserAces" : 2,
    "loserPrimerSaqueDentro" : 57,
    "loserPrimerSaqueGanado" : 32,
    "loserSegundoSaqueGanado" : 10,
    "loserDobleFalta" : 0,
    "loserServingPoints" : 78,
    "loserServingGames" : 13
  }, {
    "torneo" : "Tampere CH",
    "fecha" : "20120723",
    "superficie" : "Clay",
    "resultado" : "7-6(4) 6-1",
    "contrincante" : "Michael Lammer",
    "ganador" : true,
    "winnerAces" : 0,
    "winnerPrimerSaqueDentro" : 43,
    "winnerPrimerSaqueGanado" : 31,
    "winnerSegundoSaqueGanado" : 5,
    "winnerDobleFalta" : 3,
    "winnerServingPoints" : 55,
    "winnerServingGames" : 9,
    "loserAces" : 1,
    "loserPrimerSaqueDentro" : 52,
    "loserPrimerSaqueGanado" : 34,
    "loserSegundoSaqueGanado" : 17,
    "loserDobleFalta" : 7,
    "loserServingPoints" : 106,
    "loserServingGames" : 10
  }, {
    "torneo" : "Tampere CH",
    "fecha" : "20120723",
    "superficie" : "Clay",
    "resultado" : "6-4 6-2",
    "contrincante" : "Gastao Elias",
    "ganador" : false,
    "winnerAces" : 1,
    "winnerPrimerSaqueDentro" : 32,
    "winnerPrimerSaqueGanado" : 21,
    "winnerSegundoSaqueGanado" : 13,
    "winnerDobleFalta" : 2,
    "winnerServingPoints" : 56,
    "winnerServingGames" : 9,
    "loserAces" : 0,
    "loserPrimerSaqueDentro" : 34,
    "loserPrimerSaqueGanado" : 20,
    "loserSegundoSaqueGanado" : 9,
    "loserDobleFalta" : 6,
    "loserServingPoints" : 59,
    "loserServingGames" : 9
  }, {
    "torneo" : "Petange CH",
    "fecha" : "20120910",
    "superficie" : "Hard",
    "resultado" : "6-0 6-2",
    "contrincante" : "Gauthier Stauffer",
    "ganador" : true,
    "winnerAces" : 11,
    "winnerPrimerSaqueDentro" : 21,
    "winnerPrimerSaqueGanado" : 17,
    "winnerSegundoSaqueGanado" : 12,
    "winnerDobleFalta" : 1,
    "winnerServingPoints" : 37,
    "winnerServingGames" : 7,
    "loserAces" : 4,
    "loserPrimerSaqueDentro" : 25,
    "loserPrimerSaqueGanado" : 16,
    "loserSegundoSaqueGanado" : 6,
    "loserDobleFalta" : 5,
    "loserServingPoints" : 50,
    "loserServingGames" : 7
  }, {
    "torneo" : "Petange CH",
    "fecha" : "20120910",
    "superficie" : "Hard",
    "resultado" : "6-4 6-4",
    "contrincante" : "Gilles Muller",
    "ganador" : true,
    "winnerAces" : 4,
    "winnerPrimerSaqueDentro" : 33,
    "winnerPrimerSaqueGanado" : 31,
    "winnerSegundoSaqueGanado" : 10,
    "winnerDobleFalta" : 4,
    "winnerServingPoints" : 53,
    "winnerServingGames" : 10,
    "loserAces" : 8,
    "loserPrimerSaqueDentro" : 31,
    "loserPrimerSaqueGanado" : 25,
    "loserSegundoSaqueGanado" : 11,
    "loserDobleFalta" : 6,
    "loserServingPoints" : 52,
    "loserServingGames" : 10
  }, {
    "torneo" : "Petange CH",
    "fecha" : "20120910",
    "superficie" : "Hard",
    "resultado" : "7-5 6-4",
    "contrincante" : "Edouard Roger Vasselin",
    "ganador" : false,
    "winnerAces" : 7,
    "winnerPrimerSaqueDentro" : 49,
    "winnerPrimerSaqueGanado" : 32,
    "winnerSegundoSaqueGanado" : 14,
    "winnerDobleFalta" : 4,
    "winnerServingPoints" : 74,
    "winnerServingGames" : 11,
    "loserAces" : 4,
    "loserPrimerSaqueDentro" : 37,
    "loserPrimerSaqueGanado" : 25,
    "loserSegundoSaqueGanado" : 13,
    "loserDobleFalta" : 4,
    "loserServingPoints" : 69,
    "loserServingGames" : 11
  }, {
    "torneo" : "Marbella CH",
    "fecha" : "20121112",
    "superficie" : "Clay",
    "resultado" : "6-0 4-6 6-2",
    "contrincante" : "Steven Diez",
    "ganador" : false,
    "winnerAces" : 2,
    "winnerPrimerSaqueDentro" : 44,
    "winnerPrimerSaqueGanado" : 35,
    "winnerSegundoSaqueGanado" : 11,
    "winnerDobleFalta" : 3,
    "winnerServingPoints" : 66,
    "winnerServingGames" : 12,
    "loserAces" : 1,
    "loserPrimerSaqueDentro" : 36,
    "loserPrimerSaqueGanado" : 23,
    "loserSegundoSaqueGanado" : 13,
    "loserDobleFalta" : 12,
    "loserServingPoints" : 74,
    "loserServingGames" : 12
  }, {
    "torneo" : "Rennes CH",
    "fecha" : "20121008",
    "superficie" : "Hard",
    "resultado" : "6-2 7-6(6)",
    "contrincante" : "Philipp Oswald",
    "ganador" : true,
    "winnerAces" : 6,
    "winnerPrimerSaqueDentro" : 31,
    "winnerPrimerSaqueGanado" : 24,
    "winnerSegundoSaqueGanado" : 17,
    "winnerDobleFalta" : 0,
    "winnerServingPoints" : 56,
    "winnerServingGames" : 10,
    "loserAces" : 9,
    "loserPrimerSaqueDentro" : 49,
    "loserPrimerSaqueGanado" : 31,
    "loserSegundoSaqueGanado" : 7,
    "loserDobleFalta" : 1,
    "loserServingPoints" : 66,
    "loserServingGames" : 10
  }, {
    "torneo" : "Rennes CH",
    "fecha" : "20121008",
    "superficie" : "Hard",
    "resultado" : "6-3 1-6 6-2",
    "contrincante" : "Illya Marchenko",
    "ganador" : false,
    "winnerAces" : 4,
    "winnerPrimerSaqueDentro" : 38,
    "winnerPrimerSaqueGanado" : 31,
    "winnerSegundoSaqueGanado" : 17,
    "winnerDobleFalta" : 4,
    "winnerServingPoints" : 79,
    "winnerServingGames" : 12,
    "loserAces" : 3,
    "loserPrimerSaqueDentro" : 40,
    "loserPrimerSaqueGanado" : 31,
    "loserSegundoSaqueGanado" : 10,
    "loserDobleFalta" : 5,
    "loserServingPoints" : 70,