{
  "nombre" : "Nils Langer",
  "mano" : "U",
  "nacionalidad" : "GER",
  "edad" : 22.3764544832,
  "ganar1Saque" : 0.6810660645365715,
  "ganar2Saque" : 0.6316266983747483,
  "primerSaque" : 0.57437714189291,
  "segundoSaque" : 0.3459893614053726,
  "ganarPuntoSacando" : 0.6097248976060312,
  "ganarPuntoRestando" : 0.38248949900949747,
  "probAce" : 0.05095057189464569,
  "clay" : {
    "nombre" : "Clay",
    "probVictoria" : 0.4615384638309479,
    "probGanarPrimerSaque" : 0.6597995505883143,
    "probGanarSegundoSaque" : 0.6058872892306402,
    "probPrimerSaque" : 0.5618081872279828,
    "probSegundoSaque" : 0.36124192292873675,
    "probGanarPuntoSacando" : 0.5895526788896147,
    "probGanarPuntoRestando" : 0.3789709461291738,
    "probAce" : 0.0
  },
  "grass" : {
    "nombre" : "Grass",
    "probVictoria" : 0.0,
    "probGanarPrimerSaque" : 0.0,
    "probGanarSegundoSaque" : 0.0,
    "probPrimerSaque" : 0.0,
    "probSegundoSaque" : 0.0,
    "probGanarPuntoSacando" : 0.0,
    "probGanarPuntoRestando" : 0.0,
    "probAce" : 0.0
  },
  "hard" : {
    "nombre" : "Hard",
    "probVictoria" : 0.3333333432674408,
    "probGanarPrimerSaque" : 0.7624521056811014,
    "probGanarSegundoSaque" : 0.7133333285649618,
    "probPrimerSaque" : 0.6247023741404215,
    "probSegundoSaque" : 0.2925595243771871,
    "probGanarPuntoSacando" : 0.6849980999147086,
    "probGanarPuntoRestando" : 0.4325916027413019,
    "probAce" : 0.0
  },
  "other" : {
    "nombre" : "Other",
    "probVictoria" : 0.5,
    "probGanarPrimerSaque" : 0.6891427040100098,
    "probGanarSegundoSaque" : 0.6539998054504395,
    "probPrimerSaque" : 0.57748232036829,
    "probSegundoSaque" : 0.3364909142255783,
    "probGanarPuntoSacando" : 0.6180327202159468,
    "probGanarPuntoRestando" : 0.3563482180716959,
    "probAce" : 0.0
  },
  "partidos" : [ {
    "torneo" : "Kosice CH",
    "fecha" : "20120611",
    "superficie" : "Clay",
    "resultado" : "6-1 4-6 6-3",
    "contrincante" : "Peter Gojowczyk",
    "ganador" : true,
    "winnerAces" : 4,
    "winnerPrimerSaqueDentro" : 36,
    "winnerPrimerSaqueGanado" : 20,
    "winnerSegundoSaqueGanado" : 23,
    "winnerDobleFalta" : 5,
    "winnerServingPoints" : 70,
    "winnerServingGames" : 13,
    "loserAces" : 1,
    "loserPrimerSaqueDentro" : 47,
    "loserPrimerSaqueGanado" : 25,
    "loserSegundoSaqueGanado" : 14,
    "loserDobleFalta" : 12,
    "loserServingPoints" : 84,
    "loserServingGames" : 13
  }, {
    "torneo" : "Kosice CH",
    "fecha" : "20120611",
    "superficie" : "Clay",
    "resultado" : "6-1 6-3",
    "contrincante" : "Alessandro Giannessi",
    "ganador" : false,
    "winnerAces" : 1,
    "winnerPrimerSaqueDentro" : 34,
    "winnerPrimerSaqueGanado" : 23,
    "winnerSegundoSaqueGanado" : 9,
    "winnerDobleFalta" : 2,
    "winnerServingPoints" : 50,
    "winnerServingGames" : 8,
    "loserAces" : 1,
    "loserPrimerSaqueDentro" : 34,
    "loserPrimerSaqueGanado" : 16,
    "loserSegundoSaqueGanado" : 9,
    "loserDobleFalta" : 3,
    "loserServingPoints" : 56,
    "loserServingGames" : 8
  }, {
    "torneo" : "Orleans CH",
    "fecha" : "20120924",
    "superficie" : "Hard",
    "resultado" : "6-3 6-4",
    "contrincante" : "Steve Johnson",
    "ganador" : false,
    "winnerAces" : 6,
    "winnerPrimerSaqueDentro" : 38,
    "winnerPrimerSaqueGanado" : 27,
    "winnerSegundoSaqueGanado" : 14,
    "winnerDobleFalta" : 2,
    "winnerServingPoints" : 59,
    "winnerServingGames" : 10,
    "loserAces" : 2,
    "loserPrimerSaqueDentro" : 29,
    "loserPrimerSaqueGanado" : 18,
    "loserSegundoSaqueGanado" : 16,
    "loserDobleFalta" : 2,
    "loserServingPoints" : 56,
    "loserServingGames" : 9
  }, {
    "torneo" : "Wolfsburg CH",
    "fecha" : "20120220",
    "superficie" : "Carpet",
    "resultado" : "6-3 6-2",
    "contrincante" : "Amer Delic",
    "ganador" : false,
    "winnerAces" : 8,
    "winnerPrimerSaqueDentro" : 30,
    "winnerPrimerSaqueGanado" : 24,
    "winnerSegundoSaqueGanado" : 13,
    "winnerDobleFalta" : 1,
    "winnerServingPoints" : 48,
    "winnerServingGames" : 9,
    "loserAces" : 2,
    "loserPrimerSaqueDentro" : 21,
    "loserPrimerSaqueGanado" : 13,
    "loserSegundoSaqueGanado" : 12,
    "loserDobleFalta" : 4,
    "loserServingPoints" : 44,
    "loserServingGames" : 8
  }, {
    "torneo" : "Seville CH",
    "fecha" : "20120910",
    "superficie" : "Clay",
    "resultado" : "6-3 6-4",
    "contrincante" : "Steven Diez",
    "ganador" : true,
    "winnerAces" : 0,
    "winnerPrimerSaqueDentro" : 34,
    "winnerPrimerSaqueGanado" : 24,
    "winnerSegundoSaqueGanado" : 13,
    "winnerDobleFalta" : 3,
    "winnerServingPoints" : 60,
    "winnerServingGames" : 9,
    "loserAces" : 0,
    "loserPrimerSaqueDentro" : 33,
    "loserPrimerSaqueGanado" : 23,
    "loserSegundoSaqueGanado" : 8,
    "loserDobleFalta" : 6,
    "loserServingPoints" : 62,
    "loserServingGames" : 10
  }, {
    "torneo" : "Seville CH",
    "fecha" : "20120910",
    "superficie" : "Clay",
    "resultado" : "6-2 6-2",
    "contrincante" : "Daniel Gimeno Traver",
    "ganador" : false,
    "winnerAces" : 5,
    "winnerPrimerSaqueDentro" : 17,
    "winnerPrimerSaqueGanado" : 13,
    "winnerSegundoSaqueGanado" : 21,
    "winnerDobleFalta" : 2,
    "winnerServingPoints" : 43,
    "winnerServingGames" : 8,
    "loserAces" : 2,
    "loserPrimerSaqueDentro" : 43,
    "loserPrimerSaqueGanado" : 25,
    "loserSegundoSaqueGanado" : 6,
    "loserDobleFalta" : 4,
    "loserServingPoints" : 63,
    "loserServingGames" : 8
  }, {
    "torneo" : "Marburg CH",
    "fecha" : "20120625",
    "superficie" : "Clay",
    "resultado" : "6-2 6-4",
    "contrincante" : "Daniel Gimeno Traver",
    "ganador" : false,
    "winnerAces" : 6,
    "winnerPrimerSaqueDentro" : 20,
    "winnerPrimerSaqueGanado" : 19,
    "winnerSegundoSaqueGanado" : 18,
    "winnerDobleFalta" : 2,
    "winnerServingPoints" : 45,
    "winnerServingGames" : 9,
    "loserAces" : 4,
    "loserPrimerSaqueDentro" : 35,
    "loserPrimerSaqueGanado" : 19,
    "loserSegundoSaqueGanado" : 15,
    "loserDobleFalta" : 5,
    "loserServingPoints" : 59,
    "loserServingGames" : 9
  }, {
    "torneo" : "Eckental CH",
    "fecha" : "20121029",
    "superficie" : "Carpet",
    "resultado" : "6-3 6-0",
    "contrincante" : "Stefan Seifert",
    "ganador" : true,
    "winnerAces" : 8,
    "winnerPrimerSaqueDentro" : 39,
    "winnerPrimerSaqueGanado" : 28,
    "winnerSegundoSaqueGanado" : 10,
    "winnerDobleFalta" : 5,
    "winnerServingPoints" : 60,
    "winnerServingGames" : 7,
    "loserAces" : 5,
    "loserPrimerSaqueDentro" : 27,
    "loserPrimerSaqueGanado" : 15,
    "loserSegundoSaqueGanado" : 12,
    "loserDobleFalta" : 4,
    "loserServingPoints" : 57,
    "loserServingGames" : 8
  }, {
    "torneo" : "Eckental CH",
    "fecha" : "20121029",
    "superficie" : "Carpet",
    "resultado" : "6-3 4-6 6-3",
    "contrincante" : "Philipp Oswald",
    "ganador" : true,
    "winnerAces" : 4,
    "winnerPrimerSaqueDentro" : 50,
    "winnerPrimerSaqueGanado" : 38,
    "winnerSegundoSaqueGanado" : 19,
    "winnerDobleFalta" : 10,
    "winnerServingPoints" : 83,
    "winnerServingGames" : 14,
    "loserAces" : 20,
    "loserPrimerSaqueDentro" : 43,
    "loserPrimerSaqueGanado" : 36,
    "loserSegundoSaqueGanado" : 17,
    "loserDobleFalta" : 7,
    "loserServingPoints" : 78,
    "loserServingGames" : 14
  }, {
    "torneo" : "Eckental CH",
    "fecha" : "20121029",
    "superficie" : "Carpet",
    "resultado" : "3-6 6-1 6-4",
    "contrincante" : "Dominik Meffert",
    "ganador" : false,
    "winnerAces" : 11,
    "winnerPrimerSaqueDentro" : 52,
    "winnerPrimerSaqueGanado" : 38,
    "winnerSegundoSaqueGanado" : 16,
    "winnerDobleFalta" : 3,
    "winnerServingPoints" : 83,
    "winnerServingGames" : 13,
    "loserAces" : 4,
    "loserPrimerSaqueDentro" : 47,
    "loserPrimerSaqueGanado" : 31,
    "loserSegundoSaqueGanado" : 16,
    "loserDobleFalta" : 4,
    "loserServingPoints" : 81,