{
  "nombre" : "Philipp Oswald",
  "mano" : "R",
  "nacionalidad" : "AUT",
  "edad" : 26.4969199179,
  "ganar1Saque" : 0.7553003143805724,
  "ganar2Saque" : 0.5493194644267743,
  "primerSaque" : 0.6086519635640658,
  "segundoSaque" : 0.3392684098619681,
  "ganarPuntoSacando" : 0.6460817606305913,
  "ganarPuntoRestando" : 0.32546148990545193,
  "probAce" : 0.14356708526611328,
  "clay" : {
    "nombre" : "Clay",
    "probVictoria" : 0.3636363744735718,
    "probGanarPrimerSaque" : 0.7141120081598108,
    "probGanarSegundoSaque" : 0.5756769722158258,
    "probPrimerSaque" : 0.587971730665727,
    "probSegundoSaque" : 0.35463340851393615,
    "probGanarPuntoSacando" : 0.6240319601867825,
    "probGanarPuntoRestando" : 0.35883433614052823,
    "probAce" : 0.0
  },
  "grass" : {
    "nombre" : "Grass",
    "probVictoria" : 0.0,
    "probGanarPrimerSaque" : 0.0,
    "probGanarSegundoSaque" : 0.0,
    "probPrimerSaque" : 0.0,
    "probSegundoSaque" : 0.0,
    "probGanarPuntoSacando" : 0.0,
    "probGanarPuntoRestando" : 0.0,
    "probAce" : 0.0
  },
  "hard" : {
    "nombre" : "Hard",
    "probVictoria" : 0.25,
    "probGanarPrimerSaque" : 0.7637632687886556,
    "probGanarSegundoSaque" : 0.5132340391476949,
    "probPrimerSaque" : 0.6317873597145081,
    "probSegundoSaque" : 0.32845460375150043,
    "probGanarPuntoSacando" : 0.651110061994945,
    "probGanarPuntoRestando" : 0.304707173524948,
    "probAce" : 0.0
  },
  "other" : {
    "nombre" : "Other",
    "probVictoria" : 0.3333333432674408,
    "probGanarPrimerSaque" : 0.8724722862243652,
    "probGanarSegundoSaque" : 0.597016970316569,
    "probPrimerSaque" : 0.5919378995895386,
    "probSegundoSaque" : 0.32618530591328937,
    "probGanarPuntoSacando" : 0.7111875756558688,
    "probGanarPuntoRestando" : 0.2861116525655207,
    "probAce" : 0.0
  },
  "partidos" : [ {
    "torneo" : "Kitzbuhel",
    "fecha" : "20120722",
    "superficie" : "Clay",
    "resultado" : "4-6 6-2 6-3",
    "contrincante" : "Daniel Brands",
    "ganador" : true,
    "winnerAces" : 13,
    "winnerPrimerSaqueDentro" : 53,
    "winnerPrimerSaqueGanado" : 43,
    "winnerSegundoSaqueGanado" : 14,
    "winnerDobleFalta" : 7,
    "winnerServingPoints" : 78,
    "winnerServingGames" : 14,
    "loserAces" : 5,
    "loserPrimerSaqueDentro" : 36,
    "loserPrimerSaqueGanado" : 28,
    "loserSegundoSaqueGanado" : 19,
    "loserDobleFalta" : 8,
    "loserServingPoints" : 72,
    "loserServingGames" : 13
  }, {
    "torneo" : "Kitzbuhel",
    "fecha" : "20120722",
    "superficie" : "Clay",
    "resultado" : "6-4 3-6 6-2",
    "contrincante" : "Robin Haase",
    "ganador" : false,
    "winnerAces" : 4,
    "winnerPrimerSaqueDentro" : 49,
    "winnerPrimerSaqueGanado" : 32,
    "winnerSegundoSaqueGanado" : 19,
    "winnerDobleFalta" : 3,
    "winnerServingPoints" : 77,
    "winnerServingGames" : 13,
    "loserAces" : 10,
    "loserPrimerSaqueDentro" : 54,
    "loserPrimerSaqueGanado" : 37,
    "loserSegundoSaqueGanado" : 23,
    "loserDobleFalta" : 9,
    "loserServingPoints" : 98,
    "loserServingGames" : 14
  }, {
    "torneo" : "Genova CH",
    "fecha" : "20120904",
    "superficie" : "Clay",
    "resultado" : "6-2 6-4",
    "contrincante" : "Thomas Fabbiano",
    "ganador" : false,
    "winnerAces" : 1,
    "winnerPrimerSaqueDentro" : 38,
    "winnerPrimerSaqueGanado" : 28,
    "winnerSegundoSaqueGanado" : 14,
    "winnerDobleFalta" : 3,
    "winnerServingPoints" : 62,
    "winnerServingGames" : 9,
    "loserAces" : 4,
    "loserPrimerSaqueDentro" : 35,
    "loserPrimerSaqueGanado" : 24,
    "loserSegundoSaqueGanado" : 14,
    "loserDobleFalta" : 2,
    "loserServingPoints" : 68,
    "loserServingGames" : 9
  }, {
    "torneo" : "Toyota CH",
    "fecha" : "20121119",
    "superficie" : "Carpet",
    "resultado" : "7-6(3) 4-6 7-5",
    "contrincante" : "Ti Chen",
    "ganador" : false,
    "winnerAces" : 6,
    "winnerPrimerSaqueDentro" : 75,
    "winnerPrimerSaqueGanado" : 61,
    "winnerSegundoSaqueGanado" : 14,
    "winnerDobleFalta" : 0,
    "winnerServingPoints" : 100,
    "winnerServingGames" : 17,
    "loserAces" : 38,
    "loserPrimerSaqueDentro" : 71,
    "loserPrimerSaqueGanado" : 61,
    "loserSegundoSaqueGanado" : 15,
    "loserDobleFalta" : 3,
    "loserServingPoints" : 103,
    "loserServingGames" : 17
  }, {
    "torneo" : "Scheveningen CH",
    "fecha" : "20120709",
    "superficie" : "Clay",
    "resultado" : "6-2 7-6(4)",
    "contrincante" : "Thomas Schoorel",
    "ganador" : false,
    "winnerAces" : 1,
    "winnerPrimerSaqueDentro" : 44,
    "winnerPrimerSaqueGanado" : 31,
    "winnerSegundoSaqueGanado" : 15,
    "winnerDobleFalta" : 0,
    "winnerServingPoints" : 71,
    "winnerServingGames" : 10,
    "loserAces" : 2,
    "loserPrimerSaqueDentro" : 35,
    "loserPrimerSaqueGanado" : 26,
    "loserSegundoSaqueGanado" : 11,
    "loserDobleFalta" : 4,
    "loserServingPoints" : 59,
    "loserServingGames" : 10
  }, {
    "torneo" : "Cherbourg CH",
    "fecha" : "20120227",
    "superficie" : "Hard",
    "resultado" : "6-7(9) 6-3 7-5",
    "contrincante" : "Thomas Schoorel",
    "ganador" : false,
    "winnerAces" : 14,
    "winnerPrimerSaqueDentro" : 78,
    "winnerPrimerSaqueGanado" : 62,
    "winnerSegundoSaqueGanado" : 24,
    "winnerDobleFalta" : 5,
    "winnerServingPoints" : 125,
    "winnerServingGames" : 17,
    "loserAces" : 10,
    "loserPrimerSaqueDentro" : 66,
    "loserPrimerSaqueGanado" : 57,
    "loserSegundoSaqueGanado" : 11,
    "loserDobleFalta" : 2,
    "loserServingPoints" : 95,
    "loserServingGames" : 16
  }, {
    "torneo" : "Ostrava CH",
    "fecha" : "20120430",
    "superficie" : "Clay",
    "resultado" : "6-2 7-5",
    "contrincante" : "Jan Mertl",
    "ganador" : false,
    "winnerAces" : 2,
    "winnerPrimerSaqueDentro" : 38,
    "winnerPrimerSaqueGanado" : 31,
    "winnerSegundoSaqueGanado" : 13,
    "winnerDobleFalta" : 4,
    "winnerServingPoints" : 64,
    "winnerServingGames" : 10,
    "loserAces" : 6,
    "loserPrimerSaqueDentro" : 42,
    "loserPrimerSaqueGanado" : 32,
    "loserSegundoSaqueGanado" : 7,
    "loserDobleFalta" : 4,
    "loserServingPoints" : 70,
    "loserServingGames" : 10
  }, {
    "torneo" : "Trnava CH",
    "fecha" : "20120917",
    "superficie" : "Clay",
    "resultado" : "1-6 6-2 6-1",
    "contrincante" : "Joao Sousa",
    "ganador" : false,
    "winnerAces" : 3,
    "winnerPrimerSaqueDentro" : 60,
    "winnerPrimerSaqueGanado" : 36,
    "winnerSegundoSaqueGanado" : 18,
    "winnerDobleFalta" : 2,
    "winnerServingPoints" : 97,
    "winnerServingGames" : 11,
    "loserAces" : 3,
    "loserPrimerSaqueDentro" : 40,
    "loserPrimerSaqueGanado" : 23,
    "loserSegundoSaqueGanado" : 13,
    "loserDobleFalta" : 7,
    "loserServingPoints" : 65,
    "loserServingGames" : 11
  }, {
    "torneo" : "Todi CH",
    "fecha" : "20120910",
    "superficie" : "Clay",
    "resultado" : "7-5 6-3",
    "contrincante" : "Gerald Melzer",
    "ganador" : false,
    "winnerAces" : 3,
    "winnerPrimerSaqueDentro" : 31,
    "winnerPrimerSaqueGanado" : 23,
    "winnerSegundoSaqueGanado" : 21,
    "winnerDobleFalta" : 2,
    "winnerServingPoints" : 63,
    "winnerServingGames" : 10,
    "loserAces" : 2,
    "loserPrimerSaqueDentro" : 39,
    "loserPrimerSaqueGanado" : 28,
    "loserSegundoSaqueGanado" : 14,
    "loserDobleFalta" : 5,
    "loserServingPoints" : 71,
    "loserServingGames" : 11
  }, {
    "torneo" : "Eckental CH",
    "fecha" : "20121029",
    "superficie" : "Carpet",
    "resultado" : "7-6(10) 6-2",
    "contrincante" : "Ivo Minar",
    "ganador" : true,
    "winnerAces" : 21,
    "winnerPrimerSaqueDentro" : 38,
    "winnerPrimerSaqueGanado" : 35,
    "winnerSegundoSaqueGanado" : 16,
    "winnerDobleFalta" : 9,
    "winnerServingPoints" : 71,
    "winnerServingGames" : 10,
    "loserAces" : 10,
    "loserPrimerSaqueDentro" : 30,
    "loserPrimerSaqueGanado" : 24,
    "loserSegundoSaqueGanado" : 19,
    "loserDobleFalta" : 2,
    "loserServingPoints" : 61,