{
  "nombre" : "Pierre Ludovic Duclos",
  "mano" : "U",
  "nacionalidad" : "CAN",
  "edad" : 26.4421629021,
  "ganar1Saque" : 0.7155312936881493,
  "ganar2Saque" : 0.5606229623843884,
  "primerSaque" : 0.5773282164129717,
  "segundoSaque" : 0.3663001312264081,
  "ganarPuntoSacando" : 0.6184526702625845,
  "ganarPuntoRestando" : 0.3592194519614178,
  "probAce" : 0.08347176015377045,
  "clay" : {
    "nombre" : "Clay",
    "probVictoria" : 0.3333333432674408,
    "probGanarPrimerSaque" : 0.6779306928316752,
    "probGanarSegundoSaque" : 0.6299242575963339,
    "probPrimerSaque" : 0.5623197456200918,
    "probSegundoSaque" : 0.3598328133424123,
    "probGanarPuntoSacando" : 0.6078812325446794,
    "probGanarPuntoRestando" : 0.3534902687827519,
    "probAce" : 0.0
  },
  "grass" : {
    "nombre" : "Grass",
    "probVictoria" : 0.6666666865348816,
    "probGanarPrimerSaque" : 1.1721900254487991,
    "probGanarSegundoSaque" : 0.6105775088071823,
    "probPrimerSaque" : 0.605294535557429,
    "probSegundoSaque" : 0.34476184099912643,
    "probGanarPuntoSacando" : 0.9200240430481063,
    "probGanarPuntoRestando" : 0.3672199764640754,
    "probAce" : 0.0
  },
  "hard" : {
    "nombre" : "Hard",
    "probVictoria" : 0.25,
    "probGanarPrimerSaque" : 0.7013927668333053,
    "probGanarSegundoSaque" : 0.5352414041757584,
    "probPrimerSaque" : 0.5711895912885666,
    "probSegundoSaque" : 0.3737317159771919,
    "probGanarPuntoSacando" : 0.6006649362649205,
    "probGanarPuntoRestando" : 0.3576786720874202,
    "probAce" : 0.0
  },
  "other" : {
    "nombre" : "Other",
    "probVictoria" : 0.0,
    "probGanarPrimerSaque" : 0.0,
    "probGanarSegundoSaque" : 0.0,
    "probPrimerSaque" : 0.0,
    "probSegundoSaque" : 0.0,
    "probGanarPuntoSacando" : 0.0,
    "probGanarPuntoRestando" : 0.0,
    "probAce" : 0.0
  },
  "partidos" : [ {
    "torneo" : "s-Hertogenbosch",
    "fecha" : "20120617",
    "superficie" : "Grass",
    "resultado" : "6-4 6-4",
    "contrincante" : "David Ferrer",
    "ganador" : false,
    "winnerAces" : 4,
    "winnerPrimerSaqueDentro" : 33,
    "winnerPrimerSaqueGanado" : 24,
    "winnerSegundoSaqueGanado" : 15,
    "winnerDobleFalta" : 0,
    "winnerServingPoints" : 51,
    "winnerServingGames" : 10,
    "loserAces" : 6,
    "loserPrimerSaqueDentro" : 46,
    "loserPrimerSaqueGanado" : 30,
    "loserSegundoSaqueGanado" : 12,
    "loserDobleFalta" : 1,
    "loserServingPoints" : 77,
    "loserServingGames" : 10
  }, {
    "torneo" : "Vancouver CH",
    "fecha" : "20120730",
    "superficie" : "Hard",
    "resultado" : "6-2 7-6(5)",
    "contrincante" : "Rajeev Ram",
    "ganador" : true,
    "winnerAces" : 5,
    "winnerPrimerSaqueDentro" : 33,
    "winnerPrimerSaqueGanado" : 23,
    "winnerSegundoSaqueGanado" : 18,
    "winnerDobleFalta" : 7,
    "winnerServingPoints" : 68,
    "winnerServingGames" : 10,
    "loserAces" : 3,
    "loserPrimerSaqueDentro" : 32,
    "loserPrimerSaqueGanado" : 21,
    "loserSegundoSaqueGanado" : 14,
    "loserDobleFalta" : 1,
    "loserServingPoints" : 67,
    "loserServingGames" : 10
  }, {
    "torneo" : "Vancouver CH",
    "fecha" : "20120730",
    "superficie" : "Hard",
    "resultado" : "6-3 6-3",
    "contrincante" : "Jimmy Wang",
    "ganador" : false,
    "winnerAces" : 1,
    "winnerPrimerSaqueDentro" : 21,
    "winnerPrimerSaqueGanado" : 16,
    "winnerSegundoSaqueGanado" : 19,
    "winnerDobleFalta" : 2,
    "winnerServingPoints" : 50,
    "winnerServingGames" : 9,
    "loserAces" : 0,
    "loserPrimerSaqueDentro" : 29,
    "loserPrimerSaqueGanado" : 15,
    "loserSegundoSaqueGanado" : 18,
    "loserDobleFalta" : 3,
    "loserServingPoints" : 63,
    "loserServingGames" : 9
  }, {
    "torneo" : "Winnetka CH",
    "fecha" : "20120702",
    "superficie" : "Hard",
    "resultado" : "6-0 6-4",
    "contrincante" : "Danai Udomchoke",
    "ganador" : false,
    "winnerAces" : 4,
    "winnerPrimerSaqueDentro" : 24,
    "winnerPrimerSaqueGanado" : 19,
    "winnerSegundoSaqueGanado" : 15,
    "winnerDobleFalta" : 6,
    "winnerServingPoints" : 47,
    "winnerServingGames" : 8,
    "loserAces" : 6,
    "loserPrimerSaqueDentro" : 20,
    "loserPrimerSaqueGanado" : 15,
    "loserSegundoSaqueGanado" : 11,
    "loserDobleFalta" : 8,
    "loserServingPoints" : 52,
    "loserServingGames" : 8
  }, {
    "torneo" : "Savannah CH",
    "fecha" : "20120423",
    "superficie" : "Clay",
    "resultado" : "4-6 7-6(3) 6-4",
    "contrincante" : "Robert Kendrick",
    "ganador" : false,
    "winnerAces" : 4,
    "winnerPrimerSaqueDentro" : 65,
    "winnerPrimerSaqueGanado" : 48,
    "winnerSegundoSaqueGanado" : 23,
    "winnerDobleFalta" : 5,
    "winnerServingPoints" : 102,
    "winnerServingGames" : 16,
    "loserAces" : 7,
    "loserPrimerSaqueDentro" : 61,
    "loserPrimerSaqueGanado" : 43,
    "loserSegundoSaqueGanado" : 24,
    "loserDobleFalta" : 9,
    "loserServingPoints" : 110,
    "loserServingGames" : 16
  }, {
    "torneo" : "Leon CH",
    "fecha" : "20120409",
    "superficie" : "Hard",
    "resultado" : "6-4 5-7 6-1",
    "contrincante" : "Daniel Garza",
    "ganador" : false,
    "winnerAces" : 3,
    "winnerPrimerSaqueDentro" : 64,
    "winnerPrimerSaqueGanado" : 44,
    "winnerSegundoSaqueGanado" : 20,
    "winnerDobleFalta" : 3,
    "winnerServingPoints" : 95,
    "winnerServingGames" : 14,
    "loserAces" : 10,
    "loserPrimerSaqueDentro" : 42,
    "loserPrimerSaqueGanado" : 28,
    "loserSegundoSaqueGanado" : 26,
    "loserDobleFalta" : 12,
    "loserServingPoints" : 91,
    "loserServingGames" : 15
  }, {
    "torneo" : "Dallas CH",
    "fecha" : "20120206",
    "superficie" : "Hard",
    "resultado" : "7-6(4) 3-6 7-5",
    "contrincante" : "Denis Kudla",
    "ganador" : false,
    "winnerAces" : 7,
    "winnerPrimerSaqueDentro" : 53,
    "winnerPrimerSaqueGanado" : 38,
    "winnerSegundoSaqueGanado" : 30,
    "winnerDobleFalta" : 6,
    "winnerServingPoints" : 100,
    "winnerServingGames" : 16,
    "loserAces" : 16,
    "loserPrimerSaqueDentro" : 62,
    "loserPrimerSaqueGanado" : 50,
    "loserSegundoSaqueGanado" : 20,
    "loserDobleFalta" : 8,
    "loserServingPoints" : 108,
    "loserServingGames" : 17
  }, {
    "torneo" : "Tallahassee CH",
    "fecha" : "20120402",
    "superficie" : "Hard",
    "resultado" : "5-7 6-1 6-2",
    "contrincante" : "Yuichi Sugita",
    "ganador" : false,
    "winnerAces" : 2,
    "winnerPrimerSaqueDentro" : 44,
    "winnerPrimerSaqueGanado" : 27,
    "winnerSegundoSaqueGanado" : 24,
    "winnerDobleFalta" : 1,
    "winnerServingPoints" : 84,
    "winnerServingGames" : 13,
    "loserAces" : 14,
    "loserPrimerSaqueDentro" : 49,
    "loserPrimerSaqueGanado" : 35,
    "loserSegundoSaqueGanado" : 12,
    "loserDobleFalta" : 9,
    "loserServingPoints" : 93,
    "loserServingGames" : 14
  }, {
    "torneo" : "Le Gosier CH",
    "fecha" : "20120327",
    "superficie" : "Hard",
    "resultado" : "2-6 7-5 7-5",
    "contrincante" : "James Blake",
    "ganador" : false,
    "winnerAces" : 8,
    "winnerPrimerSaqueDentro" : 66,
    "winnerPrimerSaqueGanado" : 45,
    "winnerSegundoSaqueGanado" : 25,
    "winnerDobleFalta" : 3,
    "winnerServingPoints" : 105,
    "winnerServingGames" : 16,
    "loserAces" : 12,
    "loserPrimerSaqueDentro" : 54,
    "loserPrimerSaqueGanado" : 40,
    "loserSegundoSaqueGanado" : 20,
    "loserDobleFalta" : 6,
    "loserServingPoints" : 91,
    "loserServingGames" : 16
  }, {
    "torneo" : "Honolulu CH",
    "fecha" : "20120123",
    "superficie" : "Hard",
    "resultado" : "2-6 6-4 7-5",
    "contrincante" : "Blake Strode",
    "ganador" : true,
    "winnerAces" : 5,
    "winnerPrimerSaqueDentro" : 59,
    "winnerPrimerSaqueGanado" : 43,
    "winnerSegundoSaqueGanado" : 19,
    "winnerDobleFalta" : 5,
    "winnerServingPoints" : 102,
    "winnerServingGames" : 15,
    "loserAces" : 4,
    "loserPrimerSaqueDentro" : 51,
    "loserPrimerSaqueGanado" : 40,
    "loserSegundoSaqueGanado" : 18,
    "loserDobleFalta" : 6,