{
  "nombre" : "Raven Klaasen",
  "mano" : "R",
  "nacionalidad" : "RSA",
  "edad" : 29.3853524983,
  "ganar1Saque" : 0.6299760672781203,
  "ganar2Saque" : 0.46496032343970406,
  "primerSaque" : 0.6135106947686937,
  "segundoSaque" : 0.3518083426687453,
  "ganarPuntoSacando" : 0.5500739755194949,
  "ganarPuntoRestando" : 0.2930566030730257,
  "probAce" : 0.07164634019136429,
  "clay" : {
    "nombre" : "Clay",
    "probVictoria" : 0.0,
    "probGanarPrimerSaque" : 0.0,
    "probGanarSegundoSaque" : 0.0,
    "probPrimerSaque" : 0.0,
    "probSegundoSaque" : 0.0,
    "probGanarPuntoSacando" : 0.0,
    "probGanarPuntoRestando" : 0.0,
    "probAce" : 0.0
  },
  "grass" : {
    "nombre" : "Grass",
    "probVictoria" : 0.0,
    "probGanarPrimerSaque" : 0.6800000071525574,
    "probGanarSegundoSaque" : 0.6666666865348816,
    "probPrimerSaque" : 0.5555555820465088,
    "probSegundoSaque" : 0.4000000059604645,
    "probGanarPuntoSacando" : 0.6444444783528649,
    "probGanarPuntoRestando" : 0.25999999317255895,
    "probAce" : 0.0
  },
  "hard" : {
    "nombre" : "Hard",
    "probVictoria" : 0.0,
    "probGanarPrimerSaque" : 0.6187497121947152,
    "probGanarSegundoSaque" : 0.43113946063177927,
    "probPrimerSaque" : 0.6200123514447894,
    "probSegundoSaque" : 0.34501857842717853,
    "probGanarPuntoSacando" : 0.532383587824669,
    "probGanarPuntoRestando" : 0.28747028876461195,
    "probAce" : 0.0
  },
  "other" : {
    "nombre" : "Other",
    "probVictoria" : 0.0,
    "probGanarPrimerSaque" : 0.6585366129875183,
    "probGanarSegundoSaque" : 0.5,
    "probPrimerSaque" : 0.6259542107582092,
    "probSegundoSaque" : 0.35114502906799316,
    "probGanarPuntoSacando" : 0.5877862803719829,
    "probGanarPuntoRestando" : 0.3652174131323894,
    "probAce" : 0.0
  },
  "partidos" : [ {
    "torneo" : "Kyoto CH",
    "fecha" : "20120305",
    "superficie" : "Carpet",
    "resultado" : "7-6(4) 6-7(6) 6-4",
    "contrincante" : "Matthew Barton",
    "ganador" : false,
    "winnerAces" : 18,
    "winnerPrimerSaqueDentro" : 64,
    "winnerPrimerSaqueGanado" : 50,
    "winnerSegundoSaqueGanado" : 23,
    "winnerDobleFalta" : 6,
    "winnerServingPoints" : 115,
    "winnerServingGames" : 17,
    "loserAces" : 7,
    "loserPrimerSaqueDentro" : 82,
    "loserPrimerSaqueGanado" : 54,
    "loserSegundoSaqueGanado" : 23,
    "loserDobleFalta" : 3,
    "loserServingPoints" : 131,
    "loserServingGames" : 17
  }, {
    "torneo" : "Kaohsiung CH",
    "fecha" : "20120423",
    "superficie" : "Hard",
    "resultado" : "6-4 3-6 6-3",
    "contrincante" : "Kamil Capkovic",
    "ganador" : false,
    "winnerAces" : 4,
    "winnerPrimerSaqueDentro" : 47,
    "winnerPrimerSaqueGanado" : 33,
    "winnerSegundoSaqueGanado" : 22,
    "winnerDobleFalta" : 7,
    "winnerServingPoints" : 86,
    "winnerServingGames" : 14,
    "loserAces" : 7,
    "loserPrimerSaqueDentro" : 44,
    "loserPrimerSaqueGanado" : 34,
    "loserSegundoSaqueGanado" : 14,
    "loserDobleFalta" : 3,
    "loserServingPoints" : 72,
    "loserServingGames" : 14
  }, {
    "torneo" : "Fergana CH",
    "fecha" : "20120514",
    "superficie" : "Hard",
    "resultado" : "7-6(5) 6-7(4) 7-6(2)",
    "contrincante" : "Nikolaus Moser",
    "ganador" : false,
    "winnerAces" : 9,
    "winnerPrimerSaqueDentro" : 61,
    "winnerPrimerSaqueGanado" : 38,
    "winnerSegundoSaqueGanado" : 37,
    "winnerDobleFalta" : 4,
    "winnerServingPoints" : 115,
    "winnerServingGames" : 18,
    "loserAces" : 17,
    "loserPrimerSaqueDentro" : 72,
    "loserPrimerSaqueGanado" : 53,
    "loserSegundoSaqueGanado" : 29,
    "loserDobleFalta" : 5,
    "loserServingPoints" : 127,
    "loserServingGames" : 18
  }, {
    "torneo" : "Caloundra CH",
    "fecha" : "20120206",
    "superficie" : "Hard",
    "resultado" : "6-1 6-3",
    "contrincante" : "Henri Laaksonen",
    "ganador" : false,
    "winnerAces" : 3,
    "winnerPrimerSaqueDentro" : 20,
    "winnerPrimerSaqueGanado" : 18,
    "winnerSegundoSaqueGanado" : 14,
    "winnerDobleFalta" : 1,
    "winnerServingPoints" : 38,
    "winnerServingGames" : 8,
    "loserAces" : 2,
    "loserPrimerSaqueDentro" : 37,
    "loserPrimerSaqueGanado" : 20,
    "loserSegundoSaqueGanado" : 11,
    "loserDobleFalta" : 4,
    "loserServingPoints" : 62,
    "loserServingGames" : 8
  }, {
    "torneo" : "Burnie CH",
    "fecha" : "20120130",
    "superficie" : "Hard",
    "resultado" : "6-0 6-2",
    "contrincante" : "Adam Feeney",
    "ganador" : false,
    "winnerAces" : 1,
    "winnerPrimerSaqueDentro" : 28,
    "winnerPrimerSaqueGanado" : 21,
    "winnerSegundoSaqueGanado" : 8,
    "winnerDobleFalta" : 2,
    "winnerServingPoints" : 44,
    "winnerServingGames" : 7,
    "loserAces" : 2,
    "loserPrimerSaqueDentro" : 34,
    "loserPrimerSaqueGanado" : 15,
    "loserSegundoSaqueGanado" : 5,
    "loserDobleFalta" : 1,
    "loserServingPoints" : 51,
    "loserServingGames" : 7
  }, {
    "torneo" : "Busan CH",
    "fecha" : "20120507",
    "superficie" : "Hard",
    "resultado" : "7-5 4-6 6-1",
    "contrincante" : "Frederik Nielsen",
    "ganador" : false,
    "winnerAces" : 7,
    "winnerPrimerSaqueDentro" : 68,
    "winnerPrimerSaqueGanado" : 44,
    "winnerSegundoSaqueGanado" : 25,
    "winnerDobleFalta" : 1,
    "winnerServingPoints" : 106,
    "winnerServingGames" : 15,
    "loserAces" : 3,
    "loserPrimerSaqueDentro" : 50,
    "loserPrimerSaqueGanado" : 35,
    "loserSegundoSaqueGanado" : 15,
    "loserDobleFalta" : 3,
    "loserServingPoints" : 83,
    "loserServingGames" : 14
  }, {
    "torneo" : "Pingguo CH",
    "fecha" : "20120312",
    "superficie" : "Hard",
    "resultado" : "6-1 RET",
    "contrincante" : "Ze Zhang",
    "ganador" : false,
    "winnerAces" : 6,
    "winnerPrimerSaqueDentro" : 12,
    "winnerPrimerSaqueGanado" : 12,
    "winnerSegundoSaqueGanado" : 4,
    "winnerDobleFalta" : 0,
    "winnerServingPoints" : 19,
    "winnerServingGames" : 4,
    "loserAces" : 2,
    "loserPrimerSaqueDentro" : 11,
    "loserPrimerSaqueGanado" : 6,
    "loserSegundoSaqueGanado" : 0,
    "loserDobleFalta" : 0,
    "loserServingPoints" : 16,
    "loserServingGames" : 3
  }, {
    "torneo" : "Newport Q",
    "fecha" : "20120709",
    "superficie" : "Grass",
    "resultado" : "6-2 6-4",
    "contrincante" : "Benjamin Becker",
    "ganador" : false,
    "winnerAces" : 6,
    "winnerPrimerSaqueDentro" : 25,
    "winnerPrimerSaqueGanado" : 23,
    "winnerSegundoSaqueGanado" : 14,
    "winnerDobleFalta" : 3,
    "winnerServingPoints" : 50,
    "winnerServingGames" : 9,
    "loserAces" : 5,
    "loserPrimerSaqueDentro" : 25,
    "loserPrimerSaqueGanado" : 17,
    "loserSegundoSaqueGanado" : 12,
    "loserDobleFalta" : 2,
    "loserServingPoints" : 45,
    "loserServingGames" : 9
  }, {
    "torneo" : "Australian Open Q",
    "fecha" : "20120116",
    "superficie" : "Hard",
    "resultado" : "6-4 6-3",
    "contrincante" : "Jan Hernych",
    "ganador" : false,
    "winnerAces" : 2,
    "winnerPrimerSaqueDentro" : 38,
    "winnerPrimerSaqueGanado" : 29,
    "winnerSegundoSaqueGanado" : 11,
    "winnerDobleFalta" : 0,
    "winnerServingPoints" : 57,
    "winnerServingGames" : 10,
    "loserAces" : 2,
    "loserPrimerSaqueDentro" : 42,
    "loserPrimerSaqueGanado" : 25,
    "loserSegundoSaqueGanado" : 13,
    "loserDobleFalta" : 3,
    "loserServingPoints" : 69,
    "loserServingGames" : 9
  } ]
}