{
  "nombre" : "Roman Borvanov",
  "mano" : "U",
  "nacionalidad" : "MDA",
  "edad" : 30.006844627,
  "ganar1Saque" : 0.6595407128334045,
  "ganar2Saque" : 0.5266682729125023,
  "primerSaque" : 0.5942983818905694,
  "segundoSaque" : 0.35700713470578194,
  "ganarPuntoSacando" : 0.5799883094807803,
  "ganarPuntoRestando" : 0.337339601439154,
  "probAce" : 0.049370765686035156,
  "clay" : {
    "nombre" : "Clay",
    "probVictoria" : 0.0,
    "probGanarPrimerSaque" : 0.6668991701943534,
    "probGanarSegundoSaque" : 0.5002311979021344,
    "probPrimerSaque" : 0.5910534134932927,
    "probSegundoSaque" : 0.3515712320804596,
    "probGanarPuntoSacando" : 0.5700399295707546,
    "probGanarPuntoRestando" : 0.3065985914250974,
    "probAce" : 0.0
  },
  "grass" : {
    "nombre" : "Grass",
    "probVictoria" : 0.0,
    "probGanarPrimerSaque" : 0.6000000238418579,
    "probGanarSegundoSaque" : 0.5416666865348816,
    "probPrimerSaque" : 0.6164383292198181,
    "probSegundoSaque" : 0.3287671208381653,
    "probGanarPuntoSacando" : 0.5479452092149479,
    "probGanarPuntoRestando" : 0.16279069117269407,
    "probAce" : 0.0
  },
  "hard" : {
    "nombre" : "Hard",
    "probVictoria" : 0.4000000059604645,
    "probGanarPrimerSaque" : 0.6599422872066498,
    "probGanarSegundoSaque" : 0.535171328485012,
    "probPrimerSaque" : 0.5943271234631539,
    "probSegundoSaque" : 0.3603217013180256,
    "probGanarPuntoSacando" : 0.5850554447835702,
    "probGanarPuntoRestando" : 0.3568264004573968,
    "probAce" : 0.0
  },
  "other" : {
    "nombre" : "Other",
    "probVictoria" : 0.0,
    "probGanarPrimerSaque" : 0.0,
    "probGanarSegundoSaque" : 0.0,
    "probPrimerSaque" : 0.0,
    "probSegundoSaque" : 0.0,
    "probGanarPuntoSacando" : 0.0,
    "probGanarPuntoRestando" : 0.0,
    "probAce" : 0.0
  },
  "partidos" : [ {
    "torneo" : "San Luis Potosi CH",
    "fecha" : "20120402",
    "superficie" : "Clay",
    "resultado" : "6-4 6-7(4) 6-4",
    "contrincante" : "Guilherme Clezar",
    "ganador" : false,
    "winnerAces" : 6,
    "winnerPrimerSaqueDentro" : 66,
    "winnerPrimerSaqueGanado" : 50,
    "winnerSegundoSaqueGanado" : 16,
    "winnerDobleFalta" : 10,
    "winnerServingPoints" : 109,
    "winnerServingGames" : 16,
    "loserAces" : 9,
    "loserPrimerSaqueDentro" : 64,
    "loserPrimerSaqueGanado" : 44,
    "loserSegundoSaqueGanado" : 28,
    "loserDobleFalta" : 11,
    "loserServingPoints" : 129,
    "loserServingGames" : 16
  }, {
    "torneo" : "Tiburon CH",
    "fecha" : "20121008",
    "superficie" : "Hard",
    "resultado" : "6-0 3-6 6-1",
    "contrincante" : "Daniel Kosakowski",
    "ganador" : false,
    "winnerAces" : 5,
    "winnerPrimerSaqueDentro" : 40,
    "winnerPrimerSaqueGanado" : 28,
    "winnerSegundoSaqueGanado" : 12,
    "winnerDobleFalta" : 1,
    "winnerServingPoints" : 60,
    "winnerServingGames" : 11,
    "loserAces" : 2,
    "loserPrimerSaqueDentro" : 46,
    "loserPrimerSaqueGanado" : 26,
    "loserSegundoSaqueGanado" : 20,
    "loserDobleFalta" : 7,
    "loserServingPoints" : 96,
    "loserServingGames" : 11
  }, {
    "torneo" : "Vancouver CH",
    "fecha" : "20120730",
    "superficie" : "Hard",
    "resultado" : "6-0 6-1",
    "contrincante" : "Ruben Bemelmans",
    "ganador" : false,
    "winnerAces" : 6,
    "winnerPrimerSaqueDentro" : 21,
    "winnerPrimerSaqueGanado" : 19,
    "winnerSegundoSaqueGanado" : 10,
    "winnerDobleFalta" : 1,
    "winnerServingPoints" : 37,
    "winnerServingGames" : 7,
    "loserAces" : 2,
    "loserPrimerSaqueDentro" : 27,
    "loserPrimerSaqueGanado" : 12,
    "loserSegundoSaqueGanado" : 10,
    "loserDobleFalta" : 3,
    "loserServingPoints" : 53,
    "loserServingGames" : 6
  }, {
    "torneo" : "Medellin CH",
    "fecha" : "20121029",
    "superficie" : "Clay",
    "resultado" : "3-6 6-3 6-4",
    "contrincante" : "Fabiano De Paula",
    "ganador" : false,
    "winnerAces" : 2,
    "winnerPrimerSaqueDentro" : 54,
    "winnerPrimerSaqueGanado" : 40,
    "winnerSegundoSaqueGanado" : 17,
    "winnerDobleFalta" : 1,
    "winnerServingPoints" : 82,
    "winnerServingGames" : 14,
    "loserAces" : 2,
    "loserPrimerSaqueDentro" : 38,
    "loserPrimerSaqueGanado" : 30,
    "loserSegundoSaqueGanado" : 23,
    "loserDobleFalta" : 7,
    "loserServingPoints" : 81,
    "loserServingGames" : 14
  }, {
    "torneo" : "Winnetka CH",
    "fecha" : "20120702",
    "superficie" : "Hard",
    "resultado" : "6-3 6-4",
    "contrincante" : "Sergei Bubka",
    "ganador" : false,
    "winnerAces" : 11,
    "winnerPrimerSaqueDentro" : 40,
    "winnerPrimerSaqueGanado" : 32,
    "winnerSegundoSaqueGanado" : 13,
    "winnerDobleFalta" : 2,
    "winnerServingPoints" : 70,
    "winnerServingGames" : 10,
    "loserAces" : 3,
    "loserPrimerSaqueDentro" : 37,
    "loserPrimerSaqueGanado" : 24,
    "loserSegundoSaqueGanado" : 13,
    "loserDobleFalta" : 2,
    "loserServingPoints" : 64,
    "loserServingGames" : 9
  }, {
    "torneo" : "Istanbul CH",
    "fecha" : "20120910",
    "superficie" : "Hard",
    "resultado" : "6-4 7-5",
    "contrincante" : "Maximilian Abel",
    "ganador" : true,
    "winnerAces" : 5,
    "winnerPrimerSaqueDentro" : 40,
    "winnerPrimerSaqueGanado" : 28,
    "winnerSegundoSaqueGanado" : 14,
    "winnerDobleFalta" : 5,
    "winnerServingPoints" : 65,
    "winnerServingGames" : 11,
    "loserAces" : 1,
    "loserPrimerSaqueDentro" : 42,
    "loserPrimerSaqueGanado" : 24,
    "loserSegundoSaqueGanado" : 13,
    "loserDobleFalta" : 4,
    "loserServingPoints" : 68,
    "loserServingGames" : 11
  }, {
    "torneo" : "Istanbul CH",
    "fecha" : "20120910",
    "superficie" : "Hard",
    "resultado" : "6-2 6-4",
    "contrincante" : "Dmitry Tursunov",
    "ganador" : false,
    "winnerAces" : 6,
    "winnerPrimerSaqueDentro" : 32,
    "winnerPrimerSaqueGanado" : 24,
    "winnerSegundoSaqueGanado" : 13,
    "winnerDobleFalta" : 1,
    "winnerServingPoints" : 51,
    "winnerServingGames" : 9,
    "loserAces" : 5,
    "loserPrimerSaqueDentro" : 29,
    "loserPrimerSaqueGanado" : 21,
    "loserSegundoSaqueGanado" : 10,
    "loserDobleFalta" : 2,
    "loserServingPoints" : 50,
    "loserServingGames" : 9
  }, {
    "torneo" : "Savannah CH",
    "fecha" : "20120423",
    "superficie" : "Clay",
    "resultado" : "7-6(7) 4-6 7-5",
    "contrincante" : "Ryan Sweeting",
    "ganador" : false,
    "winnerAces" : 5,
    "winnerPrimerSaqueDentro" : 74,
    "winnerPrimerSaqueGanado" : 51,
    "winnerSegundoSaqueGanado" : 22,
    "winnerDobleFalta" : 6,
    "winnerServingPoints" : 117,
    "winnerServingGames" : 17,
    "loserAces" : 7,
    "loserPrimerSaqueDentro" : 83,
    "loserPrimerSaqueGanado" : 57,
    "loserSegundoSaqueGanado" : 19,
    "loserDobleFalta" : 3,
    "loserServingPoints" : 125,
    "loserServingGames" : 17
  }, {
    "torneo" : "Aptos CH",
    "fecha" : "20120806",
    "superficie" : "Hard",
    "resultado" : "4-6 6-4 6-2",
    "contrincante" : "Robert Farah",
    "ganador" : false,
    "winnerAces" : 5,
    "winnerPrimerSaqueDentro" : 47,
    "winnerPrimerSaqueGanado" : 33,
    "winnerSegundoSaqueGanado" : 23,
    "winnerDobleFalta" : 2,
    "winnerServingPoints" : 91,
    "winnerServingGames" : 14,
    "loserAces" : 7,
    "loserPrimerSaqueDentro" : 48,
    "loserPrimerSaqueGanado" : 31,
    "loserSegundoSaqueGanado" : 19,
    "loserDobleFalta" : 6,
    "loserServingPoints" : 87,
    "loserServingGames" : 14
  }, {
    "torneo" : "Lermontov CH",
    "fecha" : "20120924",
    "superficie" : "Clay",
    "resultado" : "7-5 6-3",
    "contrincante" : "Damir Dzumhur",
    "ganador" : false,
    "winnerAces" : 1,
    "winnerPrimerSaqueDentro" : 42,
    "winnerPrimerSaqueGanado" : 27,
    "winnerSegundoSaqueGanado" : 11,
    "winnerDobleFalta" : 1,
    "winnerServingPoints" : 57,
    "winnerServingGames" : 10,
    "loserAces" : 2,
    "loserPrimerSaqueDentro" : 49,
    "loserPrimerSaqueGanado" : 30,
    "loserSegundoSaqueGanado" : 11,
    "loserDobleFalta" : 5,
    "loserServingPoints" : 81,