{
  "nombre" : "Romain Jouan",
  "mano" : "R",
  "nacionalidad" : "FRA",
  "edad" : 26.71321013,
  "ganar1Saque" : 0.7533183760113187,
  "ganar2Saque" : 0.536768012576633,
  "primerSaque" : 0.5147758347016794,
  "segundoSaque" : 0.4511140905044697,
  "ganarPuntoSacando" : 0.6299337096127398,
  "ganarPuntoRestando" : 0.33741597785257904,
  "probAce" : 0.09689557552337646,
  "clay" : {
    "nombre" : "Clay",
    "probVictoria" : 0.3333333432674408,
    "probGanarPrimerSaque" : 0.7488629089461433,
    "probGanarSegundoSaque" : 0.508211354414622,
    "probPrimerSaque" : 0.4830356736977895,
    "probSegundoSaque" : 0.4687337544229295,
    "probGanarPuntoSacando" : 0.5999433159252145,
    "probGanarPuntoRestando" : 0.3447691740685704,
    "probAce" : 0.0
  },
  "grass" : {
    "nombre" : "Grass",
    "probVictoria" : 0.3333333432674408,
    "probGanarPrimerSaque" : 0.5714285969734192,
    "probGanarSegundoSaque" : 0.47999998927116394,
    "probPrimerSaque" : 0.5185185074806213,
    "probSegundoSaque" : 0.46296295523643494,
    "probGanarPuntoSacando" : 0.5185185167808379,
    "probGanarPuntoRestando" : 0.30909091996198346,
    "probAce" : 0.0
  },
  "hard" : {
    "nombre" : "Hard",
    "probVictoria" : 0.529411792755127,
    "probGanarPrimerSaque" : 0.7663765514598173,
    "probGanarSegundoSaque" : 0.5552255388568429,
    "probPrimerSaque" : 0.5313592921285069,
    "probSegundoSaque" : 0.44108904109281655,
    "probGanarPuntoSacando" : 0.652125202412182,
    "probGanarPuntoRestando" : 0.33518928914355994,
    "probAce" : 0.0
  },
  "other" : {
    "nombre" : "Other",
    "probVictoria" : 0.0,
    "probGanarPrimerSaque" : 0.0,
    "probGanarSegundoSaque" : 0.0,
    "probPrimerSaque" : 0.0,
    "probSegundoSaque" : 0.0,
    "probGanarPuntoSacando" : 0.0,
    "probGanarPuntoRestando" : 0.0,
    "probAce" : 0.0
  },
  "partidos" : [ {
    "torneo" : "St. Brieuc CH",
    "fecha" : "20120402",
    "superficie" : "Clay",
    "resultado" : "7-6(7) 3-6 6-4",
    "contrincante" : "Daniel Gimeno Traver",
    "ganador" : false,
    "winnerAces" : 11,
    "winnerPrimerSaqueDentro" : 66,
    "winnerPrimerSaqueGanado" : 49,
    "winnerSegundoSaqueGanado" : 25,
    "winnerDobleFalta" : 2,
    "winnerServingPoints" : 119,
    "winnerServingGames" : 16,
    "loserAces" : 8,
    "loserPrimerSaqueDentro" : 55,
    "loserPrimerSaqueGanado" : 41,
    "loserSegundoSaqueGanado" : 27,
    "loserDobleFalta" : 6,
    "loserServingPoints" : 104,
    "loserServingGames" : 15
  }, {
    "torneo" : "Noumea CH",
    "fecha" : "20120102",
    "superficie" : "Hard",
    "resultado" : "6-4 7-5",
    "contrincante" : "Matthew Barton",
    "ganador" : true,
    "winnerAces" : 7,
    "winnerPrimerSaqueDentro" : 34,
    "winnerPrimerSaqueGanado" : 28,
    "winnerSegundoSaqueGanado" : 18,
    "winnerDobleFalta" : 1,
    "winnerServingPoints" : 63,
    "winnerServingGames" : 11,
    "loserAces" : 8,
    "loserPrimerSaqueDentro" : 32,
    "loserPrimerSaqueGanado" : 22,
    "loserSegundoSaqueGanado" : 19,
    "loserDobleFalta" : 2,
    "loserServingPoints" : 61,
    "loserServingGames" : 11
  }, {
    "torneo" : "Noumea CH",
    "fecha" : "20120102",
    "superficie" : "Hard",
    "resultado" : "6-4 3-6 7-6(6)",
    "contrincante" : "Jeremy Chardy",
    "ganador" : false,
    "winnerAces" : 24,
    "winnerPrimerSaqueDentro" : 66,
    "winnerPrimerSaqueGanado" : 54,
    "winnerSegundoSaqueGanado" : 16,
    "winnerDobleFalta" : 7,
    "winnerServingPoints" : 104,
    "winnerServingGames" : 15,
    "loserAces" : 12,
    "loserPrimerSaqueDentro" : 62,
    "loserPrimerSaqueGanado" : 49,
    "loserSegundoSaqueGanado" : 25,
    "loserDobleFalta" : 7,
    "loserServingPoints" : 115,
    "loserServingGames" : 16
  }, {
    "torneo" : "Cherbourg CH",
    "fecha" : "20120227",
    "superficie" : "Hard",
    "resultado" : "6-4 3-6 6-3",
    "contrincante" : "Uladzimir Ignatik",
    "ganador" : false,
    "winnerAces" : 13,
    "winnerPrimerSaqueDentro" : 48,
    "winnerPrimerSaqueGanado" : 39,
    "winnerSegundoSaqueGanado" : 14,
    "winnerDobleFalta" : 4,
    "winnerServingPoints" : 77,
    "winnerServingGames" : 14,
    "loserAces" : 7,
    "loserPrimerSaqueDentro" : 47,
    "loserPrimerSaqueGanado" : 36,
    "loserSegundoSaqueGanado" : 22,
    "loserDobleFalta" : 2,
    "loserServingPoints" : 95,
    "loserServingGames" : 14
  }, {
    "torneo" : "Orbetello CH",
    "fecha" : "20120723",
    "superficie" : "Clay",
    "resultado" : "6-2 7-6(4)",
    "contrincante" : "Marek Michalicka",
    "ganador" : true,
    "winnerAces" : 2,
    "winnerPrimerSaqueDentro" : 38,
    "winnerPrimerSaqueGanado" : 28,
    "winnerSegundoSaqueGanado" : 18,
    "winnerDobleFalta" : 0,
    "winnerServingPoints" : 65,
    "winnerServingGames" : 10,
    "loserAces" : 4,
    "loserPrimerSaqueDentro" : 37,
    "loserPrimerSaqueGanado" : 23,
    "loserSegundoSaqueGanado" : 12,
    "loserDobleFalta" : 3,
    "loserServingPoints" : 58,
    "loserServingGames" : 10
  }, {
    "torneo" : "Orbetello CH",
    "fecha" : "20120723",
    "superficie" : "Clay",
    "resultado" : "6-4 RET",
    "contrincante" : "Pedro Sousa",
    "ganador" : false,
    "winnerAces" : 0,
    "winnerPrimerSaqueDentro" : 20,
    "winnerPrimerSaqueGanado" : 14,
    "winnerSegundoSaqueGanado" : 5,
    "winnerDobleFalta" : 2,
    "winnerServingPoints" : 31,
    "winnerServingGames" : 5,
    "loserAces" : 1,
    "loserPrimerSaqueDentro" : 12,
    "loserPrimerSaqueGanado" : 9,
    "loserSegundoSaqueGanado" : 7,
    "loserDobleFalta" : 1,
    "loserServingPoints" : 30,
    "loserServingGames" : 5
  }, {
    "torneo" : "Tunis CH",
    "fecha" : "20120430",
    "superficie" : "Clay",
    "resultado" : "7-6(3) 4-6 6-3",
    "contrincante" : "Marsel Ilhan",
    "ganador" : false,
    "winnerAces" : 4,
    "winnerPrimerSaqueDentro" : 70,
    "winnerPrimerSaqueGanado" : 48,
    "winnerSegundoSaqueGanado" : 18,
    "winnerDobleFalta" : 4,
    "winnerServingPoints" : 112,
    "winnerServingGames" : 16,
    "loserAces" : 8,
    "loserPrimerSaqueDentro" : 48,
    "loserPrimerSaqueGanado" : 37,
    "loserSegundoSaqueGanado" : 21,
    "loserDobleFalta" : 5,
    "loserServingPoints" : 100,
    "loserServingGames" : 15
  }, {
    "torneo" : "Quimper CH",
    "fecha" : "20120206",
    "superficie" : "Hard",
    "resultado" : "7-6(3) 6-7(3) 6-2",
    "contrincante" : "Augustin Gensse",
    "ganador" : false,
    "winnerAces" : 5,
    "winnerPrimerSaqueDentro" : 62,
    "winnerPrimerSaqueGanado" : 43,
    "winnerSegundoSaqueGanado" : 23,
    "winnerDobleFalta" : 2,
    "winnerServingPoints" : 97,
    "winnerServingGames" : 16,
    "loserAces" : 6,
    "loserPrimerSaqueDentro" : 40,
    "loserPrimerSaqueGanado" : 29,
    "loserSegundoSaqueGanado" : 29,
    "loserDobleFalta" : 2,
    "loserServingPoints" : 91,
    "loserServingGames" : 16
  }, {
    "torneo" : "Napoli CH",
    "fecha" : "20120423",
    "superficie" : "Clay",
    "resultado" : "6-4 6-4",
    "contrincante" : "Thomas Schoorel",
    "ganador" : false,
    "winnerAces" : 4,
    "winnerPrimerSaqueDentro" : 30,
    "winnerPrimerSaqueGanado" : 23,
    "winnerSegundoSaqueGanado" : 13,
    "winnerDobleFalta" : 0,
    "winnerServingPoints" : 48,
    "winnerServingGames" : 10,
    "loserAces" : 4,
    "loserPrimerSaqueDentro" : 26,
    "loserPrimerSaqueGanado" : 22,
    "loserSegundoSaqueGanado" : 17,
    "loserDobleFalta" : 5,
    "loserServingPoints" : 68,
    "loserServingGames" : 10
  }, {
    "torneo" : "Bath CH",
    "fecha" : "20120319",
    "superficie" : "Hard",
    "resultado" : "3-6 6-3 6-2",
    "contrincante" : "Liam Broady",
    "ganador" : true,
    "winnerAces" : 9,
    "winnerPrimerSaqueDentro" : 39,
    "winnerPrimerSaqueGanado" : 33,
    "winnerSegundoSaqueGanado" : 16,
    "winnerDobleFalta" : 3,
    "winnerServingPoints" : 74,
    "winnerServingGames" : 13,
    "loserAces" : 7,
    "loserPrimerSaqueDentro" : 35,
    "loserPrimerSaqueGanado" : 24,
    "loserSegundoSaqueGanado" : 22,
    "loserDobleFalta" : 4,