{
  "nombre" : "Rui Machado",
  "mano" : "R",
  "nacionalidad" : "POR",
  "edad" : 28.0355920602,
  "ganar1Saque" : 0.6241355514526368,
  "ganar2Saque" : 0.5034294128417969,
  "primerSaque" : 0.6877677655220031,
  "segundoSaque" : 0.25506728768348697,
  "ganarPuntoSacando" : 0.5576686884790707,
  "ganarPuntoRestando" : 0.3919475864202993,
  "probAce" : 0.016940949484705925,
  "clay" : {
    "nombre" : "Clay",
    "probVictoria" : 0.42105263471603394,
    "probGanarPrimerSaque" : 0.6290448904037476,
    "probGanarSegundoSaque" : 0.49419664866045904,
    "probPrimerSaque" : 0.7020732258495531,
    "probSegundoSaque" : 0.24302044981404355,
    "probGanarPuntoSacando" : 0.5617354672639953,
    "probGanarPuntoRestando" : 0.4201129175530933,
    "probAce" : 0.0
  },
  "grass" : {
    "nombre" : "Grass",
    "probVictoria" : 0.0,
    "probGanarPrimerSaque" : 0.6909090876579285,
    "probGanarSegundoSaque" : 0.5,
    "probPrimerSaque" : 0.5288461446762085,
    "probSegundoSaque" : 0.36538460850715637,
    "probGanarPuntoSacando" : 0.5480769115832302,
    "probGanarPuntoRestando" : 0.2530120365993225,
    "probAce" : 0.0
  },
  "hard" : {
    "nombre" : "Hard",
    "probVictoria" : 0.0,
    "probGanarPrimerSaque" : 0.5921253561973572,
    "probGanarSegundoSaque" : 0.5391997992992401,
    "probPrimerSaque" : 0.6651913404464722,
    "probSegundoSaque" : 0.2787818074226379,
    "probGanarPuntoSacando" : 0.5441957540118306,
    "probGanarPuntoRestando" : 0.3127064380798773,
    "probAce" : 0.0
  },
  "other" : {
    "nombre" : "Other",
    "probVictoria" : 0.0,
    "probGanarPrimerSaque" : 0.0,
    "probGanarSegundoSaque" : 0.0,
    "probPrimerSaque" : 0.0,
    "probSegundoSaque" : 0.0,
    "probGanarPuntoSacando" : 0.0,
    "probGanarPuntoRestando" : 0.0,
    "probAce" : 0.0
  },
  "partidos" : [ {
    "torneo" : "Barcelona",
    "fecha" : "20120423",
    "superficie" : "Clay",
    "resultado" : "6-3 7-6(5)",
    "contrincante" : "Victor Hanescu",
    "ganador" : false,
    "winnerAces" : 3,
    "winnerPrimerSaqueDentro" : 62,
    "winnerPrimerSaqueGanado" : 41,
    "winnerSegundoSaqueGanado" : 13,
    "winnerDobleFalta" : 0,
    "winnerServingPoints" : 90,
    "winnerServingGames" : 11,
    "loserAces" : 1,
    "loserPrimerSaqueDentro" : 63,
    "loserPrimerSaqueGanado" : 39,
    "loserSegundoSaqueGanado" : 8,
    "loserDobleFalta" : 3,
    "loserServingPoints" : 88,
    "loserServingGames" : 10
  }, {
    "torneo" : "Auckland",
    "fecha" : "20120109",
    "superficie" : "Hard",
    "resultado" : "6-3 7-6(3)",
    "contrincante" : "Thomaz Bellucci",
    "ganador" : false,
    "winnerAces" : 7,
    "winnerPrimerSaqueDentro" : 37,
    "winnerPrimerSaqueGanado" : 30,
    "winnerSegundoSaqueGanado" : 22,
    "winnerDobleFalta" : 2,
    "winnerServingPoints" : 69,
    "winnerServingGames" : 11,
    "loserAces" : 1,
    "loserPrimerSaqueDentro" : 50,
    "loserPrimerSaqueGanado" : 34,
    "loserSegundoSaqueGanado" : 14,
    "loserDobleFalta" : 4,
    "loserServingPoints" : 75,
    "loserServingGames" : 10
  }, {
    "torneo" : "Sao Paulo",
    "fecha" : "20120213",
    "superficie" : "Clay",
    "resultado" : "6-3 1-6 6-2",
    "contrincante" : "Ruben Ramirez Hidalgo",
    "ganador" : false,
    "winnerAces" : 1,
    "winnerPrimerSaqueDentro" : 33,
    "winnerPrimerSaqueGanado" : 24,
    "winnerSegundoSaqueGanado" : 19,
    "winnerDobleFalta" : 4,
    "winnerServingPoints" : 74,
    "winnerServingGames" : 12,
    "loserAces" : 3,
    "loserPrimerSaqueDentro" : 44,
    "loserPrimerSaqueGanado" : 27,
    "loserSegundoSaqueGanado" : 12,
    "loserDobleFalta" : 5,
    "loserServingPoints" : 74,
    "loserServingGames" : 12
  }, {
    "torneo" : "Wimbledon",
    "fecha" : "20120625",
    "superficie" : "Grass",
    "resultado" : "7-6(2) 6-4 6-0",
    "contrincante" : "Brian Baker",
    "ganador" : false,
    "winnerAces" : 6,
    "winnerPrimerSaqueDentro" : 43,
    "winnerPrimerSaqueGanado" : 37,
    "winnerSegundoSaqueGanado" : 25,
    "winnerDobleFalta" : 6,
    "winnerServingPoints" : 83,
    "winnerServingGames" : 14,
    "loserAces" : 6,
    "loserPrimerSaqueDentro" : 55,
    "loserPrimerSaqueGanado" : 38,
    "loserSegundoSaqueGanado" : 19,
    "loserDobleFalta" : 11,
    "loserServingPoints" : 104,
    "loserServingGames" : 14
  }, {
    "torneo" : "Roland Garros",
    "fecha" : "20120527",
    "superficie" : "Clay",
    "resultado" : "7-6(2) 6-7(6) 4-6 6-1 11-9",
    "contrincante" : "Kevin Anderson",
    "ganador" : false,
    "winnerAces" : 26,
    "winnerPrimerSaqueDentro" : 133,
    "winnerPrimerSaqueGanado" : 95,
    "winnerSegundoSaqueGanado" : 37,
    "winnerDobleFalta" : 7,
    "winnerServingPoints" : 198,
    "winnerServingGames" : 31,
    "loserAces" : 3,
    "loserPrimerSaqueDentro" : 146,
    "loserPrimerSaqueGanado" : 90,
    "loserSegundoSaqueGanado" : 37,
    "loserDobleFalta" : 6,
    "loserServingPoints" : 210,
    "loserServingGames" : 30
  }, {
    "torneo" : "Doha",
    "fecha" : "20120102",
    "superficie" : "Hard",
    "resultado" : "7-5 6-3",
    "contrincante" : "Gael Monfils",
    "ganador" : false,
    "winnerAces" : 1,
    "winnerPrimerSaqueDentro" : 47,
    "winnerPrimerSaqueGanado" : 31,
    "winnerSegundoSaqueGanado" : 6,
    "winnerDobleFalta" : 0,
    "winnerServingPoints" : 56,
    "winnerServingGames" : 10,
    "loserAces" : 1,
    "loserPrimerSaqueDentro" : 54,
    "loserPrimerSaqueGanado" : 29,
    "loserSegundoSaqueGanado" : 9,
    "loserDobleFalta" : 2,
    "loserServingPoints" : 72,
    "loserServingGames" : 11
  }, {
    "torneo" : "Acapulco",
    "fecha" : "20120227",
    "superficie" : "Clay",
    "resultado" : "7-6(4) 6-3",
    "contrincante" : "Jeremy Chardy",
    "ganador" : false,
    "winnerAces" : 4,
    "winnerPrimerSaqueDentro" : 43,
    "winnerPrimerSaqueGanado" : 31,
    "winnerSegundoSaqueGanado" : 20,
    "winnerDobleFalta" : 6,
    "winnerServingPoints" : 86,
    "winnerServingGames" : 10,
    "loserAces" : 2,
    "loserPrimerSaqueDentro" : 51,
    "loserPrimerSaqueGanado" : 33,
    "loserSegundoSaqueGanado" : 9,
    "loserDobleFalta" : 8,
    "loserServingPoints" : 76,
    "loserServingGames" : 11
  }, {
    "torneo" : "Casablanca",
    "fecha" : "20120409",
    "superficie" : "Clay",
    "resultado" : "6-2 6-1",
    "contrincante" : "Sergio Gutierrez Ferrol",
    "ganador" : false,
    "winnerAces" : 5,
    "winnerPrimerSaqueDentro" : 28,
    "winnerPrimerSaqueGanado" : 19,
    "winnerSegundoSaqueGanado" : 19,
    "winnerDobleFalta" : 2,
    "winnerServingPoints" : 62,
    "winnerServingGames" : 8,
    "loserAces" : 0,
    "loserPrimerSaqueDentro" : 28,
    "loserPrimerSaqueGanado" : 12,
    "loserSegundoSaqueGanado" : 4,
    "loserDobleFalta" : 4,
    "loserServingPoints" : 40,
    "loserServingGames" : 7
  }, {
    "torneo" : "Buenos Aires",
    "fecha" : "20120220",
    "superficie" : "Clay",
    "resultado" : "6-3 7-5",
    "contrincante" : "Gilles Simon",
    "ganador" : false,
    "winnerAces" : 2,
    "winnerPrimerSaqueDentro" : 52,
    "winnerPrimerSaqueGanado" : 35,
    "winnerSegundoSaqueGanado" : 17,
    "winnerDobleFalta" : 2,
    "winnerServingPoints" : 91,
    "winnerServingGames" : 11,
    "loserAces" : 2,
    "loserPrimerSaqueDentro" : 46,
    "loserPrimerSaqueGanado" : 31,
    "loserSegundoSaqueGanado" : 6,
    "loserDobleFalta" : 4,
    "loserServingPoints" : 65,
    "loserServingGames" : 10
  }, {
    "torneo" : "Australian Open",
    "fecha" : "20120116",
    "superficie" : "Hard",
    "resultado" : "6-1 6-4 6-2",
    "contrincante" : "David Ferrer",
    "ganador" : false,
    "winnerAces" : 2,
    "winnerPrimerSaqueDentro" : 40,
    "winnerPrimerSaqueGanado" : 34,
    "winnerSegundoSaqueGanado" : 14,
    "winnerDobleFalta" : 1,
    "winnerServingPoints" : 68,
    "winnerServingGames" : 13,
    "loserAces" : 0,
    "loserPrimerSaqueDentro" : 54,
    "loserPrimerSaqueGanado" : 27,
    "loserSegundoSaqueGanado" : 11,
    "loserDobleFalta" : 4,
    "loserServingPoints" : 81,