{
  "nombre" : "Samuel Groth",
  "mano" : "R",
  "nacionalidad" : "AUS",
  "edad" : 24.3778234086,
  "ganar1Saque" : 0.7961604343010829,
  "ganar2Saque" : 0.606943102983328,
  "primerSaque" : 0.5618293331219599,
  "segundoSaque" : 0.37294374864835006,
  "ganarPuntoSacando" : 0.6736619219043313,
  "ganarPuntoRestando" : 0.3332013742827313,
  "probAce" : 0.2184959352016449,
  "clay" : {
    "nombre" : "Clay",
    "probVictoria" : 0.5,
    "probGanarPrimerSaque" : 0.8578628897666931,
    "probGanarSegundoSaque" : 0.7051920294761658,
    "probPrimerSaque" : 0.586015909910202,
    "probSegundoSaque" : 0.34886638820171356,
    "probGanarPuntoSacando" : 0.7487390982368103,
    "probGanarPuntoRestando" : 0.26128026200702514,
    "probAce" : 0.0
  },
  "grass" : {
    "nombre" : "Grass",
    "probVictoria" : 0.0,
    "probGanarPrimerSaque" : 0.0,
    "probGanarSegundoSaque" : 0.0,
    "probPrimerSaque" : 0.0,
    "probSegundoSaque" : 0.0,
    "probGanarPuntoSacando" : 0.0,
    "probGanarPuntoRestando" : 0.0,
    "probAce" : 0.0
  },
  "hard" : {
    "nombre" : "Hard",
    "probVictoria" : 0.4761904776096344,
    "probGanarPrimerSaque" : 0.7816194593906403,
    "probGanarSegundoSaque" : 0.602268734574318,
    "probPrimerSaque" : 0.5611162975430488,
    "probSegundoSaque" : 0.3739806994795799,
    "probGanarPuntoSacando" : 0.6638162997716603,
    "probGanarPuntoRestando" : 0.3386155426401082,
    "probAce" : 0.0
  },
  "other" : {
    "nombre" : "Other",
    "probVictoria" : 0.75,
    "probGanarPrimerSaque" : 0.838014081120491,
    "probGanarSegundoSaque" : 0.5811904817819595,
    "probPrimerSaque" : 0.5533012226223946,
    "probSegundoSaque" : 0.37979767471551895,
    "probGanarPuntoSacando" : 0.6844090092063306,
    "probGanarPuntoRestando" : 0.34209108863369986,
    "probAce" : 0.0
  },
  "partidos" : [ {
    "torneo" : "Kyoto CH",
    "fecha" : "20120305",
    "superficie" : "Carpet",
    "resultado" : "1-6 6-3 7-5",
    "contrincante" : "Brydan Klein",
    "ganador" : true,
    "winnerAces" : 12,
    "winnerPrimerSaqueDentro" : 41,
    "winnerPrimerSaqueGanado" : 37,
    "winnerSegundoSaqueGanado" : 19,
    "winnerDobleFalta" : 7,
    "winnerServingPoints" : 78,
    "winnerServingGames" : 14,
    "loserAces" : 7,
    "loserPrimerSaqueDentro" : 68,
    "loserPrimerSaqueGanado" : 50,
    "loserSegundoSaqueGanado" : 11,
    "loserDobleFalta" : 5,
    "loserServingPoints" : 97,
    "loserServingGames" : 14
  }, {
    "torneo" : "Kyoto CH",
    "fecha" : "20120305",
    "superficie" : "Carpet",
    "resultado" : "6-4 4-6 7-6(5)",
    "contrincante" : "Harri Heliovaara",
    "ganador" : true,
    "winnerAces" : 18,
    "winnerPrimerSaqueDentro" : 49,
    "winnerPrimerSaqueGanado" : 38,
    "winnerSegundoSaqueGanado" : 31,
    "winnerDobleFalta" : 7,
    "winnerServingPoints" : 106,
    "winnerServingGames" : 16,
    "loserAces" : 4,
    "loserPrimerSaqueDentro" : 55,
    "loserPrimerSaqueGanado" : 42,
    "loserSegundoSaqueGanado" : 22,
    "loserDobleFalta" : 8,
    "loserServingPoints" : 95,
    "loserServingGames" : 16
  }, {
    "torneo" : "Kyoto CH",
    "fecha" : "20120305",
    "superficie" : "Carpet",
    "resultado" : "7-6(4) 7-6(10)",
    "contrincante" : "Yuichi Sugita",
    "ganador" : true,
    "winnerAces" : 27,
    "winnerPrimerSaqueDentro" : 56,
    "winnerPrimerSaqueGanado" : 50,
    "winnerSegundoSaqueGanado" : 12,
    "winnerDobleFalta" : 5,
    "winnerServingPoints" : 82,
    "winnerServingGames" : 12,
    "loserAces" : 2,
    "loserPrimerSaqueDentro" : 52,
    "loserPrimerSaqueGanado" : 41,
    "loserSegundoSaqueGanado" : 21,
    "loserDobleFalta" : 2,
    "loserServingPoints" : 92,
    "loserServingGames" : 12
  }, {
    "torneo" : "Kyoto CH",
    "fecha" : "20120305",
    "superficie" : "Carpet",
    "resultado" : "7-6(2) 6-3",
    "contrincante" : "Malek Jaziri",
    "ganador" : false,
    "winnerAces" : 3,
    "winnerPrimerSaqueDentro" : 55,
    "winnerPrimerSaqueGanado" : 40,
    "winnerSegundoSaqueGanado" : 17,
    "winnerDobleFalta" : 4,
    "winnerServingPoints" : 87,
    "winnerServingGames" : 11,
    "loserAces" : 9,
    "loserPrimerSaqueDentro" : 32,
    "loserPrimerSaqueGanado" : 25,
    "loserSegundoSaqueGanado" : 12,
    "loserDobleFalta" : 3,
    "loserServingPoints" : 59,
    "loserServingGames" : 10
  }, {
    "torneo" : "Tiburon CH",
    "fecha" : "20121008",
    "superficie" : "Hard",
    "resultado" : "6-3 6-3",
    "contrincante" : "Bradley Klahn",
    "ganador" : false,
    "winnerAces" : 2,
    "winnerPrimerSaqueDentro" : 36,
    "winnerPrimerSaqueGanado" : 25,
    "winnerSegundoSaqueGanado" : 10,
    "winnerDobleFalta" : 1,
    "winnerServingPoints" : 50,
    "winnerServingGames" : 9,
    "loserAces" : 5,
    "loserPrimerSaqueDentro" : 34,
    "loserPrimerSaqueGanado" : 24,
    "loserSegundoSaqueGanado" : 9,
    "loserDobleFalta" : 8,
    "loserServingPoints" : 62,
    "loserServingGames" : 9
  }, {
    "torneo" : "Caloundra CH",
    "fecha" : "20120206",
    "superficie" : "Hard",
    "resultado" : "6-7(4) 6-4 6-4",
    "contrincante" : "Maverick Banes",
    "ganador" : true,
    "winnerAces" : 29,
    "winnerPrimerSaqueDentro" : 60,
    "winnerPrimerSaqueGanado" : 52,
    "winnerSegundoSaqueGanado" : 19,
    "winnerDobleFalta" : 10,
    "winnerServingPoints" : 97,
    "winnerServingGames" : 16,
    "loserAces" : 5,
    "loserPrimerSaqueDentro" : 62,
    "loserPrimerSaqueGanado" : 46,
    "loserSegundoSaqueGanado" : 25,
    "loserDobleFalta" : 2,
    "loserServingPoints" : 107,
    "loserServingGames" : 16
  }, {
    "torneo" : "Caloundra CH",
    "fecha" : "20120206",
    "superficie" : "Hard",
    "resultado" : "6-1 6-7(5) 6-2",
    "contrincante" : "Sebastian Rieschick",
    "ganador" : false,
    "winnerAces" : 2,
    "winnerPrimerSaqueDentro" : 59,
    "winnerPrimerSaqueGanado" : 38,
    "winnerSegundoSaqueGanado" : 24,
    "winnerDobleFalta" : 9,
    "winnerServingPoints" : 100,
    "winnerServingGames" : 13,
    "loserAces" : 10,
    "loserPrimerSaqueDentro" : 53,
    "loserPrimerSaqueGanado" : 34,
    "loserSegundoSaqueGanado" : 19,
    "loserDobleFalta" : 14,
    "loserServingPoints" : 103,
    "loserServingGames" : 14
  }, {
    "torneo" : "Sacramento CH",
    "fecha" : "20121001",
    "superficie" : "Hard",
    "resultado" : "6-2 6-3",
    "contrincante" : "Matteo Viola",
    "ganador" : false,
    "winnerAces" : 1,
    "winnerPrimerSaqueDentro" : 26,
    "winnerPrimerSaqueGanado" : 15,
    "winnerSegundoSaqueGanado" : 17,
    "winnerDobleFalta" : 3,
    "winnerServingPoints" : 51,
    "winnerServingGames" : 8,
    "loserAces" : 6,
    "loserPrimerSaqueDentro" : 20,
    "loserPrimerSaqueGanado" : 10,
    "loserSegundoSaqueGanado" : 13,
    "loserDobleFalta" : 5,
    "loserServingPoints" : 51,
    "loserServingGames" : 9
  }, {
    "torneo" : "Burnie CH",
    "fecha" : "20120130",
    "superficie" : "Hard",
    "resultado" : "6-4 6-3",
    "contrincante" : "James Lemke",
    "ganador" : true,
    "winnerAces" : 18,
    "winnerPrimerSaqueDentro" : 29,
    "winnerPrimerSaqueGanado" : 26,
    "winnerSegundoSaqueGanado" : 15,
    "winnerDobleFalta" : 0,
    "winnerServingPoints" : 54,
    "winnerServingGames" : 10,
    "loserAces" : 0,
    "loserPrimerSaqueDentro" : 43,
    "loserPrimerSaqueGanado" : 31,
    "loserSegundoSaqueGanado" : 8,
    "loserDobleFalta" : 5,
    "loserServingPoints" : 63,
    "loserServingGames" : 9
  }, {
    "torneo" : "Burnie CH",
    "fecha" : "20120130",
    "superficie" : "Hard",
    "resultado" : " W/O",
    "contrincante" : "Denis Istomin",
    "ganador" : true,
    "winnerAces" : 0,
    "winnerPrimerSaqueDentro" : 0,
    "winnerPrimerSaqueGanado" : 0,
    "winnerSegundoSaqueGanado" : 0,
    "winnerDobleFalta" : 0,
    "winnerServingPoints" : 0,
    "winnerServingGames" : 0,
    "loserAces" : 0,
    "loserPrimerSaqueDentro" : 0,
    "loserPrimerSaqueGanado" : 0,
    "loserSegundoSaqueGanado" : 0,
    "loserDobleFalta" : 0,
    "loserServingPoints" : 0,