{
  "nombre" : "Stefan Seifert",
  "mano" : "U",
  "nacionalidad" : "GER",
  "edad" : 27.4934976044,
  "ganar1Saque" : 0.6431807428598404,
  "ganar2Saque" : 0.5479570291936398,
  "primerSaque" : 0.5941318105906248,
  "segundoSaque" : 0.36313990503549576,
  "ganarPuntoSacando" : 0.5811192028372508,
  "ganarPuntoRestando" : 0.33635649674108853,
  "probAce" : 0.03465764969587326,
  "clay" : {
    "nombre" : "Clay",
    "probVictoria" : 0.0,
    "probGanarPrimerSaque" : 0.6097917854785919,
    "probGanarSegundoSaque" : 0.4920782893896103,
    "probPrimerSaque" : 0.6084054708480835,
    "probSegundoSaque" : 0.35948772728443146,
    "probGanarPuntoSacando" : 0.547896764262078,
    "probGanarPuntoRestando" : 0.3107705490064552,
    "probAce" : 0.0
  },
  "grass" : {
    "nombre" : "Grass",
    "probVictoria" : 0.0,
    "probGanarPrimerSaque" : 0.0,
    "probGanarSegundoSaque" : 0.0,
    "probPrimerSaque" : 0.0,
    "probSegundoSaque" : 0.0,
    "probGanarPuntoSacando" : 0.0,
    "probGanarPuntoRestando" : 0.0,
    "probAce" : 0.0
  },
  "hard" : {
    "nombre" : "Hard",
    "probVictoria" : 0.4166666567325592,
    "probGanarPrimerSaque" : 0.6527354915936788,
    "probGanarSegundoSaque" : 0.5406903425852457,
    "probPrimerSaque" : 0.5961936215559641,
    "probSegundoSaque" : 0.3620666762193044,
    "probGanarPuntoSacando" : 0.584922691855065,
    "probGanarPuntoRestando" : 0.34563287926065667,
    "probAce" : 0.0
  },
  "other" : {
    "nombre" : "Other",
    "probVictoria" : 0.0,
    "probGanarPrimerSaque" : 0.6192412078380585,
    "probGanarSegundoSaque" : 0.6474358886480331,
    "probPrimerSaque" : 0.5674872845411301,
    "probSegundoSaque" : 0.3732314556837082,
    "probGanarPuntoSacando" : 0.59305495069397,
    "probGanarPuntoRestando" : 0.30628414935831316,
    "probAce" : 0.0
  },
  "partidos" : [ {
    "torneo" : "Shanghai CH",
    "fecha" : "20120903",
    "superficie" : "Hard",
    "resultado" : "6-2 6-0",
    "contrincante" : "Yen Hsun Lu",
    "ganador" : false,
    "winnerAces" : 9,
    "winnerPrimerSaqueDentro" : 21,
    "winnerPrimerSaqueGanado" : 21,
    "winnerSegundoSaqueGanado" : 7,
    "winnerDobleFalta" : 1,
    "winnerServingPoints" : 31,
    "winnerServingGames" : 7,
    "loserAces" : 1,
    "loserPrimerSaqueDentro" : 32,
    "loserPrimerSaqueGanado" : 16,
    "loserSegundoSaqueGanado" : 7,
    "loserDobleFalta" : 4,
    "loserServingPoints" : 52,
    "loserServingGames" : 7
  }, {
    "torneo" : "Wolfsburg CH",
    "fecha" : "20120220",
    "superficie" : "Carpet",
    "resultado" : "6-4 7-5",
    "contrincante" : "Ilija Bozoljac",
    "ganador" : false,
    "winnerAces" : 15,
    "winnerPrimerSaqueDentro" : 33,
    "winnerPrimerSaqueGanado" : 27,
    "winnerSegundoSaqueGanado" : 19,
    "winnerDobleFalta" : 2,
    "winnerServingPoints" : 61,
    "winnerServingGames" : 11,
    "loserAces" : 4,
    "loserPrimerSaqueDentro" : 41,
    "loserPrimerSaqueGanado" : 28,
    "loserSegundoSaqueGanado" : 15,
    "loserDobleFalta" : 3,
    "loserServingPoints" : 62,
    "loserServingGames" : 11
  }, {
    "torneo" : "Ningbo CH",
    "fecha" : "20120910",
    "superficie" : "Hard",
    "resultado" : "6-2 6-4",
    "contrincante" : "Ze Zhang",
    "ganador" : false,
    "winnerAces" : 4,
    "winnerPrimerSaqueDentro" : 30,
    "winnerPrimerSaqueGanado" : 19,
    "winnerSegundoSaqueGanado" : 15,
    "winnerDobleFalta" : 5,
    "winnerServingPoints" : 55,
    "winnerServingGames" : 9,
    "loserAces" : 1,
    "loserPrimerSaqueDentro" : 27,
    "loserPrimerSaqueGanado" : 13,
    "loserSegundoSaqueGanado" : 8,
    "loserDobleFalta" : 1,
    "loserServingPoints" : 47,
    "loserServingGames" : 9
  }, {
    "torneo" : "Dallas CH",
    "fecha" : "20120206",
    "superficie" : "Hard",
    "resultado" : "4-6 6-1 6-2",
    "contrincante" : "Michael Yani",
    "ganador" : true,
    "winnerAces" : 2,
    "winnerPrimerSaqueDentro" : 43,
    "winnerPrimerSaqueGanado" : 30,
    "winnerSegundoSaqueGanado" : 25,
    "winnerDobleFalta" : 6,
    "winnerServingPoints" : 84,
    "winnerServingGames" : 13,
    "loserAces" : 13,
    "loserPrimerSaqueDentro" : 42,
    "loserPrimerSaqueGanado" : 27,
    "loserSegundoSaqueGanado" : 17,
    "loserDobleFalta" : 4,
    "loserServingPoints" : 78,
    "loserServingGames" : 12
  }, {
    "torneo" : "Dallas CH",
    "fecha" : "20120206",
    "superficie" : "Hard",
    "resultado" : "6-4 6-2",
    "contrincante" : "Yuki Bhambri",
    "ganador" : true,
    "winnerAces" : 2,
    "winnerPrimerSaqueDentro" : 30,
    "winnerPrimerSaqueGanado" : 21,
    "winnerSegundoSaqueGanado" : 13,
    "winnerDobleFalta" : 3,
    "winnerServingPoints" : 54,
    "winnerServingGames" : 9,
    "loserAces" : 1,
    "loserPrimerSaqueDentro" : 37,
    "loserPrimerSaqueGanado" : 21,
    "loserSegundoSaqueGanado" : 9,
    "loserDobleFalta" : 8,
    "loserServingPoints" : 62,
    "loserServingGames" : 9
  }, {
    "torneo" : "Dallas CH",
    "fecha" : "20120206",
    "superficie" : "Hard",
    "resultado" : "6-4 6-2",
    "contrincante" : "Denis Kudla",
    "ganador" : true,
    "winnerAces" : 7,
    "winnerPrimerSaqueDentro" : 28,
    "winnerPrimerSaqueGanado" : 24,
    "winnerSegundoSaqueGanado" : 12,
    "winnerDobleFalta" : 0,
    "winnerServingPoints" : 46,
    "winnerServingGames" : 9,
    "loserAces" : 1,
    "loserPrimerSaqueDentro" : 34,
    "loserPrimerSaqueGanado" : 22,
    "loserSegundoSaqueGanado" : 11,
    "loserDobleFalta" : 3,
    "loserServingPoints" : 55,
    "loserServingGames" : 9
  }, {
    "torneo" : "Dallas CH",
    "fecha" : "20120206",
    "superficie" : "Hard",
    "resultado" : "6-4 7-5",
    "contrincante" : "Jesse Levine",
    "ganador" : false,
    "winnerAces" : 10,
    "winnerPrimerSaqueDentro" : 35,
    "winnerPrimerSaqueGanado" : 26,
    "winnerSegundoSaqueGanado" : 16,
    "winnerDobleFalta" : 3,
    "winnerServingPoints" : 61,
    "winnerServingGames" : 11,
    "loserAces" : 3,
    "loserPrimerSaqueDentro" : 51,
    "loserPrimerSaqueGanado" : 33,
    "loserSegundoSaqueGanado" : 13,
    "loserDobleFalta" : 2,
    "loserServingPoints" : 79,
    "loserServingGames" : 11
  }, {
    "torneo" : "Tallahassee CH",
    "fecha" : "20120402",
    "superficie" : "Hard",
    "resultado" : "6-3 5-7 7-6(6)",
    "contrincante" : "Daniel Kosakowski",
    "ganador" : false,
    "winnerAces" : 5,
    "winnerPrimerSaqueDentro" : 77,
    "winnerPrimerSaqueGanado" : 48,
    "winnerSegundoSaqueGanado" : 17,
    "winnerDobleFalta" : 4,
    "winnerServingPoints" : 117,
    "winnerServingGames" : 16,
    "loserAces" : 0,
    "loserPrimerSaqueDentro" : 77,
    "loserPrimerSaqueGanado" : 47,
    "loserSegundoSaqueGanado" : 20,
    "loserDobleFalta" : 7,
    "loserServingPoints" : 128,
    "loserServingGames" : 17
  }, {
    "torneo" : "Rimouski CH",
    "fecha" : "20120319",
    "superficie" : "Hard",
    "resultado" : "7-6(5) 7-6(7)",
    "contrincante" : "Devin Britton",
    "ganador" : true,
    "winnerAces" : 3,
    "winnerPrimerSaqueDentro" : 59,
    "winnerPrimerSaqueGanado" : 49,
    "winnerSegundoSaqueGanado" : 15,
    "winnerDobleFalta" : 2,
    "winnerServingPoints" : 85,
    "winnerServingGames" : 12,
    "loserAces" : 16,
    "loserPrimerSaqueDentro" : 49,
    "loserPrimerSaqueGanado" : 39,
    "loserSegundoSaqueGanado" : 24,
    "loserDobleFalta" : 1,
    "loserServingPoints" : 88,
    "loserServingGames" : 12
  }, {
    "torneo" : "Rimouski CH",
    "fecha" : "20120319",
    "superficie" : "Hard",
    "resultado" : "6-3 6-1",
    "contrincante" : "Tatsuma Ito",
    "ganador" : false,
    "winnerAces" : 5,
    "winnerPrimerSaqueDentro" : 27,
    "winnerPrimerSaqueGanado" : 22,
    "winnerSegundoSaqueGanado" : 11,
    "winnerDobleFalta" : 0,
    "winnerServingPoints" : 42,
    "winnerServingGames" : 8,
    "loserAces" : 1,
    "loserPrimerSaqueDentro" : 30,
    "loserPrimerSaqueGanado" : 16,
    "loserSegundoSaqueGanado" : 7,
    "loserDobleFalta" : 3,
    "loserServingPoints" : 50,