{
  "nombre" : "Ti Chen",
  "mano" : "R",
  "nacionalidad" : "TPE",
  "edad" : 28.4216290212,
  "ganar1Saque" : 0.6423517013418263,
  "ganar2Saque" : 0.5349459781728941,
  "primerSaque" : 0.6541344287066624,
  "segundoSaque" : 0.31231826184124784,
  "ganarPuntoSacando" : 0.5872577612679126,
  "ganarPuntoRestando" : 0.33282553148519123,
  "probAce" : 0.03869653865695,
  "clay" : {
    "nombre" : "Clay",
    "probVictoria" : 0.0,
    "probGanarPrimerSaque" : 0.5416666567325592,
    "probGanarSegundoSaque" : 0.4166666716337204,
    "probPrimerSaque" : 0.4737662225961685,
    "probSegundoSaque" : 0.4177922010421753,
    "probGanarPuntoSacando" : 0.4307034517092494,
    "probGanarPuntoRestando" : 0.365607926035004,
    "probAce" : 0.0
  },
  "grass" : {
    "nombre" : "Grass",
    "probVictoria" : 0.0,
    "probGanarPrimerSaque" : 0.0,
    "probGanarSegundoSaque" : 0.0,
    "probPrimerSaque" : 0.0,
    "probSegundoSaque" : 0.0,
    "probGanarPuntoSacando" : 0.0,
    "probGanarPuntoRestando" : 0.0,
    "probAce" : 0.0
  },
  "hard" : {
    "nombre" : "Hard",
    "probVictoria" : 0.375,
    "probGanarPrimerSaque" : 0.637051040927569,
    "probGanarSegundoSaque" : 0.5428829565644264,
    "probPrimerSaque" : 0.668640248477459,
    "probSegundoSaque" : 0.30372640180091065,
    "probGanarPuntoSacando" : 0.590845853294987,
    "probGanarPuntoRestando" : 0.3333697548118759,
    "probAce" : 0.0
  },
  "other" : {
    "nombre" : "Other",
    "probVictoria" : 0.3333333432674408,
    "probGanarPrimerSaque" : 0.7518803477287292,
    "probGanarSegundoSaque" : 0.5503030220667521,
    "probPrimerSaque" : 0.6583333412806193,
    "probSegundoSaque" : 0.31073718269666034,
    "probGanarPuntoSacando" : 0.6659875122699689,
    "probGanarPuntoRestando" : 0.30661681517183936,
    "probAce" : 0.0
  },
  "partidos" : [ {
    "torneo" : "Kyoto CH",
    "fecha" : "20120305",
    "superficie" : "Carpet",
    "resultado" : "7-6(3) 6-3",
    "contrincante" : "Yuichi Sugita",
    "ganador" : false,
    "winnerAces" : 5,
    "winnerPrimerSaqueDentro" : 44,
    "winnerPrimerSaqueGanado" : 36,
    "winnerSegundoSaqueGanado" : 15,
    "winnerDobleFalta" : 6,
    "winnerServingPoints" : 76,
    "winnerServingGames" : 11,
    "loserAces" : 5,
    "loserPrimerSaqueDentro" : 39,
    "loserPrimerSaqueGanado" : 27,
    "loserSegundoSaqueGanado" : 13,
    "loserDobleFalta" : 4,
    "loserServingPoints" : 65,
    "loserServingGames" : 10
  }, {
    "torneo" : "Kaohsiung CH",
    "fecha" : "20120423",
    "superficie" : "Hard",
    "resultado" : "6-1 6-4",
    "contrincante" : "Tsung Hua Yang",
    "ganador" : false,
    "winnerAces" : 5,
    "winnerPrimerSaqueDentro" : 32,
    "winnerPrimerSaqueGanado" : 27,
    "winnerSegundoSaqueGanado" : 15,
    "winnerDobleFalta" : 3,
    "winnerServingPoints" : 58,
    "winnerServingGames" : 9,
    "loserAces" : 0,
    "loserPrimerSaqueDentro" : 28,
    "loserPrimerSaqueGanado" : 16,
    "loserSegundoSaqueGanado" : 14,
    "loserDobleFalta" : 1,
    "loserServingPoints" : 55,
    "loserServingGames" : 8
  }, {
    "torneo" : "Barranquilla CH",
    "fecha" : "20120326",
    "superficie" : "Clay",
    "resultado" : "6-1 6-1",
    "contrincante" : "Matias Sborowitz",
    "ganador" : false,
    "winnerAces" : 4,
    "winnerPrimerSaqueDentro" : 34,
    "winnerPrimerSaqueGanado" : 26,
    "winnerSegundoSaqueGanado" : 5,
    "winnerDobleFalta" : 4,
    "winnerServingPoints" : 48,
    "winnerServingGames" : 7,
    "loserAces" : 0,
    "loserPrimerSaqueDentro" : 24,
    "loserPrimerSaqueGanado" : 12,
    "loserSegundoSaqueGanado" : 7,
    "loserDobleFalta" : 5,
    "loserServingPoints" : 50,
    "loserServingGames" : 7
  }, {
    "torneo" : "San Luis Potosi CH",
    "fecha" : "20120402",
    "superficie" : "Clay",
    "resultado" : "6-1 7-6(1)",
    "contrincante" : "Steven Diez",
    "ganador" : false,
    "winnerAces" : 1,
    "winnerPrimerSaqueDentro" : 37,
    "winnerPrimerSaqueGanado" : 29,
    "winnerSegundoSaqueGanado" : 9,
    "winnerDobleFalta" : 3,
    "winnerServingPoints" : 61,
    "winnerServingGames" : 10,
    "loserAces" : 1,
    "loserPrimerSaqueDentro" : 36,
    "loserPrimerSaqueGanado" : 21,
    "loserSegundoSaqueGanado" : 16,
    "loserDobleFalta" : 9,
    "loserServingPoints" : 77,
    "loserServingGames" : 9
  }, {
    "torneo" : "Toyota CH",
    "fecha" : "20121119",
    "superficie" : "Carpet",
    "resultado" : "7-6(3) 4-6 7-5",
    "contrincante" : "Philipp Oswald",
    "ganador" : true,
    "winnerAces" : 6,
    "winnerPrimerSaqueDentro" : 75,
    "winnerPrimerSaqueGanado" : 61,
    "winnerSegundoSaqueGanado" : 14,
    "winnerDobleFalta" : 0,
    "winnerServingPoints" : 100,
    "winnerServingGames" : 17,
    "loserAces" : 38,
    "loserPrimerSaqueDentro" : 71,
    "loserPrimerSaqueGanado" : 61,
    "loserSegundoSaqueGanado" : 15,
    "loserDobleFalta" : 3,
    "loserServingPoints" : 103,
    "loserServingGames" : 17
  }, {
    "torneo" : "Toyota CH",
    "fecha" : "20121119",
    "superficie" : "Carpet",
    "resultado" : "6-4 6-4",
    "contrincante" : "Hiroki Kondo",
    "ganador" : false,
    "winnerAces" : 8,
    "winnerPrimerSaqueDentro" : 46,
    "winnerPrimerSaqueGanado" : 37,
    "winnerSegundoSaqueGanado" : 12,
    "winnerDobleFalta" : 0,
    "winnerServingPoints" : 73,
    "winnerServingGames" : 10,
    "loserAces" : 1,
    "loserPrimerSaqueDentro" : 40,
    "loserPrimerSaqueGanado" : 30,
    "loserSegundoSaqueGanado" : 11,
    "loserDobleFalta" : 2,
    "loserServingPoints" : 64,
    "loserServingGames" : 10
  }, {
    "torneo" : "Shanghai CH",
    "fecha" : "20120903",
    "superficie" : "Hard",
    "resultado" : "7-6(12) 6-3",
    "contrincante" : "Yu Chang",
    "ganador" : false,
    "winnerAces" : 6,
    "winnerPrimerSaqueDentro" : 38,
    "winnerPrimerSaqueGanado" : 29,
    "winnerSegundoSaqueGanado" : 22,
    "winnerDobleFalta" : 2,
    "winnerServingPoints" : 68,
    "winnerServingGames" : 10,
    "loserAces" : 4,
    "loserPrimerSaqueDentro" : 59,
    "loserPrimerSaqueGanado" : 41,
    "loserSegundoSaqueGanado" : 9,
    "loserDobleFalta" : 0,
    "loserServingPoints" : 74,
    "loserServingGames" : 11
  }, {
    "torneo" : "Burnie CH",
    "fecha" : "20120130",
    "superficie" : "Hard",
    "resultado" : "7-5 6-4",
    "contrincante" : "Erik Chvojka",
    "ganador" : true,
    "winnerAces" : 3,
    "winnerPrimerSaqueDentro" : 57,
    "winnerPrimerSaqueGanado" : 43,
    "winnerSegundoSaqueGanado" : 9,
    "winnerDobleFalta" : 2,
    "winnerServingPoints" : 73,
    "winnerServingGames" : 11,
    "loserAces" : 4,
    "loserPrimerSaqueDentro" : 43,
    "loserPrimerSaqueGanado" : 30,
    "loserSegundoSaqueGanado" : 12,
    "loserDobleFalta" : 4,
    "loserServingPoints" : 67,
    "loserServingGames" : 11
  }, {
    "torneo" : "Burnie CH",
    "fecha" : "20120130",
    "superficie" : "Hard",
    "resultado" : "6-3 7-5",
    "contrincante" : "Kamil Capkovic",
    "ganador" : true,
    "winnerAces" : 0,
    "winnerPrimerSaqueDentro" : 42,
    "winnerPrimerSaqueGanado" : 32,
    "winnerSegundoSaqueGanado" : 13,
    "winnerDobleFalta" : 1,
    "winnerServingPoints" : 63,
    "winnerServingGames" : 11,
    "loserAces" : 0,
    "loserPrimerSaqueDentro" : 29,
    "loserPrimerSaqueGanado" : 22,
    "loserSegundoSaqueGanado" : 13,
    "loserDobleFalta" : 1,
    "loserServingPoints" : 49,
    "loserServingGames" : 10
  }, {
    "torneo" : "Burnie CH",
    "fecha" : "20120130",
    "superficie" : "Hard",
    "resultado" : "3-6 6-1 6-3",
    "contrincante" : "Yuichi Sugita",
    "ganador" : false,
    "winnerAces" : 0,
    "winnerPrimerSaqueDentro" : 60,
    "winnerPrimerSaqueGanado" : 40,
    "winnerSegundoSaqueGanado" : 12,
    "winnerDobleFalta" : 3,
    "winnerServingPoints" : 90,
    "winnerServingGames" : 12,
    "loserAces" : 8,
    "loserPrimerSaqueDentro" : 62,
    "loserPrimerSaqueGanado" : 37,
    "loserSegundoSaqueGanado" : 9,
    "loserDobleFalta" : 3,
    "loserServingPoints" : 90,