{
  "nombre" : "Toshihide Matsui",
  "mano" : "R",
  "nacionalidad" : "JPN",
  "edad" : 34.2614647502,
  "ganar1Saque" : 0.6710584496750551,
  "ganar2Saque" : 0.6167893374667448,
  "primerSaque" : 0.5662098246462205,
  "segundoSaque" : 0.38608213733224306,
  "ganarPuntoSacando" : 0.6180912328107765,
  "ganarPuntoRestando" : 0.31946832661021185,
  "probAce" : 0.08749096095561981,
  "clay" : {
    "nombre" : "Clay",
    "probVictoria" : 0.0,
    "probGanarPrimerSaque" : 0.0,
    "probGanarSegundoSaque" : 0.0,
    "probPrimerSaque" : 0.0,
    "probSegundoSaque" : 0.0,
    "probGanarPuntoSacando" : 0.0,
    "probGanarPuntoRestando" : 0.0,
    "probAce" : 0.0
  },
  "grass" : {
    "nombre" : "Grass",
    "probVictoria" : 0.5,
    "probGanarPrimerSaque" : 1.5,
    "probGanarSegundoSaque" : 0.7573529481887817,
    "probPrimerSaque" : 0.5637255012989044,
    "probSegundoSaque" : 0.3854166716337204,
    "probGanarPuntoSacando" : 1.1374847044912624,
    "probGanarPuntoRestando" : 0.3032467741352566,
    "probAce" : 0.0
  },
  "hard" : {
    "nombre" : "Hard",
    "probVictoria" : 0.23076923191547394,
    "probGanarPrimerSaque" : 0.6598874032497406,
    "probGanarSegundoSaque" : 0.6159964799880981,
    "probPrimerSaque" : 0.5438453600956843,
    "probSegundoSaque" : 0.40318139699789196,
    "probGanarPuntoSacando" : 0.6072350237903467,
    "probGanarPuntoRestando" : 0.31284359915987486,
    "probAce" : 0.0
  },
  "other" : {
    "nombre" : "Other",
    "probVictoria" : 0.5,
    "probGanarPrimerSaque" : 0.6647287011146545,
    "probGanarSegundoSaque" : 0.48137930035591125,
    "probPrimerSaque" : 0.7140631675720215,
    "probSegundoSaque" : 0.27560241520404816,
    "probGanarPuntoSacando" : 0.6073275797012898,
    "probGanarPuntoRestando" : 0.3787506075123573,
    "probAce" : 0.0
  },
  "partidos" : [ {
    "torneo" : "Lexington CH",
    "fecha" : "20120723",
    "superficie" : "Hard",
    "resultado" : "4-6 6-0 6-1",
    "contrincante" : "Erik Chvojka",
    "ganador" : false,
    "winnerAces" : 6,
    "winnerPrimerSaqueDentro" : 43,
    "winnerPrimerSaqueGanado" : 32,
    "winnerSegundoSaqueGanado" : 15,
    "winnerDobleFalta" : 1,
    "winnerServingPoints" : 63,
    "winnerServingGames" : 12,
    "loserAces" : 3,
    "loserPrimerSaqueDentro" : 45,
    "loserPrimerSaqueGanado" : 25,
    "loserSegundoSaqueGanado" : 20,
    "loserDobleFalta" : 7,
    "loserServingPoints" : 87,
    "loserServingGames" : 11
  }, {
    "torneo" : "Toyota CH",
    "fecha" : "20121119",
    "superficie" : "Carpet",
    "resultado" : "6-4 6-3",
    "contrincante" : "Rajeev Ram",
    "ganador" : true,
    "winnerAces" : 5,
    "winnerPrimerSaqueDentro" : 57,
    "winnerPrimerSaqueGanado" : 38,
    "winnerSegundoSaqueGanado" : 12,
    "winnerDobleFalta" : 1,
    "winnerServingPoints" : 83,
    "winnerServingGames" : 10,
    "loserAces" : 10,
    "loserPrimerSaqueDentro" : 30,
    "loserPrimerSaqueGanado" : 22,
    "loserSegundoSaqueGanado" : 11,
    "loserDobleFalta" : 5,
    "loserServingPoints" : 57,
    "loserServingGames" : 9
  }, {
    "torneo" : "Toyota CH",
    "fecha" : "20121119",
    "superficie" : "Carpet",
    "resultado" : "6-7(6) 6-3 7-5",
    "contrincante" : "Mirza Basic",
    "ganador" : false,
    "winnerAces" : 7,
    "winnerPrimerSaqueDentro" : 61,
    "winnerPrimerSaqueGanado" : 46,
    "winnerSegundoSaqueGanado" : 25,
    "winnerDobleFalta" : 5,
    "winnerServingPoints" : 107,
    "winnerServingGames" : 17,
    "loserAces" : 13,
    "loserPrimerSaqueDentro" : 86,
    "loserPrimerSaqueGanado" : 57,
    "loserSegundoSaqueGanado" : 14,
    "loserDobleFalta" : 1,
    "loserServingPoints" : 116,
    "loserServingGames" : 16
  }, {
    "torneo" : "Busan CH",
    "fecha" : "20120507",
    "superficie" : "Hard",
    "resultado" : "3-6 6-3 6-4",
    "contrincante" : "Jung Woong Na",
    "ganador" : true,
    "winnerAces" : 5,
    "winnerPrimerSaqueDentro" : 54,
    "winnerPrimerSaqueGanado" : 42,
    "winnerSegundoSaqueGanado" : 16,
    "winnerDobleFalta" : 3,
    "winnerServingPoints" : 82,
    "winnerServingGames" : 14,
    "loserAces" : 1,
    "loserPrimerSaqueDentro" : 61,
    "loserPrimerSaqueGanado" : 42,
    "loserSegundoSaqueGanado" : 26,
    "loserDobleFalta" : 3,
    "loserServingPoints" : 106,
    "loserServingGames" : 14
  }, {
    "torneo" : "Busan CH",
    "fecha" : "20120507",
    "superficie" : "Hard",
    "resultado" : "6-1 6-1",
    "contrincante" : "Amir Weintraub",
    "ganador" : false,
    "winnerAces" : 2,
    "winnerPrimerSaqueDentro" : 31,
    "winnerPrimerSaqueGanado" : 23,
    "winnerSegundoSaqueGanado" : 12,
    "winnerDobleFalta" : 1,
    "winnerServingPoints" : 48,
    "winnerServingGames" : 7,
    "loserAces" : 1,
    "loserPrimerSaqueDentro" : 19,
    "loserPrimerSaqueGanado" : 7,
    "loserSegundoSaqueGanado" : 9,
    "loserDobleFalta" : 5,
    "loserServingPoints" : 38,
    "loserServingGames" : 7
  }, {
    "torneo" : "Ningbo CH",
    "fecha" : "20120910",
    "superficie" : "Hard",
    "resultado" : "7-5 1-6 6-1",
    "contrincante" : "Stephane Bohli",
    "ganador" : false,
    "winnerAces" : 4,
    "winnerPrimerSaqueDentro" : 45,
    "winnerPrimerSaqueGanado" : 34,
    "winnerSegundoSaqueGanado" : 13,
    "winnerDobleFalta" : 2,
    "winnerServingPoints" : 71,
    "winnerServingGames" : 13,
    "loserAces" : 3,
    "loserPrimerSaqueDentro" : 43,
    "loserPrimerSaqueGanado" : 28,
    "loserSegundoSaqueGanado" : 21,
    "loserDobleFalta" : 5,
    "loserServingPoints" : 80,
    "loserServingGames" : 13
  }, {
    "torneo" : "Yokohama CH",
    "fecha" : "20121112",
    "superficie" : "Hard",
    "resultado" : "6-2 7-6(3)",
    "contrincante" : "Prakash Amritraj",
    "ganador" : false,
    "winnerAces" : 5,
    "winnerPrimerSaqueDentro" : 41,
    "winnerPrimerSaqueGanado" : 30,
    "winnerSegundoSaqueGanado" : 13,
    "winnerDobleFalta" : 1,
    "winnerServingPoints" : 58,
    "winnerServingGames" : 10,
    "loserAces" : 2,
    "loserPrimerSaqueDentro" : 50,
    "loserPrimerSaqueGanado" : 28,
    "loserSegundoSaqueGanado" : 13,
    "loserDobleFalta" : 3,
    "loserServingPoints" : 72,
    "loserServingGames" : 10
  }, {
    "torneo" : "Granby CH",
    "fecha" : "20120716",
    "superficie" : "Hard",
    "resultado" : "4-6 7-6(2) 6-4",
    "contrincante" : "Philip Bester",
    "ganador" : false,
    "winnerAces" : 13,
    "winnerPrimerSaqueDentro" : 53,
    "winnerPrimerSaqueGanado" : 46,
    "winnerSegundoSaqueGanado" : 21,
    "winnerDobleFalta" : 1,
    "winnerServingPoints" : 82,
    "winnerServingGames" : 16,
    "loserAces" : 12,
    "loserPrimerSaqueDentro" : 62,
    "loserPrimerSaqueGanado" : 45,
    "loserSegundoSaqueGanado" : 30,
    "loserDobleFalta" : 4,
    "loserServingPoints" : 109,
    "loserServingGames" : 16
  }, {
    "torneo" : "Pingguo CH",
    "fecha" : "20120312",
    "superficie" : "Hard",
    "resultado" : "1-6 6-4 6-4",
    "contrincante" : "Danai Udomchoke",
    "ganador" : true,
    "winnerAces" : 12,
    "winnerPrimerSaqueDentro" : 53,
    "winnerPrimerSaqueGanado" : 36,
    "winnerSegundoSaqueGanado" : 21,
    "winnerDobleFalta" : 3,
    "winnerServingPoints" : 87,
    "winnerServingGames" : 14,
    "loserAces" : 1,
    "loserPrimerSaqueDentro" : 50,
    "loserPrimerSaqueGanado" : 31,
    "loserSegundoSaqueGanado" : 18,
    "loserDobleFalta" : 2,
    "loserServingPoints" : 79,
    "loserServingGames" : 13
  }, {
    "torneo" : "Pingguo CH",
    "fecha" : "20120312",
    "superficie" : "Hard",
    "resultado" : "7-5 7-5",
    "contrincante" : "Ze Zhang",
    "ganador" : false,
    "winnerAces" : 8,
    "winnerPrimerSaqueDentro" : 49,
    "winnerPrimerSaqueGanado" : 38,
    "winnerSegundoSaqueGanado" : 13,
    "winnerDobleFalta" : 1,
    "winnerServingPoints" : 71,
    "winnerServingGames" : 12,
    "loserAces" : 2,
    "loserPrimerSaqueDentro" : 44,
    "loserPrimerSaqueGanado" : 26,
    "loserSegundoSaqueGanado" : 20,
    "loserDobleFalta" : 0,
    "loserServingPoints" : 74,