{
  "nombre" : "Vishnu Vardhan",
  "mano" : "R",
  "nacionalidad" : "IND",
  "edad" : 24.9911019849,
  "ganar1Saque" : 0.7424476629211789,
  "ganar2Saque" : 0.5216309272107624,
  "primerSaque" : 0.626649355604535,
  "segundoSaque" : 0.3344898493517013,
  "ganarPuntoSacando" : 0.639734599799566,
  "ganarPuntoRestando" : 0.3157043965384025,
  "probAce" : 0.12135592848062515,
  "clay" : {
    "nombre" : "Clay",
    "probVictoria" : 0.5,
    "probGanarPrimerSaque" : 0.8328947424888611,
    "probGanarSegundoSaque" : 0.5755968242883682,
    "probPrimerSaque" : 0.5531187355518341,
    "probSegundoSaque" : 0.39024144411087036,
    "probGanarPuntoSacando" : 0.685311422749133,
    "probGanarPuntoRestando" : 0.29826673396512915,
    "probAce" : 0.0
  },
  "grass" : {
    "nombre" : "Grass",
    "probVictoria" : 0.0,
    "probGanarPrimerSaque" : 0.8125,
    "probGanarSegundoSaque" : 0.28125,
    "probPrimerSaque" : 0.4923076927661896,
    "probSegundoSaque" : 0.4923076927661896,
    "probGanarPuntoSacando" : 0.5384615389630198,
    "probGanarPuntoRestando" : 0.21428571194410329,
    "probAce" : 0.0
  },
  "hard" : {
    "nombre" : "Hard",
    "probVictoria" : 0.3333333432674408,
    "probGanarPrimerSaque" : 0.7285061909092797,
    "probGanarSegundoSaque" : 0.5289892123805152,
    "probPrimerSaque" : 0.6422828502125211,
    "probSegundoSaque" : 0.31952756974432206,
    "probGanarPuntoSacando" : 0.6369336701475883,
    "probGanarPuntoRestando" : 0.3232762859684495,
    "probAce" : 0.0
  },
  "other" : {
    "nombre" : "Other",
    "probVictoria" : 0.0,
    "probGanarPrimerSaque" : 0.0,
    "probGanarSegundoSaque" : 0.0,
    "probPrimerSaque" : 0.0,
    "probSegundoSaque" : 0.0,
    "probGanarPuntoSacando" : 0.0,
    "probGanarPuntoRestando" : 0.0,
    "probAce" : 0.0
  },
  "partidos" : [ {
    "torneo" : "London Olympics",
    "fecha" : "20120725",
    "superficie" : "Grass",
    "resultado" : "6-3 6-2",
    "contrincante" : "Blaz Kavcic",
    "ganador" : false,
    "winnerAces" : 7,
    "winnerPrimerSaqueDentro" : 21,
    "winnerPrimerSaqueGanado" : 20,
    "winnerSegundoSaqueGanado" : 13,
    "winnerDobleFalta" : 1,
    "winnerServingPoints" : 42,
    "winnerServingGames" : 8,
    "loserAces" : 5,
    "loserPrimerSaqueDentro" : 32,
    "loserPrimerSaqueGanado" : 26,
    "loserSegundoSaqueGanado" : 9,
    "loserDobleFalta" : 1,
    "loserServingPoints" : 65,
    "loserServingGames" : 9
  }, {
    "torneo" : "Chennai",
    "fecha" : "20120102",
    "superficie" : "Hard",
    "resultado" : "4-6 7-6(8) 6-1",
    "contrincante" : "Ivan Dodig",
    "ganador" : false,
    "winnerAces" : 8,
    "winnerPrimerSaqueDentro" : 65,
    "winnerPrimerSaqueGanado" : 47,
    "winnerSegundoSaqueGanado" : 20,
    "winnerDobleFalta" : 2,
    "winnerServingPoints" : 101,
    "winnerServingGames" : 15,
    "loserAces" : 11,
    "loserPrimerSaqueDentro" : 59,
    "loserPrimerSaqueGanado" : 41,
    "loserSegundoSaqueGanado" : 13,
    "loserDobleFalta" : 5,
    "loserServingPoints" : 86,
    "loserServingGames" : 14
  }, {
    "torneo" : "Fergana CH",
    "fecha" : "20120514",
    "superficie" : "Hard",
    "resultado" : "4-6 7-6(1) 6-4",
    "contrincante" : "Jamie Baker",
    "ganador" : true,
    "winnerAces" : 28,
    "winnerPrimerSaqueDentro" : 61,
    "winnerPrimerSaqueGanado" : 50,
    "winnerSegundoSaqueGanado" : 18,
    "winnerDobleFalta" : 5,
    "winnerServingPoints" : 94,
    "winnerServingGames" : 16,
    "loserAces" : 7,
    "loserPrimerSaqueDentro" : 73,
    "loserPrimerSaqueGanado" : 51,
    "loserSegundoSaqueGanado" : 22,
    "loserDobleFalta" : 3,
    "loserServingPoints" : 112,
    "loserServingGames" : 16
  }, {
    "torneo" : "Fergana CH",
    "fecha" : "20120514",
    "superficie" : "Hard",
    "resultado" : "4-6 6-2 6-4",
    "contrincante" : "Evgeny Kirillov",
    "ganador" : false,
    "winnerAces" : 6,
    "winnerPrimerSaqueDentro" : 49,
    "winnerPrimerSaqueGanado" : 39,
    "winnerSegundoSaqueGanado" : 18,
    "winnerDobleFalta" : 1,
    "winnerServingPoints" : 84,
    "winnerServingGames" : 14,
    "loserAces" : 10,
    "loserPrimerSaqueDentro" : 46,
    "loserPrimerSaqueGanado" : 35,
    "loserSegundoSaqueGanado" : 13,
    "loserDobleFalta" : 4,
    "loserServingPoints" : 74,
    "loserServingGames" : 14
  }, {
    "torneo" : "Caloundra CH",
    "fecha" : "20120206",
    "superficie" : "Hard",
    "resultado" : "6-4 7-6(8)",
    "contrincante" : "Nima Roshan",
    "ganador" : true,
    "winnerAces" : 10,
    "winnerPrimerSaqueDentro" : 49,
    "winnerPrimerSaqueGanado" : 44,
    "winnerSegundoSaqueGanado" : 11,
    "winnerDobleFalta" : 2,
    "winnerServingPoints" : 70,
    "winnerServingGames" : 11,
    "loserAces" : 5,
    "loserPrimerSaqueDentro" : 46,
    "loserPrimerSaqueGanado" : 36,
    "loserSegundoSaqueGanado" : 14,
    "loserDobleFalta" : 3,
    "loserServingPoints" : 73,
    "loserServingGames" : 11
  }, {
    "torneo" : "Caloundra CH",
    "fecha" : "20120206",
    "superficie" : "Hard",
    "resultado" : "6-4 6-4",
    "contrincante" : "James Duckworth",
    "ganador" : false,
    "winnerAces" : 10,
    "winnerPrimerSaqueDentro" : 35,
    "winnerPrimerSaqueGanado" : 29,
    "winnerSegundoSaqueGanado" : 10,
    "winnerDobleFalta" : 1,
    "winnerServingPoints" : 51,
    "winnerServingGames" : 10,
    "loserAces" : 3,
    "loserPrimerSaqueDentro" : 37,
    "loserPrimerSaqueGanado" : 19,
    "loserSegundoSaqueGanado" : 21,
    "loserDobleFalta" : 1,
    "loserServingPoints" : 73,
    "loserServingGames" : 10
  }, {
    "torneo" : "Shanghai CH",
    "fecha" : "20120903",
    "superficie" : "Hard",
    "resultado" : "7-5 6-4",
    "contrincante" : "Michael Yani",
    "ganador" : false,
    "winnerAces" : 8,
    "winnerPrimerSaqueDentro" : 45,
    "winnerPrimerSaqueGanado" : 33,
    "winnerSegundoSaqueGanado" : 18,
    "winnerDobleFalta" : 2,
    "winnerServingPoints" : 69,
    "winnerServingGames" : 11,
    "loserAces" : 6,
    "loserPrimerSaqueDentro" : 46,
    "loserPrimerSaqueGanado" : 34,
    "loserSegundoSaqueGanado" : 15,
    "loserDobleFalta" : 5,
    "loserServingPoints" : 78,
    "loserServingGames" : 11
  }, {
    "torneo" : "Tashkent CH",
    "fecha" : "20121008",
    "superficie" : "Hard",
    "resultado" : "6-3 6-4",
    "contrincante" : "Igor Kunitsyn",
    "ganador" : false,
    "winnerAces" : 9,
    "winnerPrimerSaqueDentro" : 34,
    "winnerPrimerSaqueGanado" : 30,
    "winnerSegundoSaqueGanado" : 14,
    "winnerDobleFalta" : 5,
    "winnerServingPoints" : 59,
    "winnerServingGames" : 10,
    "loserAces" : 8,
    "loserPrimerSaqueDentro" : 34,
    "loserPrimerSaqueGanado" : 25,
    "loserSegundoSaqueGanado" : 8,
    "loserDobleFalta" : 1,
    "loserServingPoints" : 51,
    "loserServingGames" : 9
  }, {
    "torneo" : "Burnie CH",
    "fecha" : "20120130",
    "superficie" : "Hard",
    "resultado" : "6-2 6-4",
    "contrincante" : "Ze Zhang",
    "ganador" : false,
    "winnerAces" : 4,
    "winnerPrimerSaqueDentro" : 44,
    "winnerPrimerSaqueGanado" : 29,
    "winnerSegundoSaqueGanado" : 15,
    "winnerDobleFalta" : 8,
    "winnerServingPoints" : 73,
    "winnerServingGames" : 9,
    "loserAces" : 2,
    "loserPrimerSaqueDentro" : 41,
    "loserPrimerSaqueGanado" : 21,
    "loserSegundoSaqueGanado" : 7,
    "loserDobleFalta" : 2,
    "loserServingPoints" : 60,
    "loserServingGames" : 9
  }, {
    "torneo" : "Karshi CH",
    "fecha" : "20120813",
    "superficie" : "Hard",
    "resultado" : "6-4 6-1",
    "contrincante" : "Michal Konecny",
    "ganador" : true,
    "winnerAces" : 13,
    "winnerPrimerSaqueDentro" : 27,
    "winnerPrimerSaqueGanado" : 22,
    "winnerSegundoSaqueGanado" : 16,
    "winnerDobleFalta" : 3,
    "winnerServingPoints" : 51,
    "winnerServingGames" : 9,
    "loserAces" : 5,
    "loserPrimerSaqueDentro" : 29,
    "loserPrimerSaqueGanado" : 21,
    "loserSegundoSaqueGanado" : 7,
    "loserDobleFalta" : 8,
    "loserServingPoints" : 50,
    "loserServingGames" : 8
  }, {
    "torneo" : "Karshi CH",