{
  "nombre" : "Yasutaka Uchiyama",
  "mano" : "R",
  "nacionalidad" : "JPN",
  "edad" : 19.5811088296,
  "ganar1Saque" : 0.6773456633090973,
  "ganar2Saque" : 0.5566638062397639,
  "primerSaque" : 0.5974555744065179,
  "segundoSaque" : 0.3635222299231423,
  "ganarPuntoSacando" : 0.6070436105058836,
  "ganarPuntoRestando" : 0.30487777916155817,
  "probAce" : 0.08128704130649567,
  "clay" : {
    "nombre" : "Clay",
    "probVictoria" : 0.0,
    "probGanarPrimerSaque" : 0.5416666865348816,
    "probGanarSegundoSaque" : 0.4615384638309479,
    "probPrimerSaque" : 0.4444444477558136,
    "probSegundoSaque" : 0.48148149251937866,
    "probGanarPuntoSacando" : 0.4629629797851429,
    "probGanarPuntoRestando" : 0.363636386501319,
    "probAce" : 0.0
  },
  "grass" : {
    "nombre" : "Grass",
    "probVictoria" : 0.0,
    "probGanarPrimerSaque" : 0.0,
    "probGanarSegundoSaque" : 0.0,
    "probPrimerSaque" : 0.0,
    "probSegundoSaque" : 0.0,
    "probGanarPuntoSacando" : 0.0,
    "probGanarPuntoRestando" : 0.0,
    "probAce" : 0.0
  },
  "hard" : {
    "nombre" : "Hard",
    "probVictoria" : 0.2857142984867096,
    "probGanarPrimerSaque" : 0.6837432384490967,
    "probGanarSegundoSaque" : 0.5507042407989502,
    "probPrimerSaque" : 0.6046130635908672,
    "probSegundoSaque" : 0.3557975547654288,
    "probGanarPuntoSacando" : 0.6093393163834675,
    "probGanarPuntoRestando" : 0.305404128039452,
    "probAce" : 0.0
  },
  "other" : {
    "nombre" : "Other",
    "probVictoria" : 0.3333333432674408,
    "probGanarPrimerSaque" : 0.692716638247172,
    "probGanarSegundoSaque" : 0.6161835590998331,
    "probPrimerSaque" : 0.6150576670964559,
    "probSegundoSaque" : 0.3602509597937266,
    "probGanarPuntoSacando" : 0.6480413980540346,
    "probGanarPuntoRestando" : 0.2828352819514672,
    "probAce" : 0.0
  },
  "partidos" : [ {
    "torneo" : "Kyoto CH",
    "fecha" : "20120305",
    "superficie" : "Carpet",
    "resultado" : "7-5 6-1",
    "contrincante" : "Hiroki Moriya",
    "ganador" : false,
    "winnerAces" : 1,
    "winnerPrimerSaqueDentro" : 34,
    "winnerPrimerSaqueGanado" : 27,
    "winnerSegundoSaqueGanado" : 17,
    "winnerDobleFalta" : 2,
    "winnerServingPoints" : 60,
    "winnerServingGames" : 10,
    "loserAces" : 5,
    "loserPrimerSaqueDentro" : 33,
    "loserPrimerSaqueGanado" : 19,
    "loserSegundoSaqueGanado" : 13,
    "loserDobleFalta" : 1,
    "loserServingPoints" : 54,
    "loserServingGames" : 9
  }, {
    "torneo" : "Kaohsiung CH",
    "fecha" : "20120423",
    "superficie" : "Hard",
    "resultado" : "7-5 6-1",
    "contrincante" : "Alexander Kudryavtsev",
    "ganador" : false,
    "winnerAces" : 2,
    "winnerPrimerSaqueDentro" : 31,
    "winnerPrimerSaqueGanado" : 26,
    "winnerSegundoSaqueGanado" : 14,
    "winnerDobleFalta" : 2,
    "winnerServingPoints" : 59,
    "winnerServingGames" : 10,
    "loserAces" : 2,
    "loserPrimerSaqueDentro" : 42,
    "loserPrimerSaqueGanado" : 24,
    "loserSegundoSaqueGanado" : 9,
    "loserDobleFalta" : 0,
    "loserServingPoints" : 62,
    "loserServingGames" : 9
  }, {
    "torneo" : "Fergana CH",
    "fecha" : "20120514",
    "superficie" : "Hard",
    "resultado" : "7-6(3) 7-6(7)",
    "contrincante" : "Amir Weintraub",
    "ganador" : false,
    "winnerAces" : 6,
    "winnerPrimerSaqueDentro" : 53,
    "winnerPrimerSaqueGanado" : 45,
    "winnerSegundoSaqueGanado" : 15,
    "winnerDobleFalta" : 7,
    "winnerServingPoints" : 84,
    "winnerServingGames" : 12,
    "loserAces" : 14,
    "loserPrimerSaqueDentro" : 44,
    "loserPrimerSaqueGanado" : 38,
    "loserSegundoSaqueGanado" : 14,
    "loserDobleFalta" : 5,
    "loserServingPoints" : 71,
    "loserServingGames" : 12
  }, {
    "torneo" : "Toyota CH",
    "fecha" : "20121119",
    "superficie" : "Carpet",
    "resultado" : "7-5 3-6 6-3",
    "contrincante" : "Christopher Rungkat",
    "ganador" : true,
    "winnerAces" : 14,
    "winnerPrimerSaqueDentro" : 55,
    "winnerPrimerSaqueGanado" : 45,
    "winnerSegundoSaqueGanado" : 19,
    "winnerDobleFalta" : 5,
    "winnerServingPoints" : 90,
    "winnerServingGames" : 15,
    "loserAces" : 1,
    "loserPrimerSaqueDentro" : 67,
    "loserPrimerSaqueGanado" : 46,
    "loserSegundoSaqueGanado" : 16,
    "loserDobleFalta" : 3,
    "loserServingPoints" : 91,
    "loserServingGames" : 15
  }, {
    "torneo" : "Toyota CH",
    "fecha" : "20121119",
    "superficie" : "Carpet",
    "resultado" : "6-4 6-4",
    "contrincante" : "Yuichi Sugita",
    "ganador" : false,
    "winnerAces" : 4,
    "winnerPrimerSaqueDentro" : 33,
    "winnerPrimerSaqueGanado" : 30,
    "winnerSegundoSaqueGanado" : 12,
    "winnerDobleFalta" : 0,
    "winnerServingPoints" : 57,
    "winnerServingGames" : 10,
    "loserAces" : 9,
    "loserPrimerSaqueDentro" : 38,
    "loserPrimerSaqueGanado" : 26,
    "loserSegundoSaqueGanado" : 13,
    "loserDobleFalta" : 0,
    "loserServingPoints" : 61,
    "loserServingGames" : 10
  }, {
    "torneo" : "Karshi CH",
    "fecha" : "20120813",
    "superficie" : "Hard",
    "resultado" : "6-4 6-4",
    "contrincante" : "Gerald Melzer",
    "ganador" : false,
    "winnerAces" : 4,
    "winnerPrimerSaqueDentro" : 36,
    "winnerPrimerSaqueGanado" : 32,
    "winnerSegundoSaqueGanado" : 8,
    "winnerDobleFalta" : 0,
    "winnerServingPoints" : 48,
    "winnerServingGames" : 10,
    "loserAces" : 4,
    "loserPrimerSaqueDentro" : 39,
    "loserPrimerSaqueGanado" : 27,
    "loserSegundoSaqueGanado" : 13,
    "loserDobleFalta" : 5,
    "loserServingPoints" : 63,
    "loserServingGames" : 10
  }, {
    "torneo" : "Busan CH",
    "fecha" : "20120507",
    "superficie" : "Hard",
    "resultado" : "6-1 7-6(11)",
    "contrincante" : "Amir Weintraub",
    "ganador" : false,
    "winnerAces" : 3,
    "winnerPrimerSaqueDentro" : 40,
    "winnerPrimerSaqueGanado" : 35,
    "winnerSegundoSaqueGanado" : 12,
    "winnerDobleFalta" : 2,
    "winnerServingPoints" : 60,
    "winnerServingGames" : 10,
    "loserAces" : 4,
    "loserPrimerSaqueDentro" : 41,
    "loserPrimerSaqueGanado" : 29,
    "loserSegundoSaqueGanado" : 11,
    "loserDobleFalta" : 3,
    "loserServingPoints" : 71,
    "loserServingGames" : 9
  }, {
    "torneo" : "Ningbo CH",
    "fecha" : "20120910",
    "superficie" : "Hard",
    "resultado" : "6-3 6-4",
    "contrincante" : "Yong Kyu Lim",
    "ganador" : false,
    "winnerAces" : 3,
    "winnerPrimerSaqueDentro" : 32,
    "winnerPrimerSaqueGanado" : 26,
    "winnerSegundoSaqueGanado" : 14,
    "winnerDobleFalta" : 1,
    "winnerServingPoints" : 56,
    "winnerServingGames" : 10,
    "loserAces" : 2,
    "loserPrimerSaqueDentro" : 33,
    "loserPrimerSaqueGanado" : 24,
    "loserSegundoSaqueGanado" : 8,
    "loserDobleFalta" : 1,
    "loserServingPoints" : 52,
    "loserServingGames" : 9
  }, {
    "torneo" : "Samarkand CH",
    "fecha" : "20120806",
    "superficie" : "Clay",
    "resultado" : "6-1 6-3",
    "contrincante" : "Norbert Gombos",
    "ganador" : false,
    "winnerAces" : 6,
    "winnerPrimerSaqueDentro" : 31,
    "winnerPrimerSaqueGanado" : 22,
    "winnerSegundoSaqueGanado" : 13,
    "winnerDobleFalta" : 6,
    "winnerServingPoints" : 55,
    "winnerServingGames" : 8,
    "loserAces" : 2,
    "loserPrimerSaqueDentro" : 24,
    "loserPrimerSaqueGanado" : 13,
    "loserSegundoSaqueGanado" : 12,
    "loserDobleFalta" : 4,
    "loserServingPoints" : 54,
    "loserServingGames" : 8
  }, {
    "torneo" : "Yokohama CH",
    "fecha" : "20121112",
    "superficie" : "Hard",
    "resultado" : "6-1 4-0 RET",
    "contrincante" : "Andrea Arnaboldi",
    "ganador" : false,
    "winnerAces" : 4,
    "winnerPrimerSaqueDentro" : 27,
    "winnerPrimerSaqueGanado" : 22,
    "winnerSegundoSaqueGanado" : 5,
    "winnerDobleFalta" : 2,
    "winnerServingPoints" : 37,
    "winnerServingGames" : 6,
    "loserAces" : 2,
    "loserPrimerSaqueDentro" : 20,
    "loserPrimerSaqueGanado" : 11,
    "loserSegundoSaqueGanado" : 7,
    "loserDobleFalta" : 4,
    "loserServingPoints" : 42,