{
  "nombre" : "Yong Kyu Lim",
  "mano" : "U",
  "nacionalidad" : "KOR",
  "edad" : 20.7145790554,
  "ganar1Saque" : 0.704673205430691,
  "ganar2Saque" : 0.5736585465761331,
  "primerSaque" : 0.5592331771667187,
  "segundoSaque" : 0.40673330426216125,
  "ganarPuntoSacando" : 0.6274026717044008,
  "ganarPuntoRestando" : 0.3445222297813364,
  "probAce" : 0.06330472230911255,
  "clay" : {
    "nombre" : "Clay",
    "probVictoria" : 0.0,
    "probGanarPrimerSaque" : 0.7857142686843872,
    "probGanarSegundoSaque" : 0.8039215803146362,
    "probPrimerSaque" : 0.48275861144065857,
    "probSegundoSaque" : 0.4396551847457886,
    "probGanarPuntoSacando" : 0.732758620253545,
    "probGanarPuntoRestando" : 0.18691593624950809,
    "probAce" : 0.0
  },
  "grass" : {
    "nombre" : "Grass",
    "probVictoria" : 0.0,
    "probGanarPrimerSaque" : 0.0,
    "probGanarSegundoSaque" : 0.0,
    "probPrimerSaque" : 0.0,
    "probSegundoSaque" : 0.0,
    "probGanarPuntoSacando" : 0.0,
    "probGanarPuntoRestando" : 0.0,
    "probAce" : 0.0
  },
  "hard" : {
    "nombre" : "Hard",
    "probVictoria" : 0.4000000059604645,
    "probGanarPrimerSaque" : 0.7027815192937851,
    "probGanarSegundoSaque" : 0.5518222838640213,
    "probPrimerSaque" : 0.5751247823238372,
    "probSegundoSaque" : 0.3934213161468506,
    "probGanarPuntoSacando" : 0.621285717501998,
    "probGanarPuntoRestando" : 0.36110970297706135,
    "probAce" : 0.0
  },
  "other" : {
    "nombre" : "Other",
    "probVictoria" : 0.5,
    "probGanarPrimerSaque" : 0.6736111044883728,
    "probGanarSegundoSaque" : 0.5677083432674408,
    "probPrimerSaque" : 0.5180124342441559,
    "probSegundoSaque" : 0.45683230459690094,
    "probGanarPuntoSacando" : 0.60828643876367,
    "probGanarPuntoRestando" : 0.34038801056862616,
    "probAce" : 0.0
  },
  "partidos" : [ {
    "torneo" : "Kyoto CH",
    "fecha" : "20120305",
    "superficie" : "Carpet",
    "resultado" : "3-6 4-5 RET",
    "contrincante" : "Takao Suzuki",
    "ganador" : true,
    "winnerAces" : 0,
    "winnerPrimerSaqueDentro" : 24,
    "winnerPrimerSaqueGanado" : 17,
    "winnerSegundoSaqueGanado" : 14,
    "winnerDobleFalta" : 1,
    "winnerServingPoints" : 46,
    "winnerServingGames" : 9,
    "loserAces" : 4,
    "loserPrimerSaqueDentro" : 28,
    "loserPrimerSaqueGanado" : 25,
    "loserSegundoSaqueGanado" : 15,
    "loserDobleFalta" : 2,
    "loserServingPoints" : 56,
    "loserServingGames" : 9
  }, {
    "torneo" : "Kyoto CH",
    "fecha" : "20120305",
    "superficie" : "Carpet",
    "resultado" : "7-5 6-2",
    "contrincante" : "Yuichi Sugita",
    "ganador" : false,
    "winnerAces" : 3,
    "winnerPrimerSaqueDentro" : 42,
    "winnerPrimerSaqueGanado" : 32,
    "winnerSegundoSaqueGanado" : 17,
    "winnerDobleFalta" : 8,
    "winnerServingPoints" : 81,
    "winnerServingGames" : 10,
    "loserAces" : 4,
    "loserPrimerSaqueDentro" : 36,
    "loserPrimerSaqueGanado" : 23,
    "loserSegundoSaqueGanado" : 15,
    "loserDobleFalta" : 2,
    "loserServingPoints" : 70,
    "loserServingGames" : 10
  }, {
    "torneo" : "Seoul CH",
    "fecha" : "20121022",
    "superficie" : "Hard",
    "resultado" : "4-6 7-6(4) 6-3",
    "contrincante" : "Hyun Woo Nam",
    "ganador" : true,
    "winnerAces" : 5,
    "winnerPrimerSaqueDentro" : 69,
    "winnerPrimerSaqueGanado" : 51,
    "winnerSegundoSaqueGanado" : 20,
    "winnerDobleFalta" : 1,
    "winnerServingPoints" : 109,
    "winnerServingGames" : 16,
    "loserAces" : 4,
    "loserPrimerSaqueDentro" : 58,
    "loserPrimerSaqueGanado" : 40,
    "loserSegundoSaqueGanado" : 19,
    "loserDobleFalta" : 1,
    "loserServingPoints" : 94,
    "loserServingGames" : 15
  }, {
    "torneo" : "Seoul CH",
    "fecha" : "20121022",
    "superficie" : "Hard",
    "resultado" : "6-0 6-3",
    "contrincante" : "Tatsuma Ito",
    "ganador" : true,
    "winnerAces" : 7,
    "winnerPrimerSaqueDentro" : 37,
    "winnerPrimerSaqueGanado" : 28,
    "winnerSegundoSaqueGanado" : 11,
    "winnerDobleFalta" : 0,
    "winnerServingPoints" : 58,
    "winnerServingGames" : 8,
    "loserAces" : 2,
    "loserPrimerSaqueDentro" : 30,
    "loserPrimerSaqueGanado" : 20,
    "loserSegundoSaqueGanado" : 5,
    "loserDobleFalta" : 4,
    "loserServingPoints" : 49,
    "loserServingGames" : 7
  }, {
    "torneo" : "Seoul CH",
    "fecha" : "20121022",
    "superficie" : "Hard",
    "resultado" : "6-0 3-6 6-2",
    "contrincante" : "Yuichi Sugita",
    "ganador" : false,
    "winnerAces" : 4,
    "winnerPrimerSaqueDentro" : 37,
    "winnerPrimerSaqueGanado" : 29,
    "winnerSegundoSaqueGanado" : 16,
    "winnerDobleFalta" : 3,
    "winnerServingPoints" : 72,
    "winnerServingGames" : 12,
    "loserAces" : 2,
    "loserPrimerSaqueDentro" : 51,
    "loserPrimerSaqueGanado" : 25,
    "loserSegundoSaqueGanado" : 11,
    "loserDobleFalta" : 1,
    "loserServingPoints" : 72,
    "loserServingGames" : 11
  }, {
    "torneo" : "Ningbo CH",
    "fecha" : "20120910",
    "superficie" : "Hard",
    "resultado" : "6-3 6-4",
    "contrincante" : "Yasutaka Uchiyama",
    "ganador" : true,
    "winnerAces" : 3,
    "winnerPrimerSaqueDentro" : 32,
    "winnerPrimerSaqueGanado" : 26,
    "winnerSegundoSaqueGanado" : 14,
    "winnerDobleFalta" : 1,
    "winnerServingPoints" : 56,
    "winnerServingGames" : 10,
    "loserAces" : 2,
    "loserPrimerSaqueDentro" : 33,
    "loserPrimerSaqueGanado" : 24,
    "loserSegundoSaqueGanado" : 8,
    "loserDobleFalta" : 1,
    "loserServingPoints" : 52,
    "loserServingGames" : 9
  }, {
    "torneo" : "Ningbo CH",
    "fecha" : "20120910",
    "superficie" : "Hard",
    "resultado" : "3-6 7-5 7-5",
    "contrincante" : "Chu Huan Yi",
    "ganador" : false,
    "winnerAces" : 8,
    "winnerPrimerSaqueDentro" : 48,
    "winnerPrimerSaqueGanado" : 40,
    "winnerSegundoSaqueGanado" : 18,
    "winnerDobleFalta" : 5,
    "winnerServingPoints" : 82,
    "winnerServingGames" : 16,
    "loserAces" : 7,
    "loserPrimerSaqueDentro" : 55,
    "loserPrimerSaqueGanado" : 42,
    "loserSegundoSaqueGanado" : 21,
    "loserDobleFalta" : 3,
    "loserServingPoints" : 95,
    "loserServingGames" : 17
  }, {
    "torneo" : "An-Ning CH",
    "fecha" : "20120716",
    "superficie" : "Clay",
    "resultado" : "6-7(4) 7-6(3) 7-6(5)",
    "contrincante" : "Samuel Groth",
    "ganador" : false,
    "winnerAces" : 36,
    "winnerPrimerSaqueDentro" : 62,
    "winnerPrimerSaqueGanado" : 56,
    "winnerSegundoSaqueGanado" : 31,
    "winnerDobleFalta" : 7,
    "winnerServingPoints" : 107,
    "winnerServingGames" : 18,
    "loserAces" : 9,
    "loserPrimerSaqueDentro" : 56,
    "loserPrimerSaqueGanado" : 44,
    "loserSegundoSaqueGanado" : 41,
    "loserDobleFalta" : 9,
    "loserServingPoints" : 116,
    "loserServingGames" : 18
  }, {
    "torneo" : "Wuhan CH",
    "fecha" : "20120723",
    "superficie" : "Hard",
    "resultado" : "6-0 6-4",
    "contrincante" : "Yan Bai",
    "ganador" : true,
    "winnerAces" : 8,
    "winnerPrimerSaqueDentro" : 24,
    "winnerPrimerSaqueGanado" : 22,
    "winnerSegundoSaqueGanado" : 12,
    "winnerDobleFalta" : 3,
    "winnerServingPoints" : 47,
    "winnerServingGames" : 8,
    "loserAces" : 5,
    "loserPrimerSaqueDentro" : 33,
    "loserPrimerSaqueGanado" : 21,
    "loserSegundoSaqueGanado" : 9,
    "loserDobleFalta" : 3,
    "loserServingPoints" : 56,
    "loserServingGames" : 8
  }, {
    "torneo" : "Wuhan CH",
    "fecha" : "20120723",
    "superficie" : "Hard",
    "resultado" : "7-6(6) 3-6 6-3",
    "contrincante" : "Adam Feeney",
    "ganador" : false,
    "winnerAces" : 7,
    "winnerPrimerSaqueDentro" : 74,
    "winnerPrimerSaqueGanado" : 56,
    "winnerSegundoSaqueGanado" : 16,
    "winnerDobleFalta" : 6,
    "winnerServingPoints" : 106,
    "winnerServingGames" : 15,
    "loserAces" : 9,
    "loserPrimerSaqueDentro" : 43,
    "loserPrimerSaqueGanado" : 35,
    "loserSegundoSaqueGanado" : 28,
    "loserDobleFalta" : 7,
    "loserServingPoints" : 93,