{
  "nombre" : "Jonas Bjorkman",
  "mano" : "R",
  "nacionalidad" : "SWE",
  "edad" : 35.9452429843,
  "ganar1Saque" : 0.7017177775502205,
  "ganar2Saque" : 0.5012024890631437,
  "primerSaque" : 0.5792350843548775,
  "segundoSaque" : 0.37786528542637826,
  "ganarPuntoSacando" : 0.595846577658875,
  "ganarPuntoRestando" : 0.33881343478997195,
  "probAce" : 0.05306684970855713,
  "clay" : {
    "nombre" : "Clay",
    "probVictoria" : 0.3333333432674408,
    "probGanarPrimerSaque" : 0.773707926273346,
    "probGanarSegundoSaque" : 0.40782638887564343,
    "probPrimerSaque" : 0.6311351855595907,
    "probSegundoSaque" : 0.3449107011159261,
    "probGanarPuntoSacando" : 0.6289779813381289,
    "probGanarPuntoRestando" : 0.34528313171964115,
    "probAce" : 0.0
  },
  "grass" : {
    "nombre" : "Grass",
    "probVictoria" : 0.25,
    "probGanarPrimerSaque" : 2.8195502758026123,
    "probGanarSegundoSaque" : 0.5442805215716362,
    "probPrimerSaque" : 0.5632093250751495,
    "probSegundoSaque" : 0.4114345461130142,
    "probGanarPuntoSacando" : 1.811932817201222,
    "probGanarPuntoRestando" : 0.29402714925910844,
    "probAce" : 0.0
  },
  "hard" : {
    "nombre" : "Hard",
    "probVictoria" : 0.5,
    "probGanarPrimerSaque" : 0.68412934587552,
    "probGanarSegundoSaque" : 0.5094960406422615,
    "probPrimerSaque" : 0.5721891407783215,
    "probSegundoSaque" : 0.3751411862098254,
    "probGanarPuntoSacando" : 0.5825843316534963,
    "probGanarPuntoRestando" : 0.3511008233541602,
    "probAce" : 0.0
  },
  "other" : {
    "nombre" : "Other",
    "probVictoria" : 0.0,
    "probGanarPrimerSaque" : 0.0,
    "probGanarSegundoSaque" : 0.0,
    "probPrimerSaque" : 0.0,
    "probSegundoSaque" : 0.0,
    "probGanarPuntoSacando" : 0.0,
    "probGanarPuntoRestando" : 0.0,
    "probAce" : 0.0
  },
  "partidos" : [ {
    "torneo" : "Las Vegas",
    "fecha" : "20080303",
    "superficie" : "Hard",
    "resultado" : "6-4 7-6(4)",
    "contrincante" : "Julien Benneteau",
    "ganador" : false,
    "winnerAces" : 6,
    "winnerPrimerSaqueDentro" : 46,
    "winnerPrimerSaqueGanado" : 34,
    "winnerSegundoSaqueGanado" : 15,
    "winnerDobleFalta" : 5,
    "winnerServingPoints" : 73,
    "winnerServingGames" : 11,
    "loserAces" : 4,
    "loserPrimerSaqueDentro" : 33,
    "loserPrimerSaqueGanado" : 22,
    "loserSegundoSaqueGanado" : 18,
    "loserDobleFalta" : 3,
    "loserServingPoints" : 66,
    "loserServingGames" : 11
  }, {
    "torneo" : "Beijing Olympics",
    "fecha" : "20080811",
    "superficie" : "Hard",
    "resultado" : "7-5 7-6(2)",
    "contrincante" : "Lleyton Hewitt",
    "ganador" : false,
    "winnerAces" : 5,
    "winnerPrimerSaqueDentro" : 31,
    "winnerPrimerSaqueGanado" : 24,
    "winnerSegundoSaqueGanado" : 21,
    "winnerDobleFalta" : 3,
    "winnerServingPoints" : 70,
    "winnerServingGames" : 12,
    "loserAces" : 6,
    "loserPrimerSaqueDentro" : 44,
    "loserPrimerSaqueGanado" : 28,
    "loserSegundoSaqueGanado" : 20,
    "loserDobleFalta" : 5,
    "loserServingPoints" : 87,
    "loserServingGames" : 12
  }, {
    "torneo" : "Stockholm",
    "fecha" : "20081006",
    "superficie" : "Hard",
    "resultado" : "6-2 6-4",
    "contrincante" : "Juan Monaco",
    "ganador" : false,
    "winnerAces" : 0,
    "winnerPrimerSaqueDentro" : 38,
    "winnerPrimerSaqueGanado" : 27,
    "winnerSegundoSaqueGanado" : 7,
    "winnerDobleFalta" : 1,
    "winnerServingPoints" : 54,
    "winnerServingGames" : 9,
    "loserAces" : 1,
    "loserPrimerSaqueDentro" : 27,
    "loserPrimerSaqueGanado" : 17,
    "loserSegundoSaqueGanado" : 6,
    "loserDobleFalta" : 8,
    "loserServingPoints" : 49,
    "loserServingGames" : 9
  }, {
    "torneo" : "Wimbledon",
    "fecha" : "20080623",
    "superficie" : "Grass",
    "resultado" : "4-6 7-6(2) 6-4 7-6(4)",
    "contrincante" : "Arnaud Clement",
    "ganador" : false,
    "winnerAces" : 11,
    "winnerPrimerSaqueDentro" : 90,
    "winnerPrimerSaqueGanado" : 69,
    "winnerSegundoSaqueGanado" : 35,
    "winnerDobleFalta" : 9,
    "winnerServingPoints" : 151,
    "winnerServingGames" : 22,
    "loserAces" : 14,
    "loserPrimerSaqueDentro" : 86,
    "loserPrimerSaqueGanado" : 65,
    "loserSegundoSaqueGanado" : 31,
    "loserDobleFalta" : 0,
    "loserServingPoints" : 142,
    "loserServingGames" : 22
  }, {
    "torneo" : "Cincinnati Masters",
    "fecha" : "20080728",
    "superficie" : "Hard",
    "resultado" : "6-0 7-6(5)",
    "contrincante" : "Robby Ginepri",
    "ganador" : false,
    "winnerAces" : 8,
    "winnerPrimerSaqueDentro" : 43,
    "winnerPrimerSaqueGanado" : 35,
    "winnerSegundoSaqueGanado" : 11,
    "winnerDobleFalta" : 1,
    "winnerServingPoints" : 66,
    "winnerServingGames" : 9,
    "loserAces" : 3,
    "loserPrimerSaqueDentro" : 34,
    "loserPrimerSaqueGanado" : 20,
    "loserSegundoSaqueGanado" : 11,
    "loserDobleFalta" : 1,
    "loserServingPoints" : 54,
    "loserServingGames" : 9
  }, {
    "torneo" : "Canada Masters",
    "fecha" : "20080721",
    "superficie" : "Hard",
    "resultado" : "6-3 3-6 6-0",
    "contrincante" : "Arnaud Clement",
    "ganador" : true,
    "winnerAces" : 8,
    "winnerPrimerSaqueDentro" : 40,
    "winnerPrimerSaqueGanado" : 33,
    "winnerSegundoSaqueGanado" : 21,
    "winnerDobleFalta" : 2,
    "winnerServingPoints" : 84,
    "winnerServingGames" : 12,
    "loserAces" : 3,
    "loserPrimerSaqueDentro" : 38,
    "loserPrimerSaqueGanado" : 27,
    "loserSegundoSaqueGanado" : 11,
    "loserDobleFalta" : 3,
    "loserServingPoints" : 67,
    "loserServingGames" : 12
  }, {
    "torneo" : "Canada Masters",
    "fecha" : "20080721",
    "superficie" : "Hard",
    "resultado" : "1-6 6-1 6-2",
    "contrincante" : "James Blake",
    "ganador" : false,
    "winnerAces" : 4,
    "winnerPrimerSaqueDentro" : 34,
    "winnerPrimerSaqueGanado" : 27,
    "winnerSegundoSaqueGanado" : 16,
    "winnerDobleFalta" : 3,
    "winnerServingPoints" : 66,
    "winnerServingGames" : 11,
    "loserAces" : 1,
    "loserPrimerSaqueDentro" : 29,
    "loserPrimerSaqueGanado" : 20,
    "loserSegundoSaqueGanado" : 13,
    "loserDobleFalta" : 5,
    "loserServingPoints" : 58,
    "loserServingGames" : 11
  }, {
    "torneo" : "Queen's Club",
    "fecha" : "20080609",
    "superficie" : "Grass",
    "resultado" : "7-6(3) 4-6 6-4",
    "contrincante" : "Igor Kunitsyn",
    "ganador" : true,
    "winnerAces" : 2,
    "winnerPrimerSaqueDentro" : 56,
    "winnerPrimerSaqueGanado" : 40,
    "winnerSegundoSaqueGanado" : 26,
    "winnerDobleFalta" : 5,
    "winnerServingPoints" : 107,
    "winnerServingGames" : 16,
    "loserAces" : 6,
    "loserPrimerSaqueDentro" : 67,
    "loserPrimerSaqueGanado" : 41,
    "loserSegundoSaqueGanado" : 24,
    "loserDobleFalta" : 2,
    "loserServingPoints" : 113,
    "loserServingGames" : 16
  }, {
    "torneo" : "Queen's Club",
    "fecha" : "20080609",
    "superficie" : "Grass",
    "resultado" : "6-2 6-2",
    "contrincante" : "Rafael Nadal",
    "ganador" : false,
    "winnerAces" : 2,
    "winnerPrimerSaqueDentro" : 26,
    "winnerPrimerSaqueGanado" : 25,
    "winnerSegundoSaqueGanado" : 9,
    "winnerDobleFalta" : 1,
    "winnerServingPoints" : 43,
    "winnerServingGames" : 8,
    "loserAces" : 4,
    "loserPrimerSaqueDentro" : 35,
    "loserPrimerSaqueGanado" : 23,
    "loserSegundoSaqueGanado" : 7,
    "loserDobleFalta" : 2,
    "loserServingPoints" : 57,
    "loserServingGames" : 8
  }, {
    "torneo" : "Bastad",
    "fecha" : "20080707",
    "superficie" : "Clay",
    "resultado" : "6-3 6-1",
    "contrincante" : "Marcel Granollers",
    "ganador" : true,
    "winnerAces" : 2,
    "winnerPrimerSaqueDentro" : 19,
    "winnerPrimerSaqueGanado" : 18,
    "winnerSegundoSaqueGanado" : 14,
    "winnerDobleFalta" : 0,
    "winnerServingPoints" : 37,
    "winnerServingGames" : 8,
    "loserAces" : 2,
    "loserPrimerSaqueDentro" : 44,
    "loserPrimerSaqueGanado" : 26,
    "loserSegundoSaqueGanado" : 6,
    "loserDobleFalta" : 1,
    "loserServingPoints" : 61,