{
  "nombre" : "Lleyton Hewitt",
  "mano" : "R",
  "nacionalidad" : "AUS",
  "edad" : 26.8665297741,
  "ganar1Saque" : 0.7595134675502777,
  "ganar2Saque" : 0.6172386793227032,
  "primerSaque" : 0.5388871544393999,
  "segundoSaque" : 0.42082929508439426,
  "ganarPuntoSacando" : 0.6690441696047664,
  "ganarPuntoRestando" : 0.4188371249381423,
  "probAce" : 0.10273665189743042,
  "clay" : {
    "nombre" : "Clay",
    "probVictoria" : 0.6666666865348816,
    "probGanarPrimerSaque" : 0.6921182672182719,
    "probGanarSegundoSaque" : 0.5984375278155009,
    "probPrimerSaque" : 0.5666862527529398,
    "probSegundoSaque" : 0.40354957183202106,
    "probGanarPuntoSacando" : 0.6337131154299389,
    "probGanarPuntoRestando" : 0.4462269653095677,
    "probAce" : 0.0
  },
  "grass" : {
    "nombre" : "Grass",
    "probVictoria" : 0.75,
    "probGanarPrimerSaque" : 1.071533441543579,
    "probGanarSegundoSaque" : 0.5986381769180298,
    "probPrimerSaque" : 0.5941572934389114,
    "probSegundoSaque" : 0.38218241930007935,
    "probGanarPuntoSacando" : 0.8654483961967365,
    "probGanarPuntoRestando" : 0.3904167688054705,
    "probAce" : 0.0
  },
  "hard" : {
    "nombre" : "Hard",
    "probVictoria" : 0.5555555820465088,
    "probGanarPrimerSaque" : 0.7511297282245424,
    "probGanarSegundoSaque" : 0.6286390945315361,
    "probPrimerSaque" : 0.5096894651651382,
    "probSegundoSaque" : 0.44088563819726306,
    "probGanarPuntoSacando" : 0.6600008578366885,
    "probGanarPuntoRestando" : 0.42690342093520317,
    "probAce" : 0.0
  },
  "other" : {
    "nombre" : "Other",
    "probVictoria" : 0.0,
    "probGanarPrimerSaque" : 0.0,
    "probGanarSegundoSaque" : 0.0,
    "probPrimerSaque" : 0.0,
    "probSegundoSaque" : 0.0,
    "probGanarPuntoSacando" : 0.0,
    "probGanarPuntoRestando" : 0.0,
    "probAce" : 0.0
  },
  "partidos" : [ {
    "torneo" : "Sydney",
    "fecha" : "20080107",
    "superficie" : "Hard",
    "resultado" : "6-3 6-4",
    "contrincante" : "Nicolas Mahut",
    "ganador" : true,
    "winnerAces" : 5,
    "winnerPrimerSaqueDentro" : 26,
    "winnerPrimerSaqueGanado" : 20,
    "winnerSegundoSaqueGanado" : 12,
    "winnerDobleFalta" : 4,
    "winnerServingPoints" : 48,
    "winnerServingGames" : 9,
    "loserAces" : 4,
    "loserPrimerSaqueDentro" : 41,
    "loserPrimerSaqueGanado" : 28,
    "loserSegundoSaqueGanado" : 14,
    "loserDobleFalta" : 13,
    "loserServingPoints" : 82,
    "loserServingGames" : 10
  }, {
    "torneo" : "Sydney",
    "fecha" : "20080107",
    "superficie" : "Hard",
    "resultado" : "7-6(4) 7-6(2)",
    "contrincante" : "Chris Guccione",
    "ganador" : false,
    "winnerAces" : 23,
    "winnerPrimerSaqueDentro" : 45,
    "winnerPrimerSaqueGanado" : 43,
    "winnerSegundoSaqueGanado" : 18,
    "winnerDobleFalta" : 4,
    "winnerServingPoints" : 80,
    "winnerServingGames" : 12,
    "loserAces" : 8,
    "loserPrimerSaqueDentro" : 40,
    "loserPrimerSaqueGanado" : 34,
    "loserSegundoSaqueGanado" : 20,
    "loserDobleFalta" : 3,
    "loserServingPoints" : 74,
    "loserServingGames" : 12
  }, {
    "torneo" : "Adelaide",
    "fecha" : "20071231",
    "superficie" : "Hard",
    "resultado" : "6-2 6-2",
    "contrincante" : "Dudi Sela",
    "ganador" : true,
    "winnerAces" : 7,
    "winnerPrimerSaqueDentro" : 29,
    "winnerPrimerSaqueGanado" : 26,
    "winnerSegundoSaqueGanado" : 8,
    "winnerDobleFalta" : 2,
    "winnerServingPoints" : 46,
    "winnerServingGames" : 8,
    "loserAces" : 5,
    "loserPrimerSaqueDentro" : 37,
    "loserPrimerSaqueGanado" : 22,
    "loserSegundoSaqueGanado" : 8,
    "loserDobleFalta" : 2,
    "loserServingPoints" : 59,
    "loserServingGames" : 8
  }, {
    "torneo" : "Adelaide",
    "fecha" : "20071231",
    "superficie" : "Hard",
    "resultado" : "6-2 6-2",
    "contrincante" : "Jose Acasuso",
    "ganador" : true,
    "winnerAces" : 8,
    "winnerPrimerSaqueDentro" : 14,
    "winnerPrimerSaqueGanado" : 13,
    "winnerSegundoSaqueGanado" : 21,
    "winnerDobleFalta" : 3,
    "winnerServingPoints" : 43,
    "winnerServingGames" : 8,
    "loserAces" : 0,
    "loserPrimerSaqueDentro" : 21,
    "loserPrimerSaqueGanado" : 13,
    "loserSegundoSaqueGanado" : 9,
    "loserDobleFalta" : 4,
    "loserServingPoints" : 46,
    "loserServingGames" : 8
  }, {
    "torneo" : "Adelaide",
    "fecha" : "20071231",
    "superficie" : "Hard",
    "resultado" : "6-4 6-2",
    "contrincante" : "Jo Wilfried Tsonga",
    "ganador" : false,
    "winnerAces" : 14,
    "winnerPrimerSaqueDentro" : 41,
    "winnerPrimerSaqueGanado" : 29,
    "winnerSegundoSaqueGanado" : 10,
    "winnerDobleFalta" : 3,
    "winnerServingPoints" : 64,
    "winnerServingGames" : 9,
    "loserAces" : 0,
    "loserPrimerSaqueDentro" : 26,
    "loserPrimerSaqueGanado" : 14,
    "loserSegundoSaqueGanado" : 14,
    "loserDobleFalta" : 3,
    "loserServingPoints" : 52,
    "loserServingGames" : 9
  }, {
    "torneo" : "Las Vegas",
    "fecha" : "20080303",
    "superficie" : "Hard",
    "resultado" : "6-2 6-1",
    "contrincante" : "Marat Safin",
    "ganador" : true,
    "winnerAces" : 7,
    "winnerPrimerSaqueDentro" : 23,
    "winnerPrimerSaqueGanado" : 19,
    "winnerSegundoSaqueGanado" : 15,
    "winnerDobleFalta" : 2,
    "winnerServingPoints" : 46,
    "winnerServingGames" : 8,
    "loserAces" : 3,
    "loserPrimerSaqueDentro" : 20,
    "loserPrimerSaqueGanado" : 8,
    "loserSegundoSaqueGanado" : 11,
    "loserDobleFalta" : 3,
    "loserServingPoints" : 42,
    "loserServingGames" : 7
  }, {
    "torneo" : "Las Vegas",
    "fecha" : "20080303",
    "superficie" : "Hard",
    "resultado" : "6-3 7-5",
    "contrincante" : "Julien Benneteau",
    "ganador" : false,
    "winnerAces" : 5,
    "winnerPrimerSaqueDentro" : 43,
    "winnerPrimerSaqueGanado" : 32,
    "winnerSegundoSaqueGanado" : 12,
    "winnerDobleFalta" : 3,
    "winnerServingPoints" : 71,
    "winnerServingGames" : 11,
    "loserAces" : 2,
    "loserPrimerSaqueDentro" : 34,
    "loserPrimerSaqueGanado" : 16,
    "loserSegundoSaqueGanado" : 20,
    "loserDobleFalta" : 4,
    "loserServingPoints" : 74,
    "loserServingGames" : 10
  }, {
    "torneo" : "Beijing Olympics",
    "fecha" : "20080811",
    "superficie" : "Hard",
    "resultado" : "7-5 7-6(2)",
    "contrincante" : "Jonas Bjorkman",
    "ganador" : true,
    "winnerAces" : 5,
    "winnerPrimerSaqueDentro" : 31,
    "winnerPrimerSaqueGanado" : 24,
    "winnerSegundoSaqueGanado" : 21,
    "winnerDobleFalta" : 3,
    "winnerServingPoints" : 70,
    "winnerServingGames" : 12,
    "loserAces" : 6,
    "loserPrimerSaqueDentro" : 44,
    "loserPrimerSaqueGanado" : 28,
    "loserSegundoSaqueGanado" : 20,
    "loserDobleFalta" : 5,
    "loserServingPoints" : 87,
    "loserServingGames" : 12
  }, {
    "torneo" : "Beijing Olympics",
    "fecha" : "20080811",
    "superficie" : "Hard",
    "resultado" : "6-1 6-2",
    "contrincante" : "Rafael Nadal",
    "ganador" : false,
    "winnerAces" : 4,
    "winnerPrimerSaqueDentro" : 38,
    "winnerPrimerSaqueGanado" : 25,
    "winnerSegundoSaqueGanado" : 11,
    "winnerDobleFalta" : 2,
    "winnerServingPoints" : 56,
    "winnerServingGames" : 8,
    "loserAces" : 2,
    "loserPrimerSaqueDentro" : 25,
    "loserPrimerSaqueGanado" : 17,
    "loserSegundoSaqueGanado" : 6,
    "loserDobleFalta" : 0,
    "loserServingPoints" : 54,
    "loserServingGames" : 7
  }, {
    "torneo" : "Wimbledon",
    "fecha" : "20080623",
    "superficie" : "Grass",
    "resultado" : "6-7(4) 6-3 6-3 6-7(1) 6-2",
    "contrincante" : "Robin Haase",
    "ganador" : true,
    "winnerAces" : 18,
    "winnerPrimerSaqueDentro" : 80,
    "winnerPrimerSaqueGanado" : 68,
    "winnerSegundoSaqueGanado" : 39,
    "winnerDobleFalta" : 8,
    "winnerServingPoints" : 144,
    "winnerServingGames" : 25,
    "loserAces" : 27,
    "loserPrimerSaqueDentro" : 98,
    "loserPrimerSaqueGanado" : 72,
    "loserSegundoSaqueGanado" : 39,
    "loserDobleFalta" : 9,
    "loserServingPoints" : 181,