{
  "nombre" : "Sebastien Grosjean",
  "mano" : "R",
  "nacionalidad" : "FRA",
  "edad" : 29.6098562628,
  "ganar1Saque" : 0.7171303602782163,
  "ganar2Saque" : 0.5077602511102502,
  "primerSaque" : 0.5865721512924541,
  "segundoSaque" : 0.3915305428884246,
  "ganarPuntoSacando" : 0.6194523449598851,
  "ganarPuntoRestando" : 0.38344917777806153,
  "probAce" : 0.05326460301876068,
  "clay" : {
    "nombre" : "Clay",
    "probVictoria" : 0.0,
    "probGanarPrimerSaque" : 0.6792452931404114,
    "probGanarSegundoSaque" : 0.6111111044883728,
    "probPrimerSaque" : 0.7464788556098938,
    "probSegundoSaque" : 0.2535211145877838,
    "probGanarPuntoSacando" : 0.661971817448725,
    "probGanarPuntoRestando" : 0.33333335714778656,
    "probAce" : 0.0
  },
  "grass" : {
    "nombre" : "Grass",
    "probVictoria" : 0.5,
    "probGanarPrimerSaque" : 1.3449807167053223,
    "probGanarSegundoSaque" : 0.40495818108320236,
    "probPrimerSaque" : 0.6128882020711899,
    "probSegundoSaque" : 0.36211180314421654,
    "probGanarPuntoSacando" : 0.9709629504319859,
    "probGanarPuntoRestando" : 0.3920603946396902,
    "probAce" : 0.0
  },
  "hard" : {
    "nombre" : "Hard",
    "probVictoria" : 0.4285714328289032,
    "probGanarPrimerSaque" : 0.7360443025827408,
    "probGanarSegundoSaque" : 0.5262363571673632,
    "probPrimerSaque" : 0.5601995512843132,
    "probSegundoSaque" : 0.4181540422141552,
    "probGanarPuntoSacando" : 0.6323795479418115,
    "probGanarPuntoRestando" : 0.3851983074002753,
    "probAce" : 0.0
  },
  "other" : {
    "nombre" : "Other",
    "probVictoria" : 0.0,
    "probGanarPrimerSaque" : 0.6309523582458496,
    "probGanarSegundoSaque" : 0.5199999809265137,
    "probPrimerSaque" : 0.7433628439903259,
    "probSegundoSaque" : 0.22123894095420837,
    "probGanarPuntoSacando" : 0.5840707845244282,
    "probGanarPuntoRestando" : 0.371134057006401,
    "probAce" : 0.0
  },
  "partidos" : [ {
    "torneo" : "Sydney",
    "fecha" : "20080107",
    "superficie" : "Hard",
    "resultado" : "6-4 4-6 6-0",
    "contrincante" : "Peter Luczak",
    "ganador" : true,
    "winnerAces" : 9,
    "winnerPrimerSaqueDentro" : 40,
    "winnerPrimerSaqueGanado" : 32,
    "winnerSegundoSaqueGanado" : 20,
    "winnerDobleFalta" : 2,
    "winnerServingPoints" : 78,
    "winnerServingGames" : 13,
    "loserAces" : 5,
    "loserPrimerSaqueDentro" : 63,
    "loserPrimerSaqueGanado" : 34,
    "loserSegundoSaqueGanado" : 20,
    "loserDobleFalta" : 1,
    "loserServingPoints" : 98,
    "loserServingGames" : 13
  }, {
    "torneo" : "Sydney",
    "fecha" : "20080107",
    "superficie" : "Hard",
    "resultado" : "6-3 6-4",
    "contrincante" : "Fernando Verdasco",
    "ganador" : true,
    "winnerAces" : 3,
    "winnerPrimerSaqueDentro" : 31,
    "winnerPrimerSaqueGanado" : 26,
    "winnerSegundoSaqueGanado" : 10,
    "winnerDobleFalta" : 0,
    "winnerServingPoints" : 52,
    "winnerServingGames" : 10,
    "loserAces" : 5,
    "loserPrimerSaqueDentro" : 47,
    "loserPrimerSaqueGanado" : 21,
    "loserSegundoSaqueGanado" : 9,
    "loserDobleFalta" : 0,
    "loserServingPoints" : 60,
    "loserServingGames" : 9
  }, {
    "torneo" : "Sydney",
    "fecha" : "20080107",
    "superficie" : "Hard",
    "resultado" : "6-4 6-2",
    "contrincante" : "Dmitry Tursunov",
    "ganador" : false,
    "winnerAces" : 8,
    "winnerPrimerSaqueDentro" : 38,
    "winnerPrimerSaqueGanado" : 29,
    "winnerSegundoSaqueGanado" : 10,
    "winnerDobleFalta" : 1,
    "winnerServingPoints" : 58,
    "winnerServingGames" : 9,
    "loserAces" : 4,
    "loserPrimerSaqueDentro" : 35,
    "loserPrimerSaqueGanado" : 22,
    "loserSegundoSaqueGanado" : 13,
    "loserDobleFalta" : 1,
    "loserServingPoints" : 62,
    "loserServingGames" : 9
  }, {
    "torneo" : "Adelaide",
    "fecha" : "20071231",
    "superficie" : "Hard",
    "resultado" : "4-6 6-1 6-3",
    "contrincante" : "Vincent Spadea",
    "ganador" : false,
    "winnerAces" : 6,
    "winnerPrimerSaqueDentro" : 46,
    "winnerPrimerSaqueGanado" : 31,
    "winnerSegundoSaqueGanado" : 18,
    "winnerDobleFalta" : 3,
    "winnerServingPoints" : 84,
    "winnerServingGames" : 13,
    "loserAces" : 6,
    "loserPrimerSaqueDentro" : 47,
    "loserPrimerSaqueGanado" : 33,
    "loserSegundoSaqueGanado" : 11,
    "loserDobleFalta" : 5,
    "loserServingPoints" : 83,
    "loserServingGames" : 13
  }, {
    "torneo" : "Las Vegas",
    "fecha" : "20080303",
    "superficie" : "Hard",
    "resultado" : "6-2 4-6 7-6(8)",
    "contrincante" : "Sam Querrey",
    "ganador" : false,
    "winnerAces" : 9,
    "winnerPrimerSaqueDentro" : 53,
    "winnerPrimerSaqueGanado" : 42,
    "winnerSegundoSaqueGanado" : 26,
    "winnerDobleFalta" : 7,
    "winnerServingPoints" : 102,
    "winnerServingGames" : 15,
    "loserAces" : 0,
    "loserPrimerSaqueDentro" : 45,
    "loserPrimerSaqueGanado" : 32,
    "loserSegundoSaqueGanado" : 36,
    "loserDobleFalta" : 1,
    "loserServingPoints" : 109,
    "loserServingGames" : 15
  }, {
    "torneo" : "Lyon",
    "fecha" : "20081020",
    "superficie" : "Carpet",
    "resultado" : "6-7(4) 6-4 6-4",
    "contrincante" : "Robby Ginepri",
    "ganador" : false,
    "winnerAces" : 5,
    "winnerPrimerSaqueDentro" : 61,
    "winnerPrimerSaqueGanado" : 44,
    "winnerSegundoSaqueGanado" : 17,
    "winnerDobleFalta" : 2,
    "winnerServingPoints" : 97,
    "winnerServingGames" : 16,
    "loserAces" : 0,
    "loserPrimerSaqueDentro" : 84,
    "loserPrimerSaqueGanado" : 53,
    "loserSegundoSaqueGanado" : 13,
    "loserDobleFalta" : 4,
    "loserServingPoints" : 113,
    "loserServingGames" : 16
  }, {
    "torneo" : "Wimbledon",
    "fecha" : "20080623",
    "superficie" : "Grass",
    "resultado" : "6-2 7-5 6-1",
    "contrincante" : "Potito Starace",
    "ganador" : true,
    "winnerAces" : 8,
    "winnerPrimerSaqueDentro" : 42,
    "winnerPrimerSaqueGanado" : 37,
    "winnerSegundoSaqueGanado" : 19,
    "winnerDobleFalta" : 0,
    "winnerServingPoints" : 69,
    "winnerServingGames" : 14,
    "loserAces" : 0,
    "loserPrimerSaqueDentro" : 49,
    "loserPrimerSaqueGanado" : 27,
    "loserSegundoSaqueGanado" : 12,
    "loserDobleFalta" : 1,
    "loserServingPoints" : 71,
    "loserServingGames" : 13
  }, {
    "torneo" : "Wimbledon",
    "fecha" : "20080623",
    "superficie" : "Grass",
    "resultado" : "6-2 6-2 RET",
    "contrincante" : "Richard Gasquet",
    "ganador" : false,
    "winnerAces" : 3,
    "winnerPrimerSaqueDentro" : 34,
    "winnerPrimerSaqueGanado" : 28,
    "winnerSegundoSaqueGanado" : 5,
    "winnerDobleFalta" : 2,
    "winnerServingPoints" : 44,
    "winnerServingGames" : 8,
    "loserAces" : 3,
    "loserPrimerSaqueDentro" : 30,
    "loserPrimerSaqueGanado" : 16,
    "loserSegundoSaqueGanado" : 8,
    "loserDobleFalta" : 0,
    "loserServingPoints" : 50,
    "loserServingGames" : 8
  }, {
    "torneo" : "Los Angeles",
    "fecha" : "20080804",
    "superficie" : "Hard",
    "resultado" : "6-3 3-6 6-3",
    "contrincante" : "Vincent Spadea",
    "ganador" : false,
    "winnerAces" : 2,
    "winnerPrimerSaqueDentro" : 54,
    "winnerPrimerSaqueGanado" : 36,
    "winnerSegundoSaqueGanado" : 23,
    "winnerDobleFalta" : 4,
    "winnerServingPoints" : 98,
    "winnerServingGames" : 14,
    "loserAces" : 1,
    "loserPrimerSaqueDentro" : 46,
    "loserPrimerSaqueGanado" : 33,
    "loserSegundoSaqueGanado" : 17,
    "loserDobleFalta" : 3,
    "loserServingPoints" : 83,
    "loserServingGames" : 13
  }, {
    "torneo" : "Queen's Club",
    "fecha" : "20080609",
    "superficie" : "Grass",
    "resultado" : "7-6(6) 6-1",
    "contrincante" : "Rik De Voest",
    "ganador" : true,
    "winnerAces" : 2,
    "winnerPrimerSaqueDentro" : 37,
    "winnerPrimerSaqueGanado" : 25,
    "winnerSegundoSaqueGanado" : 16,
    "winnerDobleFalta" : 2,
    "winnerServingPoints" : 70,
    "winnerServingGames" : 9,
    "loserAces" : 1,
    "loserPrimerSaqueDentro" : 38,
    "loserPrimerSaqueGanado" : 24,