{
  "nombre" : "Alan Mackin",
  "mano" : "R",
  "nacionalidad" : "GBR",
  "edad" : 24.2026009582,
  "ganar1Saque" : 0.6016257234982082,
  "ganar2Saque" : 0.4031936398574284,
  "primerSaque" : 0.6465987179960523,
  "segundoSaque" : 0.3174888959952763,
  "ganarPuntoSacando" : 0.5170199251180408,
  "ganarPuntoRestando" : 0.31674668383502863,
  "probAce" : 0.027272727340459824,
  "clay" : {
    "nombre" : "Clay",
    "probVictoria" : 0.1428571492433548,
    "probGanarPrimerSaque" : 0.5565110743045807,
    "probGanarSegundoSaque" : 0.3024475574493408,
    "probPrimerSaque" : 0.5052860826253891,
    "probSegundoSaque" : 0.4231965243816376,
    "probGanarPuntoSacando" : 0.4091920557932851,
    "probGanarPuntoRestando" : 0.310840098902107,
    "probAce" : 0.0
  },
  "grass" : {
    "nombre" : "Grass",
    "probVictoria" : 0.25,
    "probGanarPrimerSaque" : 1.7901408672332764,
    "probGanarSegundoSaque" : 0.4613756736119588,
    "probPrimerSaque" : 0.7290158073107401,
    "probSegundoSaque" : 0.25550179680188495,
    "probGanarPuntoSacando" : 1.4229233031345507,
    "probGanarPuntoRestando" : 0.3587719366448976,
    "probAce" : 0.0
  },
  "hard" : {
    "nombre" : "Hard",
    "probVictoria" : 0.0,
    "probGanarPrimerSaque" : 0.0,
    "probGanarSegundoSaque" : 0.0,
    "probPrimerSaque" : 0.0,
    "probSegundoSaque" : 0.0,
    "probGanarPuntoSacando" : 0.0,
    "probGanarPuntoRestando" : 0.0,
    "probAce" : 0.0
  },
  "other" : {
    "nombre" : "Other",
    "probVictoria" : 0.0,
    "probGanarPrimerSaque" : 0.6541085243225098,
    "probGanarSegundoSaque" : 0.4166666716337204,
    "probPrimerSaque" : 0.6642857193946838,
    "probSegundoSaque" : 0.3047619163990021,
    "probGanarPuntoSacando" : 0.5614990849884598,
    "probGanarPuntoRestando" : 0.2596153895531466,
    "probAce" : 0.0
  },
  "partidos" : [ {
    "torneo" : "Basel",
    "fecha" : "20051024",
    "superficie" : "Carpet",
    "resultado" : "6-1 6-3",
    "contrincante" : "Marcos Baghdatis",
    "ganador" : false,
    "winnerAces" : 4,
    "winnerPrimerSaqueDentro" : 21,
    "winnerPrimerSaqueGanado" : 17,
    "winnerSegundoSaqueGanado" : 10,
    "winnerDobleFalta" : 1,
    "winnerServingPoints" : 39,
    "winnerServingGames" : 8,
    "loserAces" : 3,
    "loserPrimerSaqueDentro" : 43,
    "loserPrimerSaqueGanado" : 23,
    "loserSegundoSaqueGanado" : 8,
    "loserDobleFalta" : 3,
    "loserServingPoints" : 70,
    "loserServingGames" : 8
  }, {
    "torneo" : "Queen's Club",
    "fecha" : "20050606",
    "superficie" : "Grass",
    "resultado" : "7-5 4-6 6-3",
    "contrincante" : "Igor Andreev",
    "ganador" : false,
    "winnerAces" : 9,
    "winnerPrimerSaqueDentro" : 76,
    "winnerPrimerSaqueGanado" : 54,
    "winnerSegundoSaqueGanado" : 18,
    "winnerDobleFalta" : 3,
    "winnerServingPoints" : 120,
    "winnerServingGames" : 16,
    "loserAces" : 2,
    "loserPrimerSaqueDentro" : 71,
    "loserPrimerSaqueGanado" : 49,
    "loserSegundoSaqueGanado" : 8,
    "loserDobleFalta" : 1,
    "loserServingPoints" : 92,
    "loserServingGames" : 15
  }, {
    "torneo" : "Nottingham",
    "fecha" : "20050613",
    "superficie" : "Grass",
    "resultado" : "6-2 6-3",
    "contrincante" : "Jonathan Marray",
    "ganador" : false,
    "winnerAces" : 3,
    "winnerPrimerSaqueDentro" : 31,
    "winnerPrimerSaqueGanado" : 21,
    "winnerSegundoSaqueGanado" : 6,
    "winnerDobleFalta" : 3,
    "winnerServingPoints" : 45,
    "winnerServingGames" : 8,
    "loserAces" : 0,
    "loserPrimerSaqueDentro" : 54,
    "loserPrimerSaqueGanado" : 27,
    "loserSegundoSaqueGanado" : 12,
    "loserDobleFalta" : 1,
    "loserServingPoints" : 83,
    "loserServingGames" : 9
  }, {
    "torneo" : "Wimbledon",
    "fecha" : "20050620",
    "superficie" : "Grass",
    "resultado" : "6-3 6-4 6-4",
    "contrincante" : "Fernando Gonzalez",
    "ganador" : false,
    "winnerAces" : 11,
    "winnerPrimerSaqueDentro" : 50,
    "winnerPrimerSaqueGanado" : 41,
    "winnerSegundoSaqueGanado" : 14,
    "winnerDobleFalta" : 5,
    "winnerServingPoints" : 76,
    "winnerServingGames" : 15,
    "loserAces" : 0,
    "loserPrimerSaqueDentro" : 65,
    "loserPrimerSaqueGanado" : 39,
    "loserSegundoSaqueGanado" : 10,
    "loserDobleFalta" : 2,
    "loserServingPoints" : 85,
    "loserServingGames" : 14
  }, {
    "torneo" : "Umag",
    "fecha" : "20050725",
    "superficie" : "Clay",
    "resultado" : "6-2 6-1",
    "contrincante" : "Felix Mantilla",
    "ganador" : false,
    "winnerAces" : 2,
    "winnerPrimerSaqueDentro" : 24,
    "winnerPrimerSaqueGanado" : 16,
    "winnerSegundoSaqueGanado" : 12,
    "winnerDobleFalta" : 0,
    "winnerServingPoints" : 45,
    "winnerServingGames" : 7,
    "loserAces" : 3,
    "loserPrimerSaqueDentro" : 22,
    "loserPrimerSaqueGanado" : 12,
    "loserSegundoSaqueGanado" : 4,
    "loserDobleFalta" : 4,
    "loserServingPoints" : 48,
    "loserServingGames" : 8
  }, {
    "torneo" : "Sopot",
    "fecha" : "20050801",
    "superficie" : "Clay",
    "resultado" : "6-3 6-1",
    "contrincante" : "Juan Monaco",
    "ganador" : false,
    "winnerAces" : 5,
    "winnerPrimerSaqueDentro" : 24,
    "winnerPrimerSaqueGanado" : 19,
    "winnerSegundoSaqueGanado" : 12,
    "winnerDobleFalta" : 0,
    "winnerServingPoints" : 41,
    "winnerServingGames" : 8,
    "loserAces" : 0,
    "loserPrimerSaqueDentro" : 37,
    "loserPrimerSaqueGanado" : 21,
    "loserSegundoSaqueGanado" : 11,
    "loserDobleFalta" : 4,
    "loserServingPoints" : 67,
    "loserServingGames" : 8
  }, {
    "torneo" : "Milan",
    "fecha" : "20050131",
    "superficie" : "Carpet",
    "resultado" : "6-7(5) 6-3 7-6(3)",
    "contrincante" : "Ivo Karlovic",
    "ganador" : false,
    "winnerAces" : 31,
    "winnerPrimerSaqueDentro" : 66,
    "winnerPrimerSaqueGanado" : 59,
    "winnerSegundoSaqueGanado" : 23,
    "winnerDobleFalta" : 1,
    "winnerServingPoints" : 104,
    "winnerServingGames" : 17,
    "loserAces" : 7,
    "loserPrimerSaqueDentro" : 75,
    "loserPrimerSaqueGanado" : 58,
    "loserSegundoSaqueGanado" : 14,
    "loserDobleFalta" : 2,
    "loserServingPoints" : 105,
    "loserServingGames" : 16
  }, {
    "torneo" : "Surbiton CH",
    "fecha" : "20050530",
    "superficie" : "Grass",
    "resultado" : "6-2 6-3",
    "contrincante" : "Antony Dupuis",
    "ganador" : false,
    "winnerAces" : 0,
    "winnerPrimerSaqueDentro" : 0,
    "winnerPrimerSaqueGanado" : 0,
    "winnerSegundoSaqueGanado" : 0,
    "winnerDobleFalta" : 0,
    "winnerServingPoints" : 0,
    "winnerServingGames" : 0,
    "loserAces" : 0,
    "loserPrimerSaqueDentro" : 0,
    "loserPrimerSaqueGanado" : 0,
    "loserSegundoSaqueGanado" : 0,
    "loserDobleFalta" : 0,
    "loserServingPoints" : 0,
    "loserServingGames" : 0
  }, {
    "torneo" : "Cordenons CH",
    "fecha" : "20050815",
    "superficie" : "Clay",
    "resultado" : "6-4 6-3",
    "contrincante" : "Giorgio Galimberti",
    "ganador" : false,
    "winnerAces" : 0,
    "winnerPrimerSaqueDentro" : 0,
    "winnerPrimerSaqueGanado" : 0,
    "winnerSegundoSaqueGanado" : 0,
    "winnerDobleFalta" : 0,
    "winnerServingPoints" : 0,
    "winnerServingGames" : 0,
    "loserAces" : 0,
    "loserPrimerSaqueDentro" : 0,
    "loserPrimerSaqueGanado" : 0,
    "loserSegundoSaqueGanado" : 0,
    "loserDobleFalta" : 0,
    "loserServingPoints" : 0,
    "loserServingGames" : 0
  }, {
    "torneo" : "Genova CH",
    "fecha" : "20050905",
    "superficie" : "Clay",
    "resultado" : "7-5 6-4",
    "contrincante" : "Marcos Daniel",
    "ganador" : false,
    "winnerAces" : 0,
    "winnerPrimerSaqueDentro" : 0,
    "winnerPrimerSaqueGanado" : 0,
    "winnerSegundoSaqueGanado" : 0,
    "winnerDobleFalta" : 0,
    "winnerServingPoints" : 0,
    "winnerServingGames" : 0,
    "loserAces" : 0,
    "loserPrimerSaqueDentro" : 0,
    "loserPrimerSaqueGanado" : 0,
    "loserSegundoSaqueGanado" : 0,
    "loserDobleFalta" : 0,
    "loserServingPoints" : 0,
    "loserServingGames" : 0
  }, {
    "torneo" : "Seville CH",