{
  "nombre" : "Bohdan Ulihrach",
  "mano" : "R",
  "nacionalidad" : "CZE",
  "edad" : 30.1108829569,
  "ganar1Saque" : 0.5978089140521156,
  "ganar2Saque" : 0.5273716648419698,
  "primerSaque" : 0.6549025111728244,
  "segundoSaque" : 0.30210111207432216,
  "ganarPuntoSacando" : 0.5508261254394755,
  "ganarPuntoRestando" : 0.2829524537184678,
  "probAce" : 0.024060150608420372,
  "clay" : {
    "nombre" : "Clay",
    "probVictoria" : 0.3333333432674408,
    "probGanarPrimerSaque" : 0.5138889054457346,
    "probGanarSegundoSaque" : 0.4281071722507477,
    "probPrimerSaque" : 0.6527563532193502,
    "probSegundoSaque" : 0.31894047061602276,
    "probGanarPuntoSacando" : 0.4719849508703894,
    "probGanarPuntoRestando" : 0.3110290641427298,
    "probAce" : 0.0
  },
  "grass" : {
    "nombre" : "Grass",
    "probVictoria" : 0.0,
    "probGanarPrimerSaque" : 0.5714285969734192,
    "probGanarSegundoSaque" : 0.5625,
    "probPrimerSaque" : 0.699999988079071,
    "probSegundoSaque" : 0.22857142984867096,
    "probGanarPuntoSacando" : 0.5285714403593111,
    "probGanarPuntoRestando" : 0.24999999913807025,
    "probAce" : 0.0
  },
  "hard" : {
    "nombre" : "Hard",
    "probVictoria" : 0.3333333432674408,
    "probGanarPrimerSaque" : 0.6367962211370468,
    "probGanarSegundoSaque" : 0.6082141995429993,
    "probPrimerSaque" : 0.6278039664030075,
    "probSegundoSaque" : 0.32903146743774414,
    "probGanarPuntoSacando" : 0.5999048040123907,
    "probGanarPuntoRestando" : 0.3200378840537187,
    "probAce" : 0.0
  },
  "other" : {
    "nombre" : "Other",
    "probVictoria" : 0.0,
    "probGanarPrimerSaque" : 0.7200000286102295,
    "probGanarSegundoSaque" : 0.46666666865348816,
    "probPrimerSaque" : 0.7246376872062683,
    "probSegundoSaque" : 0.21739129722118378,
    "probGanarPuntoSacando" : 0.6231884279890338,
    "probGanarPuntoRestando" : 0.08333335568507516,
    "probAce" : 0.0
  },
  "partidos" : [ {
    "torneo" : "Casablanca",
    "fecha" : "20050404",
    "superficie" : "Clay",
    "resultado" : "6-2 6-1",
    "contrincante" : "Florian Mayer",
    "ganador" : false,
    "winnerAces" : 2,
    "winnerPrimerSaqueDentro" : 33,
    "winnerPrimerSaqueGanado" : 28,
    "winnerSegundoSaqueGanado" : 5,
    "winnerDobleFalta" : 0,
    "winnerServingPoints" : 41,
    "winnerServingGames" : 8,
    "loserAces" : 2,
    "loserPrimerSaqueDentro" : 38,
    "loserPrimerSaqueGanado" : 20,
    "loserSegundoSaqueGanado" : 3,
    "loserDobleFalta" : 1,
    "loserServingPoints" : 50,
    "loserServingGames" : 7
  }, {
    "torneo" : "Doha",
    "fecha" : "20050103",
    "superficie" : "Hard",
    "resultado" : "7-5 7-6(2)",
    "contrincante" : "Marc Lopez",
    "ganador" : false,
    "winnerAces" : 2,
    "winnerPrimerSaqueDentro" : 38,
    "winnerPrimerSaqueGanado" : 30,
    "winnerSegundoSaqueGanado" : 15,
    "winnerDobleFalta" : 0,
    "winnerServingPoints" : 72,
    "winnerServingGames" : 12,
    "loserAces" : 1,
    "loserPrimerSaqueDentro" : 67,
    "loserPrimerSaqueGanado" : 38,
    "loserSegundoSaqueGanado" : 18,
    "loserDobleFalta" : 6,
    "loserServingPoints" : 105,
    "loserServingGames" : 12
  }, {
    "torneo" : "Australian Open",
    "fecha" : "20050117",
    "superficie" : "Hard",
    "resultado" : "6-3 6-7(5) 7-5 6-2",
    "contrincante" : "Ivo Karlovic",
    "ganador" : true,
    "winnerAces" : 4,
    "winnerPrimerSaqueDentro" : 82,
    "winnerPrimerSaqueGanado" : 69,
    "winnerSegundoSaqueGanado" : 23,
    "winnerDobleFalta" : 3,
    "winnerServingPoints" : 118,
    "winnerServingGames" : 21,
    "loserAces" : 26,
    "loserPrimerSaqueDentro" : 78,
    "loserPrimerSaqueGanado" : 59,
    "loserSegundoSaqueGanado" : 28,
    "loserDobleFalta" : 7,
    "loserServingPoints" : 133,
    "loserServingGames" : 20
  }, {
    "torneo" : "Australian Open",
    "fecha" : "20050117",
    "superficie" : "Hard",
    "resultado" : "6-4 6-1 6-3",
    "contrincante" : "Marat Safin",
    "ganador" : false,
    "winnerAces" : 10,
    "winnerPrimerSaqueDentro" : 40,
    "winnerPrimerSaqueGanado" : 34,
    "winnerSegundoSaqueGanado" : 16,
    "winnerDobleFalta" : 0,
    "winnerServingPoints" : 67,
    "winnerServingGames" : 13,
    "loserAces" : 4,
    "loserPrimerSaqueDentro" : 47,
    "loserPrimerSaqueGanado" : 26,
    "loserSegundoSaqueGanado" : 17,
    "loserDobleFalta" : 5,
    "loserServingPoints" : 83,
    "loserServingGames" : 13
  }, {
    "torneo" : "Wimbledon",
    "fecha" : "20050620",
    "superficie" : "Grass",
    "resultado" : "6-3 6-2 6-2",
    "contrincante" : "Thomas Johansson",
    "ganador" : false,
    "winnerAces" : 8,
    "winnerPrimerSaqueDentro" : 51,
    "winnerPrimerSaqueGanado" : 42,
    "winnerSegundoSaqueGanado" : 18,
    "winnerDobleFalta" : 2,
    "winnerServingPoints" : 80,
    "winnerServingGames" : 13,
    "loserAces" : 2,
    "loserPrimerSaqueDentro" : 49,
    "loserPrimerSaqueGanado" : 28,
    "loserSegundoSaqueGanado" : 9,
    "loserDobleFalta" : 5,
    "loserServingPoints" : 70,
    "loserServingGames" : 12
  }, {
    "torneo" : "Umag",
    "fecha" : "20050725",
    "superficie" : "Clay",
    "resultado" : "6-2 RET",
    "contrincante" : "Carlos Moya",
    "ganador" : false,
    "winnerAces" : 0,
    "winnerPrimerSaqueDentro" : 13,
    "winnerPrimerSaqueGanado" : 9,
    "winnerSegundoSaqueGanado" : 12,
    "winnerDobleFalta" : 2,
    "winnerServingPoints" : 31,
    "winnerServingGames" : 4,
    "loserAces" : 0,
    "loserPrimerSaqueDentro" : 24,
    "loserPrimerSaqueGanado" : 13,
    "loserSegundoSaqueGanado" : 8,
    "loserDobleFalta" : 2,
    "loserServingPoints" : 41,
    "loserServingGames" : 4
  }, {
    "torneo" : "Munich",
    "fecha" : "20050425",
    "superficie" : "Clay",
    "resultado" : "7-5 6-1",
    "contrincante" : "Jarkko Nieminen",
    "ganador" : false,
    "winnerAces" : 2,
    "winnerPrimerSaqueDentro" : 48,
    "winnerPrimerSaqueGanado" : 30,
    "winnerSegundoSaqueGanado" : 8,
    "winnerDobleFalta" : 1,
    "winnerServingPoints" : 65,
    "winnerServingGames" : 9,
    "loserAces" : 2,
    "loserPrimerSaqueDentro" : 38,
    "loserPrimerSaqueGanado" : 18,
    "loserSegundoSaqueGanado" : 11,
    "loserDobleFalta" : 1,
    "loserServingPoints" : 62,
    "loserServingGames" : 10
  }, {
    "torneo" : "Rotterdam",
    "fecha" : "20050214",
    "superficie" : "Hard",
    "resultado" : "6-3 6-4",
    "contrincante" : "Roger Federer",
    "ganador" : false,
    "winnerAces" : 7,
    "winnerPrimerSaqueDentro" : 45,
    "winnerPrimerSaqueGanado" : 34,
    "winnerSegundoSaqueGanado" : 16,
    "winnerDobleFalta" : 1,
    "winnerServingPoints" : 72,
    "winnerServingGames" : 10,
    "loserAces" : 1,
    "loserPrimerSaqueDentro" : 41,
    "loserPrimerSaqueGanado" : 24,
    "loserSegundoSaqueGanado" : 15,
    "loserDobleFalta" : 2,
    "loserServingPoints" : 67,
    "loserServingGames" : 9
  }, {
    "torneo" : "Milan",
    "fecha" : "20050131",
    "superficie" : "Carpet",
    "resultado" : "6-4 7-5",
    "contrincante" : "Mario Ancic",
    "ganador" : false,
    "winnerAces" : 17,
    "winnerPrimerSaqueDentro" : 42,
    "winnerPrimerSaqueGanado" : 39,
    "winnerSegundoSaqueGanado" : 5,
    "winnerDobleFalta" : 0,
    "winnerServingPoints" : 48,
    "winnerServingGames" : 11,
    "loserAces" : 0,
    "loserPrimerSaqueDentro" : 50,
    "loserPrimerSaqueGanado" : 36,
    "loserSegundoSaqueGanado" : 7,
    "loserDobleFalta" : 4,
    "loserServingPoints" : 69,
    "loserServingGames" : 11
  }, {
    "torneo" : "Ostrava CH",
    "fecha" : "20050502",
    "superficie" : "Clay",
    "resultado" : "6-3 6-7(6) 6-1",
    "contrincante" : "Tomas Cakl",
    "ganador" : true,
    "winnerAces" : 0,
    "winnerPrimerSaqueDentro" : 0,
    "winnerPrimerSaqueGanado" : 0,
    "winnerSegundoSaqueGanado" : 0,
    "winnerDobleFalta" : 0,
    "winnerServingPoints" : 0,
    "winnerServingGames" : 0,
    "loserAces" : 0,
    "loserPrimerSaqueDentro" : 0,
    "loserPrimerSaqueGanado" : 0,
    "loserSegundoSaqueGanado" : 0,