{
  "nombre" : "Mark Philippoussis",
  "mano" : "R",
  "nacionalidad" : "AUS",
  "edad" : 28.7310061602,
  "ganar1Saque" : 0.7716878495718303,
  "ganar2Saque" : 0.5876076895939676,
  "primerSaque" : 0.6277084915261519,
  "segundoSaque" : 0.31282551821909454,
  "ganarPuntoSacando" : 0.6682136959905515,
  "ganarPuntoRestando" : 0.3124130508995352,
  "probAce" : 0.15746420621871948,
  "clay" : {
    "nombre" : "Clay",
    "probVictoria" : 0.0,
    "probGanarPrimerSaque" : 0.0,
    "probGanarSegundoSaque" : 0.0,
    "probPrimerSaque" : 0.0,
    "probSegundoSaque" : 0.0,
    "probGanarPuntoSacando" : 0.0,
    "probGanarPuntoRestando" : 0.0,
    "probAce" : 0.0
  },
  "grass" : {
    "nombre" : "Grass",
    "probVictoria" : 0.625,
    "probGanarPrimerSaque" : 1.3158929347991943,
    "probGanarSegundoSaque" : 0.6009763963520527,
    "probPrimerSaque" : 0.6260387822985649,
    "probSegundoSaque" : 0.3049308620393276,
    "probGanarPuntoSacando" : 1.0070562611418925,
    "probGanarPuntoRestando" : 0.31747545047897663,
    "probAce" : 0.0
  },
  "hard" : {
    "nombre" : "Hard",
    "probVictoria" : 0.38461539149284363,
    "probGanarPrimerSaque" : 0.737048327922821,
    "probGanarSegundoSaque" : 0.5748039305210113,
    "probPrimerSaque" : 0.6184817731380463,
    "probSegundoSaque" : 0.3248682379722595,
    "probGanarPuntoSacando" : 0.6425864968300286,
    "probGanarPuntoRestando" : 0.3115145490591994,
    "probAce" : 0.0
  },
  "other" : {
    "nombre" : "Other",
    "probVictoria" : 0.0,
    "probGanarPrimerSaque" : 0.7121211886405945,
    "probGanarSegundoSaque" : 0.6086956262588501,
    "probPrimerSaque" : 0.7333333492279053,
    "probSegundoSaque" : 0.25555557012557983,
    "probGanarPuntoSacando" : 0.6777777741234914,
    "probGanarPuntoRestando" : 0.2808988726673619,
    "probAce" : 0.0
  },
  "partidos" : [ {
    "torneo" : "Washington",
    "fecha" : "20050801",
    "superficie" : "Hard",
    "resultado" : "7-5 6-4",
    "contrincante" : "Luis Horna",
    "ganador" : false,
    "winnerAces" : 7,
    "winnerPrimerSaqueDentro" : 35,
    "winnerPrimerSaqueGanado" : 31,
    "winnerSegundoSaqueGanado" : 14,
    "winnerDobleFalta" : 1,
    "winnerServingPoints" : 60,
    "winnerServingGames" : 11,
    "loserAces" : 8,
    "loserPrimerSaqueDentro" : 37,
    "loserPrimerSaqueGanado" : 28,
    "loserSegundoSaqueGanado" : 14,
    "loserDobleFalta" : 2,
    "loserServingPoints" : 63,
    "loserServingGames" : 11
  }, {
    "torneo" : "Queen's Club",
    "fecha" : "20050606",
    "superficie" : "Grass",
    "resultado" : "6-4 6-0",
    "contrincante" : "Raemon Sluiter",
    "ganador" : true,
    "winnerAces" : 8,
    "winnerPrimerSaqueDentro" : 34,
    "winnerPrimerSaqueGanado" : 27,
    "winnerSegundoSaqueGanado" : 11,
    "winnerDobleFalta" : 5,
    "winnerServingPoints" : 57,
    "winnerServingGames" : 8,
    "loserAces" : 3,
    "loserPrimerSaqueDentro" : 28,
    "loserPrimerSaqueGanado" : 17,
    "loserSegundoSaqueGanado" : 8,
    "loserDobleFalta" : 7,
    "loserServingPoints" : 48,
    "loserServingGames" : 8
  }, {
    "torneo" : "Queen's Club",
    "fecha" : "20050606",
    "superficie" : "Grass",
    "resultado" : "6-2 6-4",
    "contrincante" : "Andy Roddick",
    "ganador" : false,
    "winnerAces" : 10,
    "winnerPrimerSaqueDentro" : 27,
    "winnerPrimerSaqueGanado" : 26,
    "winnerSegundoSaqueGanado" : 13,
    "winnerDobleFalta" : 2,
    "winnerServingPoints" : 46,
    "winnerServingGames" : 9,
    "loserAces" : 5,
    "loserPrimerSaqueDentro" : 33,
    "loserPrimerSaqueGanado" : 25,
    "loserSegundoSaqueGanado" : 4,
    "loserDobleFalta" : 4,
    "loserServingPoints" : 52,
    "loserServingGames" : 9
  }, {
    "torneo" : "Wimbledon",
    "fecha" : "20050620",
    "superficie" : "Grass",
    "resultado" : "7-5 6-4 6-2",
    "contrincante" : "Karol Beck",
    "ganador" : true,
    "winnerAces" : 16,
    "winnerPrimerSaqueDentro" : 51,
    "winnerPrimerSaqueGanado" : 41,
    "winnerSegundoSaqueGanado" : 20,
    "winnerDobleFalta" : 5,
    "winnerServingPoints" : 83,
    "winnerServingGames" : 15,
    "loserAces" : 9,
    "loserPrimerSaqueDentro" : 56,
    "loserPrimerSaqueGanado" : 36,
    "loserSegundoSaqueGanado" : 13,
    "loserDobleFalta" : 3,
    "loserServingPoints" : 85,
    "loserServingGames" : 15
  }, {
    "torneo" : "Wimbledon",
    "fecha" : "20050620",
    "superficie" : "Grass",
    "resultado" : "7-6(4) 7-6(4) 6-4",
    "contrincante" : "Marat Safin",
    "ganador" : false,
    "winnerAces" : 20,
    "winnerPrimerSaqueDentro" : 69,
    "winnerPrimerSaqueGanado" : 60,
    "winnerSegundoSaqueGanado" : 19,
    "winnerDobleFalta" : 2,
    "winnerServingPoints" : 102,
    "winnerServingGames" : 17,
    "loserAces" : 21,
    "loserPrimerSaqueDentro" : 70,
    "loserPrimerSaqueGanado" : 58,
    "loserSegundoSaqueGanado" : 15,
    "loserDobleFalta" : 6,
    "loserServingPoints" : 105,
    "loserServingGames" : 17
  }, {
    "torneo" : "Metz",
    "fecha" : "20051003",
    "superficie" : "Hard",
    "resultado" : "6-1 3-6 6-3",
    "contrincante" : "Tomas Behrend",
    "ganador" : true,
    "winnerAces" : 20,
    "winnerPrimerSaqueDentro" : 58,
    "winnerPrimerSaqueGanado" : 44,
    "winnerSegundoSaqueGanado" : 12,
    "winnerDobleFalta" : 6,
    "winnerServingPoints" : 80,
    "winnerServingGames" : 13,
    "loserAces" : 2,
    "loserPrimerSaqueDentro" : 43,
    "loserPrimerSaqueGanado" : 29,
    "loserSegundoSaqueGanado" : 14,
    "loserDobleFalta" : 1,
    "loserServingPoints" : 68,
    "loserServingGames" : 12
  }, {
    "torneo" : "Metz",
    "fecha" : "20051003",
    "superficie" : "Hard",
    "resultado" : "7-6(8) 6-4",
    "contrincante" : "Agustin Calleri",
    "ganador" : true,
    "winnerAces" : 10,
    "winnerPrimerSaqueDentro" : 52,
    "winnerPrimerSaqueGanado" : 43,
    "winnerSegundoSaqueGanado" : 11,
    "winnerDobleFalta" : 1,
    "winnerServingPoints" : 71,
    "winnerServingGames" : 11,
    "loserAces" : 15,
    "loserPrimerSaqueDentro" : 46,
    "loserPrimerSaqueGanado" : 37,
    "loserSegundoSaqueGanado" : 15,
    "loserDobleFalta" : 2,
    "loserServingPoints" : 73,
    "loserServingGames" : 11
  }, {
    "torneo" : "Metz",
    "fecha" : "20051003",
    "superficie" : "Hard",
    "resultado" : "6-4 4-6 6-1",
    "contrincante" : "Dominik Hrbaty",
    "ganador" : false,
    "winnerAces" : 12,
    "winnerPrimerSaqueDentro" : 56,
    "winnerPrimerSaqueGanado" : 42,
    "winnerSegundoSaqueGanado" : 16,
    "winnerDobleFalta" : 3,
    "winnerServingPoints" : 79,
    "winnerServingGames" : 14,
    "loserAces" : 13,
    "loserPrimerSaqueDentro" : 59,
    "loserPrimerSaqueGanado" : 42,
    "loserSegundoSaqueGanado" : 9,
    "loserDobleFalta" : 4,
    "loserServingPoints" : 83,
    "loserServingGames" : 13
  }, {
    "torneo" : "Scottsdale",
    "fecha" : "20050221",
    "superficie" : "Hard",
    "resultado" : "7-5 1-6 6-4",
    "contrincante" : "Tomas Behrend",
    "ganador" : true,
    "winnerAces" : 12,
    "winnerPrimerSaqueDentro" : 54,
    "winnerPrimerSaqueGanado" : 39,
    "winnerSegundoSaqueGanado" : 18,
    "winnerDobleFalta" : 4,
    "winnerServingPoints" : 89,
    "winnerServingGames" : 14,
    "loserAces" : 6,
    "loserPrimerSaqueDentro" : 57,
    "loserPrimerSaqueGanado" : 39,
    "loserSegundoSaqueGanado" : 22,
    "loserDobleFalta" : 6,
    "loserServingPoints" : 99,
    "loserServingGames" : 15
  }, {
    "torneo" : "Scottsdale",
    "fecha" : "20050221",
    "superficie" : "Hard",
    "resultado" : "6-1 7-6(3)",
    "contrincante" : "Mario Ancic",
    "ganador" : false,
    "winnerAces" : 10,
    "winnerPrimerSaqueDentro" : 36,
    "winnerPrimerSaqueGanado" : 29,
    "winnerSegundoSaqueGanado" : 13,
    "winnerDobleFalta" : 2,
    "winnerServingPoints" : 59,
    "winnerServingGames" : 10,
    "loserAces" : 1,
    "loserPrimerSaqueDentro" : 37,
    "loserPrimerSaqueGanado" : 21,
    "loserSegundoSaqueGanado" : 7,
    "loserDobleFalta" : 5,
    "loserServingPoints" : 56,