{
  "nombre" : "Sargis Sargsian",
  "mano" : "R",
  "nacionalidad" : "ARM",
  "edad" : 31.9698836413,
  "ganar1Saque" : 0.5674111594756445,
  "ganar2Saque" : 0.4503074660897255,
  "primerSaque" : 0.5993459050854048,
  "segundoSaque" : 0.32978342721859616,
  "ganarPuntoSacando" : 0.4885794944006805,
  "ganarPuntoRestando" : 0.3086450008103399,
  "probAce" : 0.04411764815449715,
  "clay" : {
    "nombre" : "Clay",
    "probVictoria" : 0.3333333432674408,
    "probGanarPrimerSaque" : 0.5436507960160574,
    "probGanarSegundoSaque" : 0.4337722063064575,
    "probPrimerSaque" : 0.5240040123462677,
    "probSegundoSaque" : 0.37730396787325543,
    "probGanarPuntoSacando" : 0.4485391730202192,
    "probGanarPuntoRestando" : 0.2683862670865606,
    "probAce" : 0.0
  },
  "grass" : {
    "nombre" : "Grass",
    "probVictoria" : 0.0,
    "probGanarPrimerSaque" : 1.4595959782600403,
    "probGanarSegundoSaque" : 0.4746543715397517,
    "probPrimerSaque" : 0.657821794350942,
    "probSegundoSaque" : 0.32897689938545227,
    "probGanarPuntoSacando" : 1.1163043688753362,
    "probGanarPuntoRestando" : 0.32132194105062073,
    "probAce" : 0.0
  },
  "hard" : {
    "nombre" : "Hard",
    "probVictoria" : 0.3333333432674408,
    "probGanarPrimerSaque" : 0.6197309245665868,
    "probGanarSegundoSaque" : 0.4464016432563464,
    "probPrimerSaque" : 0.6077789068222046,
    "probSegundoSaque" : 0.30642642080783844,
    "probGanarPuntoSacando" : 0.513448641642774,
    "probGanarPuntoRestando" : 0.3224358975520891,
    "probAce" : 0.0
  },
  "other" : {
    "nombre" : "Other",
    "probVictoria" : 0.0,
    "probGanarPrimerSaque" : 0.0,
    "probGanarSegundoSaque" : 0.0,
    "probPrimerSaque" : 0.0,
    "probSegundoSaque" : 0.0,
    "probGanarPuntoSacando" : 0.0,
    "probGanarPuntoRestando" : 0.0,
    "probAce" : 0.0
  },
  "partidos" : [ {
    "torneo" : "Roland Garros",
    "fecha" : "20050523",
    "superficie" : "Clay",
    "resultado" : "6-1 6-4 6-0",
    "contrincante" : "Albert Montanes",
    "ganador" : false,
    "winnerAces" : 2,
    "winnerPrimerSaqueDentro" : 42,
    "winnerPrimerSaqueGanado" : 31,
    "winnerSegundoSaqueGanado" : 18,
    "winnerDobleFalta" : 0,
    "winnerServingPoints" : 72,
    "winnerServingGames" : 12,
    "loserAces" : 4,
    "loserPrimerSaqueDentro" : 42,
    "loserPrimerSaqueGanado" : 23,
    "loserSegundoSaqueGanado" : 8,
    "loserDobleFalta" : 4,
    "loserServingPoints" : 75,
    "loserServingGames" : 11
  }, {
    "torneo" : "Australian Open",
    "fecha" : "20050117",
    "superficie" : "Hard",
    "resultado" : "7-6(5) 4-6 1-6 6-4 6-2",
    "contrincante" : "David Sanchez",
    "ganador" : true,
    "winnerAces" : 9,
    "winnerPrimerSaqueDentro" : 86,
    "winnerPrimerSaqueGanado" : 65,
    "winnerSegundoSaqueGanado" : 24,
    "winnerDobleFalta" : 7,
    "winnerServingPoints" : 144,
    "winnerServingGames" : 24,
    "loserAces" : 7,
    "loserPrimerSaqueDentro" : 96,
    "loserPrimerSaqueGanado" : 62,
    "loserSegundoSaqueGanado" : 28,
    "loserDobleFalta" : 3,
    "loserServingPoints" : 149,
    "loserServingGames" : 23
  }, {
    "torneo" : "Australian Open",
    "fecha" : "20050117",
    "superficie" : "Hard",
    "resultado" : "4-6 6-3 6-4 7-6(3)",
    "contrincante" : "Feliciano Lopez",
    "ganador" : false,
    "winnerAces" : 17,
    "winnerPrimerSaqueDentro" : 81,
    "winnerPrimerSaqueGanado" : 66,
    "winnerSegundoSaqueGanado" : 21,
    "winnerDobleFalta" : 3,
    "winnerServingPoints" : 134,
    "winnerServingGames" : 21,
    "loserAces" : 5,
    "loserPrimerSaqueDentro" : 97,
    "loserPrimerSaqueGanado" : 64,
    "loserSegundoSaqueGanado" : 16,
    "loserDobleFalta" : 6,
    "loserServingPoints" : 129,
    "loserServingGames" : 20
  }, {
    "torneo" : "Gstaad",
    "fecha" : "20050704",
    "superficie" : "Clay",
    "resultado" : "1-6 0-1 RET",
    "contrincante" : "Nikolay Davydenko",
    "ganador" : true,
    "winnerAces" : 0,
    "winnerPrimerSaqueDentro" : 12,
    "winnerPrimerSaqueGanado" : 5,
    "winnerSegundoSaqueGanado" : 6,
    "winnerDobleFalta" : 4,
    "winnerServingPoints" : 27,
    "winnerServingGames" : 4,
    "loserAces" : 1,
    "loserPrimerSaqueDentro" : 14,
    "loserPrimerSaqueGanado" : 11,
    "loserSegundoSaqueGanado" : 5,
    "loserDobleFalta" : 1,
    "loserServingPoints" : 20,
    "loserServingGames" : 4
  }, {
    "torneo" : "Gstaad",
    "fecha" : "20050704",
    "superficie" : "Clay",
    "resultado" : "6-4 6-4",
    "contrincante" : "Razvan Sabau",
    "ganador" : false,
    "winnerAces" : 6,
    "winnerPrimerSaqueDentro" : 27,
    "winnerPrimerSaqueGanado" : 20,
    "winnerSegundoSaqueGanado" : 15,
    "winnerDobleFalta" : 2,
    "winnerServingPoints" : 49,
    "winnerServingGames" : 10,
    "loserAces" : 4,
    "loserPrimerSaqueDentro" : 42,
    "loserPrimerSaqueGanado" : 28,
    "loserSegundoSaqueGanado" : 12,
    "loserDobleFalta" : 7,
    "loserServingPoints" : 74,
    "loserServingGames" : 10
  }, {
    "torneo" : "Queen's Club",
    "fecha" : "20050606",
    "superficie" : "Grass",
    "resultado" : "3-0 RET",
    "contrincante" : "Gregory Carraz",
    "ganador" : false,
    "winnerAces" : 4,
    "winnerPrimerSaqueDentro" : 9,
    "winnerPrimerSaqueGanado" : 7,
    "winnerSegundoSaqueGanado" : 1,
    "winnerDobleFalta" : 1,
    "winnerServingPoints" : 12,
    "winnerServingGames" : 2,
    "loserAces" : 0,
    "loserPrimerSaqueDentro" : 6,
    "loserPrimerSaqueGanado" : 2,
    "loserSegundoSaqueGanado" : 2,
    "loserDobleFalta" : 0,
    "loserServingPoints" : 10,
    "loserServingGames" : 1
  }, {
    "torneo" : "Nottingham",
    "fecha" : "20050613",
    "superficie" : "Grass",
    "resultado" : "6-2 6-0",
    "contrincante" : "Max Mirnyi",
    "ganador" : false,
    "winnerAces" : 4,
    "winnerPrimerSaqueDentro" : 24,
    "winnerPrimerSaqueGanado" : 18,
    "winnerSegundoSaqueGanado" : 10,
    "winnerDobleFalta" : 3,
    "winnerServingPoints" : 41,
    "winnerServingGames" : 7,
    "loserAces" : 1,
    "loserPrimerSaqueDentro" : 36,
    "loserPrimerSaqueGanado" : 16,
    "loserSegundoSaqueGanado" : 3,
    "loserDobleFalta" : 0,
    "loserServingPoints" : 50,
    "loserServingGames" : 7
  }, {
    "torneo" : "Wimbledon",
    "fecha" : "20050620",
    "superficie" : "Grass",
    "resultado" : "7-6(7) 6-3 6-4",
    "contrincante" : "Nicolas Massu",
    "ganador" : false,
    "winnerAces" : 12,
    "winnerPrimerSaqueDentro" : 66,
    "winnerPrimerSaqueGanado" : 51,
    "winnerSegundoSaqueGanado" : 30,
    "winnerDobleFalta" : 8,
    "winnerServingPoints" : 118,
    "winnerServingGames" : 16,
    "loserAces" : 9,
    "loserPrimerSaqueDentro" : 66,
    "loserPrimerSaqueGanado" : 45,
    "loserSegundoSaqueGanado" : 22,
    "loserDobleFalta" : 4,
    "loserServingPoints" : 101,
    "loserServingGames" : 15
  }, {
    "torneo" : "Miami Masters",
    "fecha" : "20050321",
    "superficie" : "Hard",
    "resultado" : "6-0 6-3",
    "contrincante" : "Julien Benneteau",
    "ganador" : false,
    "winnerAces" : 1,
    "winnerPrimerSaqueDentro" : 40,
    "winnerPrimerSaqueGanado" : 30,
    "winnerSegundoSaqueGanado" : 7,
    "winnerDobleFalta" : 1,
    "winnerServingPoints" : 54,
    "winnerServingGames" : 8,
    "loserAces" : 0,
    "loserPrimerSaqueDentro" : 18,
    "loserPrimerSaqueGanado" : 12,
    "loserSegundoSaqueGanado" : 4,
    "loserDobleFalta" : 4,
    "loserServingPoints" : 39,
    "loserServingGames" : 7
  }, {
    "torneo" : "Indian Wells Masters",
    "fecha" : "20050307",
    "superficie" : "Hard",
    "resultado" : "6-3 6-2",
    "contrincante" : "Bobby Reynolds",
    "ganador" : true,
    "winnerAces" : 0,
    "winnerPrimerSaqueDentro" : 45,
    "winnerPrimerSaqueGanado" : 32,
    "winnerSegundoSaqueGanado" : 9,
    "winnerDobleFalta" : 5,
    "winnerServingPoints" : 66,
    "winnerServingGames" : 9,
    "loserAces" : 5,
    "loserPrimerSaqueDentro" : 32,
    "loserPrimerSaqueGanado" : 21,
    "loserSegundoSaqueGanado" : 8,
    "loserDobleFalta" : 5,