{
  "nombre" : "Scott Draper",
  "mano" : "L",
  "nacionalidad" : "AUS",
  "edad" : 30.9650924025,
  "ganar1Saque" : 0.6851998865604401,
  "ganar2Saque" : 0.4842509999871254,
  "primerSaque" : 0.6036471575498581,
  "segundoSaque" : 0.3608103170990944,
  "ganarPuntoSacando" : 0.5883417207366031,
  "ganarPuntoRestando" : 0.305817033874629,
  "probAce" : 0.0794702023267746,
  "clay" : {
    "nombre" : "Clay",
    "probVictoria" : 0.0,
    "probGanarPrimerSaque" : 0.6212121248245239,
    "probGanarSegundoSaque" : 0.5396825671195984,
    "probPrimerSaque" : 0.49253731966018677,
    "probSegundoSaque" : 0.4701492488384247,
    "probGanarPuntoSacando" : 0.5597015084439523,
    "probGanarPuntoRestando" : 0.30952378610769915,
    "probAce" : 0.0
  },
  "grass" : {
    "nombre" : "Grass",
    "probVictoria" : 0.0,
    "probGanarPrimerSaque" : 1.4806985259056091,
    "probGanarSegundoSaque" : 0.484375,
    "probPrimerSaque" : 0.6533333361148834,
    "probSegundoSaque" : 0.30705882608890533,
    "probGanarPuntoSacando" : 1.1161213265971153,
    "probGanarPuntoRestando" : 0.2886029496204179,
    "probAce" : 0.0
  },
  "hard" : {
    "nombre" : "Hard",
    "probVictoria" : 0.0,
    "probGanarPrimerSaque" : 0.6388888955116272,
    "probGanarSegundoSaque" : 0.4285714328289032,
    "probPrimerSaque" : 0.6153846383094788,
    "probSegundoSaque" : 0.3589743673801422,
    "probGanarPuntoSacando" : 0.5470085708613217,
    "probGanarPuntoRestando" : 0.33653845014998096,
    "probAce" : 0.0
  },
  "other" : {
    "nombre" : "Other",
    "probVictoria" : 0.0,
    "probGanarPrimerSaque" : 0.0,
    "probGanarSegundoSaque" : 0.0,
    "probPrimerSaque" : 0.0,
    "probSegundoSaque" : 0.0,
    "probGanarPuntoSacando" : 0.0,
    "probGanarPuntoRestando" : 0.0,
    "probAce" : 0.0
  },
  "partidos" : [ {
    "torneo" : "Roland Garros",
    "fecha" : "20050523",
    "superficie" : "Clay",
    "resultado" : "6-7(5) 6-1 3-6 6-0 6-1",
    "contrincante" : "Thomas Johansson",
    "ganador" : false,
    "winnerAces" : 12,
    "winnerPrimerSaqueDentro" : 76,
    "winnerPrimerSaqueGanado" : 57,
    "winnerSegundoSaqueGanado" : 30,
    "winnerDobleFalta" : 5,
    "winnerServingPoints" : 126,
    "winnerServingGames" : 21,
    "loserAces" : 12,
    "loserPrimerSaqueDentro" : 66,
    "loserPrimerSaqueGanado" : 41,
    "loserSegundoSaqueGanado" : 34,
    "loserDobleFalta" : 5,
    "loserServingPoints" : 134,
    "loserServingGames" : 20
  }, {
    "torneo" : "Australian Open",
    "fecha" : "20050117",
    "superficie" : "Hard",
    "resultado" : "5-7 6-2 6-4 6-2",
    "contrincante" : "Tommy Robredo",
    "ganador" : false,
    "winnerAces" : 5,
    "winnerPrimerSaqueDentro" : 62,
    "winnerPrimerSaqueGanado" : 46,
    "winnerSegundoSaqueGanado" : 23,
    "winnerDobleFalta" : 3,
    "winnerServingPoints" : 104,
    "winnerServingGames" : 19,
    "loserAces" : 5,
    "loserPrimerSaqueDentro" : 72,
    "loserPrimerSaqueGanado" : 46,
    "loserSegundoSaqueGanado" : 18,
    "loserDobleFalta" : 3,
    "loserServingPoints" : 117,
    "loserServingGames" : 19
  }, {
    "torneo" : "Queen's Club",
    "fecha" : "20050606",
    "superficie" : "Grass",
    "resultado" : "6-7(3) 7-6(4) 6-2",
    "contrincante" : "Victor Hanescu",
    "ganador" : false,
    "winnerAces" : 6,
    "winnerPrimerSaqueDentro" : 69,
    "winnerPrimerSaqueGanado" : 53,
    "winnerSegundoSaqueGanado" : 22,
    "winnerDobleFalta" : 1,
    "winnerServingPoints" : 102,
    "winnerServingGames" : 16,
    "loserAces" : 13,
    "loserPrimerSaqueDentro" : 68,
    "loserPrimerSaqueGanado" : 55,
    "loserSegundoSaqueGanado" : 15,
    "loserDobleFalta" : 4,
    "loserServingPoints" : 102,
    "loserServingGames" : 16
  }, {
    "torneo" : "Wimbledon",
    "fecha" : "20050620",
    "superficie" : "Grass",
    "resultado" : "7-6(4) 6-4 6-3",
    "contrincante" : "Nikolay Davydenko",
    "ganador" : false,
    "winnerAces" : 13,
    "winnerPrimerSaqueDentro" : 62,
    "winnerPrimerSaqueGanado" : 47,
    "winnerSegundoSaqueGanado" : 19,
    "winnerDobleFalta" : 5,
    "winnerServingPoints" : 96,
    "winnerServingGames" : 16,
    "loserAces" : 6,
    "loserPrimerSaqueDentro" : 64,
    "loserPrimerSaqueGanado" : 43,
    "loserSegundoSaqueGanado" : 15,
    "loserDobleFalta" : 4,
    "loserServingPoints" : 100,
    "loserServingGames" : 15
  }, {
    "torneo" : "Prague CH",
    "fecha" : "20050509",
    "superficie" : "Clay",
    "resultado" : "6-3 7-5",
    "contrincante" : "Nicolas Devilder",
    "ganador" : false,
    "winnerAces" : 0,
    "winnerPrimerSaqueDentro" : 0,
    "winnerPrimerSaqueGanado" : 0,
    "winnerSegundoSaqueGanado" : 0,
    "winnerDobleFalta" : 0,
    "winnerServingPoints" : 0,
    "winnerServingGames" : 0,
    "loserAces" : 0,
    "loserPrimerSaqueDentro" : 0,
    "loserPrimerSaqueGanado" : 0,
    "loserSegundoSaqueGanado" : 0,
    "loserDobleFalta" : 0,
    "loserServingPoints" : 0,
    "loserServingGames" : 0
  } ]
}