{
  "nombre" : "Sjeng Schalken",
  "mano" : "R",
  "nacionalidad" : "NED",
  "edad" : 28.8569472964,
  "ganar1Saque" : 0.6183437810224646,
  "ganar2Saque" : 0.559392157722922,
  "primerSaque" : 0.7110341612030479,
  "segundoSaque" : 0.26681164082358866,
  "ganarPuntoSacando" : 0.5889158911403297,
  "ganarPuntoRestando" : 0.3835829996589004,
  "probAce" : 0.020275751128792763,
  "clay" : {
    "nombre" : "Clay",
    "probVictoria" : 0.5,
    "probGanarPrimerSaque" : 0.5510369315743446,
    "probGanarSegundoSaque" : 0.5480751842260361,
    "probPrimerSaque" : 0.698394700884819,
    "probSegundoSaque" : 0.2889713756740093,
    "probGanarPuntoSacando" : 0.5432193129619367,
    "probGanarPuntoRestando" : 0.37668228998357584,
    "probAce" : 0.0
  },
  "grass" : {
    "nombre" : "Grass",
    "probVictoria" : 0.5,
    "probGanarPrimerSaque" : 1.3803659081459045,
    "probGanarSegundoSaque" : 0.5032467544078827,
    "probPrimerSaque" : 0.7423307001590729,
    "probSegundoSaque" : 0.25081998854875565,
    "probGanarPuntoSacando" : 1.1509123362474474,
    "probGanarPuntoRestando" : 0.38133444697155383,
    "probAce" : 0.0
  },
  "hard" : {
    "nombre" : "Hard",
    "probVictoria" : 0.30000001192092896,
    "probGanarPrimerSaque" : 0.6107610430982378,
    "probGanarSegundoSaque" : 0.5576183001200358,
    "probPrimerSaque" : 0.7142181065347459,
    "probSegundoSaque" : 0.25570184654659694,
    "probGanarPuntoSacando" : 0.5788006247556774,
    "probGanarPuntoRestando" : 0.38099247851687085,
    "probAce" : 0.0
  },
  "other" : {
    "nombre" : "Other",
    "probVictoria" : 0.5,
    "probGanarPrimerSaque" : 0.7152406275272369,
    "probGanarSegundoSaque" : 0.6461538672447205,
    "probPrimerSaque" : 0.6906887888908386,
    "probSegundoSaque" : 0.28847789764404297,
    "probGanarPuntoSacando" : 0.6804097919696357,
    "probGanarPuntoRestando" : 0.4112903168360287,
    "probAce" : 0.0
  },
  "partidos" : [ {
    "torneo" : "Indianapolis",
    "fecha" : "20050718",
    "superficie" : "Hard",
    "resultado" : "7-5 7-6(1)",
    "contrincante" : "Rajeev Ram",
    "ganador" : false,
    "winnerAces" : 11,
    "winnerPrimerSaqueDentro" : 39,
    "winnerPrimerSaqueGanado" : 31,
    "winnerSegundoSaqueGanado" : 18,
    "winnerDobleFalta" : 3,
    "winnerServingPoints" : 73,
    "winnerServingGames" : 12,
    "loserAces" : 3,
    "loserPrimerSaqueDentro" : 50,
    "loserPrimerSaqueGanado" : 31,
    "loserSegundoSaqueGanado" : 13,
    "loserDobleFalta" : 3,
    "loserServingPoints" : 75,
    "loserServingGames" : 12
  }, {
    "torneo" : "Australian Open",
    "fecha" : "20050117",
    "superficie" : "Hard",
    "resultado" : "7-6(6) 6-2 6-3",
    "contrincante" : "Joachim Johansson",
    "ganador" : false,
    "winnerAces" : 17,
    "winnerPrimerSaqueDentro" : 45,
    "winnerPrimerSaqueGanado" : 38,
    "winnerSegundoSaqueGanado" : 23,
    "winnerDobleFalta" : 3,
    "winnerServingPoints" : 77,
    "winnerServingGames" : 14,
    "loserAces" : 7,
    "loserPrimerSaqueDentro" : 67,
    "loserPrimerSaqueGanado" : 47,
    "loserSegundoSaqueGanado" : 11,
    "loserDobleFalta" : 3,
    "loserServingPoints" : 94,
    "loserServingGames" : 15
  }, {
    "torneo" : "Marseille",
    "fecha" : "20050207",
    "superficie" : "Hard",
    "resultado" : "3-6 6-4 6-1",
    "contrincante" : "Nikolay Davydenko",
    "ganador" : true,
    "winnerAces" : 1,
    "winnerPrimerSaqueDentro" : 56,
    "winnerPrimerSaqueGanado" : 34,
    "winnerSegundoSaqueGanado" : 12,
    "winnerDobleFalta" : 3,
    "winnerServingPoints" : 80,
    "winnerServingGames" : 13,
    "loserAces" : 4,
    "loserPrimerSaqueDentro" : 41,
    "loserPrimerSaqueGanado" : 26,
    "loserSegundoSaqueGanado" : 13,
    "loserDobleFalta" : 6,
    "loserServingPoints" : 73,
    "loserServingGames" : 13
  }, {
    "torneo" : "Marseille",
    "fecha" : "20050207",
    "superficie" : "Hard",
    "resultado" : "6-4 6-2",
    "contrincante" : "Jerome Haehnel",
    "ganador" : true,
    "winnerAces" : 0,
    "winnerPrimerSaqueDentro" : 34,
    "winnerPrimerSaqueGanado" : 25,
    "winnerSegundoSaqueGanado" : 11,
    "winnerDobleFalta" : 2,
    "winnerServingPoints" : 50,
    "winnerServingGames" : 9,
    "loserAces" : 5,
    "loserPrimerSaqueDentro" : 36,
    "loserPrimerSaqueGanado" : 21,
    "loserSegundoSaqueGanado" : 15,
    "loserDobleFalta" : 5,
    "loserServingPoints" : 69,
    "loserServingGames" : 9
  }, {
    "torneo" : "Marseille",
    "fecha" : "20050207",
    "superficie" : "Hard",
    "resultado" : "6-3 6-4",
    "contrincante" : "Ivan Ljubicic",
    "ganador" : false,
    "winnerAces" : 8,
    "winnerPrimerSaqueDentro" : 40,
    "winnerPrimerSaqueGanado" : 27,
    "winnerSegundoSaqueGanado" : 13,
    "winnerDobleFalta" : 0,
    "winnerServingPoints" : 63,
    "winnerServingGames" : 10,
    "loserAces" : 0,
    "loserPrimerSaqueDentro" : 48,
    "loserPrimerSaqueGanado" : 31,
    "loserSegundoSaqueGanado" : 7,
    "loserDobleFalta" : 1,
    "loserServingPoints" : 69,
    "loserServingGames" : 9
  }, {
    "torneo" : "Munich",
    "fecha" : "20050425",
    "superficie" : "Clay",
    "resultado" : "6-2 7-5",
    "contrincante" : "Tobias Summerer",
    "ganador" : true,
    "winnerAces" : 1,
    "winnerPrimerSaqueDentro" : 55,
    "winnerPrimerSaqueGanado" : 35,
    "winnerSegundoSaqueGanado" : 13,
    "winnerDobleFalta" : 0,
    "winnerServingPoints" : 78,
    "winnerServingGames" : 10,
    "loserAces" : 2,
    "loserPrimerSaqueDentro" : 30,
    "loserPrimerSaqueGanado" : 21,
    "loserSegundoSaqueGanado" : 12,
    "loserDobleFalta" : 1,
    "loserServingPoints" : 54,
    "loserServingGames" : 10
  }, {
    "torneo" : "Munich",
    "fecha" : "20050425",
    "superficie" : "Clay",
    "resultado" : "6-1 1-6 6-1",
    "contrincante" : "Andrei Pavel",
    "ganador" : false,
    "winnerAces" : 6,
    "winnerPrimerSaqueDentro" : 41,
    "winnerPrimerSaqueGanado" : 26,
    "winnerSegundoSaqueGanado" : 12,
    "winnerDobleFalta" : 0,
    "winnerServingPoints" : 64,
    "winnerServingGames" : 11,
    "loserAces" : 1,
    "loserPrimerSaqueDentro" : 54,
    "loserPrimerSaqueGanado" : 24,
    "loserSegundoSaqueGanado" : 8,
    "loserDobleFalta" : 0,
    "loserServingPoints" : 69,
    "loserServingGames" : 10
  }, {
    "torneo" : "St. Poelten",
    "fecha" : "20050516",
    "superficie" : "Clay",
    "resultado" : "6-3 2-6 6-3",
    "contrincante" : "Kevin Kim",
    "ganador" : true,
    "winnerAces" : 1,
    "winnerPrimerSaqueDentro" : 62,
    "winnerPrimerSaqueGanado" : 35,
    "winnerSegundoSaqueGanado" : 21,
    "winnerDobleFalta" : 3,
    "winnerServingPoints" : 97,
    "winnerServingGames" : 13,
    "loserAces" : 5,
    "loserPrimerSaqueDentro" : 66,
    "loserPrimerSaqueGanado" : 43,
    "loserSegundoSaqueGanado" : 9,
    "loserDobleFalta" : 2,
    "loserServingPoints" : 91,
    "loserServingGames" : 13
  }, {
    "torneo" : "St. Poelten",
    "fecha" : "20050516",
    "superficie" : "Clay",
    "resultado" : "6-3 6-1",
    "contrincante" : "Nikolay Davydenko",
    "ganador" : false,
    "winnerAces" : 5,
    "winnerPrimerSaqueDentro" : 28,
    "winnerPrimerSaqueGanado" : 23,
    "winnerSegundoSaqueGanado" : 15,
    "winnerDobleFalta" : 4,
    "winnerServingPoints" : 53,
    "winnerServingGames" : 8,
    "loserAces" : 0,
    "loserPrimerSaqueDentro" : 34,
    "loserPrimerSaqueGanado" : 19,
    "loserSegundoSaqueGanado" : 7,
    "loserDobleFalta" : 1,
    "loserServingPoints" : 51,
    "loserServingGames" : 8
  }, {
    "torneo" : "Auckland",
    "fecha" : "20050110",
    "superficie" : "Hard",
    "resultado" : "6-0 6-3",
    "contrincante" : "Guillermo Coria",
    "ganador" : false,
    "winnerAces" : 1,
    "winnerPrimerSaqueDentro" : 31,
    "winnerPrimerSaqueGanado" : 24,
    "winnerSegundoSaqueGanado" : 11,
    "winnerDobleFalta" : 6,
    "winnerServingPoints" : 55,
    "winnerServingGames" : 8,
    "loserAces" : 0,
    "loserPrimerSaqueDentro" : 34,
    "loserPrimerSaqueGanado" : 15,
    "loserSegundoSaqueGanado" : 3,