{
  "nombre" : "Justin Gimelstob",
  "mano" : "R",
  "nacionalidad" : "USA",
  "edad" : 30.7351129363,
  "ganar1Saque" : 0.6533132333021897,
  "ganar2Saque" : 0.5182696695511158,
  "primerSaque" : 0.5709479405329778,
  "segundoSaque" : 0.36128365649626804,
  "ganarPuntoSacando" : 0.5602502063433656,
  "ganarPuntoRestando" : 0.29526003975788606,
  "probAce" : 0.060540542006492615,
  "clay" : {
    "nombre" : "Clay",
    "probVictoria" : 0.0,
    "probGanarPrimerSaque" : 0.6400745213031769,
    "probGanarSegundoSaque" : 0.45238097012043,
    "probPrimerSaque" : 0.6466160118579865,
    "probSegundoSaque" : 0.30983537435531616,
    "probGanarPuntoSacando" : 0.5540460614854545,
    "probGanarPuntoRestando" : 0.27400105131995944,
    "probAce" : 0.0
  },
  "grass" : {
    "nombre" : "Grass",
    "probVictoria" : 0.4285714328289032,
    "probGanarPrimerSaque" : 2.678131341934204,
    "probGanarSegundoSaque" : 0.5690842270851135,
    "probPrimerSaque" : 0.5790641903877258,
    "probSegundoSaque" : 0.31989071145653725,
    "probGanarPuntoSacando" : 1.7328547155500742,
    "probGanarPuntoRestando" : 0.3186599128066839,
    "probAce" : 0.0
  },
  "hard" : {
    "nombre" : "Hard",
    "probVictoria" : 0.1428571492433548,
    "probGanarPrimerSaque" : 0.6404139896233877,
    "probGanarSegundoSaque" : 0.5127344777186712,
    "probPrimerSaque" : 0.553711399435997,
    "probSegundoSaque" : 0.3876259724299113,
    "probGanarPuntoSacando" : 0.5533537269367987,
    "probGanarPuntoRestando" : 0.3033477625239123,
    "probAce" : 0.0
  },
  "other" : {
    "nombre" : "Other",
    "probVictoria" : 0.0,
    "probGanarPrimerSaque" : 0.692307710647583,
    "probGanarSegundoSaque" : 0.47999998927116394,
    "probPrimerSaque" : 0.49056604504585266,
    "probSegundoSaque" : 0.4716981053352356,
    "probGanarPuntoSacando" : 0.5660377410672748,
    "probGanarPuntoRestando" : 0.19565218784239002,
    "probAce" : 0.0
  },
  "partidos" : [ {
    "torneo" : "St. Petersburg",
    "fecha" : "20071022",
    "superficie" : "Carpet",
    "resultado" : "6-2 6-4",
    "contrincante" : "Mikhail Youzhny",
    "ganador" : false,
    "winnerAces" : 5,
    "winnerPrimerSaqueDentro" : 25,
    "winnerPrimerSaqueGanado" : 20,
    "winnerSegundoSaqueGanado" : 17,
    "winnerDobleFalta" : 1,
    "winnerServingPoints" : 46,
    "winnerServingGames" : 9,
    "loserAces" : 1,
    "loserPrimerSaqueDentro" : 26,
    "loserPrimerSaqueGanado" : 18,
    "loserSegundoSaqueGanado" : 12,
    "loserDobleFalta" : 2,
    "loserServingPoints" : 53,
    "loserServingGames" : 9
  }, {
    "torneo" : "US Open",
    "fecha" : "20070827",
    "superficie" : "Hard",
    "resultado" : "7-6(6) 6-3 6-3",
    "contrincante" : "Andy Roddick",
    "ganador" : false,
    "winnerAces" : 17,
    "winnerPrimerSaqueDentro" : 66,
    "winnerPrimerSaqueGanado" : 58,
    "winnerSegundoSaqueGanado" : 10,
    "winnerDobleFalta" : 2,
    "winnerServingPoints" : 86,
    "winnerServingGames" : 15,
    "loserAces" : 8,
    "loserPrimerSaqueDentro" : 58,
    "loserPrimerSaqueGanado" : 41,
    "loserSegundoSaqueGanado" : 22,
    "loserDobleFalta" : 5,
    "loserServingPoints" : 95,
    "loserServingGames" : 15
  }, {
    "torneo" : "Nottingham",
    "fecha" : "20070618",
    "superficie" : "Grass",
    "resultado" : "6-4 6-4",
    "contrincante" : "Amer Delic",
    "ganador" : false,
    "winnerAces" : 11,
    "winnerPrimerSaqueDentro" : 40,
    "winnerPrimerSaqueGanado" : 32,
    "winnerSegundoSaqueGanado" : 18,
    "winnerDobleFalta" : 6,
    "winnerServingPoints" : 75,
    "winnerServingGames" : 10,
    "loserAces" : 4,
    "loserPrimerSaqueDentro" : 42,
    "loserPrimerSaqueGanado" : 32,
    "loserSegundoSaqueGanado" : 12,
    "loserDobleFalta" : 16,
    "loserServingPoints" : 75,
    "loserServingGames" : 10
  }, {
    "torneo" : "Roland Garros",
    "fecha" : "20070528",
    "superficie" : "Clay",
    "resultado" : "6-4 6-4 6-4",
    "contrincante" : "Nicolas Almagro",
    "ganador" : false,
    "winnerAces" : 18,
    "winnerPrimerSaqueDentro" : 43,
    "winnerPrimerSaqueGanado" : 33,
    "winnerSegundoSaqueGanado" : 25,
    "winnerDobleFalta" : 2,
    "winnerServingPoints" : 82,
    "winnerServingGames" : 15,
    "loserAces" : 4,
    "loserPrimerSaqueDentro" : 72,
    "loserPrimerSaqueGanado" : 43,
    "loserSegundoSaqueGanado" : 16,
    "loserDobleFalta" : 3,
    "loserServingPoints" : 103,
    "loserServingGames" : 15
  }, {
    "torneo" : "Newport",
    "fecha" : "20070709",
    "superficie" : "Grass",
    "resultado" : "6-4 6-3",
    "contrincante" : "Vincent Spadea",
    "ganador" : false,
    "winnerAces" : 4,
    "winnerPrimerSaqueDentro" : 29,
    "winnerPrimerSaqueGanado" : 21,
    "winnerSegundoSaqueGanado" : 15,
    "winnerDobleFalta" : 3,
    "winnerServingPoints" : 55,
    "winnerServingGames" : 10,
    "loserAces" : 3,
    "loserPrimerSaqueDentro" : 32,
    "loserPrimerSaqueGanado" : 19,
    "loserSegundoSaqueGanado" : 13,
    "loserDobleFalta" : 3,
    "loserServingPoints" : 61,
    "loserServingGames" : 9
  }, {
    "torneo" : "Queen's Club",
    "fecha" : "20070611",
    "superficie" : "Grass",
    "resultado" : "6-3 3-6 6-1",
    "contrincante" : "Jonas Bjorkman",
    "ganador" : false,
    "winnerAces" : 4,
    "winnerPrimerSaqueDentro" : 51,
    "winnerPrimerSaqueGanado" : 37,
    "winnerSegundoSaqueGanado" : 16,
    "winnerDobleFalta" : 4,
    "winnerServingPoints" : 84,
    "winnerServingGames" : 13,
    "loserAces" : 7,
    "loserPrimerSaqueDentro" : 48,
    "loserPrimerSaqueGanado" : 29,
    "loserSegundoSaqueGanado" : 12,
    "loserDobleFalta" : 5,
    "loserServingPoints" : 75,
    "loserServingGames" : 12
  }, {
    "torneo" : "Indianapolis",
    "fecha" : "20070723",
    "superficie" : "Hard",
    "resultado" : "6-2 6-4",
    "contrincante" : "Evgeny Korolev",
    "ganador" : false,
    "winnerAces" : 9,
    "winnerPrimerSaqueDentro" : 28,
    "winnerPrimerSaqueGanado" : 23,
    "winnerSegundoSaqueGanado" : 14,
    "winnerDobleFalta" : 3,
    "winnerServingPoints" : 51,
    "winnerServingGames" : 9,
    "loserAces" : 6,
    "loserPrimerSaqueDentro" : 32,
    "loserPrimerSaqueGanado" : 21,
    "loserSegundoSaqueGanado" : 17,
    "loserDobleFalta" : 3,
    "loserServingPoints" : 69,
    "loserServingGames" : 9
  }, {
    "torneo" : "Wimbledon",
    "fecha" : "20070625",
    "superficie" : "Grass",
    "resultado" : "6-1 7-5 7-6(3)",
    "contrincante" : "Andy Roddick",
    "ganador" : false,
    "winnerAces" : 16,
    "winnerPrimerSaqueDentro" : 72,
    "winnerPrimerSaqueGanado" : 61,
    "winnerSegundoSaqueGanado" : 14,
    "winnerDobleFalta" : 1,
    "winnerServingPoints" : 97,
    "winnerServingGames" : 16,
    "loserAces" : 11,
    "loserPrimerSaqueDentro" : 71,
    "loserPrimerSaqueGanado" : 51,
    "loserSegundoSaqueGanado" : 21,
    "loserDobleFalta" : 9,
    "loserServingPoints" : 120,
    "loserServingGames" : 15
  }, {
    "torneo" : "Moscow",
    "fecha" : "20071008",
    "superficie" : "Hard",
    "resultado" : "6-1 6-3",
    "contrincante" : "Philipp Kohlschreiber",
    "ganador" : false,
    "winnerAces" : 7,
    "winnerPrimerSaqueDentro" : 25,
    "winnerPrimerSaqueGanado" : 23,
    "winnerSegundoSaqueGanado" : 12,
    "winnerDobleFalta" : 2,
    "winnerServingPoints" : 50,
    "winnerServingGames" : 8,
    "loserAces" : 2,
    "loserPrimerSaqueDentro" : 22,
    "loserPrimerSaqueGanado" : 12,
    "loserSegundoSaqueGanado" : 6,
    "loserDobleFalta" : 2,
    "loserServingPoints" : 37,
    "loserServingGames" : 8
  }, {
    "torneo" : "Tokyo",
    "fecha" : "20071001",
    "superficie" : "Hard",
    "resultado" : "6-4 7-5",
    "contrincante" : "Lukasz Kubot",
    "ganador" : true,
    "winnerAces" : 4,
    "winnerPrimerSaqueDentro" : 39,
    "winnerPrimerSaqueGanado" : 25,
    "winnerSegundoSaqueGanado" : 7,
    "winnerDobleFalta" : 3,
    "winnerServingPoints" : 61,
    "winnerServingGames" : 11,
    "loserAces" : 3,
    "loserPrimerSaqueDentro" : 28,
    "loserPrimerSaqueGanado" : 18,