{
  "nombre" : "Tim Henman",
  "mano" : "R",
  "nacionalidad" : "GBR",
  "edad" : 32.9719370294,
  "ganar1Saque" : 0.6961471065878868,
  "ganar2Saque" : 0.5888205543160439,
  "primerSaque" : 0.624807495623827,
  "segundoSaque" : 0.3314137691631913,
  "ganarPuntoSacando" : 0.6301011695195906,
  "ganarPuntoRestando" : 0.34497939620848633,
  "probAce" : 0.07538940757513046,
  "clay" : {
    "nombre" : "Clay",
    "probVictoria" : 0.0,
    "probGanarPrimerSaque" : 0.6290480494499207,
    "probGanarSegundoSaque" : 0.535736878712972,
    "probPrimerSaque" : 0.5792763431866964,
    "probSegundoSaque" : 0.3855225046475728,
    "probGanarPuntoSacando" : 0.5709312770875721,
    "probGanarPuntoRestando" : 0.26897148476003796,
    "probAce" : 0.0
  },
  "grass" : {
    "nombre" : "Grass",
    "probVictoria" : 0.4000000059604645,
    "probGanarPrimerSaque" : 1.7912735044956207,
    "probGanarSegundoSaque" : 0.5858052134513855,
    "probPrimerSaque" : 0.6247604250907898,
    "probSegundoSaque" : 0.3301091521978378,
    "probGanarPuntoSacando" : 1.312496458488063,
    "probGanarPuntoRestando" : 0.3654099343704552,
    "probAce" : 0.0
  },
  "hard" : {
    "nombre" : "Hard",
    "probVictoria" : 0.25,
    "probGanarPrimerSaque" : 0.7085828185081482,
    "probGanarSegundoSaque" : 0.6106115207076073,
    "probPrimerSaque" : 0.6419110968708992,
    "probSegundoSaque" : 0.3119383789598942,
    "probGanarPuntoSacando" : 0.6453203421962056,
    "probGanarPuntoRestando" : 0.3607132766504239,
    "probAce" : 0.0
  },
  "other" : {
    "nombre" : "Other",
    "probVictoria" : 0.0,
    "probGanarPrimerSaque" : 0.0,
    "probGanarSegundoSaque" : 0.0,
    "probPrimerSaque" : 0.0,
    "probSegundoSaque" : 0.0,
    "probGanarPuntoSacando" : 0.0,
    "probGanarPuntoRestando" : 0.0,
    "probAce" : 0.0
  },
  "partidos" : [ {
    "torneo" : "US Open",
    "fecha" : "20070827",
    "superficie" : "Hard",
    "resultado" : "6-4 3-6 6-3 6-4",
    "contrincante" : "Dmitry Tursunov",
    "ganador" : true,
    "winnerAces" : 13,
    "winnerPrimerSaqueDentro" : 85,
    "winnerPrimerSaqueGanado" : 60,
    "winnerSegundoSaqueGanado" : 22,
    "winnerDobleFalta" : 3,
    "winnerServingPoints" : 130,
    "winnerServingGames" : 19,
    "loserAces" : 8,
    "loserPrimerSaqueDentro" : 58,
    "loserPrimerSaqueGanado" : 43,
    "loserSegundoSaqueGanado" : 27,
    "loserDobleFalta" : 11,
    "loserServingPoints" : 116,
    "loserServingGames" : 19
  }, {
    "torneo" : "US Open",
    "fecha" : "20070827",
    "superficie" : "Hard",
    "resultado" : "7-6(2) 2-6 7-5 6-4",
    "contrincante" : "Jo Wilfried Tsonga",
    "ganador" : false,
    "winnerAces" : 10,
    "winnerPrimerSaqueDentro" : 85,
    "winnerPrimerSaqueGanado" : 67,
    "winnerSegundoSaqueGanado" : 17,
    "winnerDobleFalta" : 1,
    "winnerServingPoints" : 119,
    "winnerServingGames" : 21,
    "loserAces" : 5,
    "loserPrimerSaqueDentro" : 91,
    "loserPrimerSaqueGanado" : 65,
    "loserSegundoSaqueGanado" : 19,
    "loserDobleFalta" : 5,
    "loserServingPoints" : 131,
    "loserServingGames" : 21
  }, {
    "torneo" : "Nottingham",
    "fecha" : "20070618",
    "superficie" : "Grass",
    "resultado" : "6-1 7-6(5)",
    "contrincante" : "Michael Russell",
    "ganador" : true,
    "winnerAces" : 3,
    "winnerPrimerSaqueDentro" : 34,
    "winnerPrimerSaqueGanado" : 28,
    "winnerSegundoSaqueGanado" : 17,
    "winnerDobleFalta" : 4,
    "winnerServingPoints" : 66,
    "winnerServingGames" : 9,
    "loserAces" : 1,
    "loserPrimerSaqueDentro" : 47,
    "loserPrimerSaqueGanado" : 31,
    "loserSegundoSaqueGanado" : 5,
    "loserDobleFalta" : 5,
    "loserServingPoints" : 65,
    "loserServingGames" : 10
  }, {
    "torneo" : "Nottingham",
    "fecha" : "20070618",
    "superficie" : "Grass",
    "resultado" : "7-6(7) 3-6 6-2",
    "contrincante" : "Dmitry Tursunov",
    "ganador" : false,
    "winnerAces" : 7,
    "winnerPrimerSaqueDentro" : 47,
    "winnerPrimerSaqueGanado" : 35,
    "winnerSegundoSaqueGanado" : 22,
    "winnerDobleFalta" : 3,
    "winnerServingPoints" : 79,
    "winnerServingGames" : 14,
    "loserAces" : 9,
    "loserPrimerSaqueDentro" : 64,
    "loserPrimerSaqueGanado" : 47,
    "loserSegundoSaqueGanado" : 14,
    "loserDobleFalta" : 5,
    "loserServingPoints" : 100,
    "loserServingGames" : 15
  }, {
    "torneo" : "Roland Garros",
    "fecha" : "20070528",
    "superficie" : "Clay",
    "resultado" : "6-4 6-3 6-2",
    "contrincante" : "Ernests Gulbis",
    "ganador" : false,
    "winnerAces" : 8,
    "winnerPrimerSaqueDentro" : 64,
    "winnerPrimerSaqueGanado" : 50,
    "winnerSegundoSaqueGanado" : 11,
    "winnerDobleFalta" : 3,
    "winnerServingPoints" : 89,
    "winnerServingGames" : 14,
    "loserAces" : 3,
    "loserPrimerSaqueDentro" : 59,
    "loserPrimerSaqueGanado" : 32,
    "loserSegundoSaqueGanado" : 19,
    "loserDobleFalta" : 1,
    "loserServingPoints" : 94,
    "loserServingGames" : 13
  }, {
    "torneo" : "Queen's Club",
    "fecha" : "20070611",
    "superficie" : "Grass",
    "resultado" : "7-6(5) 2-6 6-4",
    "contrincante" : "Marin Cilic",
    "ganador" : false,
    "winnerAces" : 6,
    "winnerPrimerSaqueDentro" : 58,
    "winnerPrimerSaqueGanado" : 35,
    "winnerSegundoSaqueGanado" : 22,
    "winnerDobleFalta" : 2,
    "winnerServingPoints" : 103,
    "winnerServingGames" : 15,
    "loserAces" : 5,
    "loserPrimerSaqueDentro" : 61,
    "loserPrimerSaqueGanado" : 34,
    "loserSegundoSaqueGanado" : 26,
    "loserDobleFalta" : 3,
    "loserServingPoints" : 101,
    "loserServingGames" : 15
  }, {
    "torneo" : "Washington",
    "fecha" : "20070729",
    "superficie" : "Hard",
    "resultado" : "4-6 6-4 7-6(4)",
    "contrincante" : "John Isner",
    "ganador" : false,
    "winnerAces" : 18,
    "winnerPrimerSaqueDentro" : 59,
    "winnerPrimerSaqueGanado" : 51,
    "winnerSegundoSaqueGanado" : 19,
    "winnerDobleFalta" : 1,
    "winnerServingPoints" : 89,
    "winnerServingGames" : 16,
    "loserAces" : 16,
    "loserPrimerSaqueDentro" : 63,
    "loserPrimerSaqueGanado" : 50,
    "loserSegundoSaqueGanado" : 20,
    "loserDobleFalta" : 5,
    "loserServingPoints" : 97,
    "loserServingGames" : 16
  }, {
    "torneo" : "Monte Carlo Masters",
    "fecha" : "20070415",
    "superficie" : "Clay",
    "resultado" : "7-5 6-2",
    "contrincante" : "Juan Carlos Ferrero",
    "ganador" : false,
    "winnerAces" : 1,
    "winnerPrimerSaqueDentro" : 34,
    "winnerPrimerSaqueGanado" : 27,
    "winnerSegundoSaqueGanado" : 15,
    "winnerDobleFalta" : 1,
    "winnerServingPoints" : 52,
    "winnerServingGames" : 10,
    "loserAces" : 6,
    "loserPrimerSaqueDentro" : 34,
    "loserPrimerSaqueGanado" : 24,
    "loserSegundoSaqueGanado" : 17,
    "loserDobleFalta" : 3,
    "loserServingPoints" : 68,
    "loserServingGames" : 10
  }, {
    "torneo" : "Rome Masters",
    "fecha" : "20070507",
    "superficie" : "Clay",
    "resultado" : "7-5 6-1",
    "contrincante" : "Nicolas Almagro",
    "ganador" : false,
    "winnerAces" : 13,
    "winnerPrimerSaqueDentro" : 30,
    "winnerPrimerSaqueGanado" : 26,
    "winnerSegundoSaqueGanado" : 16,
    "winnerDobleFalta" : 1,
    "winnerServingPoints" : 60,
    "winnerServingGames" : 10,
    "loserAces" : 4,
    "loserPrimerSaqueDentro" : 36,
    "loserPrimerSaqueGanado" : 23,
    "loserSegundoSaqueGanado" : 10,
    "loserDobleFalta" : 3,
    "loserServingPoints" : 59,
    "loserServingGames" : 9
  }, {
    "torneo" : "Cincinnati Masters",
    "fecha" : "20070813",
    "superficie" : "Hard",
    "resultado" : "6-4 3-6 6-3",
    "contrincante" : "Juan Ignacio Chela",
    "ganador" : false,
    "winnerAces" : 4,
    "winnerPrimerSaqueDentro" : 43,
    "winnerPrimerSaqueGanado" : 30,
    "winnerSegundoSaqueGanado" : 25,
    "winnerDobleFalta" : 4,
    "winnerServingPoints" : 81,
    "winnerServingGames" : 14,
    "loserAces" : 5,
    "loserPrimerSaqueDentro" : 47,
    "loserPrimerSaqueGanado" : 38,
    "loserSegundoSaqueGanado" : 18,