{
  "nombre" : "Andriej Kapas",
  "mano" : "R",
  "nacionalidad" : "POL",
  "edad" : 25.5550992471,
  "ganar1Saque" : 0.7279707384960992,
  "ganar2Saque" : 0.5776099307196481,
  "primerSaque" : 0.6161593560661588,
  "segundoSaque" : 0.34600875207356047,
  "ganarPuntoSacando" : 0.6484040727803637,
  "ganarPuntoRestando" : 0.331043105545608,
  "probAce" : 0.08805668354034424,
  "clay" : {
    "nombre" : "Clay",
    "probVictoria" : 0.25,
    "probGanarPrimerSaque" : 0.6060035899281502,
    "probGanarSegundoSaque" : 0.49325186014175415,
    "probPrimerSaque" : 0.5864353477954865,
    "probSegundoSaque" : 0.3516863211989403,
    "probGanarPuntoSacando" : 0.5288518581426158,
    "probGanarPuntoRestando" : 0.3272727197208627,
    "probAce" : 0.0
  },
  "grass" : {
    "nombre" : "Grass",
    "probVictoria" : 0.0,
    "probGanarPrimerSaque" : 0.0,
    "probGanarSegundoSaque" : 0.0,
    "probPrimerSaque" : 0.0,
    "probSegundoSaque" : 0.0,
    "probGanarPuntoSacando" : 0.0,
    "probGanarPuntoRestando" : 0.0,
    "probAce" : 0.0
  },
  "hard" : {
    "nombre" : "Hard",
    "probVictoria" : 0.5555555820465088,
    "probGanarPrimerSaque" : 0.7735578219095866,
    "probGanarSegundoSaque" : 0.6218100256390042,
    "probPrimerSaque" : 0.6362937125894759,
    "probSegundoSaque" : 0.3323581549856398,
    "probGanarPuntoSacando" : 0.6988736112784323,
    "probGanarPuntoRestando" : 0.33919836620286414,
    "probAce" : 0.0
  },
  "other" : {
    "nombre" : "Other",
    "probVictoria" : 0.0,
    "probGanarPrimerSaque" : 0.8055555820465088,
    "probGanarSegundoSaque" : 0.517241358757019,
    "probPrimerSaque" : 0.5538461804389954,
    "probSegundoSaque" : 0.446153849363327,
    "probGanarPuntoSacando" : 0.6769231055071323,
    "probGanarPuntoRestando" : 0.2727273029292818,
    "probAce" : 0.0
  },
  "partidos" : [ {
    "torneo" : "Quimper CH",
    "fecha" : "20150302",
    "superficie" : "Hard",
    "resultado" : "6-3 6-3",
    "contrincante" : "Elie Rousset",
    "ganador" : true,
    "winnerAces" : 11,
    "winnerPrimerSaqueDentro" : 35,
    "winnerPrimerSaqueGanado" : 30,
    "winnerSegundoSaqueGanado" : 6,
    "winnerDobleFalta" : 1,
    "winnerServingPoints" : 44,
    "winnerServingGames" : 9,
    "loserAces" : 4,
    "loserPrimerSaqueDentro" : 39,
    "loserPrimerSaqueGanado" : 28,
    "loserSegundoSaqueGanado" : 8,
    "loserDobleFalta" : 2,
    "loserServingPoints" : 62,
    "loserServingGames" : 9
  }, {
    "torneo" : "Quimper CH",
    "fecha" : "20150302",
    "superficie" : "Hard",
    "resultado" : "4-6 7-6(4) 6-4",
    "contrincante" : "Edward Corrie",
    "ganador" : false,
    "winnerAces" : 13,
    "winnerPrimerSaqueDentro" : 64,
    "winnerPrimerSaqueGanado" : 50,
    "winnerSegundoSaqueGanado" : 21,
    "winnerDobleFalta" : 5,
    "winnerServingPoints" : 100,
    "winnerServingGames" : 16,
    "loserAces" : 13,
    "loserPrimerSaqueDentro" : 55,
    "loserPrimerSaqueGanado" : 44,
    "loserSegundoSaqueGanado" : 25,
    "loserDobleFalta" : 1,
    "loserServingPoints" : 87,
    "loserServingGames" : 16
  }, {
    "torneo" : "Kyoto CH",
    "fecha" : "20150223",
    "superficie" : "Hard",
    "resultado" : "6-3 6-4",
    "contrincante" : "Yusuke Watanuki",
    "ganador" : true,
    "winnerAces" : 3,
    "winnerPrimerSaqueDentro" : 38,
    "winnerPrimerSaqueGanado" : 28,
    "winnerSegundoSaqueGanado" : 10,
    "winnerDobleFalta" : 2,
    "winnerServingPoints" : 57,
    "winnerServingGames" : 10,
    "loserAces" : 1,
    "loserPrimerSaqueDentro" : 23,
    "loserPrimerSaqueGanado" : 17,
    "loserSegundoSaqueGanado" : 11,
    "loserDobleFalta" : 1,
    "loserServingPoints" : 49,
    "loserServingGames" : 9
  }, {
    "torneo" : "Kyoto CH",
    "fecha" : "20150223",
    "superficie" : "Hard",
    "resultado" : "6-3 7-6(6)",
    "contrincante" : "Ze Zhang",
    "ganador" : true,
    "winnerAces" : 8,
    "winnerPrimerSaqueDentro" : 43,
    "winnerPrimerSaqueGanado" : 31,
    "winnerSegundoSaqueGanado" : 16,
    "winnerDobleFalta" : 0,
    "winnerServingPoints" : 69,
    "winnerServingGames" : 10,
    "loserAces" : 10,
    "loserPrimerSaqueDentro" : 46,
    "loserPrimerSaqueGanado" : 30,
    "loserSegundoSaqueGanado" : 13,
    "loserDobleFalta" : 1,
    "loserServingPoints" : 71,
    "loserServingGames" : 11
  }, {
    "torneo" : "Kyoto CH",
    "fecha" : "20150223",
    "superficie" : "Hard",
    "resultado" : "4-6 7-6(8) 7-5",
    "contrincante" : "Yasutaka Uchiyama",
    "ganador" : true,
    "winnerAces" : 11,
    "winnerPrimerSaqueDentro" : 80,
    "winnerPrimerSaqueGanado" : 61,
    "winnerSegundoSaqueGanado" : 26,
    "winnerDobleFalta" : 5,
    "winnerServingPoints" : 130,
    "winnerServingGames" : 17,
    "loserAces" : 18,
    "loserPrimerSaqueDentro" : 62,
    "loserPrimerSaqueGanado" : 52,
    "loserSegundoSaqueGanado" : 23,
    "loserDobleFalta" : 0,
    "loserServingPoints" : 102,
    "loserServingGames" : 17
  }, {
    "torneo" : "Kyoto CH",
    "fecha" : "20150223",
    "superficie" : "Hard",
    "resultado" : "7-6(5) 6-4",
    "contrincante" : "Michal Przysiezny",
    "ganador" : false,
    "winnerAces" : 9,
    "winnerPrimerSaqueDentro" : 44,
    "winnerPrimerSaqueGanado" : 36,
    "winnerSegundoSaqueGanado" : 14,
    "winnerDobleFalta" : 3,
    "winnerServingPoints" : 64,
    "winnerServingGames" : 11,
    "loserAces" : 9,
    "loserPrimerSaqueDentro" : 43,
    "loserPrimerSaqueGanado" : 34,
    "loserSegundoSaqueGanado" : 14,
    "loserDobleFalta" : 3,
    "loserServingPoints" : 70,
    "loserServingGames" : 11
  }, {
    "torneo" : "Aix en Provence CH",
    "fecha" : "20150504",
    "superficie" : "Clay",
    "resultado" : "7-6(3) 6-3",
    "contrincante" : "Daniel Munoz De La Nava",
    "ganador" : true,
    "winnerAces" : 8,
    "winnerPrimerSaqueDentro" : 52,
    "winnerPrimerSaqueGanado" : 39,
    "winnerSegundoSaqueGanado" : 13,
    "winnerDobleFalta" : 2,
    "winnerServingPoints" : 83,
    "winnerServingGames" : 11,
    "loserAces" : 1,
    "loserPrimerSaqueDentro" : 39,
    "loserPrimerSaqueGanado" : 24,
    "loserSegundoSaqueGanado" : 15,
    "loserDobleFalta" : 2,
    "loserServingPoints" : 66,
    "loserServingGames" : 10
  }, {
    "torneo" : "Aix en Provence CH",
    "fecha" : "20150504",
    "superficie" : "Clay",
    "resultado" : "6-1 6-4",
    "contrincante" : "Robin Haase",
    "ganador" : false,
    "winnerAces" : 3,
    "winnerPrimerSaqueDentro" : 24,
    "winnerPrimerSaqueGanado" : 20,
    "winnerSegundoSaqueGanado" : 11,
    "winnerDobleFalta" : 1,
    "winnerServingPoints" : 42,
    "winnerServingGames" : 8,
    "loserAces" : 2,
    "loserPrimerSaqueDentro" : 31,
    "loserPrimerSaqueGanado" : 19,
    "loserSegundoSaqueGanado" : 8,
    "loserDobleFalta" : 4,
    "loserServingPoints" : 54,
    "loserServingGames" : 9
  }, {
    "torneo" : "Kobe CH",
    "fecha" : "20151109",
    "superficie" : "Hard",
    "resultado" : "6-4 6-0",
    "contrincante" : "Yan Bai",
    "ganador" : false,
    "winnerAces" : 1,
    "winnerPrimerSaqueDentro" : 32,
    "winnerPrimerSaqueGanado" : 24,
    "winnerSegundoSaqueGanado" : 14,
    "winnerDobleFalta" : 2,
    "winnerServingPoints" : 57,
    "winnerServingGames" : 8,
    "loserAces" : 2,
    "loserPrimerSaqueDentro" : 20,
    "loserPrimerSaqueGanado" : 13,
    "loserSegundoSaqueGanado" : 13,
    "loserDobleFalta" : 3,
    "loserServingPoints" : 46,
    "loserServingGames" : 8
  }, {
    "torneo" : "Poznan CH",
    "fecha" : "20150713",
    "superficie" : "Clay",
    "resultado" : "6-1 6-2",
    "contrincante" : "Taro Daniel",
    "ganador" : false,
    "winnerAces" : 2,
    "winnerPrimerSaqueDentro" : 37,
    "winnerPrimerSaqueGanado" : 30,
    "winnerSegundoSaqueGanado" : 3,
    "winnerDobleFalta" : 0,
    "winnerServingPoints" : 45,
    "winnerServingGames" : 8,
    "loserAces" : 4,
    "loserPrimerSaqueDentro" : 27,
    "loserPrimerSaqueGanado" : 12,
    "loserSegundoSaqueGanado" : 13,
    "loserDobleFalta" : 4,
    "loserServingPoints" : 54,