{
  "nombre" : "Chieh Fu Wang",
  "mano" : "U",
  "nacionalidad" : "TPE",
  "edad" : 21.6235455168,
  "ganar1Saque" : 0.6423872709274292,
  "ganar2Saque" : 0.40146519740422565,
  "primerSaque" : 0.5924145380655924,
  "segundoSaque" : 0.34462759892145794,
  "ganarPuntoSacando" : 0.518915545397637,
  "ganarPuntoRestando" : 0.2319716652359601,
  "probAce" : 0.06629834324121475,
  "clay" : {
    "nombre" : "Clay",
    "probVictoria" : 0.0,
    "probGanarPrimerSaque" : 0.6379310488700867,
    "probGanarSegundoSaque" : 0.3928571343421936,
    "probPrimerSaque" : 0.6373626589775085,
    "probSegundoSaque" : 0.3076923191547394,
    "probGanarPuntoSacando" : 0.527472552314384,
    "probGanarPuntoRestando" : 0.3111110971842568,
    "probAce" : 0.0
  },
  "grass" : {
    "nombre" : "Grass",
    "probVictoria" : 0.0,
    "probGanarPrimerSaque" : 0.0,
    "probGanarSegundoSaque" : 0.0,
    "probPrimerSaque" : 0.0,
    "probSegundoSaque" : 0.0,
    "probGanarPuntoSacando" : 0.0,
    "probGanarPuntoRestando" : 0.0,
    "probAce" : 0.0
  },
  "hard" : {
    "nombre" : "Hard",
    "probVictoria" : 0.0,
    "probGanarPrimerSaque" : 0.5199999809265137,
    "probGanarSegundoSaque" : 0.3499999940395355,
    "probPrimerSaque" : 0.5208333134651184,
    "probSegundoSaque" : 0.4166666567325592,
    "probGanarPuntoSacando" : 0.4166666404406234,
    "probGanarPuntoRestando" : 0.17647057286664602,
    "probAce" : 0.0
  },
  "other" : {
    "nombre" : "Other",
    "probVictoria" : 0.0,
    "probGanarPrimerSaque" : 0.7692307829856873,
    "probGanarSegundoSaque" : 0.4615384638309479,
    "probPrimerSaque" : 0.6190476417541504,
    "probSegundoSaque" : 0.3095238208770752,
    "probGanarPuntoSacando" : 0.6190476509786791,
    "probGanarPuntoRestando" : 0.2083333256569776,
    "probAce" : 0.0
  },
  "partidos" : [ {
    "torneo" : "Taipei CH",
    "fecha" : "20150427",
    "superficie" : "Carpet",
    "resultado" : "6-3 6-2",
    "contrincante" : "Matthew Barton",
    "ganador" : false,
    "winnerAces" : 8,
    "winnerPrimerSaqueDentro" : 36,
    "winnerPrimerSaqueGanado" : 32,
    "winnerSegundoSaqueGanado" : 6,
    "winnerDobleFalta" : 1,
    "winnerServingPoints" : 48,
    "winnerServingGames" : 9,
    "loserAces" : 5,
    "loserPrimerSaqueDentro" : 26,
    "loserPrimerSaqueGanado" : 20,
    "loserSegundoSaqueGanado" : 6,
    "loserDobleFalta" : 3,
    "loserServingPoints" : 42,
    "loserServingGames" : 8
  }, {
    "torneo" : "Kaohsiung CH",
    "fecha" : "20150921",
    "superficie" : "Hard",
    "resultado" : "6-2 6-0",
    "contrincante" : "Jiri Vesely",
    "ganador" : false,
    "winnerAces" : 5,
    "winnerPrimerSaqueDentro" : 20,
    "winnerPrimerSaqueGanado" : 18,
    "winnerSegundoSaqueGanado" : 10,
    "winnerDobleFalta" : 2,
    "winnerServingPoints" : 34,
    "winnerServingGames" : 7,
    "loserAces" : 4,
    "loserPrimerSaqueDentro" : 25,
    "loserPrimerSaqueGanado" : 13,
    "loserSegundoSaqueGanado" : 7,
    "loserDobleFalta" : 3,
    "loserServingPoints" : 48,
    "loserServingGames" : 7
  }, {
    "torneo" : "Nice Q",
    "fecha" : "20150517",
    "superficie" : "Clay",
    "resultado" : "6-1 6-7(5) 6-2",
    "contrincante" : "Philip Davydenko",
    "ganador" : false,
    "winnerAces" : 6,
    "winnerPrimerSaqueDentro" : 65,
    "winnerPrimerSaqueGanado" : 45,
    "winnerSegundoSaqueGanado" : 17,
    "winnerDobleFalta" : 1,
    "winnerServingPoints" : 90,
    "winnerServingGames" : 14,
    "loserAces" : 3,
    "loserPrimerSaqueDentro" : 58,
    "loserPrimerSaqueGanado" : 37,
    "loserSegundoSaqueGanado" : 11,
    "loserDobleFalta" : 5,
    "loserServingPoints" : 91,
    "loserServingGames" : 13
  } ]
}