{
  "nombre" : "Daniel Masur",
  "mano" : "U",
  "nacionalidad" : "GER",
  "edad" : 21.3744010951,
  "ganar1Saque" : 0.6587240695953369,
  "ganar2Saque" : 0.5518545386466113,
  "primerSaque" : 0.6230136372826316,
  "segundoSaque" : 0.33443425460295245,
  "ganarPuntoSacando" : 0.5949531398457438,
  "ganarPuntoRestando" : 0.33779256935865126,
  "probAce" : 0.05370844155550003,
  "clay" : {
    "nombre" : "Clay",
    "probVictoria" : 0.0,
    "probGanarPrimerSaque" : 0.7058823704719543,
    "probGanarSegundoSaque" : 0.5185185074806213,
    "probPrimerSaque" : 0.6144578456878662,
    "probSegundoSaque" : 0.3253012001514435,
    "probGanarPuntoSacando" : 0.6024096534534227,
    "probGanarPuntoRestando" : 0.18181817741338113,
    "probAce" : 0.0
  },
  "grass" : {
    "nombre" : "Grass",
    "probVictoria" : 0.0,
    "probGanarPrimerSaque" : 0.0,
    "probGanarSegundoSaque" : 0.0,
    "probPrimerSaque" : 0.0,
    "probSegundoSaque" : 0.0,
    "probGanarPuntoSacando" : 0.0,
    "probGanarPuntoRestando" : 0.0,
    "probAce" : 0.0
  },
  "hard" : {
    "nombre" : "Hard",
    "probVictoria" : 0.4444444477558136,
    "probGanarPrimerSaque" : 0.671120266119639,
    "probGanarSegundoSaque" : 0.5907319221231673,
    "probPrimerSaque" : 0.6303860876295302,
    "probSegundoSaque" : 0.3315455979771084,
    "probGanarPuntoSacando" : 0.6189194472525406,
    "probGanarPuntoRestando" : 0.36555529262683456,
    "probAce" : 0.0
  },
  "other" : {
    "nombre" : "Other",
    "probVictoria" : 0.0,
    "probGanarPrimerSaque" : 0.5,
    "probGanarSegundoSaque" : 0.23529411852359772,
    "probPrimerSaque" : 0.5652173757553101,
    "probSegundoSaque" : 0.3695652186870575,
    "probGanarPuntoSacando" : 0.36956521024560685,
    "probGanarPuntoRestando" : 0.24390245189027127,
    "probAce" : 0.0
  },
  "partidos" : [ {
    "torneo" : "Suzhou CH",
    "fecha" : "20151026",
    "superficie" : "Hard",
    "resultado" : "7-5 6-2",
    "contrincante" : "Ze Zhang",
    "ganador" : false,
    "winnerAces" : 3,
    "winnerPrimerSaqueDentro" : 36,
    "winnerPrimerSaqueGanado" : 29,
    "winnerSegundoSaqueGanado" : 11,
    "winnerDobleFalta" : 6,
    "winnerServingPoints" : 61,
    "winnerServingGames" : 10,
    "loserAces" : 1,
    "loserPrimerSaqueDentro" : 37,
    "loserPrimerSaqueGanado" : 23,
    "loserSegundoSaqueGanado" : 8,
    "loserDobleFalta" : 5,
    "loserServingPoints" : 59,
    "loserServingGames" : 10
  }, {
    "torneo" : "Istanbul CH",
    "fecha" : "20150914",
    "superficie" : "Hard",
    "resultado" : "6-2 6-3",
    "contrincante" : "Aldin Setkic",
    "ganador" : true,
    "winnerAces" : 8,
    "winnerPrimerSaqueDentro" : 31,
    "winnerPrimerSaqueGanado" : 21,
    "winnerSegundoSaqueGanado" : 20,
    "winnerDobleFalta" : 1,
    "winnerServingPoints" : 58,
    "winnerServingGames" : 9,
    "loserAces" : 2,
    "loserPrimerSaqueDentro" : 34,
    "loserPrimerSaqueGanado" : 20,
    "loserSegundoSaqueGanado" : 9,
    "loserDobleFalta" : 2,
    "loserServingPoints" : 49,
    "loserServingGames" : 8
  }, {
    "torneo" : "Istanbul CH",
    "fecha" : "20150914",
    "superficie" : "Hard",
    "resultado" : "6-1 6-3",
    "contrincante" : "Karen Khachanov",
    "ganador" : false,
    "winnerAces" : 8,
    "winnerPrimerSaqueDentro" : 27,
    "winnerPrimerSaqueGanado" : 23,
    "winnerSegundoSaqueGanado" : 9,
    "winnerDobleFalta" : 1,
    "winnerServingPoints" : 39,
    "winnerServingGames" : 8,
    "loserAces" : 0,
    "loserPrimerSaqueDentro" : 38,
    "loserPrimerSaqueGanado" : 21,
    "loserSegundoSaqueGanado" : 13,
    "loserDobleFalta" : 3,
    "loserServingPoints" : 70,
    "loserServingGames" : 8
  }, {
    "torneo" : "Ningbo CH",
    "fecha" : "20151019",
    "superficie" : "Hard",
    "resultado" : "6-1 6-2",
    "contrincante" : "Yoshihito Nishioka",
    "ganador" : true,
    "winnerAces" : 3,
    "winnerPrimerSaqueDentro" : 30,
    "winnerPrimerSaqueGanado" : 25,
    "winnerSegundoSaqueGanado" : 8,
    "winnerDobleFalta" : 0,
    "winnerServingPoints" : 42,
    "winnerServingGames" : 8,
    "loserAces" : 1,
    "loserPrimerSaqueDentro" : 28,
    "loserPrimerSaqueGanado" : 15,
    "loserSegundoSaqueGanado" : 4,
    "loserDobleFalta" : 2,
    "loserServingPoints" : 43,
    "loserServingGames" : 7
  }, {
    "torneo" : "Ningbo CH",
    "fecha" : "20151019",
    "superficie" : "Hard",
    "resultado" : "7-6(5) 6-7(5) 6-3",
    "contrincante" : "Uladzimir Ignatik",
    "ganador" : true,
    "winnerAces" : 6,
    "winnerPrimerSaqueDentro" : 92,
    "winnerPrimerSaqueGanado" : 63,
    "winnerSegundoSaqueGanado" : 20,
    "winnerDobleFalta" : 4,
    "winnerServingPoints" : 135,
    "winnerServingGames" : 17,
    "loserAces" : 7,
    "loserPrimerSaqueDentro" : 71,
    "loserPrimerSaqueGanado" : 44,
    "loserSegundoSaqueGanado" : 16,
    "loserDobleFalta" : 3,
    "loserServingPoints" : 103,
    "loserServingGames" : 16
  }, {
    "torneo" : "Ningbo CH",
    "fecha" : "20151019",
    "superficie" : "Hard",
    "resultado" : "7-6(6) 6-0",
    "contrincante" : "Franco Skugor",
    "ganador" : false,
    "winnerAces" : 7,
    "winnerPrimerSaqueDentro" : 44,
    "winnerPrimerSaqueGanado" : 31,
    "winnerSegundoSaqueGanado" : 10,
    "winnerDobleFalta" : 0,
    "winnerServingPoints" : 62,
    "winnerServingGames" : 9,
    "loserAces" : 6,
    "loserPrimerSaqueDentro" : 38,
    "loserPrimerSaqueGanado" : 22,
    "loserSegundoSaqueGanado" : 12,
    "loserDobleFalta" : 4,
    "loserServingPoints" : 64,
    "loserServingGames" : 9
  }, {
    "torneo" : "Eckental CH",
    "fecha" : "20151102",
    "superficie" : "Carpet",
    "resultado" : "6-2 6-0",
    "contrincante" : "Ante Pavic",
    "ganador" : false,
    "winnerAces" : 9,
    "winnerPrimerSaqueDentro" : 25,
    "winnerPrimerSaqueGanado" : 21,
    "winnerSegundoSaqueGanado" : 10,
    "winnerDobleFalta" : 0,
    "winnerServingPoints" : 41,
    "winnerServingGames" : 7,
    "loserAces" : 2,
    "loserPrimerSaqueDentro" : 26,
    "loserPrimerSaqueGanado" : 13,
    "loserSegundoSaqueGanado" : 4,
    "loserDobleFalta" : 3,
    "loserServingPoints" : 46,
    "loserServingGames" : 7
  }, {
    "torneo" : "Izmir CH",
    "fecha" : "20150921",
    "superficie" : "Hard",
    "resultado" : "7-6(5) 6-0",
    "contrincante" : "Maximilian Neuchrist",
    "ganador" : true,
    "winnerAces" : 3,
    "winnerPrimerSaqueDentro" : 43,
    "winnerPrimerSaqueGanado" : 29,
    "winnerSegundoSaqueGanado" : 10,
    "winnerDobleFalta" : 0,
    "winnerServingPoints" : 58,
    "winnerServingGames" : 9,
    "loserAces" : 2,
    "loserPrimerSaqueDentro" : 44,
    "loserPrimerSaqueGanado" : 24,
    "loserSegundoSaqueGanado" : 8,
    "loserDobleFalta" : 0,
    "loserServingPoints" : 61,
    "loserServingGames" : 9
  }, {
    "torneo" : "Izmir CH",
    "fecha" : "20150921",
    "superficie" : "Hard",
    "resultado" : "4-6 7-6(4) 7-6(3)",
    "contrincante" : "Ramkumar Ramanathan",
    "ganador" : false,
    "winnerAces" : 14,
    "winnerPrimerSaqueDentro" : 65,
    "winnerPrimerSaqueGanado" : 50,
    "winnerSegundoSaqueGanado" : 26,
    "winnerDobleFalta" : 7,
    "winnerServingPoints" : 110,
    "winnerServingGames" : 17,
    "loserAces" : 5,
    "loserPrimerSaqueDentro" : 77,
    "loserPrimerSaqueGanado" : 56,
    "loserSegundoSaqueGanado" : 24,
    "loserDobleFalta" : 3,
    "loserServingPoints" : 117,
    "loserServingGames" : 17
  }, {
    "torneo" : "Marburg CH",
    "fecha" : "20150629",
    "superficie" : "Clay",
    "resultado" : "6-2 7-6(5)",
    "contrincante" : "Uladzimir Ignatik",
    "ganador" : false,
    "winnerAces" : 8,
    "winnerPrimerSaqueDentro" : 31,
    "winnerPrimerSaqueGanado" : 29,
    "winnerSegundoSaqueGanado" : 16,
    "winnerDobleFalta" : 2,
    "winnerServingPoints" : 55,
    "winnerServingGames" : 10,
    "loserAces" : 2,
    "loserPrimerSaqueDentro" : 51,
    "loserPrimerSaqueGanado" : 36,
    "loserSegundoSaqueGanado" : 14,
    "loserDobleFalta" : 5,
    "loserServingPoints" : 83,