{
  "nombre" : "Daniel Cox",
  "mano" : "R",
  "nacionalidad" : "GBR",
  "edad" : 24.6543463381,
  "ganar1Saque" : 0.6807337890971791,
  "ganar2Saque" : 0.5517058399590579,
  "primerSaque" : 0.6038411530581388,
  "segundoSaque" : 0.3337937728925185,
  "ganarPuntoSacando" : 0.5952110499808464,
  "ganarPuntoRestando" : 0.421093392448509,
  "probAce" : 0.030474040657281876,
  "clay" : {
    "nombre" : "Clay",
    "probVictoria" : 0.3333333432674408,
    "probGanarPrimerSaque" : 0.6127819418907166,
    "probGanarSegundoSaque" : 0.5365259647369385,
    "probPrimerSaque" : 0.6640761097272238,
    "probSegundoSaque" : 0.2786133488019307,
    "probGanarPuntoSacando" : 0.5564171438364257,
    "probGanarPuntoRestando" : 0.42236641638938033,
    "probAce" : 0.0
  },
  "grass" : {
    "nombre" : "Grass",
    "probVictoria" : 0.0,
    "probGanarPrimerSaque" : 1.4409582018852234,
    "probGanarSegundoSaque" : 0.5067733824253082,
    "probPrimerSaque" : 0.6012681126594543,
    "probSegundoSaque" : 0.3205313980579376,
    "probGanarPuntoSacando" : 1.0288389992360232,
    "probGanarPuntoRestando" : 0.36277109923872364,
    "probAce" : 0.0
  },
  "hard" : {
    "nombre" : "Hard",
    "probVictoria" : 0.3333333432674408,
    "probGanarPrimerSaque" : 0.7014612754185995,
    "probGanarSegundoSaque" : 0.5742732634147009,
    "probPrimerSaque" : 0.5745813548564911,
    "probSegundoSaque" : 0.3658047765493393,
    "probGanarPuntoSacando" : 0.6131184728110557,
    "probGanarPuntoRestando" : 0.4398976448813352,
    "probAce" : 0.0
  },
  "other" : {
    "nombre" : "Other",
    "probVictoria" : 0.0,
    "probGanarPrimerSaque" : 0.0,
    "probGanarSegundoSaque" : 0.0,
    "probPrimerSaque" : 0.0,
    "probSegundoSaque" : 0.0,
    "probGanarPuntoSacando" : 0.0,
    "probGanarPuntoRestando" : 0.0,
    "probAce" : 0.0
  },
  "partidos" : [ {
    "torneo" : "Manchester CH",
    "fecha" : "20150602",
    "superficie" : "Grass",
    "resultado" : "6-2 5-7 7-6(3)",
    "contrincante" : "Brydan Klein",
    "ganador" : false,
    "winnerAces" : 11,
    "winnerPrimerSaqueDentro" : 70,
    "winnerPrimerSaqueGanado" : 47,
    "winnerSegundoSaqueGanado" : 19,
    "winnerDobleFalta" : 7,
    "winnerServingPoints" : 100,
    "winnerServingGames" : 16,
    "loserAces" : 7,
    "loserPrimerSaqueDentro" : 76,
    "loserPrimerSaqueGanado" : 53,
    "loserSegundoSaqueGanado" : 18,
    "loserDobleFalta" : 10,
    "loserServingPoints" : 115,
    "loserServingGames" : 16
  }, {
    "torneo" : "Surbiton CH",
    "fecha" : "20150608",
    "superficie" : "Grass",
    "resultado" : "6-3 7-6(8)",
    "contrincante" : "Maxime Authom",
    "ganador" : false,
    "winnerAces" : 2,
    "winnerPrimerSaqueDentro" : 54,
    "winnerPrimerSaqueGanado" : 33,
    "winnerSegundoSaqueGanado" : 18,
    "winnerDobleFalta" : 1,
    "winnerServingPoints" : 83,
    "winnerServingGames" : 11,
    "loserAces" : 3,
    "loserPrimerSaqueDentro" : 39,
    "loserPrimerSaqueGanado" : 29,
    "loserSegundoSaqueGanado" : 11,
    "loserDobleFalta" : 5,
    "loserServingPoints" : 72,
    "loserServingGames" : 10
  }, {
    "torneo" : "Guangzhou CH",
    "fecha" : "20150309",
    "superficie" : "Hard",
    "resultado" : "6-3 2-6 6-4",
    "contrincante" : "Roberto Carballes Baena",
    "ganador" : false,
    "winnerAces" : 5,
    "winnerPrimerSaqueDentro" : 46,
    "winnerPrimerSaqueGanado" : 32,
    "winnerSegundoSaqueGanado" : 15,
    "winnerDobleFalta" : 5,
    "winnerServingPoints" : 82,
    "winnerServingGames" : 14,
    "loserAces" : 0,
    "loserPrimerSaqueDentro" : 68,
    "loserPrimerSaqueGanado" : 43,
    "loserSegundoSaqueGanado" : 12,
    "loserDobleFalta" : 5,
    "loserServingPoints" : 103,
    "loserServingGames" : 13
  }, {
    "torneo" : "Cary CH",
    "fecha" : "20150914",
    "superficie" : "Hard",
    "resultado" : "7-6(6) 6-3",
    "contrincante" : "Brayden Schnur",
    "ganador" : false,
    "winnerAces" : 16,
    "winnerPrimerSaqueDentro" : 53,
    "winnerPrimerSaqueGanado" : 38,
    "winnerSegundoSaqueGanado" : 19,
    "winnerDobleFalta" : 4,
    "winnerServingPoints" : 92,
    "winnerServingGames" : 10,
    "loserAces" : 6,
    "loserPrimerSaqueDentro" : 37,
    "loserPrimerSaqueGanado" : 29,
    "loserSegundoSaqueGanado" : 16,
    "loserDobleFalta" : 2,
    "loserServingPoints" : 71,
    "loserServingGames" : 11
  }, {
    "torneo" : "Columbus CH",
    "fecha" : "20150921",
    "superficie" : "Hard",
    "resultado" : "6-7(9) 6-3 6-2",
    "contrincante" : "John Patrick Smith",
    "ganador" : false,
    "winnerAces" : 19,
    "winnerPrimerSaqueDentro" : 68,
    "winnerPrimerSaqueGanado" : 52,
    "winnerSegundoSaqueGanado" : 16,
    "winnerDobleFalta" : 4,
    "winnerServingPoints" : 101,
    "winnerServingGames" : 15,
    "loserAces" : 0,
    "loserPrimerSaqueDentro" : 48,
    "loserPrimerSaqueGanado" : 31,
    "loserSegundoSaqueGanado" : 24,
    "loserDobleFalta" : 8,
    "loserServingPoints" : 99,
    "loserServingGames" : 14
  }, {
    "torneo" : "Glasgow CH",
    "fecha" : "20150202",
    "superficie" : "Hard",
    "resultado" : "6-4 6-1",
    "contrincante" : "Matwe Middelkoop",
    "ganador" : true,
    "winnerAces" : 7,
    "winnerPrimerSaqueDentro" : 30,
    "winnerPrimerSaqueGanado" : 25,
    "winnerSegundoSaqueGanado" : 13,
    "winnerDobleFalta" : 4,
    "winnerServingPoints" : 50,
    "winnerServingGames" : 9,
    "loserAces" : 0,
    "loserPrimerSaqueDentro" : 30,
    "loserPrimerSaqueGanado" : 14,
    "loserSegundoSaqueGanado" : 10,
    "loserDobleFalta" : 0,
    "loserServingPoints" : 43,
    "loserServingGames" : 8
  }, {
    "torneo" : "Glasgow CH",
    "fecha" : "20150202",
    "superficie" : "Hard",
    "resultado" : "6-4 6-0",
    "contrincante" : "Daniel Smethurst",
    "ganador" : true,
    "winnerAces" : 2,
    "winnerPrimerSaqueDentro" : 23,
    "winnerPrimerSaqueGanado" : 15,
    "winnerSegundoSaqueGanado" : 11,
    "winnerDobleFalta" : 3,
    "winnerServingPoints" : 46,
    "winnerServingGames" : 8,
    "loserAces" : 2,
    "loserPrimerSaqueDentro" : 33,
    "loserPrimerSaqueGanado" : 15,
    "loserSegundoSaqueGanado" : 7,
    "loserDobleFalta" : 5,
    "loserServingPoints" : 62,
    "loserServingGames" : 8
  }, {
    "torneo" : "Glasgow CH",
    "fecha" : "20150202",
    "superficie" : "Hard",
    "resultado" : "1-6 7-6(4) 7-5",
    "contrincante" : "Aleksandr Nedovyesov",
    "ganador" : false,
    "winnerAces" : 6,
    "winnerPrimerSaqueDentro" : 54,
    "winnerPrimerSaqueGanado" : 34,
    "winnerSegundoSaqueGanado" : 23,
    "winnerDobleFalta" : 2,
    "winnerServingPoints" : 98,
    "winnerServingGames" : 16,
    "loserAces" : 0,
    "loserPrimerSaqueDentro" : 62,
    "loserPrimerSaqueGanado" : 41,
    "loserSegundoSaqueGanado" : 15,
    "loserDobleFalta" : 5,
    "loserServingPoints" : 91,
    "loserServingGames" : 15
  }, {
    "torneo" : "Istanbul Q",
    "fecha" : "20150427",
    "superficie" : "Clay",
    "resultado" : "7-6(8) 2-6 7-6(4)",
    "contrincante" : "Lorenzo Giustino",
    "ganador" : false,
    "winnerAces" : 0,
    "winnerPrimerSaqueDentro" : 54,
    "winnerPrimerSaqueGanado" : 33,
    "winnerSegundoSaqueGanado" : 21,
    "winnerDobleFalta" : 5,
    "winnerServingPoints" : 104,
    "winnerServingGames" : 16,
    "loserAces" : 1,
    "loserPrimerSaqueDentro" : 76,
    "loserPrimerSaqueGanado" : 42,
    "loserSegundoSaqueGanado" : 15,
    "loserDobleFalta" : 4,
    "loserServingPoints" : 108,
    "loserServingGames" : 16
  }, {
    "torneo" : "Wimbledon Q",
    "fecha" : "20150629",
    "superficie" : "Grass",
    "resultado" : "6-3 6-3",
    "contrincante" : "Matthias Bachinger",
    "ganador" : false,
    "winnerAces" : 0,
    "winnerPrimerSaqueDentro" : 0,
    "winnerPrimerSaqueGanado" : 0,
    "winnerSegundoSaqueGanado" : 0,
    "winnerDobleFalta" : 0,
    "winnerServingPoints" : 0,
    "winnerServingGames" : 0,
    "loserAces" : 0,
    "loserPrimerSaqueDentro" : 0,
    "loserPrimerSaqueGanado" : 0,
    "loserSegundoSaqueGanado" : 0,