{
  "nombre" : "Edward Corrie",
  "mano" : "U",
  "nacionalidad" : "GBR",
  "edad" : 27.0253251198,
  "ganar1Saque" : 0.7036436398824056,
  "ganar2Saque" : 0.5193865776062012,
  "primerSaque" : 0.5821976264317831,
  "segundoSaque" : 0.36655475000540416,
  "ganarPuntoSacando" : 0.6000432741039604,
  "ganarPuntoRestando" : 0.3474280605083269,
  "probAce" : 0.07021062821149826,
  "clay" : {
    "nombre" : "Clay",
    "probVictoria" : 0.0,
    "probGanarPrimerSaque" : 0.0,
    "probGanarSegundoSaque" : 0.0,
    "probPrimerSaque" : 0.0,
    "probSegundoSaque" : 0.0,
    "probGanarPuntoSacando" : 0.0,
    "probGanarPuntoRestando" : 0.0,
    "probAce" : 0.0
  },
  "grass" : {
    "nombre" : "Grass",
    "probVictoria" : 0.25,
    "probGanarPrimerSaque" : 1.494596004486084,
    "probGanarSegundoSaque" : 0.627525269985199,
    "probPrimerSaque" : 0.6609979867935181,
    "probSegundoSaque" : 0.299283966422081,
    "probGanarPuntoSacando" : 1.175733201866195,
    "probGanarPuntoRestando" : 0.33514491594173657,
    "probAce" : 0.0
  },
  "hard" : {
    "nombre" : "Hard",
    "probVictoria" : 0.4166666567325592,
    "probGanarPrimerSaque" : 0.7012414435545603,
    "probGanarSegundoSaque" : 0.5120369816819826,
    "probPrimerSaque" : 0.5722590635220209,
    "probSegundoSaque" : 0.3746870445708434,
    "probGanarPuntoSacando" : 0.59314539516876,
    "probGanarPuntoRestando" : 0.35360489485014357,
    "probAce" : 0.0
  },
  "other" : {
    "nombre" : "Other",
    "probVictoria" : 0.0,
    "probGanarPrimerSaque" : 0.6451612710952759,
    "probGanarSegundoSaque" : 0.3913043439388275,
    "probPrimerSaque" : 0.5438596606254578,
    "probSegundoSaque" : 0.4035087823867798,
    "probGanarPuntoSacando" : 0.5087719293119797,
    "probGanarPuntoRestando" : 0.2978723375397089,
    "probAce" : 0.0
  },
  "partidos" : [ {
    "torneo" : "Quimper CH",
    "fecha" : "20150302",
    "superficie" : "Hard",
    "resultado" : "6-4 4-1 RET",
    "contrincante" : "Vincent Millot",
    "ganador" : true,
    "winnerAces" : 5,
    "winnerPrimerSaqueDentro" : 22,
    "winnerPrimerSaqueGanado" : 19,
    "winnerSegundoSaqueGanado" : 8,
    "winnerDobleFalta" : 1,
    "winnerServingPoints" : 39,
    "winnerServingGames" : 8,
    "loserAces" : 1,
    "loserPrimerSaqueDentro" : 35,
    "loserPrimerSaqueGanado" : 22,
    "loserSegundoSaqueGanado" : 6,
    "loserDobleFalta" : 6,
    "loserServingPoints" : 59,
    "loserServingGames" : 7
  }, {
    "torneo" : "Quimper CH",
    "fecha" : "20150302",
    "superficie" : "Hard",
    "resultado" : "4-6 7-6(4) 6-4",
    "contrincante" : "Andriej Kapas",
    "ganador" : true,
    "winnerAces" : 13,
    "winnerPrimerSaqueDentro" : 64,
    "winnerPrimerSaqueGanado" : 50,
    "winnerSegundoSaqueGanado" : 21,
    "winnerDobleFalta" : 5,
    "winnerServingPoints" : 100,
    "winnerServingGames" : 16,
    "loserAces" : 13,
    "loserPrimerSaqueDentro" : 55,
    "loserPrimerSaqueGanado" : 44,
    "loserSegundoSaqueGanado" : 25,
    "loserDobleFalta" : 1,
    "loserServingPoints" : 87,
    "loserServingGames" : 16
  }, {
    "torneo" : "Quimper CH",
    "fecha" : "20150302",
    "superficie" : "Hard",
    "resultado" : "6-2 6-3",
    "contrincante" : "Gregoire Barrere",
    "ganador" : false,
    "winnerAces" : 8,
    "winnerPrimerSaqueDentro" : 29,
    "winnerPrimerSaqueGanado" : 27,
    "winnerSegundoSaqueGanado" : 9,
    "winnerDobleFalta" : 1,
    "winnerServingPoints" : 42,
    "winnerServingGames" : 9,
    "loserAces" : 5,
    "loserPrimerSaqueDentro" : 27,
    "loserPrimerSaqueGanado" : 21,
    "loserSegundoSaqueGanado" : 7,
    "loserDobleFalta" : 0,
    "loserServingPoints" : 47,
    "loserServingGames" : 8
  }, {
    "torneo" : "Binghamton CH",
    "fecha" : "20150720",
    "superficie" : "Hard",
    "resultado" : "7-5 6-2",
    "contrincante" : "Ryan Sweeting",
    "ganador" : true,
    "winnerAces" : 4,
    "winnerPrimerSaqueDentro" : 36,
    "winnerPrimerSaqueGanado" : 28,
    "winnerSegundoSaqueGanado" : 16,
    "winnerDobleFalta" : 3,
    "winnerServingPoints" : 63,
    "winnerServingGames" : 10,
    "loserAces" : 4,
    "loserPrimerSaqueDentro" : 30,
    "loserPrimerSaqueGanado" : 22,
    "loserSegundoSaqueGanado" : 10,
    "loserDobleFalta" : 5,
    "loserServingPoints" : 53,
    "loserServingGames" : 10
  }, {
    "torneo" : "Binghamton CH",
    "fecha" : "20150720",
    "superficie" : "Hard",
    "resultado" : "6-3 6-2",
    "contrincante" : "Brydan Klein",
    "ganador" : false,
    "winnerAces" : 12,
    "winnerPrimerSaqueDentro" : 26,
    "winnerPrimerSaqueGanado" : 21,
    "winnerSegundoSaqueGanado" : 13,
    "winnerDobleFalta" : 4,
    "winnerServingPoints" : 46,
    "winnerServingGames" : 9,
    "loserAces" : 0,
    "loserPrimerSaqueDentro" : 22,
    "loserPrimerSaqueGanado" : 15,
    "loserSegundoSaqueGanado" : 7,
    "loserDobleFalta" : 2,
    "loserServingPoints" : 40,
    "loserServingGames" : 8
  }, {
    "torneo" : "Manchester CH",
    "fecha" : "20150602",
    "superficie" : "Grass",
    "resultado" : "7-5 2-6 6-3",
    "contrincante" : "Jimmy Wang",
    "ganador" : false,
    "winnerAces" : 5,
    "winnerPrimerSaqueDentro" : 58,
    "winnerPrimerSaqueGanado" : 49,
    "winnerSegundoSaqueGanado" : 12,
    "winnerDobleFalta" : 7,
    "winnerServingPoints" : 92,
    "winnerServingGames" : 15,
    "loserAces" : 11,
    "loserPrimerSaqueDentro" : 67,
    "loserPrimerSaqueGanado" : 47,
    "loserSegundoSaqueGanado" : 19,
    "loserDobleFalta" : 6,
    "loserServingPoints" : 109,
    "loserServingGames" : 14
  }, {
    "torneo" : "Surbiton CH",
    "fecha" : "20150608",
    "superficie" : "Grass",
    "resultado" : "6-7(1) 2-0 RET",
    "contrincante" : "Joshua Milton",
    "ganador" : false,
    "winnerAces" : 4,
    "winnerPrimerSaqueDentro" : 38,
    "winnerPrimerSaqueGanado" : 25,
    "winnerSegundoSaqueGanado" : 13,
    "winnerDobleFalta" : 1,
    "winnerServingPoints" : 57,
    "winnerServingGames" : 7,
    "loserAces" : 8,
    "loserPrimerSaqueDentro" : 29,
    "loserPrimerSaqueGanado" : 23,
    "loserSegundoSaqueGanado" : 8,
    "loserDobleFalta" : 1,
    "loserServingPoints" : 41,
    "loserServingGames" : 7
  }, {
    "torneo" : "St Brieuc CH",
    "fecha" : "20150406",
    "superficie" : "Hard",
    "resultado" : "7-5 6-7(2) 6-3",
    "contrincante" : "Jan Mertl",
    "ganador" : false,
    "winnerAces" : 14,
    "winnerPrimerSaqueDentro" : 71,
    "winnerPrimerSaqueGanado" : 58,
    "winnerSegundoSaqueGanado" : 21,
    "winnerDobleFalta" : 8,
    "winnerServingPoints" : 125,
    "winnerServingGames" : 17,
    "loserAces" : 4,
    "loserPrimerSaqueDentro" : 54,
    "loserPrimerSaqueGanado" : 41,
    "loserSegundoSaqueGanado" : 18,
    "loserDobleFalta" : 3,
    "loserServingPoints" : 96,
    "loserServingGames" : 16
  }, {
    "torneo" : "Taipei CH",
    "fecha" : "20150427",
    "superficie" : "Carpet",
    "resultado" : "6-4 6-2",
    "contrincante" : "Matthew Ebden",
    "ganador" : false,
    "winnerAces" : 4,
    "winnerPrimerSaqueDentro" : 25,
    "winnerPrimerSaqueGanado" : 19,
    "winnerSegundoSaqueGanado" : 14,
    "winnerDobleFalta" : 4,
    "winnerServingPoints" : 47,
    "winnerServingGames" : 9,
    "loserAces" : 3,
    "loserPrimerSaqueDentro" : 31,
    "loserPrimerSaqueGanado" : 20,
    "loserSegundoSaqueGanado" : 9,
    "loserDobleFalta" : 3,
    "loserServingPoints" : 57,
    "loserServingGames" : 9
  }, {
    "torneo" : "Glasgow CH",
    "fecha" : "20150202",
    "superficie" : "Hard",
    "resultado" : "6-3 6-3",
    "contrincante" : "Alexander Ward",
    "ganador" : true,
    "winnerAces" : 7,
    "winnerPrimerSaqueDentro" : 35,
    "winnerPrimerSaqueGanado" : 25,
    "winnerSegundoSaqueGanado" : 15,
    "winnerDobleFalta" : 0,
    "winnerServingPoints" : 58,
    "winnerServingGames" : 9,
    "loserAces" : 10,
    "loserPrimerSaqueDentro" : 33,
    "loserPrimerSaqueGanado" : 22,
    "loserSegundoSaqueGanado" : 11,
    "loserDobleFalta" : 4,
    "loserServingPoints" : 54,