{
  "nombre" : "Fabrice Martin",
  "mano" : "R",
  "nacionalidad" : "FRA",
  "edad" : 28.4517453799,
  "ganar1Saque" : 0.7252379126018949,
  "ganar2Saque" : 0.5010143452220492,
  "primerSaque" : 0.5982025729285346,
  "segundoSaque" : 0.3756081793043349,
  "ganarPuntoSacando" : 0.6220242713179807,
  "ganarPuntoRestando" : 0.2896235200349616,
  "probAce" : 0.0962962955236435,
  "clay" : {
    "nombre" : "Clay",
    "probVictoria" : 0.0,
    "probGanarPrimerSaque" : 0.6742618680000305,
    "probGanarSegundoSaque" : 0.5086021572351456,
    "probPrimerSaque" : 0.5522505044937134,
    "probSegundoSaque" : 0.4269080311059952,
    "probGanarPuntoSacando" : 0.5894878023254082,
    "probGanarPuntoRestando" : 0.199999966362008,
    "probAce" : 0.0
  },
  "grass" : {
    "nombre" : "Grass",
    "probVictoria" : 0.0,
    "probGanarPrimerSaque" : 0.6842105388641357,
    "probGanarSegundoSaque" : 0.5,
    "probPrimerSaque" : 0.6333333253860474,
    "probSegundoSaque" : 0.3333333432674408,
    "probGanarPuntoSacando" : 0.6000000074767229,
    "probGanarPuntoRestando" : 0.217391278959424,
    "probAce" : 0.0
  },
  "hard" : {
    "nombre" : "Hard",
    "probVictoria" : 0.3333333432674408,
    "probGanarPrimerSaque" : 0.7490678230921427,
    "probGanarSegundoSaque" : 0.4986541320880254,
    "probPrimerSaque" : 0.6076648036638895,
    "probSegundoSaque" : 0.3655540347099304,
    "probGanarPuntoSacando" : 0.6374671815597803,
    "probGanarPuntoRestando" : 0.33153674477186906,
    "probAce" : 0.0
  },
  "other" : {
    "nombre" : "Other",
    "probVictoria" : 0.0,
    "probGanarPrimerSaque" : 0.0,
    "probGanarSegundoSaque" : 0.0,
    "probPrimerSaque" : 0.0,
    "probSegundoSaque" : 0.0,
    "probGanarPuntoSacando" : 0.0,
    "probGanarPuntoRestando" : 0.0,
    "probAce" : 0.0
  },
  "partidos" : [ {
    "torneo" : "Dubai",
    "fecha" : "20150223",
    "superficie" : "Hard",
    "resultado" : "7-5 6-4",
    "contrincante" : "Andrey Golubev",
    "ganador" : false,
    "winnerAces" : 2,
    "winnerPrimerSaqueDentro" : 48,
    "winnerPrimerSaqueGanado" : 32,
    "winnerSegundoSaqueGanado" : 16,
    "winnerDobleFalta" : 6,
    "winnerServingPoints" : 78,
    "winnerServingGames" : 11,
    "loserAces" : 0,
    "loserPrimerSaqueDentro" : 32,
    "loserPrimerSaqueGanado" : 22,
    "loserSegundoSaqueGanado" : 12,
    "loserDobleFalta" : 1,
    "loserServingPoints" : 59,
    "loserServingGames" : 11
  }, {
    "torneo" : "Manchester CH",
    "fecha" : "20150602",
    "superficie" : "Grass",
    "resultado" : "6-4 6-3",
    "contrincante" : "Luke Saville",
    "ganador" : false,
    "winnerAces" : 7,
    "winnerPrimerSaqueDentro" : 31,
    "winnerPrimerSaqueGanado" : 27,
    "winnerSegundoSaqueGanado" : 9,
    "winnerDobleFalta" : 0,
    "winnerServingPoints" : 46,
    "winnerServingGames" : 9,
    "loserAces" : 8,
    "loserPrimerSaqueDentro" : 38,
    "loserPrimerSaqueGanado" : 26,
    "loserSegundoSaqueGanado" : 10,
    "loserDobleFalta" : 2,
    "loserServingPoints" : 60,
    "loserServingGames" : 10
  }, {
    "torneo" : "Casablanca CH",
    "fecha" : "20150112",
    "superficie" : "Clay",
    "resultado" : "6-4 6-2",
    "contrincante" : "Ivo Klec",
    "ganador" : false,
    "winnerAces" : 5,
    "winnerPrimerSaqueDentro" : 25,
    "winnerPrimerSaqueGanado" : 20,
    "winnerSegundoSaqueGanado" : 17,
    "winnerDobleFalta" : 0,
    "winnerServingPoints" : 45,
    "winnerServingGames" : 9,
    "loserAces" : 5,
    "loserPrimerSaqueDentro" : 41,
    "loserPrimerSaqueGanado" : 24,
    "loserSegundoSaqueGanado" : 16,
    "loserDobleFalta" : 2,
    "loserServingPoints" : 73,
    "loserServingGames" : 9
  }, {
    "torneo" : "Hong Kong CH",
    "fecha" : "20150127",
    "superficie" : "Hard",
    "resultado" : "6-4 6-4",
    "contrincante" : "Hyeon Chung",
    "ganador" : false,
    "winnerAces" : 3,
    "winnerPrimerSaqueDentro" : 44,
    "winnerPrimerSaqueGanado" : 34,
    "winnerSegundoSaqueGanado" : 9,
    "winnerDobleFalta" : 0,
    "winnerServingPoints" : 59,
    "winnerServingGames" : 10,
    "loserAces" : 9,
    "loserPrimerSaqueDentro" : 49,
    "loserPrimerSaqueGanado" : 35,
    "loserSegundoSaqueGanado" : 9,
    "loserDobleFalta" : 4,
    "loserServingPoints" : 72,
    "loserServingGames" : 10
  }, {
    "torneo" : "New Delhi CH",
    "fecha" : "20150216",
    "superficie" : "Hard",
    "resultado" : "6-1 4-6 6-2",
    "contrincante" : "Sanam Singh",
    "ganador" : false,
    "winnerAces" : 10,
    "winnerPrimerSaqueDentro" : 42,
    "winnerPrimerSaqueGanado" : 29,
    "winnerSegundoSaqueGanado" : 21,
    "winnerDobleFalta" : 1,
    "winnerServingPoints" : 72,
    "winnerServingGames" : 13,
    "loserAces" : 6,
    "loserPrimerSaqueDentro" : 52,
    "loserPrimerSaqueGanado" : 36,
    "loserSegundoSaqueGanado" : 11,
    "loserDobleFalta" : 2,
    "loserServingPoints" : 85,
    "loserServingGames" : 12
  }, {
    "torneo" : "Le Gosier CH",
    "fecha" : "20150331",
    "superficie" : "Hard",
    "resultado" : "6-4 6-7(3) 6-4",
    "contrincante" : "Kyle Edmund",
    "ganador" : false,
    "winnerAces" : 10,
    "winnerPrimerSaqueDentro" : 55,
    "winnerPrimerSaqueGanado" : 47,
    "winnerSegundoSaqueGanado" : 22,
    "winnerDobleFalta" : 0,
    "winnerServingPoints" : 86,
    "winnerServingGames" : 16,
    "loserAces" : 16,
    "loserPrimerSaqueDentro" : 66,
    "loserPrimerSaqueGanado" : 51,
    "loserSegundoSaqueGanado" : 14,
    "loserDobleFalta" : 0,
    "loserServingPoints" : 94,
    "loserServingGames" : 16
  }, {
    "torneo" : "Nice Q",
    "fecha" : "20150517",
    "superficie" : "Clay",
    "resultado" : "6-3 7-5",
    "contrincante" : "Michael Venus",
    "ganador" : false,
    "winnerAces" : 4,
    "winnerPrimerSaqueDentro" : 36,
    "winnerPrimerSaqueGanado" : 28,
    "winnerSegundoSaqueGanado" : 14,
    "winnerDobleFalta" : 3,
    "winnerServingPoints" : 54,
    "winnerServingGames" : 10,
    "loserAces" : 3,
    "loserPrimerSaqueDentro" : 38,
    "loserPrimerSaqueGanado" : 29,
    "loserSegundoSaqueGanado" : 15,
    "loserDobleFalta" : 1,
    "loserServingPoints" : 70,
    "loserServingGames" : 11
  }, {
    "torneo" : "Dubai Q",
    "fecha" : "20150223",
    "superficie" : "Hard",
    "resultado" : "6-3 6-2",
    "contrincante" : "Evgeny Donskoy",
    "ganador" : true,
    "winnerAces" : 9,
    "winnerPrimerSaqueDentro" : 29,
    "winnerPrimerSaqueGanado" : 24,
    "winnerSegundoSaqueGanado" : 12,
    "winnerDobleFalta" : 1,
    "winnerServingPoints" : 51,
    "winnerServingGames" : 9,
    "loserAces" : 1,
    "loserPrimerSaqueDentro" : 29,
    "loserPrimerSaqueGanado" : 13,
    "loserSegundoSaqueGanado" : 12,
    "loserDobleFalta" : 3,
    "loserServingPoints" : 53,
    "loserServingGames" : 8
  }, {
    "torneo" : "Dubai Q",
    "fecha" : "20150223",
    "superficie" : "Hard",
    "resultado" : "6-3 6-7(5) 7-6(5)",
    "contrincante" : "Borna Coric",
    "ganador" : true,
    "winnerAces" : 9,
    "winnerPrimerSaqueDentro" : 60,
    "winnerPrimerSaqueGanado" : 48,
    "winnerSegundoSaqueGanado" : 29,
    "winnerDobleFalta" : 5,
    "winnerServingPoints" : 111,
    "winnerServingGames" : 17,
    "loserAces" : 9,
    "loserPrimerSaqueDentro" : 56,
    "loserPrimerSaqueGanado" : 44,
    "loserSegundoSaqueGanado" : 30,
    "loserDobleFalta" : 5,
    "loserServingPoints" : 106,
    "loserServingGames" : 16
  } ]
}