{
  "nombre" : "Florian Mayer",
  "mano" : "R",
  "nacionalidad" : "GER",
  "edad" : 31.7316906229,
  "ganar1Saque" : 0.6478767865582516,
  "ganar2Saque" : 0.4894663479767348,
  "primerSaque" : 0.6242549670370001,
  "segundoSaque" : 0.3501944165480764,
  "ganarPuntoSacando" : 0.5758486841865893,
  "ganarPuntoRestando" : 0.3600497506526756,
  "probAce" : 0.05431310087442398,
  "clay" : {
    "nombre" : "Clay",
    "probVictoria" : 0.2857142984867096,
    "probGanarPrimerSaque" : 0.645990401506424,
    "probGanarSegundoSaque" : 0.5011080939854894,
    "probPrimerSaque" : 0.6183118096419743,
    "probSegundoSaque" : 0.35145137352602823,
    "probGanarPuntoSacando" : 0.5755386220829929,
    "probGanarPuntoRestando" : 0.3720549088471451,
    "probAce" : 0.0
  },
  "grass" : {
    "nombre" : "Grass",
    "probVictoria" : 0.5,
    "probGanarPrimerSaque" : 1.3153291046619415,
    "probGanarSegundoSaque" : 0.4526657685637474,
    "probPrimerSaque" : 0.6650903522968292,
    "probSegundoSaque" : 0.32856425642967224,
    "probGanarPuntoSacando" : 1.0235424892651974,
    "probGanarPuntoRestando" : 0.3272360517837963,
    "probAce" : 0.0
  },
  "hard" : {
    "nombre" : "Hard",
    "probVictoria" : 0.0,
    "probGanarPrimerSaque" : 0.6351351141929626,
    "probGanarSegundoSaque" : 0.4736842215061188,
    "probPrimerSaque" : 0.5441176295280457,
    "probSegundoSaque" : 0.41911765933036804,
    "probGanarPuntoSacando" : 0.5441176349440715,
    "probGanarPuntoRestando" : 0.3232323314056209,
    "probAce" : 0.0
  },
  "other" : {
    "nombre" : "Other",
    "probVictoria" : 0.0,
    "probGanarPrimerSaque" : 0.0,
    "probGanarSegundoSaque" : 0.0,
    "probPrimerSaque" : 0.0,
    "probSegundoSaque" : 0.0,
    "probGanarPuntoSacando" : 0.0,
    "probGanarPuntoRestando" : 0.0,
    "probAce" : 0.0
  },
  "partidos" : [ {
    "torneo" : "Wimbledon",
    "fecha" : "20150629",
    "superficie" : "Grass",
    "resultado" : "6-1 6-2 6-4",
    "contrincante" : "Juan Monaco",
    "ganador" : false,
    "winnerAces" : 5,
    "winnerPrimerSaqueDentro" : 65,
    "winnerPrimerSaqueGanado" : 51,
    "winnerSegundoSaqueGanado" : 11,
    "winnerDobleFalta" : 5,
    "winnerServingPoints" : 87,
    "winnerServingGames" : 13,
    "loserAces" : 4,
    "loserPrimerSaqueDentro" : 49,
    "loserPrimerSaqueGanado" : 28,
    "loserSegundoSaqueGanado" : 16,
    "loserDobleFalta" : 1,
    "loserServingPoints" : 83,
    "loserServingGames" : 12
  }, {
    "torneo" : "Halle",
    "fecha" : "20150615",
    "superficie" : "Grass",
    "resultado" : "6-2 0-6 7-6(4)",
    "contrincante" : "Jan Lennard Struff",
    "ganador" : true,
    "winnerAces" : 3,
    "winnerPrimerSaqueDentro" : 53,
    "winnerPrimerSaqueGanado" : 35,
    "winnerSegundoSaqueGanado" : 12,
    "winnerDobleFalta" : 1,
    "winnerServingPoints" : 75,
    "winnerServingGames" : 13,
    "loserAces" : 7,
    "loserPrimerSaqueDentro" : 48,
    "loserPrimerSaqueGanado" : 36,
    "loserSegundoSaqueGanado" : 15,
    "loserDobleFalta" : 5,
    "loserServingPoints" : 81,
    "loserServingGames" : 13
  }, {
    "torneo" : "Halle",
    "fecha" : "20150615",
    "superficie" : "Grass",
    "resultado" : "6-3 7-6(4)",
    "contrincante" : "Steve Johnson",
    "ganador" : true,
    "winnerAces" : 7,
    "winnerPrimerSaqueDentro" : 51,
    "winnerPrimerSaqueGanado" : 39,
    "winnerSegundoSaqueGanado" : 8,
    "winnerDobleFalta" : 0,
    "winnerServingPoints" : 75,
    "winnerServingGames" : 10,
    "loserAces" : 6,
    "loserPrimerSaqueDentro" : 46,
    "loserPrimerSaqueGanado" : 34,
    "loserSegundoSaqueGanado" : 7,
    "loserDobleFalta" : 4,
    "loserServingPoints" : 67,
    "loserServingGames" : 11
  }, {
    "torneo" : "Halle",
    "fecha" : "20150615",
    "superficie" : "Grass",
    "resultado" : "6-0 7-6(1)",
    "contrincante" : "Roger Federer",
    "ganador" : false,
    "winnerAces" : 9,
    "winnerPrimerSaqueDentro" : 37,
    "winnerPrimerSaqueGanado" : 32,
    "winnerSegundoSaqueGanado" : 10,
    "winnerDobleFalta" : 3,
    "winnerServingPoints" : 57,
    "winnerServingGames" : 9,
    "loserAces" : 3,
    "loserPrimerSaqueDentro" : 41,
    "loserPrimerSaqueGanado" : 26,
    "loserSegundoSaqueGanado" : 8,
    "loserDobleFalta" : 0,
    "loserServingPoints" : 60,
    "loserServingGames" : 9
  }, {
    "torneo" : "US Open",
    "fecha" : "20150831",
    "superficie" : "Hard",
    "resultado" : "6-7(5) 6-3 6-3 3-0 RET",
    "contrincante" : "Martin Klizan",
    "ganador" : false,
    "winnerAces" : 5,
    "winnerPrimerSaqueDentro" : 46,
    "winnerPrimerSaqueGanado" : 37,
    "winnerSegundoSaqueGanado" : 30,
    "winnerDobleFalta" : 6,
    "winnerServingPoints" : 99,
    "winnerServingGames" : 17,
    "loserAces" : 7,
    "loserPrimerSaqueDentro" : 74,
    "loserPrimerSaqueGanado" : 47,
    "loserSegundoSaqueGanado" : 27,
    "loserDobleFalta" : 5,
    "loserServingPoints" : 136,
    "loserServingGames" : 17
  }, {
    "torneo" : "Bucharest",
    "fecha" : "20150420",
    "superficie" : "Clay",
    "resultado" : "4-6 6-4 7-5",
    "contrincante" : "Malek Jaziri",
    "ganador" : false,
    "winnerAces" : 4,
    "winnerPrimerSaqueDentro" : 54,
    "winnerPrimerSaqueGanado" : 41,
    "winnerSegundoSaqueGanado" : 25,
    "winnerDobleFalta" : 2,
    "winnerServingPoints" : 95,
    "winnerServingGames" : 16,
    "loserAces" : 3,
    "loserPrimerSaqueDentro" : 79,
    "loserPrimerSaqueGanado" : 52,
    "loserSegundoSaqueGanado" : 18,
    "loserDobleFalta" : 0,
    "loserServingPoints" : 117,
    "loserServingGames" : 16
  }, {
    "torneo" : "Munich",
    "fecha" : "20150427",
    "superficie" : "Clay",
    "resultado" : "6-2 6-2",
    "contrincante" : "Lukas Rosol",
    "ganador" : false,
    "winnerAces" : 5,
    "winnerPrimerSaqueDentro" : 25,
    "winnerPrimerSaqueGanado" : 19,
    "winnerSegundoSaqueGanado" : 12,
    "winnerDobleFalta" : 2,
    "winnerServingPoints" : 46,
    "winnerServingGames" : 8,
    "loserAces" : 1,
    "loserPrimerSaqueDentro" : 33,
    "loserPrimerSaqueGanado" : 17,
    "loserSegundoSaqueGanado" : 7,
    "loserDobleFalta" : 2,
    "loserServingPoints" : 54,
    "loserServingGames" : 8
  }, {
    "torneo" : "Hamburg",
    "fecha" : "20150727",
    "superficie" : "Clay",
    "resultado" : "4-6 6-2 6-2",
    "contrincante" : "Albert Montanes",
    "ganador" : true,
    "winnerAces" : 7,
    "winnerPrimerSaqueDentro" : 59,
    "winnerPrimerSaqueGanado" : 38,
    "winnerSegundoSaqueGanado" : 19,
    "winnerDobleFalta" : 1,
    "winnerServingPoints" : 97,
    "winnerServingGames" : 13,
    "loserAces" : 0,
    "loserPrimerSaqueDentro" : 44,
    "loserPrimerSaqueGanado" : 27,
    "loserSegundoSaqueGanado" : 14,
    "loserDobleFalta" : 6,
    "loserServingPoints" : 84,
    "loserServingGames" : 13
  }, {
    "torneo" : "Hamburg",
    "fecha" : "20150727",
    "superficie" : "Clay",
    "resultado" : "4-6 6-2 6-3",
    "contrincante" : "Andreas Seppi",
    "ganador" : false,
    "winnerAces" : 5,
    "winnerPrimerSaqueDentro" : 48,
    "winnerPrimerSaqueGanado" : 36,
    "winnerSegundoSaqueGanado" : 16,
    "winnerDobleFalta" : 3,
    "winnerServingPoints" : 76,
    "winnerServingGames" : 14,
    "loserAces" : 11,
    "loserPrimerSaqueDentro" : 43,
    "loserPrimerSaqueGanado" : 29,
    "loserSegundoSaqueGanado" : 13,
    "loserDobleFalta" : 3,
    "loserServingPoints" : 74,
    "loserServingGames" : 13
  }, {
    "torneo" : "Rome Masters",
    "fecha" : "20150510",
    "superficie" : "Clay",
    "resultado" : "7-6(3) 4-6 7-6(4)",
    "contrincante" : "Kevin Anderson",
    "ganador" : false,
    "winnerAces" : 18,
    "winnerPrimerSaqueDentro" : 74,
    "winnerPrimerSaqueGanado" : 53,
    "winnerSegundoSaqueGanado" : 25,
    "winnerDobleFalta" : 4,
    "winnerServingPoints" : 119,
    "winnerServingGames" : 17,
    "loserAces" : 6,
    "loserPrimerSaqueDentro" : 87,
    "loserPrimerSaqueGanado" : 58,
    "loserSegundoSaqueGanado" : 20,
    "loserDobleFalta" : 1,
    "loserServingPoints" : 123,