{
  "nombre" : "Frederik Nielsen",
  "mano" : "R",
  "nacionalidad" : "DEN",
  "edad" : 32.1834360027,
  "ganar1Saque" : 0.6854078030586243,
  "ganar2Saque" : 0.5335392111539841,
  "primerSaque" : 0.5788760256767272,
  "segundoSaque" : 0.37490023255348204,
  "ganarPuntoSacando" : 0.5967901193404234,
  "ganarPuntoRestando" : 0.3560501572684073,
  "probAce" : 0.05478723347187042,
  "clay" : {
    "nombre" : "Clay",
    "probVictoria" : 0.0,
    "probGanarPrimerSaque" : 0.0,
    "probGanarSegundoSaque" : 0.0,
    "probPrimerSaque" : 0.0,
    "probSegundoSaque" : 0.0,
    "probGanarPuntoSacando" : 0.0,
    "probGanarPuntoRestando" : 0.0,
    "probAce" : 0.0
  },
  "grass" : {
    "nombre" : "Grass",
    "probVictoria" : 0.3333333432674408,
    "probGanarPrimerSaque" : 1.463388204574585,
    "probGanarSegundoSaque" : 0.5653571486473083,
    "probPrimerSaque" : 0.6234996318817139,
    "probSegundoSaque" : 0.32838308811187744,
    "probGanarPuntoSacando" : 1.0980757332112248,
    "probGanarPuntoRestando" : 0.4292666871440865,
    "probAce" : 0.0
  },
  "hard" : {
    "nombre" : "Hard",
    "probVictoria" : 0.4000000059604645,
    "probGanarPrimerSaque" : 0.6780679911375046,
    "probGanarSegundoSaque" : 0.5313525848090649,
    "probPrimerSaque" : 0.5700815469026566,
    "probSegundoSaque" : 0.3859995201230049,
    "probGanarPuntoSacando" : 0.5916558920452628,
    "probGanarPuntoRestando" : 0.3526304122089254,
    "probAce" : 0.0
  },
  "other" : {
    "nombre" : "Other",
    "probVictoria" : 0.0,
    "probGanarPrimerSaque" : 0.6470588445663452,
    "probGanarSegundoSaque" : 0.44999998807907104,
    "probPrimerSaque" : 0.5762711763381958,
    "probSegundoSaque" : 0.33898305892944336,
    "probGanarPuntoSacando" : 0.5254237339955381,
    "probGanarPuntoRestando" : 0.13157893895532524,
    "probAce" : 0.0
  },
  "partidos" : [ {
    "torneo" : "Charlottesville CH",
    "fecha" : "20151102",
    "superficie" : "Hard",
    "resultado" : "6-3 5-7 6-4",
    "contrincante" : "Blaz Kavcic",
    "ganador" : true,
    "winnerAces" : 7,
    "winnerPrimerSaqueDentro" : 71,
    "winnerPrimerSaqueGanado" : 49,
    "winnerSegundoSaqueGanado" : 25,
    "winnerDobleFalta" : 3,
    "winnerServingPoints" : 116,
    "winnerServingGames" : 16,
    "loserAces" : 3,
    "loserPrimerSaqueDentro" : 67,
    "loserPrimerSaqueGanado" : 46,
    "loserSegundoSaqueGanado" : 16,
    "loserDobleFalta" : 3,
    "loserServingPoints" : 104,
    "loserServingGames" : 15
  }, {
    "torneo" : "Charlottesville CH",
    "fecha" : "20151102",
    "superficie" : "Hard",
    "resultado" : "6-3 6-3",
    "contrincante" : "Tommy Paul",
    "ganador" : false,
    "winnerAces" : 2,
    "winnerPrimerSaqueDentro" : 33,
    "winnerPrimerSaqueGanado" : 23,
    "winnerSegundoSaqueGanado" : 12,
    "winnerDobleFalta" : 3,
    "winnerServingPoints" : 55,
    "winnerServingGames" : 9,
    "loserAces" : 4,
    "loserPrimerSaqueDentro" : 42,
    "loserPrimerSaqueGanado" : 24,
    "loserSegundoSaqueGanado" : 10,
    "loserDobleFalta" : 3,
    "loserServingPoints" : 70,
    "loserServingGames" : 9
  }, {
    "torneo" : "Knoxville CH",
    "fecha" : "20151110",
    "superficie" : "Hard",
    "resultado" : "7-6(2) 6-4",
    "contrincante" : "James Duckworth",
    "ganador" : false,
    "winnerAces" : 3,
    "winnerPrimerSaqueDentro" : 35,
    "winnerPrimerSaqueGanado" : 33,
    "winnerSegundoSaqueGanado" : 16,
    "winnerDobleFalta" : 2,
    "winnerServingPoints" : 58,
    "winnerServingGames" : 11,
    "loserAces" : 5,
    "loserPrimerSaqueDentro" : 39,
    "loserPrimerSaqueGanado" : 30,
    "loserSegundoSaqueGanado" : 17,
    "loserDobleFalta" : 3,
    "loserServingPoints" : 67,
    "loserServingGames" : 11
  }, {
    "torneo" : "Binghamton CH",
    "fecha" : "20150720",
    "superficie" : "Hard",
    "resultado" : "6-1 4-6 6-2",
    "contrincante" : "Liam Broady",
    "ganador" : true,
    "winnerAces" : 8,
    "winnerPrimerSaqueDentro" : 34,
    "winnerPrimerSaqueGanado" : 25,
    "winnerSegundoSaqueGanado" : 21,
    "winnerDobleFalta" : 6,
    "winnerServingPoints" : 71,
    "winnerServingGames" : 12,
    "loserAces" : 5,
    "loserPrimerSaqueDentro" : 41,
    "loserPrimerSaqueGanado" : 28,
    "loserSegundoSaqueGanado" : 12,
    "loserDobleFalta" : 7,
    "loserServingPoints" : 77,
    "loserServingGames" : 13
  }, {
    "torneo" : "Binghamton CH",
    "fecha" : "20150720",
    "superficie" : "Hard",
    "resultado" : "7-5 6-4",
    "contrincante" : "Matija Pecotic",
    "ganador" : true,
    "winnerAces" : 4,
    "winnerPrimerSaqueDentro" : 47,
    "winnerPrimerSaqueGanado" : 35,
    "winnerSegundoSaqueGanado" : 12,
    "winnerDobleFalta" : 3,
    "winnerServingPoints" : 70,
    "winnerServingGames" : 11,
    "loserAces" : 2,
    "loserPrimerSaqueDentro" : 33,
    "loserPrimerSaqueGanado" : 18,
    "loserSegundoSaqueGanado" : 24,
    "loserDobleFalta" : 5,
    "loserServingPoints" : 71,
    "loserServingGames" : 11
  }, {
    "torneo" : "Binghamton CH",
    "fecha" : "20150720",
    "superficie" : "Hard",
    "resultado" : "2-6 6-3 6-4",
    "contrincante" : "Brydan Klein",
    "ganador" : false,
    "winnerAces" : 5,
    "winnerPrimerSaqueDentro" : 49,
    "winnerPrimerSaqueGanado" : 34,
    "winnerSegundoSaqueGanado" : 24,
    "winnerDobleFalta" : 10,
    "winnerServingPoints" : 95,
    "winnerServingGames" : 14,
    "loserAces" : 4,
    "loserPrimerSaqueDentro" : 40,
    "loserPrimerSaqueGanado" : 27,
    "loserSegundoSaqueGanado" : 22,
    "loserDobleFalta" : 3,
    "loserServingPoints" : 79,
    "loserServingGames" : 13
  }, {
    "torneo" : "Manchester CH",
    "fecha" : "20150602",
    "superficie" : "Grass",
    "resultado" : "6-1 5-7 6-2",
    "contrincante" : "Ryan Harrison",
    "ganador" : true,
    "winnerAces" : 3,
    "winnerPrimerSaqueDentro" : 55,
    "winnerPrimerSaqueGanado" : 42,
    "winnerSegundoSaqueGanado" : 12,
    "winnerDobleFalta" : 2,
    "winnerServingPoints" : 81,
    "winnerServingGames" : 13,
    "loserAces" : 3,
    "loserPrimerSaqueDentro" : 63,
    "loserPrimerSaqueGanado" : 35,
    "loserSegundoSaqueGanado" : 16,
    "loserDobleFalta" : 3,
    "loserServingPoints" : 100,
    "loserServingGames" : 14
  }, {
    "torneo" : "Manchester CH",
    "fecha" : "20150602",
    "superficie" : "Grass",
    "resultado" : "6-2 7-6(6)",
    "contrincante" : "Rajeev Ram",
    "ganador" : false,
    "winnerAces" : 7,
    "winnerPrimerSaqueDentro" : 43,
    "winnerPrimerSaqueGanado" : 37,
    "winnerSegundoSaqueGanado" : 10,
    "winnerDobleFalta" : 0,
    "winnerServingPoints" : 68,
    "winnerServingGames" : 10,
    "loserAces" : 1,
    "loserPrimerSaqueDentro" : 44,
    "loserPrimerSaqueGanado" : 30,
    "loserSegundoSaqueGanado" : 12,
    "loserDobleFalta" : 4,
    "loserServingPoints" : 69,
    "loserServingGames" : 10
  }, {
    "torneo" : "Surbiton CH",
    "fecha" : "20150608",
    "superficie" : "Grass",
    "resultado" : "6-2 6-1",
    "contrincante" : "Jarmere Jenkins",
    "ganador" : true,
    "winnerAces" : 6,
    "winnerPrimerSaqueDentro" : 24,
    "winnerPrimerSaqueGanado" : 19,
    "winnerSegundoSaqueGanado" : 11,
    "winnerDobleFalta" : 3,
    "winnerServingPoints" : 47,
    "winnerServingGames" : 8,
    "loserAces" : 1,
    "loserPrimerSaqueDentro" : 24,
    "loserPrimerSaqueGanado" : 9,
    "loserSegundoSaqueGanado" : 4,
    "loserDobleFalta" : 3,
    "loserServingPoints" : 40,
    "loserServingGames" : 7
  }, {
    "torneo" : "Surbiton CH",
    "fecha" : "20150608",
    "superficie" : "Grass",
    "resultado" : "7-6(5) 7-6(3)",
    "contrincante" : "Brydan Klein",
    "ganador" : false,
    "winnerAces" : 10,
    "winnerPrimerSaqueDentro" : 44,
    "winnerPrimerSaqueGanado" : 39,
    "winnerSegundoSaqueGanado" : 17,
    "winnerDobleFalta" : 2,
    "winnerServingPoints" : 74,
    "winnerServingGames" : 12,
    "loserAces" : 5,
    "loserPrimerSaqueDentro" : 58,
    "loserPrimerSaqueGanado" : 40,
    "loserSegundoSaqueGanado" : 16,
    "loserDobleFalta" : 4,