{
  "nombre" : "Gavin Van Peperzeel",
  "mano" : "R",
  "nacionalidad" : "AUS",
  "edad" : 23.6331279945,
  "ganar1Saque" : 0.7205915703223302,
  "ganar2Saque" : 0.5538559429920636,
  "primerSaque" : 0.6084512151204623,
  "segundoSaque" : 0.3465570371884566,
  "ganarPuntoSacando" : 0.6303874912007322,
  "ganarPuntoRestando" : 0.308118278898613,
  "probAce" : 0.09829620271921158,
  "clay" : {
    "nombre" : "Clay",
    "probVictoria" : 0.800000011920929,
    "probGanarPrimerSaque" : 0.84415123462677,
    "probGanarSegundoSaque" : 0.6600724577903747,
    "probPrimerSaque" : 0.5878512501716614,
    "probSegundoSaque" : 0.366480278968811,
    "probGanarPuntoSacando" : 0.7381388970799434,
    "probGanarPuntoRestando" : 0.3699459752522262,
    "probAce" : 0.0
  },
  "grass" : {
    "nombre" : "Grass",
    "probVictoria" : 0.0,
    "probGanarPrimerSaque" : 0.0,
    "probGanarSegundoSaque" : 0.0,
    "probPrimerSaque" : 0.0,
    "probSegundoSaque" : 0.0,
    "probGanarPuntoSacando" : 0.0,
    "probGanarPuntoRestando" : 0.0,
    "probAce" : 0.0
  },
  "hard" : {
    "nombre" : "Hard",
    "probVictoria" : 0.20000000298023224,
    "probGanarPrimerSaque" : 0.6459906058652061,
    "probGanarSegundoSaque" : 0.47774419827120645,
    "probPrimerSaque" : 0.6238337074007306,
    "probSegundoSaque" : 0.3333167774336679,
    "probGanarPuntoSacando" : 0.5622308712083255,
    "probGanarPuntoRestando" : 0.2775773978560219,
    "probAce" : 0.0
  },
  "other" : {
    "nombre" : "Other",
    "probVictoria" : 0.0,
    "probGanarPrimerSaque" : 0.625,
    "probGanarSegundoSaque" : 0.5555555820465088,
    "probPrimerSaque" : 0.6037735939025879,
    "probSegundoSaque" : 0.3396226465702057,
    "probGanarPuntoSacando" : 0.5660377532806038,
    "probGanarPuntoRestando" : 0.21276596442868323,
    "probAce" : 0.0
  },
  "partidos" : [ {
    "torneo" : "Yokohama CH",
    "fecha" : "20151116",
    "superficie" : "Hard",
    "resultado" : "6-2 7-5",
    "contrincante" : "Go Soeda",
    "ganador" : false,
    "winnerAces" : 1,
    "winnerPrimerSaqueDentro" : 38,
    "winnerPrimerSaqueGanado" : 28,
    "winnerSegundoSaqueGanado" : 15,
    "winnerDobleFalta" : 4,
    "winnerServingPoints" : 67,
    "winnerServingGames" : 10,
    "loserAces" : 4,
    "loserPrimerSaqueDentro" : 33,
    "loserPrimerSaqueGanado" : 22,
    "loserSegundoSaqueGanado" : 9,
    "loserDobleFalta" : 2,
    "loserServingPoints" : 58,
    "loserServingGames" : 10
  }, {
    "torneo" : "An-Ning CH",
    "fecha" : "20150427",
    "superficie" : "Clay",
    "resultado" : "6-3 6-1",
    "contrincante" : "Takashi Saito",
    "ganador" : true,
    "winnerAces" : 2,
    "winnerPrimerSaqueDentro" : 23,
    "winnerPrimerSaqueGanado" : 22,
    "winnerSegundoSaqueGanado" : 11,
    "winnerDobleFalta" : 1,
    "winnerServingPoints" : 40,
    "winnerServingGames" : 8,
    "loserAces" : 1,
    "loserPrimerSaqueDentro" : 33,
    "loserPrimerSaqueGanado" : 19,
    "loserSegundoSaqueGanado" : 8,
    "loserDobleFalta" : 0,
    "loserServingPoints" : 52,
    "loserServingGames" : 8
  }, {
    "torneo" : "An-Ning CH",
    "fecha" : "20150427",
    "superficie" : "Clay",
    "resultado" : "6-3 6-4",
    "contrincante" : "Toni Androic",
    "ganador" : true,
    "winnerAces" : 13,
    "winnerPrimerSaqueDentro" : 40,
    "winnerPrimerSaqueGanado" : 33,
    "winnerSegundoSaqueGanado" : 14,
    "winnerDobleFalta" : 4,
    "winnerServingPoints" : 67,
    "winnerServingGames" : 10,
    "loserAces" : 2,
    "loserPrimerSaqueDentro" : 44,
    "loserPrimerSaqueGanado" : 28,
    "loserSegundoSaqueGanado" : 13,
    "loserDobleFalta" : 5,
    "loserServingPoints" : 71,
    "loserServingGames" : 9
  }, {
    "torneo" : "An-Ning CH",
    "fecha" : "20150427",
    "superficie" : "Clay",
    "resultado" : "7-6(4) 6-3",
    "contrincante" : "Di Wu",
    "ganador" : true,
    "winnerAces" : 15,
    "winnerPrimerSaqueDentro" : 38,
    "winnerPrimerSaqueGanado" : 35,
    "winnerSegundoSaqueGanado" : 11,
    "winnerDobleFalta" : 2,
    "winnerServingPoints" : 56,
    "winnerServingGames" : 11,
    "loserAces" : 1,
    "loserPrimerSaqueDentro" : 46,
    "loserPrimerSaqueGanado" : 30,
    "loserSegundoSaqueGanado" : 14,
    "loserDobleFalta" : 1,
    "loserServingPoints" : 67,
    "loserServingGames" : 10
  }, {
    "torneo" : "An-Ning CH",
    "fecha" : "20150427",
    "superficie" : "Clay",
    "resultado" : "6-7(3) 6-2 6-2",
    "contrincante" : "Grega Zemlja",
    "ganador" : true,
    "winnerAces" : 7,
    "winnerPrimerSaqueDentro" : 44,
    "winnerPrimerSaqueGanado" : 36,
    "winnerSegundoSaqueGanado" : 22,
    "winnerDobleFalta" : 3,
    "winnerServingPoints" : 77,
    "winnerServingGames" : 14,
    "loserAces" : 9,
    "loserPrimerSaqueDentro" : 52,
    "loserPrimerSaqueGanado" : 42,
    "loserSegundoSaqueGanado" : 10,
    "loserDobleFalta" : 4,
    "loserServingPoints" : 82,
    "loserServingGames" : 14
  }, {
    "torneo" : "An-Ning CH",
    "fecha" : "20150427",
    "superficie" : "Clay",
    "resultado" : "7-5 6-2",
    "contrincante" : "Franco Skugor",
    "ganador" : false,
    "winnerAces" : 8,
    "winnerPrimerSaqueDentro" : 46,
    "winnerPrimerSaqueGanado" : 39,
    "winnerSegundoSaqueGanado" : 6,
    "winnerDobleFalta" : 2,
    "winnerServingPoints" : 59,
    "winnerServingGames" : 10,
    "loserAces" : 7,
    "loserPrimerSaqueDentro" : 30,
    "loserPrimerSaqueGanado" : 21,
    "loserSegundoSaqueGanado" : 14,
    "loserDobleFalta" : 4,
    "loserServingPoints" : 58,
    "loserServingGames" : 10
  }, {
    "torneo" : "Traralgon CH",
    "fecha" : "20151026",
    "superficie" : "Hard",
    "resultado" : "5-0 RET",
    "contrincante" : "Matt Reid",
    "ganador" : false,
    "winnerAces" : 2,
    "winnerPrimerSaqueDentro" : 6,
    "winnerPrimerSaqueGanado" : 6,
    "winnerSegundoSaqueGanado" : 2,
    "winnerDobleFalta" : 1,
    "winnerServingPoints" : 10,
    "winnerServingGames" : 2,
    "loserAces" : 0,
    "loserPrimerSaqueDentro" : 12,
    "loserPrimerSaqueGanado" : 5,
    "loserSegundoSaqueGanado" : 1,
    "loserDobleFalta" : 2,
    "loserServingPoints" : 19,
    "loserServingGames" : 3
  }, {
    "torneo" : "Bangkok CH",
    "fecha" : "20150831",
    "superficie" : "Hard",
    "resultado" : "6-4 6-4",
    "contrincante" : "Di Wu",
    "ganador" : true,
    "winnerAces" : 0,
    "winnerPrimerSaqueDentro" : 0,
    "winnerPrimerSaqueGanado" : 0,
    "winnerSegundoSaqueGanado" : 0,
    "winnerDobleFalta" : 0,
    "winnerServingPoints" : 0,
    "winnerServingGames" : 0,
    "loserAces" : 0,
    "loserPrimerSaqueDentro" : 0,
    "loserPrimerSaqueGanado" : 0,
    "loserSegundoSaqueGanado" : 0,
    "loserDobleFalta" : 0,
    "loserServingPoints" : 0,
    "loserServingGames" : 0
  }, {
    "torneo" : "Bangkok CH",
    "fecha" : "20150831",
    "superficie" : "Hard",
    "resultado" : "6-1 6-2",
    "contrincante" : "Jordan Thompson",
    "ganador" : false,
    "winnerAces" : 0,
    "winnerPrimerSaqueDentro" : 0,
    "winnerPrimerSaqueGanado" : 0,
    "winnerSegundoSaqueGanado" : 0,
    "winnerDobleFalta" : 0,
    "winnerServingPoints" : 0,
    "winnerServingGames" : 0,
    "loserAces" : 0,
    "loserPrimerSaqueDentro" : 0,
    "loserPrimerSaqueGanado" : 0,
    "loserSegundoSaqueGanado" : 0,
    "loserDobleFalta" : 0,
    "loserServingPoints" : 0,
    "loserServingGames" : 0
  }, {
    "torneo" : "Canberra CH",
    "fecha" : "20151102",
    "superficie" : "Hard",
    "resultado" : "7-6(4) 6-3",
    "contrincante" : "Andrew Whittington",
    "ganador" : true,
    "winnerAces" : 3,
    "winnerPrimerSaqueDentro" : 45,
    "winnerPrimerSaqueGanado" : 31,
    "winnerSegundoSaqueGanado" : 14,
    "winnerDobleFalta" : 0,
    "winnerServingPoints" : 67,
    "winnerServingGames" : 10,
    "loserAces" : 7,
    "loserPrimerSaqueDentro" : 74,
    "loserPrimerSaqueGanado" : 48,
    "loserSegundoSaqueGanado" : 11,
    "loserDobleFalta" : 8,
    "loserServingPoints" : 102,
    "loserServingGames" : 11
  }, {
    "torneo" : "Canberra CH",