{
  "nombre" : "Janko Tipsarevic",
  "mano" : "R",
  "nacionalidad" : "SRB",
  "edad" : 31.0171115674,
  "ganar1Saque" : 0.7176178942124048,
  "ganar2Saque" : 0.5357178722818693,
  "primerSaque" : 0.5514304041862488,
  "segundoSaque" : 0.41271396974722546,
  "ganarPuntoSacando" : 0.6168145751908185,
  "ganarPuntoRestando" : 0.35629809295852416,
  "probAce" : 0.0763888880610466,
  "clay" : {
    "nombre" : "Clay",
    "probVictoria" : 0.4444444477558136,
    "probGanarPrimerSaque" : 0.7318947248988681,
    "probGanarSegundoSaque" : 0.5290239022837745,
    "probPrimerSaque" : 0.5517004860772027,
    "probSegundoSaque" : 0.41227436396810746,
    "probGanarPuntoSacando" : 0.6218896683220154,
    "probGanarPuntoRestando" : 0.36652520799129884,
    "probAce" : 0.0
  },
  "grass" : {
    "nombre" : "Grass",
    "probVictoria" : 0.0,
    "probGanarPrimerSaque" : 0.5306122303009033,
    "probGanarSegundoSaque" : 0.5897436141967773,
    "probPrimerSaque" : 0.550561785697937,
    "probSegundoSaque" : 0.43820226192474365,
    "probGanarPuntoSacando" : 0.5505618027243315,
    "probGanarPuntoRestando" : 0.3714285322976486,
    "probAce" : 0.0
  },
  "hard" : {
    "nombre" : "Hard",
    "probVictoria" : 0.0,
    "probGanarPrimerSaque" : 0.746874988079071,
    "probGanarSegundoSaque" : 0.5388278663158417,
    "probPrimerSaque" : 0.5506493449211121,
    "probSegundoSaque" : 0.4019480496644974,
    "probGanarPuntoSacando" : 0.6278470328942389,
    "probGanarPuntoRestando" : 0.3027108556414757,
    "probAce" : 0.0
  },
  "other" : {
    "nombre" : "Other",
    "probVictoria" : 0.0,
    "probGanarPrimerSaque" : 0.0,
    "probGanarSegundoSaque" : 0.0,
    "probPrimerSaque" : 0.0,
    "probSegundoSaque" : 0.0,
    "probGanarPuntoSacando" : 0.0,
    "probGanarPuntoRestando" : 0.0,
    "probAce" : 0.0
  },
  "partidos" : [ {
    "torneo" : "Wimbledon",
    "fecha" : "20150629",
    "superficie" : "Grass",
    "resultado" : "6-3 6-4 6-2",
    "contrincante" : "Marcel Granollers",
    "ganador" : false,
    "winnerAces" : 4,
    "winnerPrimerSaqueDentro" : 75,
    "winnerPrimerSaqueGanado" : 54,
    "winnerSegundoSaqueGanado" : 12,
    "winnerDobleFalta" : 3,
    "winnerServingPoints" : 105,
    "winnerServingGames" : 14,
    "loserAces" : 4,
    "loserPrimerSaqueDentro" : 49,
    "loserPrimerSaqueGanado" : 26,
    "loserSegundoSaqueGanado" : 23,
    "loserDobleFalta" : 1,
    "loserServingPoints" : 89,
    "loserServingGames" : 13
  }, {
    "torneo" : "Canada Masters",
    "fecha" : "20150810",
    "superficie" : "Hard",
    "resultado" : "6-3 6-4",
    "contrincante" : "Roberto Bautista Agut",
    "ganador" : false,
    "winnerAces" : 3,
    "winnerPrimerSaqueDentro" : 38,
    "winnerPrimerSaqueGanado" : 29,
    "winnerSegundoSaqueGanado" : 13,
    "winnerDobleFalta" : 2,
    "winnerServingPoints" : 56,
    "winnerServingGames" : 10,
    "loserAces" : 5,
    "loserPrimerSaqueDentro" : 32,
    "loserPrimerSaqueGanado" : 25,
    "loserSegundoSaqueGanado" : 11,
    "loserDobleFalta" : 2,
    "loserServingPoints" : 55,
    "loserServingGames" : 9
  }, {
    "torneo" : "US Open",
    "fecha" : "20150831",
    "superficie" : "Hard",
    "resultado" : "7-6(4) 4-6 4-6 6-3 6-1",
    "contrincante" : "Guillermo Garcia Lopez",
    "ganador" : false,
    "winnerAces" : 18,
    "winnerPrimerSaqueDentro" : 89,
    "winnerPrimerSaqueGanado" : 69,
    "winnerSegundoSaqueGanado" : 38,
    "winnerDobleFalta" : 9,
    "winnerServingPoints" : 166,
    "winnerServingGames" : 24,
    "loserAces" : 10,
    "loserPrimerSaqueDentro" : 80,
    "loserPrimerSaqueGanado" : 57,
    "loserSegundoSaqueGanado" : 36,
    "loserDobleFalta" : 9,
    "loserServingPoints" : 154,
    "loserServingGames" : 24
  }, {
    "torneo" : "Bucharest",
    "fecha" : "20150420",
    "superficie" : "Clay",
    "resultado" : "6-4 6-3",
    "contrincante" : "Thomas Fabbiano",
    "ganador" : true,
    "winnerAces" : 6,
    "winnerPrimerSaqueDentro" : 27,
    "winnerPrimerSaqueGanado" : 21,
    "winnerSegundoSaqueGanado" : 17,
    "winnerDobleFalta" : 0,
    "winnerServingPoints" : 58,
    "winnerServingGames" : 9,
    "loserAces" : 3,
    "loserPrimerSaqueDentro" : 49,
    "loserPrimerSaqueGanado" : 30,
    "loserSegundoSaqueGanado" : 7,
    "loserDobleFalta" : 4,
    "loserServingPoints" : 67,
    "loserServingGames" : 10
  }, {
    "torneo" : "Bucharest",
    "fecha" : "20150420",
    "superficie" : "Clay",
    "resultado" : "7-5 6-4",
    "contrincante" : "Gilles Simon",
    "ganador" : false,
    "winnerAces" : 3,
    "winnerPrimerSaqueDentro" : 50,
    "winnerPrimerSaqueGanado" : 33,
    "winnerSegundoSaqueGanado" : 18,
    "winnerDobleFalta" : 1,
    "winnerServingPoints" : 77,
    "winnerServingGames" : 11,
    "loserAces" : 0,
    "loserPrimerSaqueDentro" : 42,
    "loserPrimerSaqueGanado" : 27,
    "loserSegundoSaqueGanado" : 17,
    "loserDobleFalta" : 0,
    "loserServingPoints" : 73,
    "loserServingGames" : 11
  }, {
    "torneo" : "Munich",
    "fecha" : "20150427",
    "superficie" : "Clay",
    "resultado" : "5-7 6-1 7-6(3)",
    "contrincante" : "Bernard Tomic",
    "ganador" : true,
    "winnerAces" : 11,
    "winnerPrimerSaqueDentro" : 51,
    "winnerPrimerSaqueGanado" : 37,
    "winnerSegundoSaqueGanado" : 33,
    "winnerDobleFalta" : 1,
    "winnerServingPoints" : 106,
    "winnerServingGames" : 16,
    "loserAces" : 5,
    "loserPrimerSaqueDentro" : 67,
    "loserPrimerSaqueGanado" : 47,
    "loserSegundoSaqueGanado" : 16,
    "loserDobleFalta" : 2,
    "loserServingPoints" : 105,
    "loserServingGames" : 15
  }, {
    "torneo" : "Munich",
    "fecha" : "20150427",
    "superficie" : "Clay",
    "resultado" : "6-4 6-7(1) 7-5",
    "contrincante" : "Victor Estrella",
    "ganador" : false,
    "winnerAces" : 7,
    "winnerPrimerSaqueDentro" : 74,
    "winnerPrimerSaqueGanado" : 50,
    "winnerSegundoSaqueGanado" : 17,
    "winnerDobleFalta" : 2,
    "winnerServingPoints" : 105,
    "winnerServingGames" : 17,
    "loserAces" : 10,
    "loserPrimerSaqueDentro" : 63,
    "loserPrimerSaqueGanado" : 48,
    "loserSegundoSaqueGanado" : 18,
    "loserDobleFalta" : 5,
    "loserServingPoints" : 105,
    "loserServingGames" : 17
  }, {
    "torneo" : "Houston",
    "fecha" : "20150406",
    "superficie" : "Clay",
    "resultado" : "6-4 3-6 7-6(7)",
    "contrincante" : "Guilherme Clezar",
    "ganador" : true,
    "winnerAces" : 18,
    "winnerPrimerSaqueDentro" : 52,
    "winnerPrimerSaqueGanado" : 42,
    "winnerSegundoSaqueGanado" : 21,
    "winnerDobleFalta" : 12,
    "winnerServingPoints" : 107,
    "winnerServingGames" : 15,
    "loserAces" : 8,
    "loserPrimerSaqueDentro" : 67,
    "loserPrimerSaqueGanado" : 49,
    "loserSegundoSaqueGanado" : 13,
    "loserDobleFalta" : 3,
    "loserServingPoints" : 106,
    "loserServingGames" : 16
  }, {
    "torneo" : "Houston",
    "fecha" : "20150406",
    "superficie" : "Clay",
    "resultado" : "7-6(2) 6-3",
    "contrincante" : "Santiago Giraldo",
    "ganador" : false,
    "winnerAces" : 6,
    "winnerPrimerSaqueDentro" : 47,
    "winnerPrimerSaqueGanado" : 37,
    "winnerSegundoSaqueGanado" : 15,
    "winnerDobleFalta" : 1,
    "winnerServingPoints" : 76,
    "winnerServingGames" : 11,
    "loserAces" : 3,
    "loserPrimerSaqueDentro" : 33,
    "loserPrimerSaqueGanado" : 28,
    "loserSegundoSaqueGanado" : 10,
    "loserDobleFalta" : 4,
    "loserServingPoints" : 57,
    "loserServingGames" : 10
  }, {
    "torneo" : "Geneva",
    "fecha" : "20150517",
    "superficie" : "Clay",
    "resultado" : "6-0 6-2",
    "contrincante" : "Denis Istomin",
    "ganador" : false,
    "winnerAces" : 2,
    "winnerPrimerSaqueDentro" : 23,
    "winnerPrimerSaqueGanado" : 20,
    "winnerSegundoSaqueGanado" : 9,
    "winnerDobleFalta" : 1,
    "winnerServingPoints" : 37,
    "winnerServingGames" : 7,
    "loserAces" : 0,
    "loserPrimerSaqueDentro" : 27,
    "loserPrimerSaqueGanado" : 14,
    "loserSegundoSaqueGanado" : 8,
    "loserDobleFalta" : 0,