{
  "nombre" : "Jarmere Jenkins",
  "mano" : "R",
  "nacionalidad" : "USA",
  "edad" : 24.5338809035,
  "ganar1Saque" : 0.6343109329541524,
  "ganar2Saque" : 0.5495809356371562,
  "primerSaque" : 0.5964000602563222,
  "segundoSaque" : 0.3492546568314234,
  "ganarPuntoSacando" : 0.570246779712148,
  "ganarPuntoRestando" : 0.34091165107771126,
  "probAce" : 0.03367875516414642,
  "clay" : {
    "nombre" : "Clay",
    "probVictoria" : 0.0,
    "probGanarPrimerSaque" : 0.5768115818500519,
    "probGanarSegundoSaque" : 0.41423001885414124,
    "probPrimerSaque" : 0.5744730830192566,
    "probSegundoSaque" : 0.35702577233314514,
    "probGanarPuntoSacando" : 0.4792535201515866,
    "probGanarPuntoRestando" : 0.22222222488550913,
    "probAce" : 0.0
  },
  "grass" : {
    "nombre" : "Grass",
    "probVictoria" : 0.0,
    "probGanarPrimerSaque" : 0.375,
    "probGanarSegundoSaque" : 0.3076923191547394,
    "probPrimerSaque" : 0.6000000238418579,
    "probSegundoSaque" : 0.32499998807907104,
    "probGanarPuntoSacando" : 0.32500000899800874,
    "probGanarPuntoRestando" : 0.3617021136355738,
    "probAce" : 0.0
  },
  "hard" : {
    "nombre" : "Hard",
    "probVictoria" : 0.4285714328289032,
    "probGanarPrimerSaque" : 0.6655034025510153,
    "probGanarSegundoSaque" : 0.5922968064745268,
    "probPrimerSaque" : 0.5997545594970385,
    "probSegundoSaque" : 0.3499806933104992,
    "probGanarPuntoSacando" : 0.606431147016314,
    "probGanarPuntoRestando" : 0.35896068356325644,
    "probAce" : 0.0
  },
  "other" : {
    "nombre" : "Other",
    "probVictoria" : 0.0,
    "probGanarPrimerSaque" : 0.0,
    "probGanarSegundoSaque" : 0.0,
    "probPrimerSaque" : 0.0,
    "probSegundoSaque" : 0.0,
    "probGanarPuntoSacando" : 0.0,
    "probGanarPuntoRestando" : 0.0,
    "probAce" : 0.0
  },
  "partidos" : [ {
    "torneo" : "Surbiton CH",
    "fecha" : "20150608",
    "superficie" : "Grass",
    "resultado" : "6-2 6-1",
    "contrincante" : "Frederik Nielsen",
    "ganador" : false,
    "winnerAces" : 6,
    "winnerPrimerSaqueDentro" : 24,
    "winnerPrimerSaqueGanado" : 19,
    "winnerSegundoSaqueGanado" : 11,
    "winnerDobleFalta" : 3,
    "winnerServingPoints" : 47,
    "winnerServingGames" : 8,
    "loserAces" : 1,
    "loserPrimerSaqueDentro" : 24,
    "loserPrimerSaqueGanado" : 9,
    "loserSegundoSaqueGanado" : 4,
    "loserDobleFalta" : 3,
    "loserServingPoints" : 40,
    "loserServingGames" : 7
  }, {
    "torneo" : "Noumea CH",
    "fecha" : "20150105",
    "superficie" : "Hard",
    "resultado" : "6-4 6-4",
    "contrincante" : "Kenny De Schepper",
    "ganador" : true,
    "winnerAces" : 0,
    "winnerPrimerSaqueDentro" : 37,
    "winnerPrimerSaqueGanado" : 27,
    "winnerSegundoSaqueGanado" : 14,
    "winnerDobleFalta" : 2,
    "winnerServingPoints" : 59,
    "winnerServingGames" : 10,
    "loserAces" : 3,
    "loserPrimerSaqueDentro" : 54,
    "loserPrimerSaqueGanado" : 35,
    "loserSegundoSaqueGanado" : 4,
    "loserDobleFalta" : 6,
    "loserServingPoints" : 68,
    "loserServingGames" : 10
  }, {
    "torneo" : "Noumea CH",
    "fecha" : "20150105",
    "superficie" : "Hard",
    "resultado" : "6-1 2-6 7-6(4)",
    "contrincante" : "Chase Buchanan",
    "ganador" : false,
    "winnerAces" : 2,
    "winnerPrimerSaqueDentro" : 61,
    "winnerPrimerSaqueGanado" : 38,
    "winnerSegundoSaqueGanado" : 20,
    "winnerDobleFalta" : 6,
    "winnerServingPoints" : 98,
    "winnerServingGames" : 13,
    "loserAces" : 1,
    "loserPrimerSaqueDentro" : 59,
    "loserPrimerSaqueGanado" : 39,
    "loserSegundoSaqueGanado" : 14,
    "loserDobleFalta" : 5,
    "loserServingPoints" : 93,
    "loserServingGames" : 14
  }, {
    "torneo" : "Savannah CH",
    "fecha" : "20150420",
    "superficie" : "Clay",
    "resultado" : "6-2 6-4",
    "contrincante" : "Mitchell Krueger",
    "ganador" : false,
    "winnerAces" : 7,
    "winnerPrimerSaqueDentro" : 28,
    "winnerPrimerSaqueGanado" : 25,
    "winnerSegundoSaqueGanado" : 10,
    "winnerDobleFalta" : 2,
    "winnerServingPoints" : 45,
    "winnerServingGames" : 9,
    "loserAces" : 1,
    "loserPrimerSaqueDentro" : 46,
    "loserPrimerSaqueGanado" : 27,
    "loserSegundoSaqueGanado" : 8,
    "loserDobleFalta" : 5,
    "loserServingPoints" : 70,
    "loserServingGames" : 9
  }, {
    "torneo" : "Maui CH",
    "fecha" : "20150127",
    "superficie" : "Hard",
    "resultado" : "6-2 6-3",
    "contrincante" : "Sandro Ehrat",
    "ganador" : false,
    "winnerAces" : 5,
    "winnerPrimerSaqueDentro" : 37,
    "winnerPrimerSaqueGanado" : 27,
    "winnerSegundoSaqueGanado" : 11,
    "winnerDobleFalta" : 2,
    "winnerServingPoints" : 55,
    "winnerServingGames" : 9,
    "loserAces" : 2,
    "loserPrimerSaqueDentro" : 35,
    "loserPrimerSaqueGanado" : 20,
    "loserSegundoSaqueGanado" : 8,
    "loserDobleFalta" : 8,
    "loserServingPoints" : 56,
    "loserServingGames" : 8
  }, {
    "torneo" : "Drummondville CH",
    "fecha" : "20150316",
    "superficie" : "Hard",
    "resultado" : "6-2 2-6 7-6(8)",
    "contrincante" : "Philip Bester",
    "ganador" : true,
    "winnerAces" : 2,
    "winnerPrimerSaqueDentro" : 47,
    "winnerPrimerSaqueGanado" : 33,
    "winnerSegundoSaqueGanado" : 29,
    "winnerDobleFalta" : 6,
    "winnerServingPoints" : 96,
    "winnerServingGames" : 14,
    "loserAces" : 12,
    "loserPrimerSaqueDentro" : 55,
    "loserPrimerSaqueGanado" : 42,
    "loserSegundoSaqueGanado" : 20,
    "loserDobleFalta" : 5,
    "loserServingPoints" : 95,
    "loserServingGames" : 14
  }, {
    "torneo" : "Drummondville CH",
    "fecha" : "20150316",
    "superficie" : "Hard",
    "resultado" : "6-3 4-0 RET",
    "contrincante" : "Maxime Authom",
    "ganador" : true,
    "winnerAces" : 7,
    "winnerPrimerSaqueDentro" : 41,
    "winnerPrimerSaqueGanado" : 26,
    "winnerSegundoSaqueGanado" : 19,
    "winnerDobleFalta" : 3,
    "winnerServingPoints" : 75,
    "winnerServingGames" : 7,
    "loserAces" : 0,
    "loserPrimerSaqueDentro" : 22,
    "loserPrimerSaqueGanado" : 13,
    "loserSegundoSaqueGanado" : 6,
    "loserDobleFalta" : 4,
    "loserServingPoints" : 36,
    "loserServingGames" : 6
  }, {
    "torneo" : "Drummondville CH",
    "fecha" : "20150316",
    "superficie" : "Hard",
    "resultado" : "7-6(5) 3-6 7-5",
    "contrincante" : "Germain Gigounon",
    "ganador" : false,
    "winnerAces" : 7,
    "winnerPrimerSaqueDentro" : 58,
    "winnerPrimerSaqueGanado" : 42,
    "winnerSegundoSaqueGanado" : 22,
    "winnerDobleFalta" : 4,
    "winnerServingPoints" : 101,
    "winnerServingGames" : 16,
    "loserAces" : 7,
    "loserPrimerSaqueDentro" : 68,
    "loserPrimerSaqueGanado" : 47,
    "loserSegundoSaqueGanado" : 22,
    "loserDobleFalta" : 6,
    "loserServingPoints" : 115,
    "loserServingGames" : 17
  }, {
    "torneo" : "Busan CH",
    "fecha" : "20150504",
    "superficie" : "Hard",
    "resultado" : "6-0 6-3",
    "contrincante" : "Hyeon Chung",
    "ganador" : false,
    "winnerAces" : 9,
    "winnerPrimerSaqueDentro" : 24,
    "winnerPrimerSaqueGanado" : 21,
    "winnerSegundoSaqueGanado" : 11,
    "winnerDobleFalta" : 2,
    "winnerServingPoints" : 43,
    "winnerServingGames" : 7,
    "loserAces" : 1,
    "loserPrimerSaqueDentro" : 32,
    "loserPrimerSaqueGanado" : 14,
    "loserSegundoSaqueGanado" : 14,
    "loserDobleFalta" : 5,
    "loserServingPoints" : 61,
    "loserServingGames" : 8
  }, {
    "torneo" : "Seoul CH",
    "fecha" : "20150511",
    "superficie" : "Hard",
    "resultado" : "7-6(5) 6-7(4) 6-3",
    "contrincante" : "John Patrick Smith",
    "ganador" : true,
    "winnerAces" : 4,
    "winnerPrimerSaqueDentro" : 80,
    "winnerPrimerSaqueGanado" : 57,
    "winnerSegundoSaqueGanado" : 23,
    "winnerDobleFalta" : 2,
    "winnerServingPoints" : 128,
    "winnerServingGames" : 16,
    "loserAces" : 13,
    "loserPrimerSaqueDentro" : 76,
    "loserPrimerSaqueGanado" : 54,
    "loserSegundoSaqueGanado" : 20,
    "loserDobleFalta" : 5,
    "loserServingPoints" : 119,