{
  "nombre" : "Kento Takeuchi",
  "mano" : "U",
  "nacionalidad" : "JPN",
  "edad" : 27.1813826146,
  "ganar1Saque" : 0.6216582755247752,
  "ganar2Saque" : 0.4938385883967082,
  "primerSaque" : 0.6075930297374725,
  "segundoSaque" : 0.38112445175647736,
  "ganarPuntoSacando" : 0.5659291963463587,
  "ganarPuntoRestando" : 0.3077648981052586,
  "probAce" : 0.0325581394135952,
  "clay" : {
    "nombre" : "Clay",
    "probVictoria" : 0.0,
    "probGanarPrimerSaque" : 0.7111111283302307,
    "probGanarSegundoSaque" : 0.523809552192688,
    "probPrimerSaque" : 0.5113636255264282,
    "probSegundoSaque" : 0.47727271914482117,
    "probGanarPuntoSacando" : 0.6136363740241713,
    "probGanarPuntoRestando" : 0.24358973287349384,
    "probAce" : 0.0
  },
  "grass" : {
    "nombre" : "Grass",
    "probVictoria" : 0.0,
    "probGanarPrimerSaque" : 0.0,
    "probGanarSegundoSaque" : 0.0,
    "probPrimerSaque" : 0.0,
    "probSegundoSaque" : 0.0,
    "probGanarPuntoSacando" : 0.0,
    "probGanarPuntoRestando" : 0.0,
    "probAce" : 0.0
  },
  "hard" : {
    "nombre" : "Hard",
    "probVictoria" : 0.0,
    "probGanarPrimerSaque" : 0.6025357246398926,
    "probGanarSegundoSaque" : 0.5045423358678818,
    "probPrimerSaque" : 0.6066255569458008,
    "probSegundoSaque" : 0.3792915716767311,
    "probGanarPuntoSacando" : 0.5568822250881945,
    "probGanarPuntoRestando" : 0.3051616796836779,
    "probAce" : 0.0
  },
  "other" : {
    "nombre" : "Other",
    "probVictoria" : 0.0,
    "probGanarPrimerSaque" : 0.6086956262588501,
    "probGanarSegundoSaque" : 0.42105263471603394,
    "probPrimerSaque" : 0.7076923251152039,
    "probSegundoSaque" : 0.29230770468711853,
    "probGanarPuntoSacando" : 0.5538461522408884,
    "probGanarPuntoRestando" : 0.38235293702334616,
    "probAce" : 0.0
  },
  "partidos" : [ {
    "torneo" : "Kyoto CH",
    "fecha" : "20150223",
    "superficie" : "Hard",
    "resultado" : "6-3 6-2",
    "contrincante" : "Takashi Saito",
    "ganador" : false,
    "winnerAces" : 5,
    "winnerPrimerSaqueDentro" : 41,
    "winnerPrimerSaqueGanado" : 33,
    "winnerSegundoSaqueGanado" : 8,
    "winnerDobleFalta" : 1,
    "winnerServingPoints" : 57,
    "winnerServingGames" : 9,
    "loserAces" : 1,
    "loserPrimerSaqueDentro" : 23,
    "loserPrimerSaqueGanado" : 14,
    "loserSegundoSaqueGanado" : 12,
    "loserDobleFalta" : 0,
    "loserServingPoints" : 42,
    "loserServingGames" : 8
  }, {
    "torneo" : "Yokohama CH",
    "fecha" : "20151116",
    "superficie" : "Hard",
    "resultado" : "6-2 7-5",
    "contrincante" : "Tatsuma Ito",
    "ganador" : false,
    "winnerAces" : 6,
    "winnerPrimerSaqueDentro" : 39,
    "winnerPrimerSaqueGanado" : 27,
    "winnerSegundoSaqueGanado" : 6,
    "winnerDobleFalta" : 4,
    "winnerServingPoints" : 56,
    "winnerServingGames" : 10,
    "loserAces" : 1,
    "loserPrimerSaqueDentro" : 45,
    "loserPrimerSaqueGanado" : 23,
    "loserSegundoSaqueGanado" : 9,
    "loserDobleFalta" : 1,
    "loserServingPoints" : 66,
    "loserServingGames" : 10
  }, {
    "torneo" : "An-Ning CH",
    "fecha" : "20150427",
    "superficie" : "Clay",
    "resultado" : "7-5 4-6 6-1",
    "contrincante" : "Duck Hee Lee",
    "ganador" : false,
    "winnerAces" : 5,
    "winnerPrimerSaqueDentro" : 51,
    "winnerPrimerSaqueGanado" : 39,
    "winnerSegundoSaqueGanado" : 20,
    "winnerDobleFalta" : 2,
    "winnerServingPoints" : 78,
    "winnerServingGames" : 15,
    "loserAces" : 5,
    "loserPrimerSaqueDentro" : 45,
    "loserPrimerSaqueGanado" : 32,
    "loserSegundoSaqueGanado" : 22,
    "loserDobleFalta" : 1,
    "loserServingPoints" : 88,
    "loserServingGames" : 14
  }, {
    "torneo" : "Gimcheon CH",
    "fecha" : "20150602",
    "superficie" : "Hard",
    "resultado" : "6-2 6-2",
    "contrincante" : "Ramkumar Ramanathan",
    "ganador" : false,
    "winnerAces" : 3,
    "winnerPrimerSaqueDentro" : 27,
    "winnerPrimerSaqueGanado" : 21,
    "winnerSegundoSaqueGanado" : 16,
    "winnerDobleFalta" : 0,
    "winnerServingPoints" : 50,
    "winnerServingGames" : 8,
    "loserAces" : 1,
    "loserPrimerSaqueDentro" : 35,
    "loserPrimerSaqueGanado" : 22,
    "loserSegundoSaqueGanado" : 11,
    "loserDobleFalta" : 2,
    "loserServingPoints" : 63,
    "loserServingGames" : 8
  }, {
    "torneo" : "Kobe CH",
    "fecha" : "20151109",
    "superficie" : "Hard",
    "resultado" : "7-6(1) 7-6(4)",
    "contrincante" : "Matthew Ebden",
    "ganador" : false,
    "winnerAces" : 3,
    "winnerPrimerSaqueDentro" : 46,
    "winnerPrimerSaqueGanado" : 34,
    "winnerSegundoSaqueGanado" : 23,
    "winnerDobleFalta" : 2,
    "winnerServingPoints" : 78,
    "winnerServingGames" : 12,
    "loserAces" : 2,
    "loserPrimerSaqueDentro" : 68,
    "loserPrimerSaqueGanado" : 45,
    "loserSegundoSaqueGanado" : 19,
    "loserDobleFalta" : 1,
    "loserServingPoints" : 106,
    "loserServingGames" : 12
  }, {
    "torneo" : "Toyota CH",
    "fecha" : "20151123",
    "superficie" : "Carpet",
    "resultado" : "4-6 6-3 6-0",
    "contrincante" : "Yuuya Kibi",
    "ganador" : false,
    "winnerAces" : 0,
    "winnerPrimerSaqueDentro" : 72,
    "winnerPrimerSaqueGanado" : 51,
    "winnerSegundoSaqueGanado" : 12,
    "winnerDobleFalta" : 2,
    "winnerServingPoints" : 102,
    "winnerServingGames" : 13,
    "loserAces" : 4,
    "loserPrimerSaqueDentro" : 46,
    "loserPrimerSaqueGanado" : 28,
    "loserSegundoSaqueGanado" : 8,
    "loserDobleFalta" : 0,
    "loserServingPoints" : 65,
    "loserServingGames" : 12
  } ]
}