{
  "nombre" : "Lleyton Hewitt",
  "mano" : "R",
  "nacionalidad" : "AUS",
  "edad" : 34.340862423,
  "ganar1Saque" : 0.6864628791809082,
  "ganar2Saque" : 0.5718837181727091,
  "primerSaque" : 0.5444759751359621,
  "segundoSaque" : 0.4089478130141894,
  "ganarPuntoSacando" : 0.6076331413818176,
  "ganarPuntoRestando" : 0.3766640897801552,
  "probAce" : 0.06585365533828735,
  "clay" : {
    "nombre" : "Clay",
    "probVictoria" : 0.0,
    "probGanarPrimerSaque" : 0.6129032373428345,
    "probGanarSegundoSaque" : 0.4545454680919647,
    "probPrimerSaque" : 0.5438596606254578,
    "probSegundoSaque" : 0.38596490025520325,
    "probGanarPuntoSacando" : 0.5087719429110882,
    "probGanarPuntoRestando" : 0.46999999812671134,
    "probAce" : 0.0
  },
  "grass" : {
    "nombre" : "Grass",
    "probVictoria" : 0.0,
    "probGanarPrimerSaque" : 1.9756249785423279,
    "probGanarSegundoSaque" : 0.5441980063915253,
    "probPrimerSaque" : 0.5846082170804342,
    "probSegundoSaque" : 0.3634633421897888,
    "probGanarPuntoSacando" : 1.3527626225412852,
    "probGanarPuntoRestando" : 0.32821878578929037,
    "probAce" : 0.0
  },
  "hard" : {
    "nombre" : "Hard",
    "probVictoria" : 0.375,
    "probGanarPrimerSaque" : 0.706128291785717,
    "probGanarSegundoSaque" : 0.5969331413507462,
    "probPrimerSaque" : 0.5295034237205982,
    "probSegundoSaque" : 0.4288773536682129,
    "probGanarPuntoSacando" : 0.629908454065876,
    "probGanarPuntoRestando" : 0.38316409023341,
    "probAce" : 0.0
  },
  "other" : {
    "nombre" : "Other",
    "probVictoria" : 0.0,
    "probGanarPrimerSaque" : 0.0,
    "probGanarSegundoSaque" : 0.0,
    "probPrimerSaque" : 0.0,
    "probSegundoSaque" : 0.0,
    "probGanarPuntoSacando" : 0.0,
    "probGanarPuntoRestando" : 0.0,
    "probAce" : 0.0
  },
  "partidos" : [ {
    "torneo" : "Wimbledon",
    "fecha" : "20150629",
    "superficie" : "Grass",
    "resultado" : "3-6 6-3 4-6 6-0 11-9",
    "contrincante" : "Jarkko Nieminen",
    "ganador" : false,
    "winnerAces" : 10,
    "winnerPrimerSaqueDentro" : 117,
    "winnerPrimerSaqueGanado" : 77,
    "winnerSegundoSaqueGanado" : 26,
    "winnerDobleFalta" : 4,
    "winnerServingPoints" : 172,
    "winnerServingGames" : 27,
    "loserAces" : 12,
    "loserPrimerSaqueDentro" : 100,
    "loserPrimerSaqueGanado" : 71,
    "loserSegundoSaqueGanado" : 31,
    "loserDobleFalta" : 9,
    "loserServingPoints" : 182,
    "loserServingGames" : 27
  }, {
    "torneo" : "Miami Masters",
    "fecha" : "20150325",
    "superficie" : "Hard",
    "resultado" : "7-5 6-7(2) 6-4",
    "contrincante" : "Thomaz Bellucci",
    "ganador" : false,
    "winnerAces" : 11,
    "winnerPrimerSaqueDentro" : 72,
    "winnerPrimerSaqueGanado" : 44,
    "winnerSegundoSaqueGanado" : 37,
    "winnerDobleFalta" : 4,
    "winnerServingPoints" : 131,
    "winnerServingGames" : 17,
    "loserAces" : 5,
    "loserPrimerSaqueDentro" : 64,
    "loserPrimerSaqueGanado" : 46,
    "loserSegundoSaqueGanado" : 25,
    "loserDobleFalta" : 7,
    "loserServingPoints" : 112,
    "loserServingGames" : 17
  }, {
    "torneo" : "Brisbane",
    "fecha" : "20150104",
    "superficie" : "Hard",
    "resultado" : "6-3 6-2",
    "contrincante" : "Samuel Groth",
    "ganador" : false,
    "winnerAces" : 14,
    "winnerPrimerSaqueDentro" : 34,
    "winnerPrimerSaqueGanado" : 30,
    "winnerSegundoSaqueGanado" : 8,
    "winnerDobleFalta" : 0,
    "winnerServingPoints" : 47,
    "winnerServingGames" : 9,
    "loserAces" : 1,
    "loserPrimerSaqueDentro" : 22,
    "loserPrimerSaqueGanado" : 13,
    "loserSegundoSaqueGanado" : 14,
    "loserDobleFalta" : 2,
    "loserServingPoints" : 45,
    "loserServingGames" : 8
  }, {
    "torneo" : "s-Hertogenbosch",
    "fecha" : "20150608",
    "superficie" : "Grass",
    "resultado" : "6-3 6-4",
    "contrincante" : "Nicolas Mahut",
    "ganador" : false,
    "winnerAces" : 4,
    "winnerPrimerSaqueDentro" : 38,
    "winnerPrimerSaqueGanado" : 29,
    "winnerSegundoSaqueGanado" : 15,
    "winnerDobleFalta" : 2,
    "winnerServingPoints" : 65,
    "winnerServingGames" : 10,
    "loserAces" : 2,
    "loserPrimerSaqueDentro" : 30,
    "loserPrimerSaqueGanado" : 15,
    "loserSegundoSaqueGanado" : 13,
    "loserDobleFalta" : 4,
    "loserServingPoints" : 52,
    "loserServingGames" : 9
  }, {
    "torneo" : "US Open",
    "fecha" : "20150831",
    "superficie" : "Hard",
    "resultado" : "6-0 7-6(2) 1-0 RET",
    "contrincante" : "Aleksandr Nedovyesov",
    "ganador" : true,
    "winnerAces" : 3,
    "winnerPrimerSaqueDentro" : 32,
    "winnerPrimerSaqueGanado" : 26,
    "winnerSegundoSaqueGanado" : 22,
    "winnerDobleFalta" : 4,
    "winnerServingPoints" : 73,
    "winnerServingGames" : 10,
    "loserAces" : 4,
    "loserPrimerSaqueDentro" : 31,
    "loserPrimerSaqueGanado" : 18,
    "loserSegundoSaqueGanado" : 9,
    "loserDobleFalta" : 4,
    "loserServingPoints" : 61,
    "loserServingGames" : 10
  }, {
    "torneo" : "US Open",
    "fecha" : "20150831",
    "superficie" : "Hard",
    "resultado" : "6-3 6-2 3-6 5-7 7-5",
    "contrincante" : "Bernard Tomic",
    "ganador" : false,
    "winnerAces" : 24,
    "winnerPrimerSaqueDentro" : 90,
    "winnerPrimerSaqueGanado" : 62,
    "winnerSegundoSaqueGanado" : 35,
    "winnerDobleFalta" : 4,
    "winnerServingPoints" : 159,
    "winnerServingGames" : 25,
    "loserAces" : 18,
    "loserPrimerSaqueDentro" : 84,
    "loserPrimerSaqueGanado" : 56,
    "loserSegundoSaqueGanado" : 38,
    "loserDobleFalta" : 7,
    "loserServingPoints" : 160,
    "loserServingGames" : 25
  }, {
    "torneo" : "London",
    "fecha" : "20150615",
    "superficie" : "Grass",
    "resultado" : "6-7(5) 7-5 6-2",
    "contrincante" : "Kevin Anderson",
    "ganador" : false,
    "winnerAces" : 22,
    "winnerPrimerSaqueDentro" : 59,
    "winnerPrimerSaqueGanado" : 46,
    "winnerSegundoSaqueGanado" : 25,
    "winnerDobleFalta" : 0,
    "winnerServingPoints" : 96,
    "winnerServingGames" : 16,
    "loserAces" : 1,
    "loserPrimerSaqueDentro" : 64,
    "loserPrimerSaqueGanado" : 49,
    "loserSegundoSaqueGanado" : 17,
    "loserDobleFalta" : 3,
    "loserServingPoints" : 102,
    "loserServingGames" : 16
  }, {
    "torneo" : "Australian Open",
    "fecha" : "20150119",
    "superficie" : "Hard",
    "resultado" : "6-3 1-6 6-0 6-4",
    "contrincante" : "Ze Zhang",
    "ganador" : true,
    "winnerAces" : 8,
    "winnerPrimerSaqueDentro" : 57,
    "winnerPrimerSaqueGanado" : 40,
    "winnerSegundoSaqueGanado" : 19,
    "winnerDobleFalta" : 4,
    "winnerServingPoints" : 90,
    "winnerServingGames" : 16,
    "loserAces" : 8,
    "loserPrimerSaqueDentro" : 76,
    "loserPrimerSaqueGanado" : 48,
    "loserSegundoSaqueGanado" : 14,
    "loserDobleFalta" : 5,
    "loserServingPoints" : 119,
    "loserServingGames" : 16
  }, {
    "torneo" : "Australian Open",
    "fecha" : "20150119",
    "superficie" : "Hard",
    "resultado" : "2-6 1-6 6-3 6-4 6-2",
    "contrincante" : "Benjamin Becker",
    "ganador" : false,
    "winnerAces" : 16,
    "winnerPrimerSaqueDentro" : 77,
    "winnerPrimerSaqueGanado" : 55,
    "winnerSegundoSaqueGanado" : 21,
    "winnerDobleFalta" : 2,
    "winnerServingPoints" : 122,
    "winnerServingGames" : 21,
    "loserAces" : 14,
    "loserPrimerSaqueDentro" : 66,
    "loserPrimerSaqueGanado" : 44,
    "loserSegundoSaqueGanado" : 34,
    "loserDobleFalta" : 4,
    "loserServingPoints" : 125,
    "loserServingGames" : 21
  }, {
    "torneo" : "Washington",
    "fecha" : "20150803",
    "superficie" : "Hard",
    "resultado" : "6-3 6-4",
    "contrincante" : "John Patrick Smith",
    "ganador" : true,
    "winnerAces" : 4,
    "winnerPrimerSaqueDentro" : 44,
    "winnerPrimerSaqueGanado" : 31,
    "winnerSegundoSaqueGanado" : 17,
    "winnerDobleFalta" : 0,
    "winnerServingPoints" : 77,
    "winnerServingGames" : 10,
    "loserAces" : 5,
    "loserPrimerSaqueDentro" : 26,
    "loserPrimerSaqueGanado" : 21,
    "loserSegundoSaqueGanado" : 13,