{
  "nombre" : "Marinko Matosevic",
  "mano" : "R",
  "nacionalidad" : "AUS",
  "edad" : 29.697467488,
  "ganar1Saque" : 0.6353315616195853,
  "ganar2Saque" : 0.5334329889579252,
  "primerSaque" : 0.595862629738721,
  "segundoSaque" : 0.35931800779971207,
  "ganarPuntoSacando" : 0.5702424139496618,
  "ganarPuntoRestando" : 0.33027265335274586,
  "probAce" : 0.05041518434882164,
  "clay" : {
    "nombre" : "Clay",
    "probVictoria" : 0.0,
    "probGanarPrimerSaque" : 0.5164916455745697,
    "probGanarSegundoSaque" : 0.5533388614654541,
    "probPrimerSaque" : 0.6324068784713746,
    "probSegundoSaque" : 0.3413151681423187,
    "probGanarPuntoSacando" : 0.5154958158751178,
    "probGanarPuntoRestando" : 0.30445799816681846,
    "probAce" : 0.0
  },
  "grass" : {
    "nombre" : "Grass",
    "probVictoria" : 0.0,
    "probGanarPrimerSaque" : 1.3888659477233887,
    "probGanarSegundoSaque" : 0.4396284967660904,
    "probPrimerSaque" : 0.5957291126251221,
    "probSegundoSaque" : 0.3769197016954422,
    "probGanarPuntoSacando" : 0.993092520450394,
    "probGanarPuntoRestando" : 0.31189996203014725,
    "probAce" : 0.0
  },
  "hard" : {
    "nombre" : "Hard",
    "probVictoria" : 0.31578946113586426,
    "probGanarPrimerSaque" : 0.6670646786689758,
    "probGanarSegundoSaque" : 0.5393049637476603,
    "probPrimerSaque" : 0.5836990157763163,
    "probSegundoSaque" : 0.3629720618327459,
    "probGanarPuntoSacando" : 0.5851176310463484,
    "probGanarPuntoRestando" : 0.341327230591068,
    "probAce" : 0.0
  },
  "other" : {
    "nombre" : "Other",
    "probVictoria" : 0.0,
    "probGanarPrimerSaque" : 0.0,
    "probGanarSegundoSaque" : 0.0,
    "probPrimerSaque" : 0.0,
    "probSegundoSaque" : 0.0,
    "probGanarPuntoSacando" : 0.0,
    "probGanarPuntoRestando" : 0.0,
    "probAce" : 0.0
  },
  "partidos" : [ {
    "torneo" : "Barcelona",
    "fecha" : "20150420",
    "superficie" : "Clay",
    "resultado" : "6-2 6-3",
    "contrincante" : "Marcel Granollers",
    "ganador" : false,
    "winnerAces" : 0,
    "winnerPrimerSaqueDentro" : 30,
    "winnerPrimerSaqueGanado" : 19,
    "winnerSegundoSaqueGanado" : 11,
    "winnerDobleFalta" : 1,
    "winnerServingPoints" : 49,
    "winnerServingGames" : 8,
    "loserAces" : 1,
    "loserPrimerSaqueDentro" : 37,
    "loserPrimerSaqueGanado" : 18,
    "loserSegundoSaqueGanado" : 7,
    "loserDobleFalta" : 1,
    "loserServingPoints" : 61,
    "loserServingGames" : 9
  }, {
    "torneo" : "Wimbledon",
    "fecha" : "20150629",
    "superficie" : "Grass",
    "resultado" : "5-7 4-6 6-3 6-2 6-3",
    "contrincante" : "Liam Broady",
    "ganador" : false,
    "winnerAces" : 14,
    "winnerPrimerSaqueDentro" : 77,
    "winnerPrimerSaqueGanado" : 59,
    "winnerSegundoSaqueGanado" : 36,
    "winnerDobleFalta" : 8,
    "winnerServingPoints" : 143,
    "winnerServingGames" : 24,
    "loserAces" : 6,
    "loserPrimerSaqueDentro" : 97,
    "loserPrimerSaqueGanado" : 61,
    "loserSegundoSaqueGanado" : 30,
    "loserDobleFalta" : 5,
    "loserServingPoints" : 159,
    "loserServingGames" : 24
  }, {
    "torneo" : "Indian Wells Masters",
    "fecha" : "20150312",
    "superficie" : "Hard",
    "resultado" : "5-7 6-4 6-3",
    "contrincante" : "Edouard Roger Vasselin",
    "ganador" : false,
    "winnerAces" : 2,
    "winnerPrimerSaqueDentro" : 51,
    "winnerPrimerSaqueGanado" : 38,
    "winnerSegundoSaqueGanado" : 17,
    "winnerDobleFalta" : 2,
    "winnerServingPoints" : 80,
    "winnerServingGames" : 15,
    "loserAces" : 4,
    "loserPrimerSaqueDentro" : 56,
    "loserPrimerSaqueGanado" : 34,
    "loserSegundoSaqueGanado" : 29,
    "loserDobleFalta" : 6,
    "loserServingPoints" : 107,
    "loserServingGames" : 16
  }, {
    "torneo" : "Miami Masters",
    "fecha" : "20150325",
    "superficie" : "Hard",
    "resultado" : "6-3 6-3",
    "contrincante" : "Jarkko Nieminen",
    "ganador" : false,
    "winnerAces" : 3,
    "winnerPrimerSaqueDentro" : 35,
    "winnerPrimerSaqueGanado" : 28,
    "winnerSegundoSaqueGanado" : 5,
    "winnerDobleFalta" : 2,
    "winnerServingPoints" : 49,
    "winnerServingGames" : 9,
    "loserAces" : 4,
    "loserPrimerSaqueDentro" : 39,
    "loserPrimerSaqueGanado" : 22,
    "loserSegundoSaqueGanado" : 9,
    "loserDobleFalta" : 1,
    "loserServingPoints" : 62,
    "loserServingGames" : 9
  }, {
    "torneo" : "Memphis",
    "fecha" : "20150209",
    "superficie" : "Hard",
    "resultado" : "6-4 6-4",
    "contrincante" : "Dustin Brown",
    "ganador" : false,
    "winnerAces" : 6,
    "winnerPrimerSaqueDentro" : 55,
    "winnerPrimerSaqueGanado" : 41,
    "winnerSegundoSaqueGanado" : 11,
    "winnerDobleFalta" : 6,
    "winnerServingPoints" : 85,
    "winnerServingGames" : 10,
    "loserAces" : 4,
    "loserPrimerSaqueDentro" : 47,
    "loserPrimerSaqueGanado" : 34,
    "loserSegundoSaqueGanado" : 12,
    "loserDobleFalta" : 3,
    "loserServingPoints" : 79,
    "loserServingGames" : 10
  }, {
    "torneo" : "Brisbane",
    "fecha" : "20150104",
    "superficie" : "Hard",
    "resultado" : "2-6 7-6(0) 7-5",
    "contrincante" : "Steve Johnson",
    "ganador" : false,
    "winnerAces" : 14,
    "winnerPrimerSaqueDentro" : 58,
    "winnerPrimerSaqueGanado" : 45,
    "winnerSegundoSaqueGanado" : 24,
    "winnerDobleFalta" : 3,
    "winnerServingPoints" : 95,
    "winnerServingGames" : 16,
    "loserAces" : 10,
    "loserPrimerSaqueDentro" : 68,
    "loserPrimerSaqueGanado" : 51,
    "loserSegundoSaqueGanado" : 19,
    "loserDobleFalta" : 5,
    "loserServingPoints" : 106,
    "loserServingGames" : 16
  }, {
    "torneo" : "Sydney",
    "fecha" : "20150111",
    "superficie" : "Hard",
    "resultado" : "6-3 6-2",
    "contrincante" : "Simone Bolelli",
    "ganador" : false,
    "winnerAces" : 7,
    "winnerPrimerSaqueDentro" : 33,
    "winnerPrimerSaqueGanado" : 27,
    "winnerSegundoSaqueGanado" : 9,
    "winnerDobleFalta" : 0,
    "winnerServingPoints" : 45,
    "winnerServingGames" : 9,
    "loserAces" : 5,
    "loserPrimerSaqueDentro" : 27,
    "loserPrimerSaqueGanado" : 18,
    "loserSegundoSaqueGanado" : 9,
    "loserDobleFalta" : 3,
    "loserServingPoints" : 45,
    "loserServingGames" : 8
  }, {
    "torneo" : "s-Hertogenbosch",
    "fecha" : "20150608",
    "superficie" : "Grass",
    "resultado" : "6-3 6-2",
    "contrincante" : "Vasek Pospisil",
    "ganador" : false,
    "winnerAces" : 3,
    "winnerPrimerSaqueDentro" : 36,
    "winnerPrimerSaqueGanado" : 27,
    "winnerSegundoSaqueGanado" : 15,
    "winnerDobleFalta" : 4,
    "winnerServingPoints" : 59,
    "winnerServingGames" : 9,
    "loserAces" : 0,
    "loserPrimerSaqueDentro" : 25,
    "loserPrimerSaqueGanado" : 19,
    "loserSegundoSaqueGanado" : 6,
    "loserDobleFalta" : 1,
    "loserServingPoints" : 43,
    "loserServingGames" : 8
  }, {
    "torneo" : "Australian Open",
    "fecha" : "20150119",
    "superficie" : "Hard",
    "resultado" : "6-4 6-7(5) 4-6 7-5 6-3",
    "contrincante" : "Alexander Kudryavtsev",
    "ganador" : true,
    "winnerAces" : 10,
    "winnerPrimerSaqueDentro" : 106,
    "winnerPrimerSaqueGanado" : 72,
    "winnerSegundoSaqueGanado" : 37,
    "winnerDobleFalta" : 7,
    "winnerServingPoints" : 167,
    "winnerServingGames" : 27,
    "loserAces" : 11,
    "loserPrimerSaqueDentro" : 88,
    "loserPrimerSaqueGanado" : 60,
    "loserSegundoSaqueGanado" : 49,
    "loserDobleFalta" : 7,
    "loserServingPoints" : 178,
    "loserServingGames" : 26
  }, {
    "torneo" : "Australian Open",
    "fecha" : "20150119",
    "superficie" : "Hard",
    "resultado" : "6-1 6-3 6-2",
    "contrincante" : "Andy Murray",
    "ganador" : false,
    "winnerAces" : 5,
    "winnerPrimerSaqueDentro" : 39,
    "winnerPrimerSaqueGanado" : 33,
    "winnerSegundoSaqueGanado" : 14,
    "winnerDobleFalta" : 2,
    "winnerServingPoints" : 63,
    "winnerServingGames" : 12,
    "loserAces" : 3,
    "loserPrimerSaqueDentro" : 43,
    "loserPrimerSaqueGanado" : 26,
    "loserSegundoSaqueGanado" : 14,
    "loserDobleFalta" : 6,