{
  "nombre" : "Mate Pavic",
  "mano" : "L",
  "nacionalidad" : "CRO",
  "edad" : 21.9274469541,
  "ganar1Saque" : 0.6881389692425728,
  "ganar2Saque" : 0.4680669028311968,
  "primerSaque" : 0.6543707549571991,
  "segundoSaque" : 0.3091110233217478,
  "ganarPuntoSacando" : 0.5949826561359235,
  "ganarPuntoRestando" : 0.3865964261921427,
  "probAce" : 0.07876712083816528,
  "clay" : {
    "nombre" : "Clay",
    "probVictoria" : 0.3333333432674408,
    "probGanarPrimerSaque" : 0.6724941730499268,
    "probGanarSegundoSaque" : 0.49259259800116223,
    "probPrimerSaque" : 0.6654600302378336,
    "probSegundoSaque" : 0.29702455302079517,
    "probGanarPuntoSacando" : 0.5938300889752186,
    "probGanarPuntoRestando" : 0.40793714184151986,
    "probAce" : 0.0
  },
  "grass" : {
    "nombre" : "Grass",
    "probVictoria" : 0.5714285969734192,
    "probGanarPrimerSaque" : 0.699999988079071,
    "probGanarSegundoSaque" : 0.5,
    "probPrimerSaque" : 0.6944444179534912,
    "probSegundoSaque" : 0.3055555522441864,
    "probGanarPuntoSacando" : 0.6388888604111145,
    "probGanarPuntoRestando" : 0.325301203114734,
    "probAce" : 0.0
  },
  "hard" : {
    "nombre" : "Hard",
    "probVictoria" : 0.2857142984867096,
    "probGanarPrimerSaque" : 0.6969073116779327,
    "probGanarSegundoSaque" : 0.4416893571615219,
    "probPrimerSaque" : 0.6360353827476501,
    "probSegundoSaque" : 0.31906474381685257,
    "probGanarPuntoSacando" : 0.5841852103120811,
    "probGanarPuntoRestando" : 0.385914695224462,
    "probAce" : 0.0
  },
  "other" : {
    "nombre" : "Other",
    "probVictoria" : 0.0,
    "probGanarPrimerSaque" : 0.0,
    "probGanarSegundoSaque" : 0.0,
    "probPrimerSaque" : 0.0,
    "probSegundoSaque" : 0.0,
    "probGanarPuntoSacando" : 0.0,
    "probGanarPuntoRestando" : 0.0,
    "probAce" : 0.0
  },
  "partidos" : [ {
    "torneo" : "Stuttgart",
    "fecha" : "20150608",
    "superficie" : "Grass",
    "resultado" : "3-6 6-2 6-3",
    "contrincante" : "Alexander Zverev",
    "ganador" : false,
    "winnerAces" : 6,
    "winnerPrimerSaqueDentro" : 47,
    "winnerPrimerSaqueGanado" : 38,
    "winnerSegundoSaqueGanado" : 18,
    "winnerDobleFalta" : 2,
    "winnerServingPoints" : 83,
    "winnerServingGames" : 13,
    "loserAces" : 3,
    "loserPrimerSaqueDentro" : 50,
    "loserPrimerSaqueGanado" : 35,
    "loserSegundoSaqueGanado" : 11,
    "loserDobleFalta" : 0,
    "loserServingPoints" : 72,
    "loserServingGames" : 13
  }, {
    "torneo" : "Stockholm Q",
    "fecha" : "20151019",
    "superficie" : "Hard",
    "resultado" : "6-3 7-5",
    "contrincante" : "Fred Simonsson",
    "ganador" : true,
    "winnerAces" : 0,
    "winnerPrimerSaqueDentro" : 0,
    "winnerPrimerSaqueGanado" : 0,
    "winnerSegundoSaqueGanado" : 0,
    "winnerDobleFalta" : 0,
    "winnerServingPoints" : 0,
    "winnerServingGames" : 0,
    "loserAces" : 0,
    "loserPrimerSaqueDentro" : 0,
    "loserPrimerSaqueGanado" : 0,
    "loserSegundoSaqueGanado" : 0,
    "loserDobleFalta" : 0,
    "loserServingPoints" : 0,
    "loserServingGames" : 0
  }, {
    "torneo" : "Stockholm Q",
    "fecha" : "20151019",
    "superficie" : "Hard",
    "resultado" : "7-5 4-6 6-3",
    "contrincante" : "Nicolas Almagro",
    "ganador" : false,
    "winnerAces" : 0,
    "winnerPrimerSaqueDentro" : 0,
    "winnerPrimerSaqueGanado" : 0,
    "winnerSegundoSaqueGanado" : 0,
    "winnerDobleFalta" : 0,
    "winnerServingPoints" : 0,
    "winnerServingGames" : 0,
    "loserAces" : 0,
    "loserPrimerSaqueDentro" : 0,
    "loserPrimerSaqueGanado" : 0,
    "loserSegundoSaqueGanado" : 0,
    "loserDobleFalta" : 0,
    "loserServingPoints" : 0,
    "loserServingGames" : 0
  }, {
    "torneo" : "Istanbul Q",
    "fecha" : "20150427",
    "superficie" : "Clay",
    "resultado" : "6-1 6-2",
    "contrincante" : "Aleksandr Nedovyesov",
    "ganador" : false,
    "winnerAces" : 5,
    "winnerPrimerSaqueDentro" : 30,
    "winnerPrimerSaqueGanado" : 25,
    "winnerSegundoSaqueGanado" : 11,
    "winnerDobleFalta" : 0,
    "winnerServingPoints" : 48,
    "winnerServingGames" : 8,
    "loserAces" : 2,
    "loserPrimerSaqueDentro" : 33,
    "loserPrimerSaqueGanado" : 20,
    "loserSegundoSaqueGanado" : 2,
    "loserDobleFalta" : 1,
    "loserServingPoints" : 44,
    "loserServingGames" : 7
  }, {
    "torneo" : "Nice Q",
    "fecha" : "20150517",
    "superficie" : "Clay",
    "resultado" : "6-0 6-1",
    "contrincante" : "Andre Sa",
    "ganador" : true,
    "winnerAces" : 2,
    "winnerPrimerSaqueDentro" : 33,
    "winnerPrimerSaqueGanado" : 25,
    "winnerSegundoSaqueGanado" : 11,
    "winnerDobleFalta" : 1,
    "winnerServingPoints" : 52,
    "winnerServingGames" : 7,
    "loserAces" : 1,
    "loserPrimerSaqueDentro" : 21,
    "loserPrimerSaqueGanado" : 8,
    "loserSegundoSaqueGanado" : 5,
    "loserDobleFalta" : 2,
    "loserServingPoints" : 34,
    "loserServingGames" : 6
  }, {
    "torneo" : "Nice Q",
    "fecha" : "20150517",
    "superficie" : "Clay",
    "resultado" : "2-6 6-3 6-3",
    "contrincante" : "Gianni Mina",
    "ganador" : false,
    "winnerAces" : 7,
    "winnerPrimerSaqueDentro" : 52,
    "winnerPrimerSaqueGanado" : 35,
    "winnerSegundoSaqueGanado" : 12,
    "winnerDobleFalta" : 0,
    "winnerServingPoints" : 73,
    "winnerServingGames" : 13,
    "loserAces" : 6,
    "loserPrimerSaqueDentro" : 52,
    "loserPrimerSaqueGanado" : 34,
    "loserSegundoSaqueGanado" : 18,
    "loserDobleFalta" : 6,
    "loserServingPoints" : 85,
    "loserServingGames" : 13
  }, {
    "torneo" : "Newport Q",
    "fecha" : "20150713",
    "superficie" : "Grass",
    "resultado" : "6-4 7-6(2)",
    "contrincante" : "Matthew Ebden",
    "ganador" : false,
    "winnerAces" : 0,
    "winnerPrimerSaqueDentro" : 0,
    "winnerPrimerSaqueGanado" : 0,
    "winnerSegundoSaqueGanado" : 0,
    "winnerDobleFalta" : 0,
    "winnerServingPoints" : 0,
    "winnerServingGames" : 0,
    "loserAces" : 0,
    "loserPrimerSaqueDentro" : 0,
    "loserPrimerSaqueGanado" : 0,
    "loserSegundoSaqueGanado" : 0,
    "loserDobleFalta" : 0,
    "loserServingPoints" : 0,
    "loserServingGames" : 0
  }, {
    "torneo" : "Nottingham Q",
    "fecha" : "20150621",
    "superficie" : "Grass",
    "resultado" : "6-4 6-4",
    "contrincante" : "James Marsalek",
    "ganador" : true,
    "winnerAces" : 0,
    "winnerPrimerSaqueDentro" : 0,
    "winnerPrimerSaqueGanado" : 0,
    "winnerSegundoSaqueGanado" : 0,
    "winnerDobleFalta" : 0,
    "winnerServingPoints" : 0,
    "winnerServingGames" : 0,
    "loserAces" : 0,
    "loserPrimerSaqueDentro" : 0,
    "loserPrimerSaqueGanado" : 0,
    "loserSegundoSaqueGanado" : 0,
    "loserDobleFalta" : 0,
    "loserServingPoints" : 0,
    "loserServingGames" : 0
  }, {
    "torneo" : "Nottingham Q",
    "fecha" : "20150621",
    "superficie" : "Grass",
    "resultado" : "7-6(4) 6-1",
    "contrincante" : "Go Soeda",
    "ganador" : false,
    "winnerAces" : 0,
    "winnerPrimerSaqueDentro" : 0,
    "winnerPrimerSaqueGanado" : 0,
    "winnerSegundoSaqueGanado" : 0,
    "winnerDobleFalta" : 0,
    "winnerServingPoints" : 0,
    "winnerServingGames" : 0,
    "loserAces" : 0,
    "loserPrimerSaqueDentro" : 0,
    "loserPrimerSaqueGanado" : 0,
    "loserSegundoSaqueGanado" : 0,
    "loserDobleFalta" : 0,
    "loserServingPoints" : 0,
    "loserServingGames" : 0
  }, {
    "torneo" : "Montpellier Q",
    "fecha" : "20150202",
    "superficie" : "Hard",
    "resultado" : "6-4 2-6 6-3",
    "contrincante" : "Thomas Fabbiano",
    "ganador" : false,
    "winnerAces" : 1,
    "winnerPrimerSaqueDentro" : 63,
    "winnerPrimerSaqueGanado" : 42,
    "winnerSegundoSaqueGanado" : 12,
    "winnerDobleFalta" : 7,
    "winnerServingPoints" : 93,
    "winnerServingGames" : 14,
    "loserAces" : 12,
    "loserPrimerSaqueDentro" : 66,
    "loserPrimerSaqueGanado" : 44,
    "loserSegundoSaqueGanado" : 11,
    "loserDobleFalta" : 5,
    "loserServingPoints" : 99,
    "loserServingGames" : 13
  }, {
    "torneo" : "Metz Q",