{
  "nombre" : "Matt Reid",
  "mano" : "U",
  "nacionalidad" : "AUS",
  "edad" : 24.8542094456,
  "ganar1Saque" : 0.750012015302976,
  "ganar2Saque" : 0.5557265107830366,
  "primerSaque" : 0.6012756576140722,
  "segundoSaque" : 0.33940447804828483,
  "ganarPuntoSacando" : 0.6395800340496636,
  "ganarPuntoRestando" : 0.33423980128338987,
  "probAce" : 0.12119504064321518,
  "clay" : {
    "nombre" : "Clay",
    "probVictoria" : 0.0,
    "probGanarPrimerSaque" : 0.6086956262588501,
    "probGanarSegundoSaque" : 0.47826087474823,
    "probPrimerSaque" : 0.43396225571632385,
    "probSegundoSaque" : 0.43396225571632385,
    "probGanarPuntoSacando" : 0.4716980950425551,
    "probGanarPuntoRestando" : 0.36842102311972713,
    "probAce" : 0.0
  },
  "grass" : {
    "nombre" : "Grass",
    "probVictoria" : 0.4000000059604645,
    "probGanarPrimerSaque" : 1.510869562625885,
    "probGanarSegundoSaque" : 0.6527777910232544,
    "probPrimerSaque" : 0.6700975298881531,
    "probSegundoSaque" : 0.2806067168712616,
    "probGanarPuntoSacando" : 1.1956037946843097,
    "probGanarPuntoRestando" : 0.32011123159512334,
    "probAce" : 0.0
  },
  "hard" : {
    "nombre" : "Hard",
    "probVictoria" : 0.44999998807907104,
    "probGanarPrimerSaque" : 0.7583218723535537,
    "probGanarSegundoSaque" : 0.5537679463624954,
    "probPrimerSaque" : 0.5997148141264915,
    "probSegundoSaque" : 0.3419860489666462,
    "probGanarPuntoSacando" : 0.644157772747448,
    "probGanarPuntoRestando" : 0.33326428250623874,
    "probAce" : 0.0
  },
  "other" : {
    "nombre" : "Other",
    "probVictoria" : 0.0,
    "probGanarPrimerSaque" : 0.7142857313156128,
    "probGanarSegundoSaque" : 0.47826087474823,
    "probPrimerSaque" : 0.662162184715271,
    "probSegundoSaque" : 0.31081080436706543,
    "probGanarPuntoSacando" : 0.6216216475366849,
    "probGanarPuntoRestando" : 0.34782609436661005,
    "probAce" : 0.0
  },
  "partidos" : [ {
    "torneo" : "Manchester CH",
    "fecha" : "20150602",
    "superficie" : "Grass",
    "resultado" : "6-4 6-2",
    "contrincante" : "Malek Jaziri",
    "ganador" : true,
    "winnerAces" : 4,
    "winnerPrimerSaqueDentro" : 36,
    "winnerPrimerSaqueGanado" : 27,
    "winnerSegundoSaqueGanado" : 12,
    "winnerDobleFalta" : 0,
    "winnerServingPoints" : 52,
    "winnerServingGames" : 9,
    "loserAces" : 2,
    "loserPrimerSaqueDentro" : 40,
    "loserPrimerSaqueGanado" : 25,
    "loserSegundoSaqueGanado" : 8,
    "loserDobleFalta" : 2,
    "loserServingPoints" : 56,
    "loserServingGames" : 9
  }, {
    "torneo" : "Manchester CH",
    "fecha" : "20150602",
    "superficie" : "Grass",
    "resultado" : "6-1 7-6(6)",
    "contrincante" : "Matthew Ebden",
    "ganador" : false,
    "winnerAces" : 7,
    "winnerPrimerSaqueDentro" : 39,
    "winnerPrimerSaqueGanado" : 32,
    "winnerSegundoSaqueGanado" : 15,
    "winnerDobleFalta" : 0,
    "winnerServingPoints" : 61,
    "winnerServingGames" : 10,
    "loserAces" : 5,
    "loserPrimerSaqueDentro" : 46,
    "loserPrimerSaqueGanado" : 35,
    "loserSegundoSaqueGanado" : 10,
    "loserDobleFalta" : 7,
    "loserServingPoints" : 71,
    "loserServingGames" : 9
  }, {
    "torneo" : "Burnie CH",
    "fecha" : "20150202",
    "superficie" : "Hard",
    "resultado" : "4-6 6-3 7-6(5)",
    "contrincante" : "Radu Albot",
    "ganador" : false,
    "winnerAces" : 4,
    "winnerPrimerSaqueDentro" : 72,
    "winnerPrimerSaqueGanado" : 50,
    "winnerSegundoSaqueGanado" : 16,
    "winnerDobleFalta" : 4,
    "winnerServingPoints" : 101,
    "winnerServingGames" : 16,
    "loserAces" : 16,
    "loserPrimerSaqueDentro" : 58,
    "loserPrimerSaqueGanado" : 44,
    "loserSegundoSaqueGanado" : 24,
    "loserDobleFalta" : 9,
    "loserServingPoints" : 117,
    "loserServingGames" : 15
  }, {
    "torneo" : "Cary CH",
    "fecha" : "20150914",
    "superficie" : "Hard",
    "resultado" : "6-7(3) 6-0 6-4",
    "contrincante" : "Kevin King",
    "ganador" : false,
    "winnerAces" : 13,
    "winnerPrimerSaqueDentro" : 60,
    "winnerPrimerSaqueGanado" : 43,
    "winnerSegundoSaqueGanado" : 18,
    "winnerDobleFalta" : 7,
    "winnerServingPoints" : 93,
    "winnerServingGames" : 14,
    "loserAces" : 8,
    "loserPrimerSaqueDentro" : 46,
    "loserPrimerSaqueGanado" : 31,
    "loserSegundoSaqueGanado" : 15,
    "loserDobleFalta" : 7,
    "loserServingPoints" : 86,
    "loserServingGames" : 14
  }, {
    "torneo" : "Columbus CH",
    "fecha" : "20150921",
    "superficie" : "Hard",
    "resultado" : "6-2 6-4",
    "contrincante" : "Henri Laaksonen",
    "ganador" : false,
    "winnerAces" : 9,
    "winnerPrimerSaqueDentro" : 24,
    "winnerPrimerSaqueGanado" : 23,
    "winnerSegundoSaqueGanado" : 13,
    "winnerDobleFalta" : 1,
    "winnerServingPoints" : 42,
    "winnerServingGames" : 9,
    "loserAces" : 5,
    "loserPrimerSaqueDentro" : 31,
    "loserPrimerSaqueGanado" : 21,
    "loserSegundoSaqueGanado" : 12,
    "loserDobleFalta" : 3,
    "loserServingPoints" : 59,
    "loserServingGames" : 9
  }, {
    "torneo" : "Traralgon CH",
    "fecha" : "20151026",
    "superficie" : "Hard",
    "resultado" : "5-0 RET",
    "contrincante" : "Gavin Van Peperzeel",
    "ganador" : true,
    "winnerAces" : 2,
    "winnerPrimerSaqueDentro" : 6,
    "winnerPrimerSaqueGanado" : 6,
    "winnerSegundoSaqueGanado" : 2,
    "winnerDobleFalta" : 1,
    "winnerServingPoints" : 10,
    "winnerServingGames" : 2,
    "loserAces" : 0,
    "loserPrimerSaqueDentro" : 12,
    "loserPrimerSaqueGanado" : 5,
    "loserSegundoSaqueGanado" : 1,
    "loserDobleFalta" : 2,
    "loserServingPoints" : 19,
    "loserServingGames" : 3
  }, {
    "torneo" : "Traralgon CH",
    "fecha" : "20151026",
    "superficie" : "Hard",
    "resultado" : "6-1 7-6(5)",
    "contrincante" : "Matthew Barton",
    "ganador" : false,
    "winnerAces" : 10,
    "winnerPrimerSaqueDentro" : 39,
    "winnerPrimerSaqueGanado" : 28,
    "winnerSegundoSaqueGanado" : 22,
    "winnerDobleFalta" : 1,
    "winnerServingPoints" : 69,
    "winnerServingGames" : 10,
    "loserAces" : 5,
    "loserPrimerSaqueDentro" : 43,
    "loserPrimerSaqueGanado" : 27,
    "loserSegundoSaqueGanado" : 17,
    "loserDobleFalta" : 2,
    "loserServingPoints" : 74,
    "loserServingGames" : 9
  }, {
    "torneo" : "Maui CH",
    "fecha" : "20150127",
    "superficie" : "Hard",
    "resultado" : "7-5 6-3",
    "contrincante" : "Denis Kudla",
    "ganador" : false,
    "winnerAces" : 6,
    "winnerPrimerSaqueDentro" : 33,
    "winnerPrimerSaqueGanado" : 24,
    "winnerSegundoSaqueGanado" : 14,
    "winnerDobleFalta" : 6,
    "winnerServingPoints" : 63,
    "winnerServingGames" : 10,
    "loserAces" : 6,
    "loserPrimerSaqueDentro" : 47,
    "loserPrimerSaqueGanado" : 33,
    "loserSegundoSaqueGanado" : 13,
    "loserDobleFalta" : 9,
    "loserServingPoints" : 91,
    "loserServingGames" : 11
  }, {
    "torneo" : "Canberra CH",
    "fecha" : "20151102",
    "superficie" : "Hard",
    "resultado" : "7-5 6-4",
    "contrincante" : "Daniel Hobart",
    "ganador" : true,
    "winnerAces" : 13,
    "winnerPrimerSaqueDentro" : 49,
    "winnerPrimerSaqueGanado" : 42,
    "winnerSegundoSaqueGanado" : 6,
    "winnerDobleFalta" : 6,
    "winnerServingPoints" : 75,
    "winnerServingGames" : 11,
    "loserAces" : 5,
    "loserPrimerSaqueDentro" : 45,
    "loserPrimerSaqueGanado" : 29,
    "loserSegundoSaqueGanado" : 13,
    "loserDobleFalta" : 5,
    "loserServingPoints" : 70,
    "loserServingGames" : 11
  }, {
    "torneo" : "Canberra CH",
    "fecha" : "20151102",
    "superficie" : "Hard",
    "resultado" : "6-2 6-4",
    "contrincante" : "Brydan Klein",
    "ganador" : true,
    "winnerAces" : 3,
    "winnerPrimerSaqueDentro" : 29,
    "winnerPrimerSaqueGanado" : 24,
    "winnerSegundoSaqueGanado" : 13,
    "winnerDobleFalta" : 1,
    "winnerServingPoints" : 47,
    "winnerServingGames" : 9,
    "loserAces" : 4,
    "loserPrimerSaqueDentro" : 44,
    "loserPrimerSaqueGanado" : 28,
    "loserSegundoSaqueGanado" : 9,