{
  "nombre" : "Maximilian Marterer",
  "mano" : "L",
  "nacionalidad" : "GER",
  "edad" : 20.3449691992,
  "ganar1Saque" : 0.7482573705561021,
  "ganar2Saque" : 0.5410543241921593,
  "primerSaque" : 0.5801060427637661,
  "segundoSaque" : 0.3923506561447592,
  "ganarPuntoSacando" : 0.6463516413088743,
  "ganarPuntoRestando" : 0.32834831147194976,
  "probAce" : 0.09664209932088852,
  "clay" : {
    "nombre" : "Clay",
    "probVictoria" : 0.5,
    "probGanarPrimerSaque" : 0.7347674250602723,
    "probGanarSegundoSaque" : 0.5440444827079773,
    "probPrimerSaque" : 0.5904013931751251,
    "probSegundoSaque" : 0.3924199461936951,
    "probGanarPuntoSacando" : 0.6473016180465252,
    "probGanarPuntoRestando" : 0.36305453533865684,
    "probAce" : 0.0
  },
  "grass" : {
    "nombre" : "Grass",
    "probVictoria" : 0.0,
    "probGanarPrimerSaque" : 0.7083333134651184,
    "probGanarSegundoSaque" : 0.5,
    "probPrimerSaque" : 0.6760563254356384,
    "probSegundoSaque" : 0.28169015049934387,
    "probGanarPuntoSacando" : 0.6197182923345501,
    "probGanarPuntoRestando" : 0.17857145249171325,
    "probAce" : 0.0
  },
  "hard" : {
    "nombre" : "Hard",
    "probVictoria" : 0.5,
    "probGanarPrimerSaque" : 0.7975794315338135,
    "probGanarSegundoSaque" : 0.5403846204280853,
    "probPrimerSaque" : 0.5533161938190461,
    "probSegundoSaque" : 0.41099612712860106,
    "probGanarPuntoSacando" : 0.6634096014804504,
    "probGanarPuntoRestando" : 0.31056089838528267,
    "probAce" : 0.0
  },
  "other" : {
    "nombre" : "Other",
    "probVictoria" : 0.0,
    "probGanarPrimerSaque" : 0.6764705777168274,
    "probGanarSegundoSaque" : 0.5555555820465088,
    "probPrimerSaque" : 0.5151515007019043,
    "probSegundoSaque" : 0.40909090638160706,
    "probGanarPuntoSacando" : 0.5757575698962754,
    "probGanarPuntoRestando" : 0.21999999721845032,
    "probAce" : 0.0
  },
  "partidos" : [ {
    "torneo" : "Stockholm",
    "fecha" : "20151019",
    "superficie" : "Hard",
    "resultado" : "6-7(4) 6-2 6-2",
    "contrincante" : "Leonardo Mayer",
    "ganador" : false,
    "winnerAces" : 5,
    "winnerPrimerSaqueDentro" : 52,
    "winnerPrimerSaqueGanado" : 43,
    "winnerSegundoSaqueGanado" : 20,
    "winnerDobleFalta" : 5,
    "winnerServingPoints" : 88,
    "winnerServingGames" : 14,
    "loserAces" : 7,
    "loserPrimerSaqueDentro" : 45,
    "loserPrimerSaqueGanado" : 33,
    "loserSegundoSaqueGanado" : 20,
    "loserDobleFalta" : 5,
    "loserServingPoints" : 82,
    "loserServingGames" : 14
  }, {
    "torneo" : "Stuttgart",
    "fecha" : "20150608",
    "superficie" : "Grass",
    "resultado" : "7-6(5) 6-3",
    "contrincante" : "Andreas Haider Maurer",
    "ganador" : false,
    "winnerAces" : 11,
    "winnerPrimerSaqueDentro" : 38,
    "winnerPrimerSaqueGanado" : 34,
    "winnerSegundoSaqueGanado" : 12,
    "winnerDobleFalta" : 2,
    "winnerServingPoints" : 56,
    "winnerServingGames" : 10,
    "loserAces" : 7,
    "loserPrimerSaqueDentro" : 48,
    "loserPrimerSaqueGanado" : 34,
    "loserSegundoSaqueGanado" : 10,
    "loserDobleFalta" : 3,
    "loserServingPoints" : 71,
    "loserServingGames" : 11
  }, {
    "torneo" : "Eckental CH",
    "fecha" : "20151102",
    "superficie" : "Carpet",
    "resultado" : "6-4 6-3",
    "contrincante" : "Ruben Bemelmans",
    "ganador" : false,
    "winnerAces" : 9,
    "winnerPrimerSaqueDentro" : 27,
    "winnerPrimerSaqueGanado" : 25,
    "winnerSegundoSaqueGanado" : 14,
    "winnerDobleFalta" : 2,
    "winnerServingPoints" : 50,
    "winnerServingGames" : 9,
    "loserAces" : 6,
    "loserPrimerSaqueDentro" : 34,
    "loserPrimerSaqueGanado" : 23,
    "loserSegundoSaqueGanado" : 15,
    "loserDobleFalta" : 5,
    "loserServingPoints" : 66,
    "loserServingGames" : 10
  }, {
    "torneo" : "Ortisei CH",
    "fecha" : "20151109",
    "superficie" : "Hard",
    "resultado" : "7-6(4) 6-7(4) 6-3",
    "contrincante" : "Ricardas Berankis",
    "ganador" : false,
    "winnerAces" : 6,
    "winnerPrimerSaqueDentro" : 49,
    "winnerPrimerSaqueGanado" : 38,
    "winnerSegundoSaqueGanado" : 32,
    "winnerDobleFalta" : 6,
    "winnerServingPoints" : 97,
    "winnerServingGames" : 16,
    "loserAces" : 14,
    "loserPrimerSaqueDentro" : 57,
    "loserPrimerSaqueGanado" : 45,
    "loserSegundoSaqueGanado" : 24,
    "loserDobleFalta" : 4,
    "loserServingPoints" : 109,
    "loserServingGames" : 17
  }, {
    "torneo" : "Furth CH",
    "fecha" : "20150602",
    "superficie" : "Clay",
    "resultado" : "7-5 6-1",
    "contrincante" : "Andreas Beck",
    "ganador" : true,
    "winnerAces" : 7,
    "winnerPrimerSaqueDentro" : 26,
    "winnerPrimerSaqueGanado" : 24,
    "winnerSegundoSaqueGanado" : 16,
    "winnerDobleFalta" : 1,
    "winnerServingPoints" : 47,
    "winnerServingGames" : 10,
    "loserAces" : 3,
    "loserPrimerSaqueDentro" : 29,
    "loserPrimerSaqueGanado" : 18,
    "loserSegundoSaqueGanado" : 11,
    "loserDobleFalta" : 4,
    "loserServingPoints" : 51,
    "loserServingGames" : 9
  }, {
    "torneo" : "Furth CH",
    "fecha" : "20150602",
    "superficie" : "Clay",
    "resultado" : "6-3 7-5",
    "contrincante" : "Blaz Rola",
    "ganador" : false,
    "winnerAces" : 4,
    "winnerPrimerSaqueDentro" : 30,
    "winnerPrimerSaqueGanado" : 22,
    "winnerSegundoSaqueGanado" : 18,
    "winnerDobleFalta" : 4,
    "winnerServingPoints" : 57,
    "winnerServingGames" : 11,
    "loserAces" : 2,
    "loserPrimerSaqueDentro" : 36,
    "loserPrimerSaqueGanado" : 25,
    "loserSegundoSaqueGanado" : 13,
    "loserDobleFalta" : 0,
    "loserServingPoints" : 66,
    "loserServingGames" : 10
  }, {
    "torneo" : "Tashkent CH",
    "fecha" : "20151012",
    "superficie" : "Hard",
    "resultado" : "6-4 6-4",
    "contrincante" : "Ti Chen",
    "ganador" : true,
    "winnerAces" : 14,
    "winnerPrimerSaqueDentro" : 24,
    "winnerPrimerSaqueGanado" : 21,
    "winnerSegundoSaqueGanado" : 18,
    "winnerDobleFalta" : 3,
    "winnerServingPoints" : 54,
    "winnerServingGames" : 10,
    "loserAces" : 2,
    "loserPrimerSaqueDentro" : 57,
    "loserPrimerSaqueGanado" : 33,
    "loserSegundoSaqueGanado" : 11,
    "loserDobleFalta" : 1,
    "loserServingPoints" : 75,
    "loserServingGames" : 10
  }, {
    "torneo" : "Tashkent CH",
    "fecha" : "20151012",
    "superficie" : "Hard",
    "resultado" : "3-6 6-3 7-6(4)",
    "contrincante" : "Denis Istomin",
    "ganador" : false,
    "winnerAces" : 7,
    "winnerPrimerSaqueDentro" : 72,
    "winnerPrimerSaqueGanado" : 55,
    "winnerSegundoSaqueGanado" : 17,
    "winnerDobleFalta" : 1,
    "winnerServingPoints" : 100,
    "winnerServingGames" : 15,
    "loserAces" : 19,
    "loserPrimerSaqueDentro" : 74,
    "loserPrimerSaqueGanado" : 56,
    "loserSegundoSaqueGanado" : 21,
    "loserDobleFalta" : 3,
    "loserServingPoints" : 119,
    "loserServingGames" : 15
  }, {
    "torneo" : "Braunchweig CH",
    "fecha" : "20150706",
    "superficie" : "Clay",
    "resultado" : "6-3 6-4",
    "contrincante" : "Horacio Zeballos",
    "ganador" : false,
    "winnerAces" : 5,
    "winnerPrimerSaqueDentro" : 40,
    "winnerPrimerSaqueGanado" : 33,
    "winnerSegundoSaqueGanado" : 11,
    "winnerDobleFalta" : 0,
    "winnerServingPoints" : 53,
    "winnerServingGames" : 10,
    "loserAces" : 1,
    "loserPrimerSaqueDentro" : 30,
    "loserPrimerSaqueGanado" : 20,
    "loserSegundoSaqueGanado" : 12,
    "loserDobleFalta" : 1,
    "loserServingPoints" : 50,
    "loserServingGames" : 9
  }, {
    "torneo" : "Kenitra CH",
    "fecha" : "20150914",
    "superficie" : "Clay",
    "resultado" : "7-6(5) 7-5",
    "contrincante" : "Lamine Ouahab",
    "ganador" : true,
    "winnerAces" : 5,
    "winnerPrimerSaqueDentro" : 41,
    "winnerPrimerSaqueGanado" : 33,
    "winnerSegundoSaqueGanado" : 13,
    "winnerDobleFalta" : 1,
    "winnerServingPoints" : 67,
    "winnerServingGames" : 12,
    "loserAces" : 2,
    "loserPrimerSaqueDentro" : 52,
    "loserPrimerSaqueGanado" : 36,
    "loserSegundoSaqueGanado" : 16,