{
  "nombre" : "Radek Stepanek",
  "mano" : "R",
  "nacionalidad" : "CZE",
  "edad" : 36.8542094456,
  "ganar1Saque" : 0.7136329327310834,
  "ganar2Saque" : 0.5777738520077297,
  "primerSaque" : 0.6343629381486348,
  "segundoSaque" : 0.32531970526490894,
  "ganarPuntoSacando" : 0.6406635032118428,
  "ganarPuntoRestando" : 0.3733533824013052,
  "probAce" : 0.06053496152162552,
  "clay" : {
    "nombre" : "Clay",
    "probVictoria" : 0.4545454680919647,
    "probGanarPrimerSaque" : 0.6869511116634716,
    "probGanarSegundoSaque" : 0.5497130778702822,
    "probPrimerSaque" : 0.6399073519489982,
    "probSegundoSaque" : 0.33187482302839105,
    "probGanarPuntoSacando" : 0.6220209972175847,
    "probGanarPuntoRestando" : 0.4001195405321243,
    "probAce" : 0.0
  },
  "grass" : {
    "nombre" : "Grass",
    "probVictoria" : 0.0,
    "probGanarPrimerSaque" : 1.3379360437393188,
    "probGanarSegundoSaque" : 0.4991258680820465,
    "probPrimerSaque" : 0.5740033388137817,
    "probSegundoSaque" : 0.3695392608642578,
    "probGanarPuntoSacando" : 0.9524263605949415,
    "probGanarPuntoRestando" : 0.28481606963361883,
    "probAce" : 0.0
  },
  "hard" : {
    "nombre" : "Hard",
    "probVictoria" : 0.46666666865348816,
    "probGanarPrimerSaque" : 0.7391549229621888,
    "probGanarSegundoSaque" : 0.6088381508986155,
    "probPrimerSaque" : 0.6383449812730153,
    "probSegundoSaque" : 0.3146166781584422,
    "probGanarPuntoSacando" : 0.6633864720280063,
    "probGanarPuntoRestando" : 0.365529841474396,
    "probAce" : 0.0
  },
  "other" : {
    "nombre" : "Other",
    "probVictoria" : 0.0,
    "probGanarPrimerSaque" : 0.0,
    "probGanarSegundoSaque" : 0.0,
    "probPrimerSaque" : 0.0,
    "probSegundoSaque" : 0.0,
    "probGanarPuntoSacando" : 0.0,
    "probGanarPuntoRestando" : 0.0,
    "probAce" : 0.0
  },
  "partidos" : [ {
    "torneo" : "Tokyo",
    "fecha" : "20151005",
    "superficie" : "Hard",
    "resultado" : "7-5 6-3",
    "contrincante" : "Stanislas Wawrinka",
    "ganador" : false,
    "winnerAces" : 11,
    "winnerPrimerSaqueDentro" : 37,
    "winnerPrimerSaqueGanado" : 30,
    "winnerSegundoSaqueGanado" : 12,
    "winnerDobleFalta" : 2,
    "winnerServingPoints" : 57,
    "winnerServingGames" : 11,
    "loserAces" : 2,
    "loserPrimerSaqueDentro" : 46,
    "loserPrimerSaqueGanado" : 33,
    "loserSegundoSaqueGanado" : 10,
    "loserDobleFalta" : 2,
    "loserServingPoints" : 71,
    "loserServingGames" : 10
  }, {
    "torneo" : "Wimbledon",
    "fecha" : "20150629",
    "superficie" : "Grass",
    "resultado" : "7-5 1-6 4-6 6-3 6-4",
    "contrincante" : "Aljaz Bedene",
    "ganador" : false,
    "winnerAces" : 22,
    "winnerPrimerSaqueDentro" : 84,
    "winnerPrimerSaqueGanado" : 63,
    "winnerSegundoSaqueGanado" : 34,
    "winnerDobleFalta" : 6,
    "winnerServingPoints" : 144,
    "winnerServingGames" : 24,
    "loserAces" : 8,
    "loserPrimerSaqueDentro" : 86,
    "loserPrimerSaqueGanado" : 64,
    "loserSegundoSaqueGanado" : 33,
    "loserDobleFalta" : 4,
    "loserServingPoints" : 142,
    "loserServingGames" : 24
  }, {
    "torneo" : "Kuala Lumpur",
    "fecha" : "20150928",
    "superficie" : "Hard",
    "resultado" : "7-6(6) 6-0",
    "contrincante" : "Yuichi Sugita",
    "ganador" : true,
    "winnerAces" : 9,
    "winnerPrimerSaqueDentro" : 40,
    "winnerPrimerSaqueGanado" : 29,
    "winnerSegundoSaqueGanado" : 12,
    "winnerDobleFalta" : 2,
    "winnerServingPoints" : 61,
    "winnerServingGames" : 9,
    "loserAces" : 3,
    "loserPrimerSaqueDentro" : 42,
    "loserPrimerSaqueGanado" : 21,
    "loserSegundoSaqueGanado" : 13,
    "loserDobleFalta" : 1,
    "loserServingPoints" : 69,
    "loserServingGames" : 9
  }, {
    "torneo" : "Kuala Lumpur",
    "fecha" : "20150928",
    "superficie" : "Hard",
    "resultado" : "7-5 6-3",
    "contrincante" : "David Ferrer",
    "ganador" : false,
    "winnerAces" : 2,
    "winnerPrimerSaqueDentro" : 41,
    "winnerPrimerSaqueGanado" : 27,
    "winnerSegundoSaqueGanado" : 14,
    "winnerDobleFalta" : 2,
    "winnerServingPoints" : 69,
    "winnerServingGames" : 11,
    "loserAces" : 2,
    "loserPrimerSaqueDentro" : 37,
    "loserPrimerSaqueGanado" : 23,
    "loserSegundoSaqueGanado" : 8,
    "loserDobleFalta" : 4,
    "loserServingPoints" : 64,
    "loserServingGames" : 10
  }, {
    "torneo" : "Bogota",
    "fecha" : "20150720",
    "superficie" : "Hard",
    "resultado" : "3-6 6-3 6-4",
    "contrincante" : "Edouard Roger Vasselin",
    "ganador" : true,
    "winnerAces" : 9,
    "winnerPrimerSaqueDentro" : 53,
    "winnerPrimerSaqueGanado" : 36,
    "winnerSegundoSaqueGanado" : 24,
    "winnerDobleFalta" : 6,
    "winnerServingPoints" : 87,
    "winnerServingGames" : 14,
    "loserAces" : 12,
    "loserPrimerSaqueDentro" : 65,
    "loserPrimerSaqueGanado" : 47,
    "loserSegundoSaqueGanado" : 16,
    "loserDobleFalta" : 4,
    "loserServingPoints" : 96,
    "loserServingGames" : 14
  }, {
    "torneo" : "Bogota",
    "fecha" : "20150720",
    "superficie" : "Hard",
    "resultado" : "6-4 6-0",
    "contrincante" : "Samuel Groth",
    "ganador" : true,
    "winnerAces" : 6,
    "winnerPrimerSaqueDentro" : 25,
    "winnerPrimerSaqueGanado" : 21,
    "winnerSegundoSaqueGanado" : 11,
    "winnerDobleFalta" : 1,
    "winnerServingPoints" : 40,
    "winnerServingGames" : 8,
    "loserAces" : 10,
    "loserPrimerSaqueDentro" : 25,
    "loserPrimerSaqueGanado" : 17,
    "loserSegundoSaqueGanado" : 6,
    "loserDobleFalta" : 3,
    "loserServingPoints" : 46,
    "loserServingGames" : 8
  }, {
    "torneo" : "Bogota",
    "fecha" : "20150720",
    "superficie" : "Hard",
    "resultado" : "3-6 7-6(7) 6-4",
    "contrincante" : "Ivo Karlovic",
    "ganador" : false,
    "winnerAces" : 27,
    "winnerPrimerSaqueDentro" : 57,
    "winnerPrimerSaqueGanado" : 52,
    "winnerSegundoSaqueGanado" : 13,
    "winnerDobleFalta" : 4,
    "winnerServingPoints" : 83,
    "winnerServingGames" : 15,
    "loserAces" : 7,
    "loserPrimerSaqueDentro" : 55,
    "loserPrimerSaqueGanado" : 50,
    "loserSegundoSaqueGanado" : 19,
    "loserDobleFalta" : 7,
    "loserServingPoints" : 86,
    "loserServingGames" : 16
  }, {
    "torneo" : "US Open",
    "fecha" : "20150831",
    "superficie" : "Hard",
    "resultado" : "6-0 2-6 6-4 3-2 RET",
    "contrincante" : "Marsel Ilhan",
    "ganador" : false,
    "winnerAces" : 13,
    "winnerPrimerSaqueDentro" : 65,
    "winnerPrimerSaqueGanado" : 46,
    "winnerSegundoSaqueGanado" : 19,
    "winnerDobleFalta" : 1,
    "winnerServingPoints" : 106,
    "winnerServingGames" : 15,
    "loserAces" : 6,
    "loserPrimerSaqueDentro" : 45,
    "loserPrimerSaqueGanado" : 32,
    "loserSegundoSaqueGanado" : 21,
    "loserDobleFalta" : 4,
    "loserServingPoints" : 93,
    "loserServingGames" : 15
  }, {
    "torneo" : "Vienna",
    "fecha" : "20151019",
    "superficie" : "Hard",
    "resultado" : "6-4 6-3",
    "contrincante" : "Dennis Novak",
    "ganador" : true,
    "winnerAces" : 5,
    "winnerPrimerSaqueDentro" : 39,
    "winnerPrimerSaqueGanado" : 30,
    "winnerSegundoSaqueGanado" : 4,
    "winnerDobleFalta" : 2,
    "winnerServingPoints" : 51,
    "winnerServingGames" : 9,
    "loserAces" : 10,
    "loserPrimerSaqueDentro" : 50,
    "loserPrimerSaqueGanado" : 37,
    "loserSegundoSaqueGanado" : 6,
    "loserDobleFalta" : 0,
    "loserServingPoints" : 81,
    "loserServingGames" : 10
  }, {
    "torneo" : "Vienna",
    "fecha" : "20151019",
    "superficie" : "Hard",
    "resultado" : "6-1 6-4",
    "contrincante" : "Fabio Fognini",
    "ganador" : false,
    "winnerAces" : 2,
    "winnerPrimerSaqueDentro" : 37,
    "winnerPrimerSaqueGanado" : 29,
    "winnerSegundoSaqueGanado" : 8,
    "winnerDobleFalta" : 0,
    "winnerServingPoints" : 49,
    "winnerServingGames" : 9,
    "loserAces" : 2,
    "loserPrimerSaqueDentro" : 27,
    "loserPrimerSaqueGanado" : 19,
    "loserSegundoSaqueGanado" : 12,
    "loserDobleFalta" : 6,
    "loserServingPoints" : 55,