{
  "nombre" : "Riccardo Ghedin",
  "mano" : "R",
  "nacionalidad" : "ITA",
  "edad" : 29.8891170431,
  "ganar1Saque" : 0.6769182888361124,
  "ganar2Saque" : 0.43039883558566755,
  "primerSaque" : 0.5641825772248782,
  "segundoSaque" : 0.3863873195189696,
  "ganarPuntoSacando" : 0.5482061571722442,
  "ganarPuntoRestando" : 0.3137552671720655,
  "probAce" : 0.06493506580591202,
  "clay" : {
    "nombre" : "Clay",
    "probVictoria" : 0.0,
    "probGanarPrimerSaque" : 0.5555555820465088,
    "probGanarSegundoSaque" : 0.4399999976158142,
    "probPrimerSaque" : 0.3913043439388275,
    "probSegundoSaque" : 0.54347825050354,
    "probGanarPuntoSacando" : 0.4565217414800671,
    "probGanarPuntoRestando" : 0.3898304928894497,
    "probAce" : 0.0
  },
  "grass" : {
    "nombre" : "Grass",
    "probVictoria" : 0.0,
    "probGanarPrimerSaque" : 0.0,
    "probGanarSegundoSaque" : 0.0,
    "probPrimerSaque" : 0.0,
    "probSegundoSaque" : 0.0,
    "probGanarPuntoSacando" : 0.0,
    "probGanarPuntoRestando" : 0.0,
    "probAce" : 0.0
  },
  "hard" : {
    "nombre" : "Hard",
    "probVictoria" : 0.3076923191547394,
    "probGanarPrimerSaque" : 0.6681495769457384,
    "probGanarSegundoSaque" : 0.43835013833912934,
    "probPrimerSaque" : 0.5845050595023416,
    "probSegundoSaque" : 0.36300640079108154,
    "probGanarPuntoSacando" : 0.5496607142338932,
    "probGanarPuntoRestando" : 0.31143909997586794,
    "probAce" : 0.0
  },
  "other" : {
    "nombre" : "Other",
    "probVictoria" : 0.0,
    "probGanarPrimerSaque" : 0.8947368264198303,
    "probGanarSegundoSaque" : 0.3333333432674408,
    "probPrimerSaque" : 0.5135135054588318,
    "probSegundoSaque" : 0.4864864945411682,
    "probGanarPuntoSacando" : 0.6216216138778226,
    "probGanarPuntoRestando" : 0.26315788061285494,
    "probAce" : 0.0
  },
  "partidos" : [ {
    "torneo" : "Suzhou CH",
    "fecha" : "20151026",
    "superficie" : "Hard",
    "resultado" : "6-1 6-0",
    "contrincante" : "Tristan Lamasine",
    "ganador" : false,
    "winnerAces" : 5,
    "winnerPrimerSaqueDentro" : 29,
    "winnerPrimerSaqueGanado" : 23,
    "winnerSegundoSaqueGanado" : 6,
    "winnerDobleFalta" : 1,
    "winnerServingPoints" : 40,
    "winnerServingGames" : 7,
    "loserAces" : 0,
    "loserPrimerSaqueDentro" : 21,
    "loserPrimerSaqueGanado" : 9,
    "loserSegundoSaqueGanado" : 6,
    "loserDobleFalta" : 0,
    "loserServingPoints" : 40,
    "loserServingGames" : 6
  }, {
    "torneo" : "Samarkand CH",
    "fecha" : "20150511",
    "superficie" : "Clay",
    "resultado" : "6-3 6-1",
    "contrincante" : "Aslan Karatsev",
    "ganador" : false,
    "winnerAces" : 3,
    "winnerPrimerSaqueDentro" : 37,
    "winnerPrimerSaqueGanado" : 25,
    "winnerSegundoSaqueGanado" : 11,
    "winnerDobleFalta" : 2,
    "winnerServingPoints" : 59,
    "winnerServingGames" : 8,
    "loserAces" : 2,
    "loserPrimerSaqueDentro" : 18,
    "loserPrimerSaqueGanado" : 10,
    "loserSegundoSaqueGanado" : 11,
    "loserDobleFalta" : 3,
    "loserServingPoints" : 46,
    "loserServingGames" : 8
  }, {
    "torneo" : "Ningbo CH",
    "fecha" : "20151019",
    "superficie" : "Hard",
    "resultado" : "4-1 RET",
    "contrincante" : "Hiroki Moriya",
    "ganador" : false,
    "winnerAces" : 7,
    "winnerPrimerSaqueDentro" : 10,
    "winnerPrimerSaqueGanado" : 9,
    "winnerSegundoSaqueGanado" : 3,
    "winnerDobleFalta" : 0,
    "winnerServingPoints" : 13,
    "winnerServingGames" : 3,
    "loserAces" : 0,
    "loserPrimerSaqueDentro" : 6,
    "loserPrimerSaqueGanado" : 3,
    "loserSegundoSaqueGanado" : 1,
    "loserDobleFalta" : 1,
    "loserServingPoints" : 9,
    "loserServingGames" : 2
  }, {
    "torneo" : "Segovia CH",
    "fecha" : "20150803",
    "superficie" : "Hard",
    "resultado" : "6-4 7-5",
    "contrincante" : "Nikola Mektic",
    "ganador" : false,
    "winnerAces" : 7,
    "winnerPrimerSaqueDentro" : 35,
    "winnerPrimerSaqueGanado" : 24,
    "winnerSegundoSaqueGanado" : 14,
    "winnerDobleFalta" : 1,
    "winnerServingPoints" : 60,
    "winnerServingGames" : 11,
    "loserAces" : 2,
    "loserPrimerSaqueDentro" : 35,
    "loserPrimerSaqueGanado" : 22,
    "loserSegundoSaqueGanado" : 10,
    "loserDobleFalta" : 5,
    "loserServingPoints" : 65,
    "loserServingGames" : 11
  }, {
    "torneo" : "Guangzhou CH",
    "fecha" : "20150309",
    "superficie" : "Hard",
    "resultado" : "6-2 6-3",
    "contrincante" : "Tristan Lamasine",
    "ganador" : false,
    "winnerAces" : 6,
    "winnerPrimerSaqueDentro" : 30,
    "winnerPrimerSaqueGanado" : 20,
    "winnerSegundoSaqueGanado" : 10,
    "winnerDobleFalta" : 0,
    "winnerServingPoints" : 46,
    "winnerServingGames" : 8,
    "loserAces" : 0,
    "loserPrimerSaqueDentro" : 32,
    "loserPrimerSaqueGanado" : 20,
    "loserSegundoSaqueGanado" : 6,
    "loserDobleFalta" : 5,
    "loserServingPoints" : 54,
    "loserServingGames" : 9
  }, {
    "torneo" : "Batman CH",
    "fecha" : "20150406",
    "superficie" : "Hard",
    "resultado" : "6-4 6-1",
    "contrincante" : "Yaraslau Shyla",
    "ganador" : false,
    "winnerAces" : 5,
    "winnerPrimerSaqueDentro" : 27,
    "winnerPrimerSaqueGanado" : 19,
    "winnerSegundoSaqueGanado" : 10,
    "winnerDobleFalta" : 2,
    "winnerServingPoints" : 41,
    "winnerServingGames" : 8,
    "loserAces" : 10,
    "loserPrimerSaqueDentro" : 32,
    "loserPrimerSaqueGanado" : 21,
    "loserSegundoSaqueGanado" : 8,
    "loserDobleFalta" : 5,
    "loserServingPoints" : 57,
    "loserServingGames" : 9
  }, {
    "torneo" : "Portoroz CH",
    "fecha" : "20150810",
    "superficie" : "Hard",
    "resultado" : "7-6(6) 6-3",
    "contrincante" : "Alexander Kudryavtsev",
    "ganador" : false,
    "winnerAces" : 8,
    "winnerPrimerSaqueDentro" : 38,
    "winnerPrimerSaqueGanado" : 28,
    "winnerSegundoSaqueGanado" : 17,
    "winnerDobleFalta" : 3,
    "winnerServingPoints" : 69,
    "winnerServingGames" : 11,
    "loserAces" : 1,
    "loserPrimerSaqueDentro" : 43,
    "loserPrimerSaqueGanado" : 30,
    "loserSegundoSaqueGanado" : 13,
    "loserDobleFalta" : 4,
    "loserServingPoints" : 75,
    "loserServingGames" : 10
  }, {
    "torneo" : "Nanchang CH",
    "fecha" : "20150914",
    "superficie" : "Hard",
    "resultado" : "6-1 0-6 6-1",
    "contrincante" : "Marco Trungelliti",
    "ganador" : true,
    "winnerAces" : 0,
    "winnerPrimerSaqueDentro" : 0,
    "winnerPrimerSaqueGanado" : 0,
    "winnerSegundoSaqueGanado" : 0,
    "winnerDobleFalta" : 0,
    "winnerServingPoints" : 0,
    "winnerServingGames" : 0,
    "loserAces" : 0,
    "loserPrimerSaqueDentro" : 0,
    "loserPrimerSaqueGanado" : 0,
    "loserSegundoSaqueGanado" : 0,
    "loserDobleFalta" : 0,
    "loserServingPoints" : 0,
    "loserServingGames" : 0
  }, {
    "torneo" : "Nanchang CH",
    "fecha" : "20150914",
    "superficie" : "Hard",
    "resultado" : "6-4 7-6(3)",
    "contrincante" : "Amir Weintraub",
    "ganador" : false,
    "winnerAces" : 0,
    "winnerPrimerSaqueDentro" : 0,
    "winnerPrimerSaqueGanado" : 0,
    "winnerSegundoSaqueGanado" : 0,
    "winnerDobleFalta" : 0,
    "winnerServingPoints" : 0,
    "winnerServingGames" : 0,
    "loserAces" : 0,
    "loserPrimerSaqueDentro" : 0,
    "loserPrimerSaqueGanado" : 0,
    "loserSegundoSaqueGanado" : 0,
    "loserDobleFalta" : 0,
    "loserServingPoints" : 0,
    "loserServingGames" : 0
  }, {
    "torneo" : "Karshi CH",
    "fecha" : "20150504",
    "superficie" : "Hard",
    "resultado" : "6-2 6-4",
    "contrincante" : "Brydan Klein",
    "ganador" : true,
    "winnerAces" : 4,
    "winnerPrimerSaqueDentro" : 33,
    "winnerPrimerSaqueGanado" : 27,
    "winnerSegundoSaqueGanado" : 13,
    "winnerDobleFalta" : 2,
    "winnerServingPoints" : 59,
    "winnerServingGames" : 9,
    "loserAces" : 2,
    "loserPrimerSaqueDentro" : 25,
    "loserPrimerSaqueGanado" : 14,
    "loserSegundoSaqueGanado" : 11,
    "loserDobleFalta" : 4,
    "loserServingPoints" : 48,
    "loserServingGames" : 9
  }, {
    "torneo" : "Karshi CH",