{
  "nombre" : "Yusuke Watanuki",
  "mano" : "U",
  "nacionalidad" : "JPN",
  "edad" : 24.7638603696,
  "ganar1Saque" : 0.673932534456253,
  "ganar2Saque" : 0.5128716230392456,
  "primerSaque" : 0.4795408010482788,
  "segundoSaque" : 0.4789417028427124,
  "ganarPuntoSacando" : 0.5688137559037703,
  "ganarPuntoRestando" : 0.3013035631256244,
  "probAce" : 0.05974842607975006,
  "clay" : {
    "nombre" : "Clay",
    "probVictoria" : 0.0,
    "probGanarPrimerSaque" : 0.7352941036224365,
    "probGanarSegundoSaque" : 0.5925925970077515,
    "probPrimerSaque" : 0.5151515007019043,
    "probSegundoSaque" : 0.40909090638160706,
    "probGanarPuntoSacando" : 0.6212121035632912,
    "probGanarPuntoRestando" : 0.21666665206201097,
    "probAce" : 0.0
  },
  "grass" : {
    "nombre" : "Grass",
    "probVictoria" : 0.0,
    "probGanarPrimerSaque" : 0.0,
    "probGanarSegundoSaque" : 0.0,
    "probPrimerSaque" : 0.0,
    "probSegundoSaque" : 0.0,
    "probGanarPuntoSacando" : 0.0,
    "probGanarPuntoRestando" : 0.0,
    "probAce" : 0.0
  },
  "hard" : {
    "nombre" : "Hard",
    "probVictoria" : 0.0,
    "probGanarPrimerSaque" : 0.5725672940413157,
    "probGanarSegundoSaque" : 0.44103896617889404,
    "probPrimerSaque" : 0.46962276101112366,
    "probSegundoSaque" : 0.4995918373266856,
    "probGanarPuntoSacando" : 0.4892301009383262,
    "probGanarPuntoRestando" : 0.3379963531097401,
    "probAce" : 0.0
  },
  "other" : {
    "nombre" : "Other",
    "probVictoria" : 0.0,
    "probGanarPrimerSaque" : 0.9166666865348816,
    "probGanarSegundoSaque" : 0.6486486196517944,
    "probPrimerSaque" : 0.4736842215061188,
    "probSegundoSaque" : 0.4868420958518982,
    "probGanarPuntoSacando" : 0.7499999992545892,
    "probGanarPuntoRestando" : 0.2758621042368907,
    "probAce" : 0.0
  },
  "partidos" : [ {
    "torneo" : "Kyoto CH",
    "fecha" : "20150223",
    "superficie" : "Hard",
    "resultado" : "6-3 6-4",
    "contrincante" : "Andriej Kapas",
    "ganador" : false,
    "winnerAces" : 3,
    "winnerPrimerSaqueDentro" : 38,
    "winnerPrimerSaqueGanado" : 28,
    "winnerSegundoSaqueGanado" : 10,
    "winnerDobleFalta" : 2,
    "winnerServingPoints" : 57,
    "winnerServingGames" : 10,
    "loserAces" : 1,
    "loserPrimerSaqueDentro" : 23,
    "loserPrimerSaqueGanado" : 17,
    "loserSegundoSaqueGanado" : 11,
    "loserDobleFalta" : 1,
    "loserServingPoints" : 49,
    "loserServingGames" : 9
  }, {
    "torneo" : "Yokohama CH",
    "fecha" : "20151116",
    "superficie" : "Hard",
    "resultado" : "7-5 6-1",
    "contrincante" : "Matthew Ebden",
    "ganador" : false,
    "winnerAces" : 6,
    "winnerPrimerSaqueDentro" : 34,
    "winnerPrimerSaqueGanado" : 26,
    "winnerSegundoSaqueGanado" : 13,
    "winnerDobleFalta" : 7,
    "winnerServingPoints" : 61,
    "winnerServingGames" : 10,
    "loserAces" : 6,
    "loserPrimerSaqueDentro" : 40,
    "loserPrimerSaqueGanado" : 22,
    "loserSegundoSaqueGanado" : 15,
    "loserDobleFalta" : 4,
    "loserServingPoints" : 77,
    "loserServingGames" : 9
  }, {
    "torneo" : "Guangzhou CH",
    "fecha" : "20150309",
    "superficie" : "Hard",
    "resultado" : "6-0 6-1",
    "contrincante" : "Chuhan Wang",
    "ganador" : false,
    "winnerAces" : 3,
    "winnerPrimerSaqueDentro" : 36,
    "winnerPrimerSaqueGanado" : 26,
    "winnerSegundoSaqueGanado" : 8,
    "winnerDobleFalta" : 2,
    "winnerServingPoints" : 50,
    "winnerServingGames" : 7,
    "loserAces" : 0,
    "loserPrimerSaqueDentro" : 21,
    "loserPrimerSaqueGanado" : 9,
    "loserSegundoSaqueGanado" : 12,
    "loserDobleFalta" : 1,
    "loserServingPoints" : 50,
    "loserServingGames" : 6
  }, {
    "torneo" : "An-Ning CH",
    "fecha" : "20150427",
    "superficie" : "Clay",
    "resultado" : "7-6(4) 6-1",
    "contrincante" : "Ruan Roelofse",
    "ganador" : false,
    "winnerAces" : 9,
    "winnerPrimerSaqueDentro" : 37,
    "winnerPrimerSaqueGanado" : 32,
    "winnerSegundoSaqueGanado" : 15,
    "winnerDobleFalta" : 0,
    "winnerServingPoints" : 60,
    "winnerServingGames" : 10,
    "loserAces" : 1,
    "loserPrimerSaqueDentro" : 34,
    "loserPrimerSaqueGanado" : 25,
    "loserSegundoSaqueGanado" : 16,
    "loserDobleFalta" : 5,
    "loserServingPoints" : 66,
    "loserServingGames" : 9
  }, {
    "torneo" : "Toyota CH",
    "fecha" : "20151123",
    "superficie" : "Carpet",
    "resultado" : "7-6(5) 7-6(4)",
    "contrincante" : "Tucker Vorster",
    "ganador" : false,
    "winnerAces" : 12,
    "winnerPrimerSaqueDentro" : 59,
    "winnerPrimerSaqueGanado" : 48,
    "winnerSegundoSaqueGanado" : 15,
    "winnerDobleFalta" : 2,
    "winnerServingPoints" : 87,
    "winnerServingGames" : 12,
    "loserAces" : 11,
    "loserPrimerSaqueDentro" : 36,
    "loserPrimerSaqueGanado" : 33,
    "loserSegundoSaqueGanado" : 24,
    "loserDobleFalta" : 3,
    "loserServingPoints" : 76,
    "loserServingGames" : 12
  } ]
}