{
  "nombre" : "Adrien Bossel",
  "mano" : "L",
  "nacionalidad" : "SUI",
  "edad" : 27.2169746749,
  "ganar1Saque" : 0.7369226972262065,
  "ganar2Saque" : 0.5291454454263051,
  "primerSaque" : 0.5836924930413564,
  "segundoSaque" : 0.3587334235509237,
  "ganarPuntoSacando" : 0.619958403516882,
  "ganarPuntoRestando" : 0.29445347923278076,
  "probAce" : 0.09183673560619354,
  "clay" : {
    "nombre" : "Clay",
    "probVictoria" : 0.0,
    "probGanarPrimerSaque" : 0.8717948794364929,
    "probGanarSegundoSaque" : 0.5833333134651184,
    "probPrimerSaque" : 0.4642857015132904,
    "probSegundoSaque" : 0.4285714328289032,
    "probGanarPuntoSacando" : 0.6547618911434441,
    "probGanarPuntoRestando" : 0.3333333427466718,
    "probAce" : 0.0
  },
  "grass" : {
    "nombre" : "Grass",
    "probVictoria" : 0.3333333432674408,
    "probGanarPrimerSaque" : 2.088235318660736,
    "probGanarSegundoSaque" : 0.44846657911936444,
    "probPrimerSaque" : 0.6236512462298075,
    "probSegundoSaque" : 0.3219059705734253,
    "probGanarPuntoSacando" : 1.44669462832503,
    "probGanarPuntoRestando" : 0.26412839770458635,
    "probAce" : 0.0
  },
  "hard" : {
    "nombre" : "Hard",
    "probVictoria" : 0.4545454680919647,
    "probGanarPrimerSaque" : 0.7358009327541698,
    "probGanarSegundoSaque" : 0.5462226027792151,
    "probPrimerSaque" : 0.5836498141288757,
    "probSegundoSaque" : 0.3624283644286069,
    "probGanarPuntoSacando" : 0.6274166421770322,
    "probGanarPuntoRestando" : 0.2991894229664801,
    "probAce" : 0.0
  },
  "other" : {
    "nombre" : "Other",
    "probVictoria" : 0.0,
    "probGanarPrimerSaque" : 0.0,
    "probGanarSegundoSaque" : 0.0,
    "probPrimerSaque" : 0.0,
    "probSegundoSaque" : 0.0,
    "probGanarPuntoSacando" : 0.0,
    "probGanarPuntoRestando" : 0.0,
    "probAce" : 0.0
  },
  "partidos" : [ {
    "torneo" : "Rimouski CH",
    "fecha" : "20140317",
    "superficie" : "Hard",
    "resultado" : "6-2 7-6(4)",
    "contrincante" : "Piotr Gadomski",
    "ganador" : false,
    "winnerAces" : 15,
    "winnerPrimerSaqueDentro" : 36,
    "winnerPrimerSaqueGanado" : 29,
    "winnerSegundoSaqueGanado" : 17,
    "winnerDobleFalta" : 1,
    "winnerServingPoints" : 56,
    "winnerServingGames" : 10,
    "loserAces" : 2,
    "loserPrimerSaqueDentro" : 40,
    "loserPrimerSaqueGanado" : 30,
    "loserSegundoSaqueGanado" : 12,
    "loserDobleFalta" : 2,
    "loserServingPoints" : 64,
    "loserServingGames" : 10
  }, {
    "torneo" : "Winnetka CH",
    "fecha" : "20140630",
    "superficie" : "Hard",
    "resultado" : "3-6 6-2 7-6(3)",
    "contrincante" : "Kevin King",
    "ganador" : true,
    "winnerAces" : 7,
    "winnerPrimerSaqueDentro" : 61,
    "winnerPrimerSaqueGanado" : 47,
    "winnerSegundoSaqueGanado" : 23,
    "winnerDobleFalta" : 6,
    "winnerServingPoints" : 113,
    "winnerServingGames" : 15,
    "loserAces" : 9,
    "loserPrimerSaqueDentro" : 48,
    "loserPrimerSaqueGanado" : 36,
    "loserSegundoSaqueGanado" : 21,
    "loserDobleFalta" : 2,
    "loserServingPoints" : 86,
    "loserServingGames" : 14
  }, {
    "torneo" : "Winnetka CH",
    "fecha" : "20140630",
    "superficie" : "Hard",
    "resultado" : "7-6(4) 1-6 6-1",
    "contrincante" : "Evgeny Donskoy",
    "ganador" : true,
    "winnerAces" : 7,
    "winnerPrimerSaqueDentro" : 59,
    "winnerPrimerSaqueGanado" : 44,
    "winnerSegundoSaqueGanado" : 15,
    "winnerDobleFalta" : 5,
    "winnerServingPoints" : 92,
    "winnerServingGames" : 13,
    "loserAces" : 9,
    "loserPrimerSaqueDentro" : 47,
    "loserPrimerSaqueGanado" : 35,
    "loserSegundoSaqueGanado" : 18,
    "loserDobleFalta" : 1,
    "loserServingPoints" : 76,
    "loserServingGames" : 13
  }, {
    "torneo" : "Winnetka CH",
    "fecha" : "20140630",
    "superficie" : "Hard",
    "resultado" : "6-3 6-4",
    "contrincante" : "Mackenzie Mcdonald",
    "ganador" : false,
    "winnerAces" : 7,
    "winnerPrimerSaqueDentro" : 35,
    "winnerPrimerSaqueGanado" : 30,
    "winnerSegundoSaqueGanado" : 9,
    "winnerDobleFalta" : 3,
    "winnerServingPoints" : 51,
    "winnerServingGames" : 9,
    "loserAces" : 3,
    "loserPrimerSaqueDentro" : 30,
    "loserPrimerSaqueGanado" : 21,
    "loserSegundoSaqueGanado" : 16,
    "loserDobleFalta" : 6,
    "loserServingPoints" : 64,
    "loserServingGames" : 10
  }, {
    "torneo" : "Granby CH",
    "fecha" : "20140714",
    "superficie" : "Hard",
    "resultado" : "6-1 6-7(4) 6-1",
    "contrincante" : "Benjamin Mitchell",
    "ganador" : false,
    "winnerAces" : 11,
    "winnerPrimerSaqueDentro" : 55,
    "winnerPrimerSaqueGanado" : 44,
    "winnerSegundoSaqueGanado" : 19,
    "winnerDobleFalta" : 8,
    "winnerServingPoints" : 92,
    "winnerServingGames" : 14,
    "loserAces" : 7,
    "loserPrimerSaqueDentro" : 49,
    "loserPrimerSaqueGanado" : 33,
    "loserSegundoSaqueGanado" : 14,
    "loserDobleFalta" : 6,
    "loserServingPoints" : 90,
    "loserServingGames" : 12
  }, {
    "torneo" : "Marseille Q",
    "fecha" : "20140217",
    "superficie" : "Hard",
    "resultado" : "4-6 6-1 6-2",
    "contrincante" : "Chieh Fu Wang",
    "ganador" : true,
    "winnerAces" : 14,
    "winnerPrimerSaqueDentro" : 40,
    "winnerPrimerSaqueGanado" : 34,
    "winnerSegundoSaqueGanado" : 16,
    "winnerDobleFalta" : 4,
    "winnerServingPoints" : 69,
    "winnerServingGames" : 13,
    "loserAces" : 6,
    "loserPrimerSaqueDentro" : 38,
    "loserPrimerSaqueGanado" : 26,
    "loserSegundoSaqueGanado" : 16,
    "loserDobleFalta" : 2,
    "loserServingPoints" : 67,
    "loserServingGames" : 12
  }, {
    "torneo" : "Marseille Q",
    "fecha" : "20140217",
    "superficie" : "Hard",
    "resultado" : "6-3 6-4",
    "contrincante" : "Henri Laaksonen",
    "ganador" : false,
    "winnerAces" : 10,
    "winnerPrimerSaqueDentro" : 31,
    "winnerPrimerSaqueGanado" : 28,
    "winnerSegundoSaqueGanado" : 12,
    "winnerDobleFalta" : 1,
    "winnerServingPoints" : 50,
    "winnerServingGames" : 10,
    "loserAces" : 3,
    "loserPrimerSaqueDentro" : 33,
    "loserPrimerSaqueGanado" : 26,
    "loserSegundoSaqueGanado" : 7,
    "loserDobleFalta" : 4,
    "loserServingPoints" : 53,
    "loserServingGames" : 9
  }, {
    "torneo" : "Newport Q",
    "fecha" : "20140707",
    "superficie" : "Grass",
    "resultado" : "6-2 6-1",
    "contrincante" : "Austin Krajicek",
    "ganador" : false,
    "winnerAces" : 4,
    "winnerPrimerSaqueDentro" : 23,
    "winnerPrimerSaqueGanado" : 21,
    "winnerSegundoSaqueGanado" : 7,
    "winnerDobleFalta" : 1,
    "winnerServingPoints" : 35,
    "winnerServingGames" : 7,
    "loserAces" : 4,
    "loserPrimerSaqueDentro" : 25,
    "loserPrimerSaqueGanado" : 15,
    "loserSegundoSaqueGanado" : 5,
    "loserDobleFalta" : 5,
    "loserServingPoints" : 47,
    "loserServingGames" : 8
  }, {
    "torneo" : "Gstaad Q",
    "fecha" : "20140721",
    "superficie" : "Clay",
    "resultado" : "6-4 1-6 7-5",
    "contrincante" : "Federico Zeballos",
    "ganador" : false,
    "winnerAces" : 3,
    "winnerPrimerSaqueDentro" : 42,
    "winnerPrimerSaqueGanado" : 32,
    "winnerSegundoSaqueGanado" : 14,
    "winnerDobleFalta" : 2,
    "winnerServingPoints" : 69,
    "winnerServingGames" : 14,
    "loserAces" : 7,
    "loserPrimerSaqueDentro" : 39,
    "loserPrimerSaqueGanado" : 34,
    "loserSegundoSaqueGanado" : 21,
    "loserDobleFalta" : 9,
    "loserServingPoints" : 84,
    "loserServingGames" : 15
  }, {
    "torneo" : "Stockholm Q",
    "fecha" : "20141013",
    "superficie" : "Hard",
    "resultado" : "5-7 7-6(5) 6-1",
    "contrincante" : "Vladimir Ivanov",
    "ganador" : false,
    "winnerAces" : 11,
    "winnerPrimerSaqueDentro" : 66,
    "winnerPrimerSaqueGanado" : 52,
    "winnerSegundoSaqueGanado" : 20,
    "winnerDobleFalta" : 3,
    "winnerServingPoints" : 109,
    "winnerServingGames" : 16,
    "loserAces" : 18,
    "loserPrimerSaqueDentro" : 58,
    "loserPrimerSaqueGanado" : 39,
    "loserSegundoSaqueGanado" : 23,
    "loserDobleFalta" : 4,