{
  "nombre" : "Bobby Reynolds",
  "mano" : "R",
  "nacionalidad" : "USA",
  "edad" : 31.627652293,
  "ganar1Saque" : 0.7233113646507263,
  "ganar2Saque" : 0.5325877282180285,
  "primerSaque" : 0.6397202516856947,
  "segundoSaque" : 0.32929834723472595,
  "ganarPuntoSacando" : 0.6380971869011801,
  "ganarPuntoRestando" : 0.3806735636736367,
  "probAce" : 0.09687034040689468,
  "clay" : {
    "nombre" : "Clay",
    "probVictoria" : 0.4000000059604645,
    "probGanarPrimerSaque" : 0.6810964822769165,
    "probGanarSegundoSaque" : 0.4355311423540115,
    "probPrimerSaque" : 0.6735390901565552,
    "probSegundoSaque" : 0.3050151437520981,
    "probGanarPuntoSacando" : 0.591588698975249,
    "probGanarPuntoRestando" : 0.3977391010015026,
    "probAce" : 0.0
  },
  "grass" : {
    "nombre" : "Grass",
    "probVictoria" : 0.6000000238418579,
    "probGanarPrimerSaque" : 1.2172436118125916,
    "probGanarSegundoSaque" : 0.6388888955116272,
    "probPrimerSaque" : 0.671867827574412,
    "probSegundoSaque" : 0.3129396041234334,
    "probGanarPuntoSacando" : 1.017760459137623,
    "probGanarPuntoRestando" : 0.33084414733914946,
    "probAce" : 0.0
  },
  "hard" : {
    "nombre" : "Hard",
    "probVictoria" : 0.3636363744735718,
    "probGanarPrimerSaque" : 0.7184496630321849,
    "probGanarSegundoSaque" : 0.5477131307125092,
    "probPrimerSaque" : 0.6155805316838351,
    "probSegundoSaque" : 0.34479764239354566,
    "probGanarPuntoSacando" : 0.6311138217350856,
    "probGanarPuntoRestando" : 0.3865063420703761,
    "probAce" : 0.0
  },
  "other" : {
    "nombre" : "Other",
    "probVictoria" : 0.0,
    "probGanarPrimerSaque" : 0.0,
    "probGanarSegundoSaque" : 0.0,
    "probPrimerSaque" : 0.0,
    "probSegundoSaque" : 0.0,
    "probGanarPuntoSacando" : 0.0,
    "probGanarPuntoRestando" : 0.0,
    "probAce" : 0.0
  },
  "partidos" : [ {
    "torneo" : "Irving CH",
    "fecha" : "20140310",
    "superficie" : "Hard",
    "resultado" : "1-6 7-5 6-4",
    "contrincante" : "Illya Marchenko",
    "ganador" : false,
    "winnerAces" : 1,
    "winnerPrimerSaqueDentro" : 53,
    "winnerPrimerSaqueGanado" : 35,
    "winnerSegundoSaqueGanado" : 16,
    "winnerDobleFalta" : 8,
    "winnerServingPoints" : 95,
    "winnerServingGames" : 15,
    "loserAces" : 1,
    "loserPrimerSaqueDentro" : 54,
    "loserPrimerSaqueGanado" : 27,
    "loserSegundoSaqueGanado" : 26,
    "loserDobleFalta" : 2,
    "loserServingPoints" : 103,
    "loserServingGames" : 14
  }, {
    "torneo" : "Dallas CH",
    "fecha" : "20140203",
    "superficie" : "Hard",
    "resultado" : "6-3 1-6 6-1",
    "contrincante" : "Tim Puetz",
    "ganador" : false,
    "winnerAces" : 14,
    "winnerPrimerSaqueDentro" : 41,
    "winnerPrimerSaqueGanado" : 32,
    "winnerSegundoSaqueGanado" : 16,
    "winnerDobleFalta" : 5,
    "winnerServingPoints" : 75,
    "winnerServingGames" : 12,
    "loserAces" : 11,
    "loserPrimerSaqueDentro" : 43,
    "loserPrimerSaqueGanado" : 32,
    "loserSegundoSaqueGanado" : 13,
    "loserDobleFalta" : 5,
    "loserServingPoints" : 75,
    "loserServingGames" : 11
  }, {
    "torneo" : "Rimouski CH",
    "fecha" : "20140317",
    "superficie" : "Hard",
    "resultado" : "6-3 6-3",
    "contrincante" : "Ante Pavic",
    "ganador" : false,
    "winnerAces" : 7,
    "winnerPrimerSaqueDentro" : 29,
    "winnerPrimerSaqueGanado" : 28,
    "winnerSegundoSaqueGanado" : 8,
    "winnerDobleFalta" : 2,
    "winnerServingPoints" : 45,
    "winnerServingGames" : 9,
    "loserAces" : 2,
    "loserPrimerSaqueDentro" : 49,
    "loserPrimerSaqueGanado" : 28,
    "loserSegundoSaqueGanado" : 9,
    "loserDobleFalta" : 5,
    "loserServingPoints" : 70,
    "loserServingGames" : 9
  }, {
    "torneo" : "Tallahassee CH",
    "fecha" : "20140428",
    "superficie" : "Clay",
    "resultado" : "6-2 6-2",
    "contrincante" : "Nicolas Meister",
    "ganador" : true,
    "winnerAces" : 4,
    "winnerPrimerSaqueDentro" : 37,
    "winnerPrimerSaqueGanado" : 27,
    "winnerSegundoSaqueGanado" : 10,
    "winnerDobleFalta" : 1,
    "winnerServingPoints" : 52,
    "winnerServingGames" : 8,
    "loserAces" : 3,
    "loserPrimerSaqueDentro" : 42,
    "loserPrimerSaqueGanado" : 25,
    "loserSegundoSaqueGanado" : 7,
    "loserDobleFalta" : 2,
    "loserServingPoints" : 62,
    "loserServingGames" : 8
  }, {
    "torneo" : "Tallahassee CH",
    "fecha" : "20140428",
    "superficie" : "Clay",
    "resultado" : "6-3 7-6(5)",
    "contrincante" : "Gerald Melzer",
    "ganador" : false,
    "winnerAces" : 8,
    "winnerPrimerSaqueDentro" : 46,
    "winnerPrimerSaqueGanado" : 35,
    "winnerSegundoSaqueGanado" : 16,
    "winnerDobleFalta" : 3,
    "winnerServingPoints" : 72,
    "winnerServingGames" : 11,
    "loserAces" : 7,
    "loserPrimerSaqueDentro" : 45,
    "loserPrimerSaqueGanado" : 33,
    "loserSegundoSaqueGanado" : 10,
    "loserDobleFalta" : 0,
    "loserServingPoints" : 66,
    "loserServingGames" : 10
  }, {
    "torneo" : "Savannah CH",
    "fecha" : "20140421",
    "superficie" : "Clay",
    "resultado" : "6-3 4-6 6-4",
    "contrincante" : "Antonio Veic",
    "ganador" : true,
    "winnerAces" : 1,
    "winnerPrimerSaqueDentro" : 62,
    "winnerPrimerSaqueGanado" : 42,
    "winnerSegundoSaqueGanado" : 15,
    "winnerDobleFalta" : 1,
    "winnerServingPoints" : 93,
    "winnerServingGames" : 15,
    "loserAces" : 2,
    "loserPrimerSaqueDentro" : 55,
    "loserPrimerSaqueGanado" : 32,
    "loserSegundoSaqueGanado" : 19,
    "loserDobleFalta" : 7,
    "loserServingPoints" : 95,
    "loserServingGames" : 14
  }, {
    "torneo" : "Savannah CH",
    "fecha" : "20140421",
    "superficie" : "Clay",
    "resultado" : "6-4 6-3",
    "contrincante" : "Facundo Bagnis",
    "ganador" : false,
    "winnerAces" : 3,
    "winnerPrimerSaqueDentro" : 45,
    "winnerPrimerSaqueGanado" : 31,
    "winnerSegundoSaqueGanado" : 9,
    "winnerDobleFalta" : 1,
    "winnerServingPoints" : 65,
    "winnerServingGames" : 10,
    "loserAces" : 1,
    "loserPrimerSaqueDentro" : 50,
    "loserPrimerSaqueGanado" : 32,
    "loserSegundoSaqueGanado" : 2,
    "loserDobleFalta" : 4,
    "loserServingPoints" : 67,
    "loserServingGames" : 9
  }, {
    "torneo" : "Sarasota CH",
    "fecha" : "20140414",
    "superficie" : "Clay",
    "resultado" : "6-3 6-3",
    "contrincante" : "Mischa Zverev",
    "ganador" : false,
    "winnerAces" : 4,
    "winnerPrimerSaqueDentro" : 40,
    "winnerPrimerSaqueGanado" : 28,
    "winnerSegundoSaqueGanado" : 5,
    "winnerDobleFalta" : 2,
    "winnerServingPoints" : 52,
    "winnerServingGames" : 9,
    "loserAces" : 1,
    "loserPrimerSaqueDentro" : 32,
    "loserPrimerSaqueGanado" : 20,
    "loserSegundoSaqueGanado" : 8,
    "loserDobleFalta" : 1,
    "loserServingPoints" : 57,
    "loserServingGames" : 9
  }, {
    "torneo" : "Morelos CH",
    "fecha" : "20140217",
    "superficie" : "Hard",
    "resultado" : "7-6(0) 6-4",
    "contrincante" : "Daniel Kosakowski",
    "ganador" : false,
    "winnerAces" : 6,
    "winnerPrimerSaqueDentro" : 45,
    "winnerPrimerSaqueGanado" : 31,
    "winnerSegundoSaqueGanado" : 9,
    "winnerDobleFalta" : 4,
    "winnerServingPoints" : 65,
    "winnerServingGames" : 11,
    "loserAces" : 8,
    "loserPrimerSaqueDentro" : 45,
    "loserPrimerSaqueGanado" : 30,
    "loserSegundoSaqueGanado" : 7,
    "loserDobleFalta" : 3,
    "loserServingPoints" : 65,
    "loserServingGames" : 11
  }, {
    "torneo" : "Australian Open Q",
    "fecha" : "20140113",
    "superficie" : "Hard",
    "resultado" : "6-4 7-6(1)",
    "contrincante" : "Miloslav Mecir",
    "ganador" : true,
    "winnerAces" : 13,
    "winnerPrimerSaqueDentro" : 42,
    "winnerPrimerSaqueGanado" : 32,
    "winnerSegundoSaqueGanado" : 17,
    "winnerDobleFalta" : 1,
    "winnerServingPoints" : 71,
    "winnerServingGames" : 11,
    "loserAces" : 11,
    "loserPrimerSaqueDentro" : 36,
    "loserPrimerSaqueGanado" : 28,
    "loserSegundoSaqueGanado" : 10,
    "loserDobleFalta" : 2,
    "loserServingPoints" : 57,