{
  "nombre" : "Danai Udomchoke",
  "mano" : "R",
  "nacionalidad" : "THA",
  "edad" : 33.0376454483,
  "ganar1Saque" : 0.6794879311009457,
  "ganar2Saque" : 0.5479536087889421,
  "primerSaque" : 0.6283696152661976,
  "segundoSaque" : 0.30721711171300786,
  "ganarPuntoSacando" : 0.5953102948887841,
  "ganarPuntoRestando" : 0.36932304418340745,
  "probAce" : 0.04904051125049591,
  "clay" : {
    "nombre" : "Clay",
    "probVictoria" : 0.0,
    "probGanarPrimerSaque" : 0.49180328845977783,
    "probGanarSegundoSaque" : 0.5769230723381042,
    "probPrimerSaque" : 0.6853932738304138,
    "probSegundoSaque" : 0.2921348214149475,
    "probGanarPuntoSacando" : 0.5056179846656654,
    "probGanarPuntoRestando" : 0.40624999161809683,
    "probAce" : 0.0
  },
  "grass" : {
    "nombre" : "Grass",
    "probVictoria" : 0.0,
    "probGanarPrimerSaque" : 0.0,
    "probGanarSegundoSaque" : 0.0,
    "probPrimerSaque" : 0.0,
    "probSegundoSaque" : 0.0,
    "probGanarPuntoSacando" : 0.0,
    "probGanarPuntoRestando" : 0.0,
    "probAce" : 0.0
  },
  "hard" : {
    "nombre" : "Hard",
    "probVictoria" : 0.4117647111415863,
    "probGanarPrimerSaque" : 0.6899752055897432,
    "probGanarSegundoSaque" : 0.5508004269179176,
    "probPrimerSaque" : 0.6308363307924831,
    "probSegundoSaque" : 0.3026464879512787,
    "probGanarPuntoSacando" : 0.6019592418007955,
    "probGanarPuntoRestando" : 0.3690316728402299,
    "probAce" : 0.0
  },
  "other" : {
    "nombre" : "Other",
    "probVictoria" : 0.0,
    "probGanarPrimerSaque" : 0.6888889074325562,
    "probGanarSegundoSaque" : 0.47058823704719543,
    "probPrimerSaque" : 0.529411792755127,
    "probSegundoSaque" : 0.4000000059604645,
    "probGanarPuntoSacando" : 0.5529412091167929,
    "probGanarPuntoRestando" : 0.33734940958273585,
    "probAce" : 0.0
  },
  "partidos" : [ {
    "torneo" : "Bangkok CH",
    "fecha" : "20140825",
    "superficie" : "Hard",
    "resultado" : "7-5 6-3",
    "contrincante" : "Hyeon Chung",
    "ganador" : false,
    "winnerAces" : 4,
    "winnerPrimerSaqueDentro" : 30,
    "winnerPrimerSaqueGanado" : 25,
    "winnerSegundoSaqueGanado" : 10,
    "winnerDobleFalta" : 3,
    "winnerServingPoints" : 52,
    "winnerServingGames" : 10,
    "loserAces" : 2,
    "loserPrimerSaqueDentro" : 38,
    "loserPrimerSaqueGanado" : 23,
    "loserSegundoSaqueGanado" : 10,
    "loserDobleFalta" : 3,
    "loserServingPoints" : 66,
    "loserServingGames" : 11
  }, {
    "torneo" : "Busan CH",
    "fecha" : "20140512",
    "superficie" : "Hard",
    "resultado" : "6-4 2-1 RET",
    "contrincante" : "Matt Reid",
    "ganador" : false,
    "winnerAces" : 4,
    "winnerPrimerSaqueDentro" : 15,
    "winnerPrimerSaqueGanado" : 11,
    "winnerSegundoSaqueGanado" : 13,
    "winnerDobleFalta" : 3,
    "winnerServingPoints" : 36,
    "winnerServingGames" : 6,
    "loserAces" : 2,
    "loserPrimerSaqueDentro" : 24,
    "loserPrimerSaqueGanado" : 14,
    "loserSegundoSaqueGanado" : 9,
    "loserDobleFalta" : 4,
    "loserServingPoints" : 44,
    "loserServingGames" : 7
  }, {
    "torneo" : "Tianjin CH",
    "fecha" : "20140616",
    "superficie" : "Hard",
    "resultado" : "6-4 6-3",
    "contrincante" : "Siyu Liu",
    "ganador" : true,
    "winnerAces" : 9,
    "winnerPrimerSaqueDentro" : 42,
    "winnerPrimerSaqueGanado" : 30,
    "winnerSegundoSaqueGanado" : 8,
    "winnerDobleFalta" : 0,
    "winnerServingPoints" : 54,
    "winnerServingGames" : 9,
    "loserAces" : 8,
    "loserPrimerSaqueDentro" : 39,
    "loserPrimerSaqueGanado" : 25,
    "loserSegundoSaqueGanado" : 6,
    "loserDobleFalta" : 4,
    "loserServingPoints" : 60,
    "loserServingGames" : 10
  }, {
    "torneo" : "Tianjin CH",
    "fecha" : "20140616",
    "superficie" : "Hard",
    "resultado" : "6-2 6-3",
    "contrincante" : "Shuichi Sekiguchi",
    "ganador" : true,
    "winnerAces" : 4,
    "winnerPrimerSaqueDentro" : 34,
    "winnerPrimerSaqueGanado" : 29,
    "winnerSegundoSaqueGanado" : 8,
    "winnerDobleFalta" : 1,
    "winnerServingPoints" : 45,
    "winnerServingGames" : 9,
    "loserAces" : 2,
    "loserPrimerSaqueDentro" : 30,
    "loserPrimerSaqueGanado" : 15,
    "loserSegundoSaqueGanado" : 11,
    "loserDobleFalta" : 0,
    "loserServingPoints" : 49,
    "loserServingGames" : 8
  }, {
    "torneo" : "Tianjin CH",
    "fecha" : "20140616",
    "superficie" : "Hard",
    "resultado" : "7-6(5) 6-3",
    "contrincante" : "Alexander Kudryavtsev",
    "ganador" : false,
    "winnerAces" : 9,
    "winnerPrimerSaqueDentro" : 33,
    "winnerPrimerSaqueGanado" : 29,
    "winnerSegundoSaqueGanado" : 13,
    "winnerDobleFalta" : 1,
    "winnerServingPoints" : 56,
    "winnerServingGames" : 10,
    "loserAces" : 3,
    "loserPrimerSaqueDentro" : 64,
    "loserPrimerSaqueGanado" : 42,
    "loserSegundoSaqueGanado" : 14,
    "loserDobleFalta" : 6,
    "loserServingPoints" : 97,
    "loserServingGames" : 11
  }, {
    "torneo" : "Pune CH",
    "fecha" : "20141020",
    "superficie" : "Hard",
    "resultado" : "6-3 6-1",
    "contrincante" : "Aleksandr Nedovyesov",
    "ganador" : false,
    "winnerAces" : 9,
    "winnerPrimerSaqueDentro" : 35,
    "winnerPrimerSaqueGanado" : 26,
    "winnerSegundoSaqueGanado" : 7,
    "winnerDobleFalta" : 1,
    "winnerServingPoints" : 46,
    "winnerServingGames" : 8,
    "loserAces" : 2,
    "loserPrimerSaqueDentro" : 34,
    "loserPrimerSaqueGanado" : 18,
    "loserSegundoSaqueGanado" : 8,
    "loserDobleFalta" : 9,
    "loserServingPoints" : 55,
    "loserServingGames" : 8
  }, {
    "torneo" : "Nanchang CH",
    "fecha" : "20140623",
    "superficie" : "Hard",
    "resultado" : "6-2 6-0",
    "contrincante" : "Rigele Te",
    "ganador" : true,
    "winnerAces" : 1,
    "winnerPrimerSaqueDentro" : 27,
    "winnerPrimerSaqueGanado" : 24,
    "winnerSegundoSaqueGanado" : 4,
    "winnerDobleFalta" : 4,
    "winnerServingPoints" : 38,
    "winnerServingGames" : 7,
    "loserAces" : 0,
    "loserPrimerSaqueDentro" : 18,
    "loserPrimerSaqueGanado" : 4,
    "loserSegundoSaqueGanado" : 7,
    "loserDobleFalta" : 1,
    "loserServingPoints" : 39,
    "loserServingGames" : 7
  }, {
    "torneo" : "Nanchang CH",
    "fecha" : "20140623",
    "superficie" : "Hard",
    "resultado" : "7-5 6-1",
    "contrincante" : "Go Soeda",
    "ganador" : false,
    "winnerAces" : 10,
    "winnerPrimerSaqueDentro" : 28,
    "winnerPrimerSaqueGanado" : 25,
    "winnerSegundoSaqueGanado" : 13,
    "winnerDobleFalta" : 1,
    "winnerServingPoints" : 50,
    "winnerServingGames" : 10,
    "loserAces" : 4,
    "loserPrimerSaqueDentro" : 49,
    "loserPrimerSaqueGanado" : 30,
    "loserSegundoSaqueGanado" : 7,
    "loserDobleFalta" : 3,
    "loserServingPoints" : 71,
    "loserServingGames" : 9
  }, {
    "torneo" : "Burnie CH",
    "fecha" : "20140127",
    "superficie" : "Hard",
    "resultado" : "7-6(2) 3-6 6-1",
    "contrincante" : "Brydan Klein",
    "ganador" : true,
    "winnerAces" : 1,
    "winnerPrimerSaqueDentro" : 63,
    "winnerPrimerSaqueGanado" : 41,
    "winnerSegundoSaqueGanado" : 19,
    "winnerDobleFalta" : 4,
    "winnerServingPoints" : 96,
    "winnerServingGames" : 14,
    "loserAces" : 11,
    "loserPrimerSaqueDentro" : 63,
    "loserPrimerSaqueGanado" : 41,
    "loserSegundoSaqueGanado" : 17,
    "loserDobleFalta" : 7,
    "loserServingPoints" : 102,
    "loserServingGames" : 14
  }, {
    "torneo" : "Burnie CH",
    "fecha" : "20140127",
    "superficie" : "Hard",
    "resultado" : "6-7(5) 7-5 6-4",
    "contrincante" : "Matt Reid",
    "ganador" : false,
    "winnerAces" : 18,
    "winnerPrimerSaqueDentro" : 59,
    "winnerPrimerSaqueGanado" : 43,
    "winnerSegundoSaqueGanado" : 26,
    "winnerDobleFalta" : 5,
    "winnerServingPoints" : 107,
    "winnerServingGames" : 17,
    "loserAces" : 9,
    "loserPrimerSaqueDentro" : 69,
    "loserPrimerSaqueGanado" : 50,
    "loserSegundoSaqueGanado" : 21,
    "loserDobleFalta" : 7,
    "loserServingPoints" : 114,