{
  "nombre" : "David Rice",
  "mano" : "R",
  "nacionalidad" : "GBR",
  "edad" : 25.3963039014,
  "ganar1Saque" : 0.6603637412190437,
  "ganar2Saque" : 0.486370787024498,
  "primerSaque" : 0.6535521000623703,
  "segundoSaque" : 0.2963447142392397,
  "ganarPuntoSacando" : 0.5757155217738387,
  "ganarPuntoRestando" : 0.3185921129592585,
  "probAce" : 0.03873239457607269,
  "clay" : {
    "nombre" : "Clay",
    "probVictoria" : 0.0,
    "probGanarPrimerSaque" : 0.5941964387893677,
    "probGanarSegundoSaque" : 0.39444445073604584,
    "probPrimerSaque" : 0.6116666495800018,
    "probSegundoSaque" : 0.3050000071525574,
    "probGanarPuntoSacando" : 0.4837557052024417,
    "probGanarPuntoRestando" : 0.31862573481164874,
    "probAce" : 0.0
  },
  "grass" : {
    "nombre" : "Grass",
    "probVictoria" : 0.25,
    "probGanarPrimerSaque" : 1.98664790391922,
    "probGanarSegundoSaque" : 0.5754771729310354,
    "probPrimerSaque" : 0.7246341506640116,
    "probSegundoSaque" : 0.2539024402697881,
    "probGanarPuntoSacando" : 1.5857079750516916,
    "probGanarPuntoRestando" : 0.2752882972972788,
    "probAce" : 0.0
  },
  "hard" : {
    "nombre" : "Hard",
    "probVictoria" : 0.0,
    "probGanarPrimerSaque" : 0.7026230494181315,
    "probGanarSegundoSaque" : 0.458548625310262,
    "probPrimerSaque" : 0.6103936831156412,
    "probSegundoSaque" : 0.3330167929331462,
    "probGanarPuntoSacando" : 0.5815810635810028,
    "probGanarPuntoRestando" : 0.3618735140529778,
    "probAce" : 0.0
  },
  "other" : {
    "nombre" : "Other",
    "probVictoria" : 0.0,
    "probGanarPrimerSaque" : 0.0,
    "probGanarSegundoSaque" : 0.0,
    "probPrimerSaque" : 0.0,
    "probSegundoSaque" : 0.0,
    "probGanarPuntoSacando" : 0.0,
    "probGanarPuntoRestando" : 0.0,
    "probAce" : 0.0
  },
  "partidos" : [ {
    "torneo" : "Nottingham CH",
    "fecha" : "20140603",
    "superficie" : "Grass",
    "resultado" : "2-6 6-3 6-1",
    "contrincante" : "Kenny De Schepper",
    "ganador" : false,
    "winnerAces" : 9,
    "winnerPrimerSaqueDentro" : 39,
    "winnerPrimerSaqueGanado" : 28,
    "winnerSegundoSaqueGanado" : 15,
    "winnerDobleFalta" : 1,
    "winnerServingPoints" : 59,
    "winnerServingGames" : 12,
    "loserAces" : 3,
    "loserPrimerSaqueDentro" : 61,
    "loserPrimerSaqueGanado" : 37,
    "loserSegundoSaqueGanado" : 9,
    "loserDobleFalta" : 2,
    "loserServingPoints" : 82,
    "loserServingGames" : 12
  }, {
    "torneo" : "Astana II CH",
    "fecha" : "20140721",
    "superficie" : "Hard",
    "resultado" : "6-3 2-6 7-6(0)",
    "contrincante" : "Dmitry Popko",
    "ganador" : false,
    "winnerAces" : 1,
    "winnerPrimerSaqueDentro" : 81,
    "winnerPrimerSaqueGanado" : 44,
    "winnerSegundoSaqueGanado" : 11,
    "winnerDobleFalta" : 3,
    "winnerServingPoints" : 101,
    "winnerServingGames" : 15,
    "loserAces" : 1,
    "loserPrimerSaqueDentro" : 58,
    "loserPrimerSaqueGanado" : 36,
    "loserSegundoSaqueGanado" : 15,
    "loserDobleFalta" : 9,
    "loserServingPoints" : 98,
    "loserServingGames" : 14
  }, {
    "torneo" : "St. Brieuc CH",
    "fecha" : "20140331",
    "superficie" : "Hard",
    "resultado" : "6-3 7-6(4)",
    "contrincante" : "Michael Berrer",
    "ganador" : false,
    "winnerAces" : 2,
    "winnerPrimerSaqueDentro" : 40,
    "winnerPrimerSaqueGanado" : 32,
    "winnerSegundoSaqueGanado" : 19,
    "winnerDobleFalta" : 1,
    "winnerServingPoints" : 71,
    "winnerServingGames" : 11,
    "loserAces" : 2,
    "loserPrimerSaqueDentro" : 39,
    "loserPrimerSaqueGanado" : 28,
    "loserSegundoSaqueGanado" : 13,
    "loserDobleFalta" : 1,
    "loserServingPoints" : 61,
    "loserServingGames" : 10
  }, {
    "torneo" : "Nottingham2 CH",
    "fecha" : "20140609",
    "superficie" : "Grass",
    "resultado" : "6-4 6-7(4) 7-5",
    "contrincante" : "Dimitar Kutrovsky",
    "ganador" : true,
    "winnerAces" : 11,
    "winnerPrimerSaqueDentro" : 68,
    "winnerPrimerSaqueGanado" : 52,
    "winnerSegundoSaqueGanado" : 20,
    "winnerDobleFalta" : 4,
    "winnerServingPoints" : 100,
    "winnerServingGames" : 17,
    "loserAces" : 0,
    "loserPrimerSaqueDentro" : 67,
    "loserPrimerSaqueGanado" : 50,
    "loserSegundoSaqueGanado" : 21,
    "loserDobleFalta" : 1,
    "loserServingPoints" : 106,
    "loserServingGames" : 17
  }, {
    "torneo" : "Nottingham2 CH",
    "fecha" : "20140609",
    "superficie" : "Grass",
    "resultado" : "6-3 6-4",
    "contrincante" : "Gilles Muller",
    "ganador" : false,
    "winnerAces" : 13,
    "winnerPrimerSaqueDentro" : 36,
    "winnerPrimerSaqueGanado" : 28,
    "winnerSegundoSaqueGanado" : 10,
    "winnerDobleFalta" : 1,
    "winnerServingPoints" : 49,
    "winnerServingGames" : 10,
    "loserAces" : 2,
    "loserPrimerSaqueDentro" : 39,
    "loserPrimerSaqueGanado" : 24,
    "loserSegundoSaqueGanado" : 7,
    "loserDobleFalta" : 0,
    "loserServingPoints" : 52,
    "loserServingGames" : 9
  }, {
    "torneo" : "Tallahassee CH",
    "fecha" : "20140428",
    "superficie" : "Clay",
    "resultado" : "7-6(3) 6-1",
    "contrincante" : "Antonio Veic",
    "ganador" : false,
    "winnerAces" : 2,
    "winnerPrimerSaqueDentro" : 36,
    "winnerPrimerSaqueGanado" : 28,
    "winnerSegundoSaqueGanado" : 11,
    "winnerDobleFalta" : 2,
    "winnerServingPoints" : 61,
    "winnerServingGames" : 10,
    "loserAces" : 1,
    "loserPrimerSaqueDentro" : 35,
    "loserPrimerSaqueGanado" : 23,
    "loserSegundoSaqueGanado" : 6,
    "loserDobleFalta" : 10,
    "loserServingPoints" : 60,
    "loserServingGames" : 9
  }, {
    "torneo" : "Savannah CH",
    "fecha" : "20140421",
    "superficie" : "Clay",
    "resultado" : "6-2 6-2",
    "contrincante" : "Alex Bogomolov Jr",
    "ganador" : false,
    "winnerAces" : 3,
    "winnerPrimerSaqueDentro" : 27,
    "winnerPrimerSaqueGanado" : 22,
    "winnerSegundoSaqueGanado" : 12,
    "winnerDobleFalta" : 2,
    "winnerServingPoints" : 47,
    "winnerServingGames" : 8,
    "loserAces" : 2,
    "loserPrimerSaqueDentro" : 32,
    "loserPrimerSaqueGanado" : 17,
    "loserSegundoSaqueGanado" : 7,
    "loserDobleFalta" : 0,
    "loserServingPoints" : 50,
    "loserServingGames" : 8
  }, {
    "torneo" : "Segovia CH",
    "fecha" : "20140728",
    "superficie" : "Hard",
    "resultado" : "6-3 6-4",
    "contrincante" : "Kyle Edmund",
    "ganador" : false,
    "winnerAces" : 3,
    "winnerPrimerSaqueDentro" : 35,
    "winnerPrimerSaqueGanado" : 26,
    "winnerSegundoSaqueGanado" : 17,
    "winnerDobleFalta" : 7,
    "winnerServingPoints" : 66,
    "winnerServingGames" : 10,
    "loserAces" : 0,
    "loserPrimerSaqueDentro" : 39,
    "loserPrimerSaqueGanado" : 30,
    "loserSegundoSaqueGanado" : 6,
    "loserDobleFalta" : 4,
    "loserServingPoints" : 65,
    "loserServingGames" : 9
  }, {
    "torneo" : "Wimbledon Q",
    "fecha" : "20140623",
    "superficie" : "Grass",
    "resultado" : "6-7(5) 6-1 6-2",
    "contrincante" : "Marc Gicquel",
    "ganador" : false,
    "winnerAces" : 0,
    "winnerPrimerSaqueDentro" : 0,
    "winnerPrimerSaqueGanado" : 0,
    "winnerSegundoSaqueGanado" : 0,
    "winnerDobleFalta" : 0,
    "winnerServingPoints" : 0,
    "winnerServingGames" : 0,
    "loserAces" : 0,
    "loserPrimerSaqueDentro" : 0,
    "loserPrimerSaqueGanado" : 0,
    "loserSegundoSaqueGanado" : 0,
    "loserDobleFalta" : 0,
    "loserServingPoints" : 0,
    "loserServingGames" : 0
  } ]
}