{
  "nombre" : "Dimitar Kutrovsky",
  "mano" : "R",
  "nacionalidad" : "BUL",
  "edad" : 26.7460643395,
  "ganar1Saque" : 0.6989290876822039,
  "ganar2Saque" : 0.568680234930732,
  "primerSaque" : 0.5904679000377655,
  "segundoSaque" : 0.37146382846615533,
  "ganarPuntoSacando" : 0.6239393279194245,
  "ganarPuntoRestando" : 0.3287209180516404,
  "probAce" : 0.01690821163356304,
  "clay" : {
    "nombre" : "Clay",
    "probVictoria" : 0.0,
    "probGanarPrimerSaque" : 0.6184210777282715,
    "probGanarSegundoSaque" : 0.4864864945411682,
    "probPrimerSaque" : 0.60317462682724,
    "probSegundoSaque" : 0.2936508059501648,
    "probGanarPuntoSacando" : 0.5158730539867342,
    "probGanarPuntoRestando" : 0.4601769810241456,
    "probAce" : 0.0
  },
  "grass" : {
    "nombre" : "Grass",
    "probVictoria" : 0.5,
    "probGanarPrimerSaque" : 1.4431654214859009,
    "probGanarSegundoSaque" : 0.6348684132099152,
    "probPrimerSaque" : 0.6098102778196335,
    "probSegundoSaque" : 0.3628936782479286,
    "probGanarPuntoSacando" : 1.1104468402891776,
    "probGanarPuntoRestando" : 0.30252853836308424,
    "probAce" : 0.0
  },
  "hard" : {
    "nombre" : "Hard",
    "probVictoria" : 0.1666666716337204,
    "probGanarPrimerSaque" : 0.6972446739673615,
    "probGanarSegundoSaque" : 0.5382537394762039,
    "probPrimerSaque" : 0.5754551937182745,
    "probSegundoSaque" : 0.3901460990309715,
    "probGanarPuntoSacando" : 0.6112306656723969,
    "probGanarPuntoRestando" : 0.3242731606819269,
    "probAce" : 0.0
  },
  "other" : {
    "nombre" : "Other",
    "probVictoria" : 0.0,
    "probGanarPrimerSaque" : 0.0,
    "probGanarSegundoSaque" : 0.0,
    "probPrimerSaque" : 0.0,
    "probSegundoSaque" : 0.0,
    "probGanarPuntoSacando" : 0.0,
    "probGanarPuntoRestando" : 0.0,
    "probAce" : 0.0
  },
  "partidos" : [ {
    "torneo" : "Nottingham CH",
    "fecha" : "20140603",
    "superficie" : "Grass",
    "resultado" : "6-3 3-6 6-2",
    "contrincante" : "Daniel Smethurst",
    "ganador" : true,
    "winnerAces" : 1,
    "winnerPrimerSaqueDentro" : 47,
    "winnerPrimerSaqueGanado" : 31,
    "winnerSegundoSaqueGanado" : 18,
    "winnerDobleFalta" : 1,
    "winnerServingPoints" : 72,
    "winnerServingGames" : 13,
    "loserAces" : 5,
    "loserPrimerSaqueDentro" : 43,
    "loserPrimerSaqueGanado" : 30,
    "loserSegundoSaqueGanado" : 15,
    "loserDobleFalta" : 4,
    "loserServingPoints" : 72,
    "loserServingGames" : 13
  }, {
    "torneo" : "Nottingham CH",
    "fecha" : "20140603",
    "superficie" : "Grass",
    "resultado" : "6-4 2-6 7-6(7)",
    "contrincante" : "Ryan Harrison",
    "ganador" : true,
    "winnerAces" : 2,
    "winnerPrimerSaqueDentro" : 60,
    "winnerPrimerSaqueGanado" : 42,
    "winnerSegundoSaqueGanado" : 28,
    "winnerDobleFalta" : 6,
    "winnerServingPoints" : 104,
    "winnerServingGames" : 15,
    "loserAces" : 11,
    "loserPrimerSaqueDentro" : 61,
    "loserPrimerSaqueGanado" : 47,
    "loserSegundoSaqueGanado" : 22,
    "loserDobleFalta" : 3,
    "loserServingPoints" : 94,
    "loserServingGames" : 15
  }, {
    "torneo" : "Nottingham CH",
    "fecha" : "20140603",
    "superficie" : "Grass",
    "resultado" : "6-3 7-6(4)",
    "contrincante" : "Marinko Matosevic",
    "ganador" : false,
    "winnerAces" : 13,
    "winnerPrimerSaqueDentro" : 48,
    "winnerPrimerSaqueGanado" : 37,
    "winnerSegundoSaqueGanado" : 22,
    "winnerDobleFalta" : 1,
    "winnerServingPoints" : 83,
    "winnerServingGames" : 11,
    "loserAces" : 2,
    "loserPrimerSaqueDentro" : 41,
    "loserPrimerSaqueGanado" : 32,
    "loserSegundoSaqueGanado" : 14,
    "loserDobleFalta" : 2,
    "loserServingPoints" : 71,
    "loserServingGames" : 10
  }, {
    "torneo" : "Sacramento CH",
    "fecha" : "20140929",
    "superficie" : "Hard",
    "resultado" : "3-2 RET",
    "contrincante" : "Michael Russell",
    "ganador" : true,
    "winnerAces" : 0,
    "winnerPrimerSaqueDentro" : 10,
    "winnerPrimerSaqueGanado" : 7,
    "winnerSegundoSaqueGanado" : 5,
    "winnerDobleFalta" : 0,
    "winnerServingPoints" : 17,
    "winnerServingGames" : 3,
    "loserAces" : 1,
    "loserPrimerSaqueDentro" : 7,
    "loserPrimerSaqueGanado" : 7,
    "loserSegundoSaqueGanado" : 1,
    "loserDobleFalta" : 0,
    "loserServingPoints" : 11,
    "loserServingGames" : 2
  }, {
    "torneo" : "Sacramento CH",
    "fecha" : "20140929",
    "superficie" : "Hard",
    "resultado" : "7-5 6-3",
    "contrincante" : "John Millman",
    "ganador" : false,
    "winnerAces" : 5,
    "winnerPrimerSaqueDentro" : 45,
    "winnerPrimerSaqueGanado" : 34,
    "winnerSegundoSaqueGanado" : 13,
    "winnerDobleFalta" : 1,
    "winnerServingPoints" : 71,
    "winnerServingGames" : 11,
    "loserAces" : 1,
    "loserPrimerSaqueDentro" : 44,
    "loserPrimerSaqueGanado" : 29,
    "loserSegundoSaqueGanado" : 4,
    "loserDobleFalta" : 2,
    "loserServingPoints" : 59,
    "loserServingGames" : 10
  }, {
    "torneo" : "Champaign CH",
    "fecha" : "20141110",
    "superficie" : "Hard",
    "resultado" : "4-6 6-1 7-5",
    "contrincante" : "Adrian Mannarino",
    "ganador" : false,
    "winnerAces" : 11,
    "winnerPrimerSaqueDentro" : 56,
    "winnerPrimerSaqueGanado" : 43,
    "winnerSegundoSaqueGanado" : 12,
    "winnerDobleFalta" : 2,
    "winnerServingPoints" : 87,
    "winnerServingGames" : 15,
    "loserAces" : 3,
    "loserPrimerSaqueDentro" : 51,
    "loserPrimerSaqueGanado" : 37,
    "loserSegundoSaqueGanado" : 9,
    "loserDobleFalta" : 2,
    "loserServingPoints" : 79,
    "loserServingGames" : 14
  }, {
    "torneo" : "Nottingham2 CH",
    "fecha" : "20140609",
    "superficie" : "Grass",
    "resultado" : "6-4 6-7(4) 7-5",
    "contrincante" : "David Rice",
    "ganador" : false,
    "winnerAces" : 11,
    "winnerPrimerSaqueDentro" : 68,
    "winnerPrimerSaqueGanado" : 52,
    "winnerSegundoSaqueGanado" : 20,
    "winnerDobleFalta" : 4,
    "winnerServingPoints" : 100,
    "winnerServingGames" : 17,
    "loserAces" : 0,
    "loserPrimerSaqueDentro" : 67,
    "loserPrimerSaqueGanado" : 50,
    "loserSegundoSaqueGanado" : 21,
    "loserDobleFalta" : 1,
    "loserServingPoints" : 106,
    "loserServingGames" : 17
  }, {
    "torneo" : "San Luis Potosi CH",
    "fecha" : "20140414",
    "superficie" : "Clay",
    "resultado" : "6-3 3-6 7-5",
    "contrincante" : "Peter Torebko",
    "ganador" : false,
    "winnerAces" : 8,
    "winnerPrimerSaqueDentro" : 63,
    "winnerPrimerSaqueGanado" : 40,
    "winnerSegundoSaqueGanado" : 21,
    "winnerDobleFalta" : 17,
    "winnerServingPoints" : 113,
    "winnerServingGames" : 15,
    "loserAces" : 1,
    "loserPrimerSaqueDentro" : 76,
    "loserPrimerSaqueGanado" : 47,
    "loserSegundoSaqueGanado" : 18,
    "loserDobleFalta" : 13,
    "loserServingPoints" : 126,
    "loserServingGames" : 15
  }, {
    "torneo" : "Gimcheon CH",
    "fecha" : "20140505",
    "superficie" : "Hard",
    "resultado" : "2-6 6-3 6-4",
    "contrincante" : "Alex Bolt",
    "ganador" : false,
    "winnerAces" : 11,
    "winnerPrimerSaqueDentro" : 79,
    "winnerPrimerSaqueGanado" : 55,
    "winnerSegundoSaqueGanado" : 18,
    "winnerDobleFalta" : 3,
    "winnerServingPoints" : 119,
    "winnerServingGames" : 14,
    "loserAces" : 1,
    "loserPrimerSaqueDentro" : 43,
    "loserPrimerSaqueGanado" : 32,
    "loserSegundoSaqueGanado" : 22,
    "loserDobleFalta" : 2,
    "loserServingPoints" : 80,
    "loserServingGames" : 13
  }, {
    "torneo" : "Canada Masters Q",
    "fecha" : "20140804",
    "superficie" : "Hard",
    "resultado" : "7-5 6-3",
    "contrincante" : "Michael Llodra",
    "ganador" : false,
    "winnerAces" : 13,
    "winnerPrimerSaqueDentro" : 36,
    "winnerPrimerSaqueGanado" : 34,
    "winnerSegundoSaqueGanado" : 10,
    "winnerDobleFalta" : 3,
    "winnerServingPoints" : 52,
    "winnerServingGames" : 11,
    "loserAces" : 2,
    "loserPrimerSaqueDentro" : 27,
    "loserPrimerSaqueGanado" : 21,
    "loserSegundoSaqueGanado" : 15,
    "loserDobleFalta" : 3,