{
  "nombre" : "Elias Ymer",
  "mano" : "R",
  "nacionalidad" : "SWE",
  "edad" : 18.2395619439,
  "ganar1Saque" : 0.6869137520375459,
  "ganar2Saque" : 0.4951761040998542,
  "primerSaque" : 0.5720625040323838,
  "segundoSaque" : 0.387238340533298,
  "ganarPuntoSacando" : 0.5847087738682496,
  "ganarPuntoRestando" : 0.37671501168111776,
  "probAce" : 0.057532623410224915,
  "clay" : {
    "nombre" : "Clay",
    "probVictoria" : 0.5454545617103577,
    "probGanarPrimerSaque" : 0.686600847677751,
    "probGanarSegundoSaque" : 0.4906788576732982,
    "probPrimerSaque" : 0.5881605744361877,
    "probSegundoSaque" : 0.370638833804564,
    "probGanarPuntoSacando" : 0.5856961885591063,
    "probGanarPuntoRestando" : 0.39455390876984614,
    "probAce" : 0.0
  },
  "grass" : {
    "nombre" : "Grass",
    "probVictoria" : 0.0,
    "probGanarPrimerSaque" : 0.0,
    "probGanarSegundoSaque" : 0.0,
    "probPrimerSaque" : 0.0,
    "probSegundoSaque" : 0.0,
    "probGanarPuntoSacando" : 0.0,
    "probGanarPuntoRestando" : 0.0,
    "probAce" : 0.0
  },
  "hard" : {
    "nombre" : "Hard",
    "probVictoria" : 0.27272728085517883,
    "probGanarPrimerSaque" : 0.6902328025210988,
    "probGanarSegundoSaque" : 0.5006122236902063,
    "probPrimerSaque" : 0.5692219788377936,
    "probSegundoSaque" : 0.38986100391908124,
    "probGanarPuntoSacando" : 0.5880648658118433,
    "probGanarPuntoRestando" : 0.3586876709522537,
    "probAce" : 0.0
  },
  "other" : {
    "nombre" : "Other",
    "probVictoria" : 0.0,
    "probGanarPrimerSaque" : 0.6538461446762085,
    "probGanarSegundoSaque" : 0.4848484992980957,
    "probPrimerSaque" : 0.4262295067310333,
    "probSegundoSaque" : 0.5409836173057556,
    "probGanarPuntoSacando" : 0.5409836147188791,
    "probGanarPuntoRestando" : 0.37878789172261107,
    "probAce" : 0.0
  },
  "partidos" : [ {
    "torneo" : "Bastad",
    "fecha" : "20140707",
    "superficie" : "Clay",
    "resultado" : "6-3 7-5",
    "contrincante" : "Mikhail Kukushkin",
    "ganador" : true,
    "winnerAces" : 7,
    "winnerPrimerSaqueDentro" : 38,
    "winnerPrimerSaqueGanado" : 28,
    "winnerSegundoSaqueGanado" : 17,
    "winnerDobleFalta" : 4,
    "winnerServingPoints" : 73,
    "winnerServingGames" : 11,
    "loserAces" : 0,
    "loserPrimerSaqueDentro" : 26,
    "loserPrimerSaqueGanado" : 18,
    "loserSegundoSaqueGanado" : 13,
    "loserDobleFalta" : 2,
    "loserServingPoints" : 53,
    "loserServingGames" : 10
  }, {
    "torneo" : "Bastad",
    "fecha" : "20140707",
    "superficie" : "Clay",
    "resultado" : "6-3 7-5",
    "contrincante" : "Joao Sousa",
    "ganador" : false,
    "winnerAces" : 2,
    "winnerPrimerSaqueDentro" : 34,
    "winnerPrimerSaqueGanado" : 29,
    "winnerSegundoSaqueGanado" : 20,
    "winnerDobleFalta" : 2,
    "winnerServingPoints" : 69,
    "winnerServingGames" : 11,
    "loserAces" : 2,
    "loserPrimerSaqueDentro" : 38,
    "loserPrimerSaqueGanado" : 28,
    "loserSegundoSaqueGanado" : 10,
    "loserDobleFalta" : 2,
    "loserServingPoints" : 63,
    "loserServingGames" : 10
  }, {
    "torneo" : "Stockholm",
    "fecha" : "20141013",
    "superficie" : "Hard",
    "resultado" : "6-3 6-4",
    "contrincante" : "Jeremy Chardy",
    "ganador" : false,
    "winnerAces" : 6,
    "winnerPrimerSaqueDentro" : 41,
    "winnerPrimerSaqueGanado" : 31,
    "winnerSegundoSaqueGanado" : 12,
    "winnerDobleFalta" : 3,
    "winnerServingPoints" : 64,
    "winnerServingGames" : 10,
    "loserAces" : 2,
    "loserPrimerSaqueDentro" : 25,
    "loserPrimerSaqueGanado" : 17,
    "loserSegundoSaqueGanado" : 10,
    "loserDobleFalta" : 2,
    "loserServingPoints" : 44,
    "loserServingGames" : 9
  }, {
    "torneo" : "Eckental CH",
    "fecha" : "20141027",
    "superficie" : "Carpet",
    "resultado" : "6-3 6-4",
    "contrincante" : "Andrea Arnaboldi",
    "ganador" : false,
    "winnerAces" : 4,
    "winnerPrimerSaqueDentro" : 31,
    "winnerPrimerSaqueGanado" : 26,
    "winnerSegundoSaqueGanado" : 15,
    "winnerDobleFalta" : 4,
    "winnerServingPoints" : 66,
    "winnerServingGames" : 10,
    "loserAces" : 6,
    "loserPrimerSaqueDentro" : 26,
    "loserPrimerSaqueGanado" : 17,
    "loserSegundoSaqueGanado" : 16,
    "loserDobleFalta" : 2,
    "loserServingPoints" : 61,
    "loserServingGames" : 9
  }, {
    "torneo" : "Tiburon CH",
    "fecha" : "20141006",
    "superficie" : "Hard",
    "resultado" : "6-4 1-6 6-1",
    "contrincante" : "Rhyne Williams",
    "ganador" : false,
    "winnerAces" : 2,
    "winnerPrimerSaqueDentro" : 40,
    "winnerPrimerSaqueGanado" : 23,
    "winnerSegundoSaqueGanado" : 20,
    "winnerDobleFalta" : 3,
    "winnerServingPoints" : 76,
    "winnerServingGames" : 12,
    "loserAces" : 3,
    "loserPrimerSaqueDentro" : 31,
    "loserPrimerSaqueGanado" : 20,
    "loserSegundoSaqueGanado" : 16,
    "loserDobleFalta" : 3,
    "loserServingPoints" : 64,
    "loserServingGames" : 12
  }, {
    "torneo" : "Bangkok CH",
    "fecha" : "20140825",
    "superficie" : "Hard",
    "resultado" : "7-5 6-3",
    "contrincante" : "Toshihide Matsui",
    "ganador" : false,
    "winnerAces" : 5,
    "winnerPrimerSaqueDentro" : 30,
    "winnerPrimerSaqueGanado" : 25,
    "winnerSegundoSaqueGanado" : 21,
    "winnerDobleFalta" : 2,
    "winnerServingPoints" : 63,
    "winnerServingGames" : 11,
    "loserAces" : 3,
    "loserPrimerSaqueDentro" : 43,
    "loserPrimerSaqueGanado" : 32,
    "loserSegundoSaqueGanado" : 7,
    "loserDobleFalta" : 4,
    "loserServingPoints" : 67,
    "loserServingGames" : 10
  }, {
    "torneo" : "Sacramento CH",
    "fecha" : "20140929",
    "superficie" : "Hard",
    "resultado" : "3-6 6-0 7-6(2)",
    "contrincante" : "Eric Quigley",
    "ganador" : true,
    "winnerAces" : 6,
    "winnerPrimerSaqueDentro" : 57,
    "winnerPrimerSaqueGanado" : 40,
    "winnerSegundoSaqueGanado" : 20,
    "winnerDobleFalta" : 2,
    "winnerServingPoints" : 93,
    "winnerServingGames" : 13,
    "loserAces" : 8,
    "loserPrimerSaqueDentro" : 46,
    "loserPrimerSaqueGanado" : 34,
    "loserSegundoSaqueGanado" : 17,
    "loserDobleFalta" : 4,
    "loserServingPoints" : 82,
    "loserServingGames" : 14
  }, {
    "torneo" : "Sacramento CH",
    "fecha" : "20140929",
    "superficie" : "Hard",
    "resultado" : "6-4 2-6 6-3",
    "contrincante" : "Denis Kudla",
    "ganador" : false,
    "winnerAces" : 1,
    "winnerPrimerSaqueDentro" : 33,
    "winnerPrimerSaqueGanado" : 19,
    "winnerSegundoSaqueGanado" : 20,
    "winnerDobleFalta" : 6,
    "winnerServingPoints" : 69,
    "winnerServingGames" : 13,
    "loserAces" : 8,
    "loserPrimerSaqueDentro" : 52,
    "loserPrimerSaqueGanado" : 35,
    "loserSegundoSaqueGanado" : 12,
    "loserDobleFalta" : 7,
    "loserServingPoints" : 89,
    "loserServingGames" : 14
  }, {
    "torneo" : "Cordenons CH",
    "fecha" : "20140811",
    "superficie" : "Clay",
    "resultado" : "6-2 1-6 6-4",
    "contrincante" : "Janez Semrajc",
    "ganador" : true,
    "winnerAces" : 2,
    "winnerPrimerSaqueDentro" : 56,
    "winnerPrimerSaqueGanado" : 35,
    "winnerSegundoSaqueGanado" : 13,
    "winnerDobleFalta" : 4,
    "winnerServingPoints" : 85,
    "winnerServingGames" : 12,
    "loserAces" : 5,
    "loserPrimerSaqueDentro" : 55,
    "loserPrimerSaqueGanado" : 39,
    "loserSegundoSaqueGanado" : 6,
    "loserDobleFalta" : 3,
    "loserServingPoints" : 81,
    "loserServingGames" : 13
  }, {
    "torneo" : "Cordenons CH",
    "fecha" : "20140811",
    "superficie" : "Clay",
    "resultado" : "6-2 6-1",
    "contrincante" : "Ruben Ramirez Hidalgo",
    "ganador" : true,
    "winnerAces" : 6,
    "winnerPrimerSaqueDentro" : 36,
    "winnerPrimerSaqueGanado" : 27,
    "winnerSegundoSaqueGanado" : 6,
    "winnerDobleFalta" : 0,
    "winnerServingPoints" : 49,
    "winnerServingGames" : 7,
    "loserAces" : 0,
    "loserPrimerSaqueDentro" : 23,
    "loserPrimerSaqueGanado" : 15,
    "loserSegundoSaqueGanado" : 5,
    "loserDobleFalta" : 5,
    "loserServingPoints" : 46,