{
  "nombre" : "Filip Veger",
  "mano" : "U",
  "nacionalidad" : "CRO",
  "edad" : 19.8494182067,
  "ganar1Saque" : 0.6877796324816617,
  "ganar2Saque" : 0.5556491586295041,
  "primerSaque" : 0.7208383950320157,
  "segundoSaque" : 0.2490114989605817,
  "ganarPuntoSacando" : 0.6341409963003095,
  "ganarPuntoRestando" : 0.38419532744412144,
  "probAce" : 0.06403940916061401,
  "clay" : {
    "nombre" : "Clay",
    "probVictoria" : 0.5,
    "probGanarPrimerSaque" : 0.616233766078949,
    "probGanarSegundoSaque" : 0.5044642984867096,
    "probPrimerSaque" : 0.786616176366806,
    "probSegundoSaque" : 0.19696970283985138,
    "probGanarPuntoSacando" : 0.5841036317873809,
    "probGanarPuntoRestando" : 0.386319512544078,
    "probAce" : 0.0
  },
  "grass" : {
    "nombre" : "Grass",
    "probVictoria" : 0.0,
    "probGanarPrimerSaque" : 0.0,
    "probGanarSegundoSaque" : 0.0,
    "probPrimerSaque" : 0.0,
    "probSegundoSaque" : 0.0,
    "probGanarPuntoSacando" : 0.0,
    "probGanarPuntoRestando" : 0.0,
    "probAce" : 0.0
  },
  "hard" : {
    "nombre" : "Hard",
    "probVictoria" : 0.375,
    "probGanarPrimerSaque" : 0.7027831301093102,
    "probGanarSegundoSaque" : 0.5593300871551037,
    "probPrimerSaque" : 0.7094577625393867,
    "probSegundoSaque" : 0.2572877313941717,
    "probGanarPuntoSacando" : 0.6425037162624189,
    "probGanarPuntoRestando" : 0.3925582644669513,
    "probAce" : 0.0
  },
  "other" : {
    "nombre" : "Other",
    "probVictoria" : 0.0,
    "probGanarPrimerSaque" : 0.7108433842658997,
    "probGanarSegundoSaque" : 0.6285714507102966,
    "probPrimerSaque" : 0.6803278923034668,
    "probSegundoSaque" : 0.28688523173332214,
    "probGanarPuntoSacando" : 0.6639344476734568,
    "probGanarPuntoRestando" : 0.31304346106156933,
    "probAce" : 0.0
  },
  "partidos" : [ {
    "torneo" : "Eckental CH",
    "fecha" : "20141027",
    "superficie" : "Carpet",
    "resultado" : "6-7(1) 6-3 7-6(5)",
    "contrincante" : "Ruben Bemelmans",
    "ganador" : false,
    "winnerAces" : 8,
    "winnerPrimerSaqueDentro" : 63,
    "winnerPrimerSaqueGanado" : 51,
    "winnerSegundoSaqueGanado" : 28,
    "winnerDobleFalta" : 8,
    "winnerServingPoints" : 115,
    "winnerServingGames" : 17,
    "loserAces" : 12,
    "loserPrimerSaqueDentro" : 83,
    "loserPrimerSaqueGanado" : 59,
    "loserSegundoSaqueGanado" : 22,
    "loserDobleFalta" : 4,
    "loserServingPoints" : 122,
    "loserServingGames" : 16
  }, {
    "torneo" : "Recanati CH",
    "fecha" : "20140714",
    "superficie" : "Hard",
    "resultado" : "6-4 6-1",
    "contrincante" : "Antonio Massara",
    "ganador" : true,
    "winnerAces" : 5,
    "winnerPrimerSaqueDentro" : 35,
    "winnerPrimerSaqueGanado" : 23,
    "winnerSegundoSaqueGanado" : 11,
    "winnerDobleFalta" : 0,
    "winnerServingPoints" : 48,
    "winnerServingGames" : 9,
    "loserAces" : 0,
    "loserPrimerSaqueDentro" : 25,
    "loserPrimerSaqueGanado" : 10,
    "loserSegundoSaqueGanado" : 10,
    "loserDobleFalta" : 2,
    "loserServingPoints" : 42,
    "loserServingGames" : 8
  }, {
    "torneo" : "Recanati CH",
    "fecha" : "20140714",
    "superficie" : "Hard",
    "resultado" : "6-3 6-4",
    "contrincante" : "Gilles Muller",
    "ganador" : false,
    "winnerAces" : 12,
    "winnerPrimerSaqueDentro" : 31,
    "winnerPrimerSaqueGanado" : 25,
    "winnerSegundoSaqueGanado" : 19,
    "winnerDobleFalta" : 4,
    "winnerServingPoints" : 57,
    "winnerServingGames" : 10,
    "loserAces" : 5,
    "loserPrimerSaqueDentro" : 50,
    "loserPrimerSaqueGanado" : 33,
    "loserSegundoSaqueGanado" : 9,
    "loserDobleFalta" : 1,
    "loserServingPoints" : 72,
    "loserServingGames" : 9
  }, {
    "torneo" : "Portoroz CH",
    "fecha" : "20140707",
    "superficie" : "Hard",
    "resultado" : "6-4 6-3",
    "contrincante" : "Laurent Lokoli",
    "ganador" : true,
    "winnerAces" : 1,
    "winnerPrimerSaqueDentro" : 30,
    "winnerPrimerSaqueGanado" : 24,
    "winnerSegundoSaqueGanado" : 10,
    "winnerDobleFalta" : 3,
    "winnerServingPoints" : 46,
    "winnerServingGames" : 9,
    "loserAces" : 3,
    "loserPrimerSaqueDentro" : 34,
    "loserPrimerSaqueGanado" : 19,
    "loserSegundoSaqueGanado" : 11,
    "loserDobleFalta" : 3,
    "loserServingPoints" : 56,
    "loserServingGames" : 10
  }, {
    "torneo" : "Portoroz CH",
    "fecha" : "20140707",
    "superficie" : "Hard",
    "resultado" : "6-1 6-3",
    "contrincante" : "Evgeny Donskoy",
    "ganador" : false,
    "winnerAces" : 3,
    "winnerPrimerSaqueDentro" : 37,
    "winnerPrimerSaqueGanado" : 27,
    "winnerSegundoSaqueGanado" : 11,
    "winnerDobleFalta" : 1,
    "winnerServingPoints" : 56,
    "winnerServingGames" : 8,
    "loserAces" : 3,
    "loserPrimerSaqueDentro" : 49,
    "loserPrimerSaqueGanado" : 30,
    "loserSegundoSaqueGanado" : 6,
    "loserDobleFalta" : 3,
    "loserServingPoints" : 70,
    "loserServingGames" : 8
  }, {
    "torneo" : "St. Remy CH",
    "fecha" : "20140902",
    "superficie" : "Hard",
    "resultado" : "7-6(2) 7-6(4)",
    "contrincante" : "Pierre Hugues Herbert",
    "ganador" : false,
    "winnerAces" : 6,
    "winnerPrimerSaqueDentro" : 40,
    "winnerPrimerSaqueGanado" : 33,
    "winnerSegundoSaqueGanado" : 23,
    "winnerDobleFalta" : 7,
    "winnerServingPoints" : 89,
    "winnerServingGames" : 12,
    "loserAces" : 1,
    "loserPrimerSaqueDentro" : 56,
    "loserPrimerSaqueGanado" : 40,
    "loserSegundoSaqueGanado" : 9,
    "loserDobleFalta" : 7,
    "loserServingPoints" : 82,
    "loserServingGames" : 12
  }, {
    "torneo" : "Bratislava CH",
    "fecha" : "20141103",
    "superficie" : "Hard",
    "resultado" : "7-6(6) 6-3",
    "contrincante" : "Illya Marchenko",
    "ganador" : false,
    "winnerAces" : 11,
    "winnerPrimerSaqueDentro" : 53,
    "winnerPrimerSaqueGanado" : 44,
    "winnerSegundoSaqueGanado" : 12,
    "winnerDobleFalta" : 2,
    "winnerServingPoints" : 75,
    "winnerServingGames" : 11,
    "loserAces" : 3,
    "loserPrimerSaqueDentro" : 43,
    "loserPrimerSaqueGanado" : 31,
    "loserSegundoSaqueGanado" : 11,
    "loserDobleFalta" : 0,
    "loserServingPoints" : 60,
    "loserServingGames" : 10
  }, {
    "torneo" : "Munich Q",
    "fecha" : "20140428",
    "superficie" : "Clay",
    "resultado" : "4-6 6-3 6-2",
    "contrincante" : "Moritz Baumann",
    "ganador" : true,
    "winnerAces" : 8,
    "winnerPrimerSaqueDentro" : 77,
    "winnerPrimerSaqueGanado" : 52,
    "winnerSegundoSaqueGanado" : 12,
    "winnerDobleFalta" : 1,
    "winnerServingPoints" : 99,
    "winnerServingGames" : 14,
    "loserAces" : 4,
    "loserPrimerSaqueDentro" : 56,
    "loserPrimerSaqueGanado" : 34,
    "loserSegundoSaqueGanado" : 25,
    "loserDobleFalta" : 6,
    "loserServingPoints" : 103,
    "loserServingGames" : 13
  }, {
    "torneo" : "Munich Q",
    "fecha" : "20140428",
    "superficie" : "Clay",
    "resultado" : "7-5 6-4",
    "contrincante" : "Michael Berrer",
    "ganador" : false,
    "winnerAces" : 1,
    "winnerPrimerSaqueDentro" : 42,
    "winnerPrimerSaqueGanado" : 31,
    "winnerSegundoSaqueGanado" : 5,
    "winnerDobleFalta" : 1,
    "winnerServingPoints" : 55,
    "winnerServingGames" : 11,
    "loserAces" : 2,
    "loserPrimerSaqueDentro" : 70,
    "loserPrimerSaqueGanado" : 39,
    "loserSegundoSaqueGanado" : 7,
    "loserDobleFalta" : 2,
    "loserServingPoints" : 88,
    "loserServingGames" : 11
  }, {
    "torneo" : "Metz Q",
    "fecha" : "20140915",
    "superficie" : "Hard",
    "resultado" : "6-2 6-2",
    "contrincante" : "Dominic Inglot",
    "ganador" : true,
    "winnerAces" : 4,
    "winnerPrimerSaqueDentro" : 32,
    "winnerPrimerSaqueGanado" : 26,
    "winnerSegundoSaqueGanado" : 5,
    "winnerDobleFalta" : 2,
    "winnerServingPoints" : 43,
    "winnerServingGames" : 8,
    "loserAces" : 0,
    "loserPrimerSaqueDentro" : 29,
    "loserPrimerSaqueGanado" : 16,
    "loserSegundoSaqueGanado" : 10,
    "loserDobleFalta" : 3,
    "loserServingPoints" : 56,