{
  "nombre" : "Grega Zemlja",
  "mano" : "R",
  "nacionalidad" : "SLO",
  "edad" : 27.6933607118,
  "ganar1Saque" : 0.6875541657209396,
  "ganar2Saque" : 0.4776834448178609,
  "primerSaque" : 0.6362323462963104,
  "segundoSaque" : 0.3283524091045062,
  "ganarPuntoSacando" : 0.5942927099577198,
  "ganarPuntoRestando" : 0.3004243794901918,
  "probAce" : 0.07223476469516754,
  "clay" : {
    "nombre" : "Clay",
    "probVictoria" : 0.5,
    "probGanarPrimerSaque" : 0.7626425176858902,
    "probGanarSegundoSaque" : 0.5305132567882538,
    "probPrimerSaque" : 0.6198045313358307,
    "probSegundoSaque" : 0.33527814596891403,
    "probGanarPuntoSacando" : 0.6505587893989773,
    "probGanarPuntoRestando" : 0.3043741797078455,
    "probAce" : 0.0
  },
  "grass" : {
    "nombre" : "Grass",
    "probVictoria" : 0.0,
    "probGanarPrimerSaque" : 0.6041666865348816,
    "probGanarSegundoSaque" : 0.2857142984867096,
    "probPrimerSaque" : 0.761904776096344,
    "probSegundoSaque" : 0.2222222238779068,
    "probGanarPuntoSacando" : 0.5238095508326617,
    "probGanarPuntoRestando" : 0.2807017399655297,
    "probAce" : 0.0
  },
  "hard" : {
    "nombre" : "Hard",
    "probVictoria" : 0.0,
    "probGanarPrimerSaque" : 0.47058823704719543,
    "probGanarSegundoSaque" : 0.4583333432674408,
    "probPrimerSaque" : 0.5762711763381958,
    "probSegundoSaque" : 0.4067796468734741,
    "probGanarPuntoSacando" : 0.4576271124587734,
    "probGanarPuntoRestando" : 0.30434781814423895,
    "probAce" : 0.0
  },
  "other" : {
    "nombre" : "Other",
    "probVictoria" : 0.0,
    "probGanarPrimerSaque" : 0.0,
    "probGanarSegundoSaque" : 0.0,
    "probPrimerSaque" : 0.0,
    "probSegundoSaque" : 0.0,
    "probGanarPuntoSacando" : 0.0,
    "probGanarPuntoRestando" : 0.0,
    "probAce" : 0.0
  },
  "partidos" : [ {
    "torneo" : "Nottingham2 CH",
    "fecha" : "20140609",
    "superficie" : "Grass",
    "resultado" : "7-6(5) 6-0",
    "contrincante" : "Martin Fischer",
    "ganador" : false,
    "winnerAces" : 3,
    "winnerPrimerSaqueDentro" : 34,
    "winnerPrimerSaqueGanado" : 22,
    "winnerSegundoSaqueGanado" : 19,
    "winnerDobleFalta" : 0,
    "winnerServingPoints" : 57,
    "winnerServingGames" : 9,
    "loserAces" : 1,
    "loserPrimerSaqueDentro" : 48,
    "loserPrimerSaqueGanado" : 29,
    "loserSegundoSaqueGanado" : 4,
    "loserDobleFalta" : 1,
    "loserServingPoints" : 63,
    "loserServingGames" : 9
  }, {
    "torneo" : "An-Ning CH",
    "fecha" : "20140428",
    "superficie" : "Clay",
    "resultado" : "4-6 7-5 6-2",
    "contrincante" : "Mao Xin Gong",
    "ganador" : true,
    "winnerAces" : 2,
    "winnerPrimerSaqueDentro" : 50,
    "winnerPrimerSaqueGanado" : 39,
    "winnerSegundoSaqueGanado" : 26,
    "winnerDobleFalta" : 2,
    "winnerServingPoints" : 98,
    "winnerServingGames" : 15,
    "loserAces" : 7,
    "loserPrimerSaqueDentro" : 56,
    "loserPrimerSaqueGanado" : 40,
    "loserSegundoSaqueGanado" : 15,
    "loserDobleFalta" : 3,
    "loserServingPoints" : 89,
    "loserServingGames" : 15
  }, {
    "torneo" : "An-Ning CH",
    "fecha" : "20140428",
    "superficie" : "Clay",
    "resultado" : "6-2 3-6 7-6(6)",
    "contrincante" : "Roberto Ortega Olmedo",
    "ganador" : true,
    "winnerAces" : 10,
    "winnerPrimerSaqueDentro" : 59,
    "winnerPrimerSaqueGanado" : 46,
    "winnerSegundoSaqueGanado" : 13,
    "winnerDobleFalta" : 1,
    "winnerServingPoints" : 81,
    "winnerServingGames" : 14,
    "loserAces" : 5,
    "loserPrimerSaqueDentro" : 51,
    "loserPrimerSaqueGanado" : 36,
    "loserSegundoSaqueGanado" : 21,
    "loserDobleFalta" : 4,
    "loserServingPoints" : 92,
    "loserServingGames" : 15
  }, {
    "torneo" : "An-Ning CH",
    "fecha" : "20140428",
    "superficie" : "Clay",
    "resultado" : "6-7(5) 6-3 6-3",
    "contrincante" : "Nikola Mektic",
    "ganador" : false,
    "winnerAces" : 8,
    "winnerPrimerSaqueDentro" : 53,
    "winnerPrimerSaqueGanado" : 47,
    "winnerSegundoSaqueGanado" : 22,
    "winnerDobleFalta" : 1,
    "winnerServingPoints" : 88,
    "winnerServingGames" : 15,
    "loserAces" : 8,
    "loserPrimerSaqueDentro" : 55,
    "loserPrimerSaqueGanado" : 42,
    "loserSegundoSaqueGanado" : 18,
    "loserDobleFalta" : 3,
    "loserServingPoints" : 89,
    "loserServingGames" : 15
  }, {
    "torneo" : "Shenzhen CH",
    "fecha" : "20140421",
    "superficie" : "Hard",
    "resultado" : "6-1 6-1",
    "contrincante" : "Ze Zhang",
    "ganador" : false,
    "winnerAces" : 7,
    "winnerPrimerSaqueDentro" : 32,
    "winnerPrimerSaqueGanado" : 27,
    "winnerSegundoSaqueGanado" : 5,
    "winnerDobleFalta" : 1,
    "winnerServingPoints" : 46,
    "winnerServingGames" : 7,
    "loserAces" : 4,
    "loserPrimerSaqueDentro" : 34,
    "loserPrimerSaqueGanado" : 16,
    "loserSegundoSaqueGanado" : 11,
    "loserDobleFalta" : 1,
    "loserServingPoints" : 59,
    "loserServingGames" : 7
  }, {
    "torneo" : "Roland Garros Q",
    "fecha" : "20140526",
    "superficie" : "Clay",
    "resultado" : "6-2 6-2",
    "contrincante" : "Horacio Zeballos",
    "ganador" : false,
    "winnerAces" : 3,
    "winnerPrimerSaqueDentro" : 32,
    "winnerPrimerSaqueGanado" : 24,
    "winnerSegundoSaqueGanado" : 11,
    "winnerDobleFalta" : 0,
    "winnerServingPoints" : 46,
    "winnerServingGames" : 8,
    "loserAces" : 7,
    "loserPrimerSaqueDentro" : 33,
    "loserPrimerSaqueGanado" : 24,
    "loserSegundoSaqueGanado" : 5,
    "loserDobleFalta" : 6,
    "loserServingPoints" : 53,
    "loserServingGames" : 8
  }, {
    "torneo" : "Wimbledon Q",
    "fecha" : "20140623",
    "superficie" : "Grass",
    "resultado" : "6-4 4-6 6-0",
    "contrincante" : "Daniel Brands",
    "ganador" : false,
    "winnerAces" : 0,
    "winnerPrimerSaqueDentro" : 0,
    "winnerPrimerSaqueGanado" : 0,
    "winnerSegundoSaqueGanado" : 0,
    "winnerDobleFalta" : 0,
    "winnerServingPoints" : 0,
    "winnerServingGames" : 0,
    "loserAces" : 0,
    "loserPrimerSaqueDentro" : 0,
    "loserPrimerSaqueGanado" : 0,
    "loserSegundoSaqueGanado" : 0,
    "loserDobleFalta" : 0,
    "loserServingPoints" : 0,
    "loserServingGames" : 0
  } ]
}