{
  "nombre" : "Hiroyasu Ehara",
  "mano" : "U",
  "nacionalidad" : "JPN",
  "edad" : 22.7077344285,
  "ganar1Saque" : 0.6215616762638092,
  "ganar2Saque" : 0.5648674219846725,
  "primerSaque" : 0.7964377701282501,
  "segundoSaque" : 0.173829797655344,
  "ganarPuntoSacando" : 0.593225985106417,
  "ganarPuntoRestando" : 0.3465796596652247,
  "probAce" : 0.010238908231258392,
  "clay" : {
    "nombre" : "Clay",
    "probVictoria" : 0.0,
    "probGanarPrimerSaque" : 0.0,
    "probGanarSegundoSaque" : 0.0,
    "probPrimerSaque" : 0.0,
    "probSegundoSaque" : 0.0,
    "probGanarPuntoSacando" : 0.0,
    "probGanarPuntoRestando" : 0.0,
    "probAce" : 0.0
  },
  "grass" : {
    "nombre" : "Grass",
    "probVictoria" : 0.5,
    "probGanarPrimerSaque" : 1.2585034370422363,
    "probGanarSegundoSaque" : 0.6979166567325592,
    "probPrimerSaque" : 0.7674369513988495,
    "probSegundoSaque" : 0.20336134731769562,
    "probGanarPuntoSacando" : 1.1077513126772627,
    "probGanarPuntoRestando" : 0.37623188617133974,
    "probAce" : 0.0
  },
  "hard" : {
    "nombre" : "Hard",
    "probVictoria" : 0.0,
    "probGanarPrimerSaque" : 0.6086956262588501,
    "probGanarSegundoSaque" : 0.3636363744735718,
    "probPrimerSaque" : 0.7666666507720947,
    "probSegundoSaque" : 0.18333333730697632,
    "probGanarPuntoSacando" : 0.5333333072219446,
    "probGanarPuntoRestando" : 0.33898308581267145,
    "probAce" : 0.0
  },
  "other" : {
    "nombre" : "Other",
    "probVictoria" : 0.0,
    "probGanarPrimerSaque" : 0.6190476417541504,
    "probGanarSegundoSaque" : 0.5,
    "probPrimerSaque" : 0.8842105269432068,
    "probSegundoSaque" : 0.10526315867900848,
    "probGanarPuntoSacando" : 0.6000000208578911,
    "probGanarPuntoRestando" : 0.29487178050554763,
    "probAce" : 0.0
  },
  "partidos" : [ {
    "torneo" : "Kyoto CH",
    "fecha" : "20140303",
    "superficie" : "Hard",
    "resultado" : "6-4 6-4",
    "contrincante" : "Jason Jung",
    "ganador" : false,
    "winnerAces" : 3,
    "winnerPrimerSaqueDentro" : 41,
    "winnerPrimerSaqueGanado" : 32,
    "winnerSegundoSaqueGanado" : 7,
    "winnerDobleFalta" : 2,
    "winnerServingPoints" : 59,
    "winnerServingGames" : 10,
    "loserAces" : 1,
    "loserPrimerSaqueDentro" : 46,
    "loserPrimerSaqueGanado" : 28,
    "loserSegundoSaqueGanado" : 4,
    "loserDobleFalta" : 3,
    "loserServingPoints" : 60,
    "loserServingGames" : 10
  }, {
    "torneo" : "Toyota CH",
    "fecha" : "20141117",
    "superficie" : "Carpet",
    "resultado" : "6-2 3-6 7-5",
    "contrincante" : "James Duckworth",
    "ganador" : false,
    "winnerAces" : 10,
    "winnerPrimerSaqueDentro" : 42,
    "winnerPrimerSaqueGanado" : 33,
    "winnerSegundoSaqueGanado" : 22,
    "winnerDobleFalta" : 1,
    "winnerServingPoints" : 78,
    "winnerServingGames" : 14,
    "loserAces" : 1,
    "loserPrimerSaqueDentro" : 84,
    "loserPrimerSaqueGanado" : 52,
    "loserSegundoSaqueGanado" : 5,
    "loserDobleFalta" : 1,
    "loserServingPoints" : 95,
    "loserServingGames" : 15
  }, {
    "torneo" : "s-Hertogenbosch Q",
    "fecha" : "20140615",
    "superficie" : "Grass",
    "resultado" : "6-4 6-4",
    "contrincante" : "Evgeny Donskoy",
    "ganador" : true,
    "winnerAces" : 0,
    "winnerPrimerSaqueDentro" : 57,
    "winnerPrimerSaqueGanado" : 38,
    "winnerSegundoSaqueGanado" : 10,
    "winnerDobleFalta" : 1,
    "winnerServingPoints" : 70,
    "winnerServingGames" : 10,
    "loserAces" : 2,
    "loserPrimerSaqueDentro" : 50,
    "loserPrimerSaqueGanado" : 31,
    "loserSegundoSaqueGanado" : 10,
    "loserDobleFalta" : 2,
    "loserServingPoints" : 69,
    "loserServingGames" : 10
  }, {
    "torneo" : "s-Hertogenbosch Q",
    "fecha" : "20140615",
    "superficie" : "Grass",
    "resultado" : "4-6 6-1 6-2",
    "contrincante" : "Oliver Marach",
    "ganador" : false,
    "winnerAces" : 7,
    "winnerPrimerSaqueDentro" : 49,
    "winnerPrimerSaqueGanado" : 36,
    "winnerSegundoSaqueGanado" : 13,
    "winnerDobleFalta" : 3,
    "winnerServingPoints" : 75,
    "winnerServingGames" : 13,
    "loserAces" : 1,
    "loserPrimerSaqueDentro" : 49,
    "loserPrimerSaqueGanado" : 29,
    "loserSegundoSaqueGanado" : 9,
    "loserDobleFalta" : 3,
    "loserServingPoints" : 68,
    "loserServingGames" : 12
  } ]
}