{
  "nombre" : "Hyeon Chung",
  "mano" : "U",
  "nacionalidad" : "KOR",
  "edad" : 18.2669404517,
  "ganar1Saque" : 0.67729901522398,
  "ganar2Saque" : 0.587444486717383,
  "primerSaque" : 0.6305792580048243,
  "segundoSaque" : 0.342362546051542,
  "ganarPuntoSacando" : 0.62820970060384,
  "ganarPuntoRestando" : 0.4038906760116132,
  "probAce" : 0.033596839755773544,
  "clay" : {
    "nombre" : "Clay",
    "probVictoria" : 0.0,
    "probGanarPrimerSaque" : 0.6833333373069763,
    "probGanarSegundoSaque" : 0.42424243688583374,
    "probPrimerSaque" : 0.6060606241226196,
    "probSegundoSaque" : 0.3333333432674408,
    "probGanarPuntoSacando" : 0.5555555787351398,
    "probGanarPuntoRestando" : 0.39805827719684206,
    "probAce" : 0.0
  },
  "grass" : {
    "nombre" : "Grass",
    "probVictoria" : 0.0,
    "probGanarPrimerSaque" : 0.0,
    "probGanarSegundoSaque" : 0.0,
    "probPrimerSaque" : 0.0,
    "probSegundoSaque" : 0.0,
    "probGanarPuntoSacando" : 0.0,
    "probGanarPuntoRestando" : 0.0,
    "probAce" : 0.0
  },
  "hard" : {
    "nombre" : "Hard",
    "probVictoria" : 0.695652186870575,
    "probGanarPrimerSaque" : 0.6800948598168113,
    "probGanarSegundoSaque" : 0.6029697426340797,
    "probPrimerSaque" : 0.6316851052370939,
    "probSegundoSaque" : 0.34295028244907205,
    "probGanarPuntoSacando" : 0.6363944366391909,
    "probGanarPuntoRestando" : 0.41055273008982845,
    "probAce" : 0.0
  },
  "other" : {
    "nombre" : "Other",
    "probVictoria" : 0.0,
    "probGanarPrimerSaque" : 0.6097561120986938,
    "probGanarSegundoSaque" : 0.40909090638160706,
    "probPrimerSaque" : 0.6307692527770996,
    "probSegundoSaque" : 0.3384615480899811,
    "probGanarPuntoSacando" : 0.5230769486882147,
    "probGanarPuntoRestando" : 0.26315788510564897,
    "probAce" : 0.0
  },
  "partidos" : [ {
    "torneo" : "Bangkok CH",
    "fecha" : "20140825",
    "superficie" : "Hard",
    "resultado" : "7-5 6-3",
    "contrincante" : "Danai Udomchoke",
    "ganador" : true,
    "winnerAces" : 4,
    "winnerPrimerSaqueDentro" : 30,
    "winnerPrimerSaqueGanado" : 25,
    "winnerSegundoSaqueGanado" : 10,
    "winnerDobleFalta" : 3,
    "winnerServingPoints" : 52,
    "winnerServingGames" : 10,
    "loserAces" : 2,
    "loserPrimerSaqueDentro" : 38,
    "loserPrimerSaqueGanado" : 23,
    "loserSegundoSaqueGanado" : 10,
    "loserDobleFalta" : 3,
    "loserServingPoints" : 66,
    "loserServingGames" : 11
  }, {
    "torneo" : "Bangkok CH",
    "fecha" : "20140825",
    "superficie" : "Hard",
    "resultado" : " W/O",
    "contrincante" : "Nicolas Meister",
    "ganador" : true,
    "winnerAces" : 0,
    "winnerPrimerSaqueDentro" : 0,
    "winnerPrimerSaqueGanado" : 0,
    "winnerSegundoSaqueGanado" : 0,
    "winnerDobleFalta" : 0,
    "winnerServingPoints" : 0,
    "winnerServingGames" : 0,
    "loserAces" : 0,
    "loserPrimerSaqueDentro" : 0,
    "loserPrimerSaqueGanado" : 0,
    "loserSegundoSaqueGanado" : 0,
    "loserDobleFalta" : 0,
    "loserServingPoints" : 0,
    "loserServingGames" : 0
  }, {
    "torneo" : "Bangkok CH",
    "fecha" : "20140825",
    "superficie" : "Hard",
    "resultado" : "6-1 6-0",
    "contrincante" : "Liang Chi Huang",
    "ganador" : true,
    "winnerAces" : 1,
    "winnerPrimerSaqueDentro" : 16,
    "winnerPrimerSaqueGanado" : 13,
    "winnerSegundoSaqueGanado" : 11,
    "winnerDobleFalta" : 0,
    "winnerServingPoints" : 27,
    "winnerServingGames" : 6,
    "loserAces" : 2,
    "loserPrimerSaqueDentro" : 24,
    "loserPrimerSaqueGanado" : 11,
    "loserSegundoSaqueGanado" : 3,
    "loserDobleFalta" : 2,
    "loserServingPoints" : 42,
    "loserServingGames" : 7
  }, {
    "torneo" : "Bangkok CH",
    "fecha" : "20140825",
    "superficie" : "Hard",
    "resultado" : "6-4 2-6 6-4",
    "contrincante" : "Go Soeda",
    "ganador" : true,
    "winnerAces" : 2,
    "winnerPrimerSaqueDentro" : 65,
    "winnerPrimerSaqueGanado" : 38,
    "winnerSegundoSaqueGanado" : 22,
    "winnerDobleFalta" : 0,
    "winnerServingPoints" : 101,
    "winnerServingGames" : 14,
    "loserAces" : 0,
    "loserPrimerSaqueDentro" : 45,
    "loserPrimerSaqueGanado" : 34,
    "loserSegundoSaqueGanado" : 15,
    "loserDobleFalta" : 4,
    "loserServingPoints" : 77,
    "loserServingGames" : 14
  }, {
    "torneo" : "Bangkok CH",
    "fecha" : "20140825",
    "superficie" : "Hard",
    "resultado" : "7-6(0) 6-4",
    "contrincante" : "Jordan Thompson",
    "ganador" : true,
    "winnerAces" : 4,
    "winnerPrimerSaqueDentro" : 39,
    "winnerPrimerSaqueGanado" : 28,
    "winnerSegundoSaqueGanado" : 14,
    "winnerDobleFalta" : 1,
    "winnerServingPoints" : 65,
    "winnerServingGames" : 11,
    "loserAces" : 4,
    "loserPrimerSaqueDentro" : 38,
    "loserPrimerSaqueGanado" : 23,
    "loserSegundoSaqueGanado" : 13,
    "loserDobleFalta" : 2,
    "loserServingPoints" : 62,
    "loserServingGames" : 11
  }, {
    "torneo" : "Busan CH",
    "fecha" : "20140512",
    "superficie" : "Hard",
    "resultado" : "7-6(4) 5-7 6-1",
    "contrincante" : "Maximilian Neuchrist",
    "ganador" : true,
    "winnerAces" : 1,
    "winnerPrimerSaqueDentro" : 62,
    "winnerPrimerSaqueGanado" : 48,
    "winnerSegundoSaqueGanado" : 16,
    "winnerDobleFalta" : 5,
    "winnerServingPoints" : 92,
    "winnerServingGames" : 16,
    "loserAces" : 3,
    "loserPrimerSaqueDentro" : 56,
    "loserPrimerSaqueGanado" : 42,
    "loserSegundoSaqueGanado" : 17,
    "loserDobleFalta" : 3,
    "loserServingPoints" : 96,
    "loserServingGames" : 15
  }, {
    "torneo" : "Busan CH",
    "fecha" : "20140512",
    "superficie" : "Hard",
    "resultado" : "6-1 6-4",
    "contrincante" : "Yasutaka Uchiyama",
    "ganador" : true,
    "winnerAces" : 6,
    "winnerPrimerSaqueDentro" : 39,
    "winnerPrimerSaqueGanado" : 29,
    "winnerSegundoSaqueGanado" : 8,
    "winnerDobleFalta" : 1,
    "winnerServingPoints" : 52,
    "winnerServingGames" : 8,
    "loserAces" : 4,
    "loserPrimerSaqueDentro" : 45,
    "loserPrimerSaqueGanado" : 25,
    "loserSegundoSaqueGanado" : 7,
    "loserDobleFalta" : 4,
    "loserServingPoints" : 71,
    "loserServingGames" : 9
  }, {
    "torneo" : "Busan CH",
    "fecha" : "20140512",
    "superficie" : "Hard",
    "resultado" : "7-5 7-5",
    "contrincante" : "Amir Weintraub",
    "ganador" : true,
    "winnerAces" : 3,
    "winnerPrimerSaqueDentro" : 44,
    "winnerPrimerSaqueGanado" : 30,
    "winnerSegundoSaqueGanado" : 15,
    "winnerDobleFalta" : 4,
    "winnerServingPoints" : 71,
    "winnerServingGames" : 12,
    "loserAces" : 1,
    "loserPrimerSaqueDentro" : 47,
    "loserPrimerSaqueGanado" : 30,
    "loserSegundoSaqueGanado" : 13,
    "loserDobleFalta" : 1,
    "loserServingPoints" : 69,
    "loserServingGames" : 12
  }, {
    "torneo" : "Busan CH",
    "fecha" : "20140512",
    "superficie" : "Hard",
    "resultado" : "4-6 6-4 6-0",
    "contrincante" : "Jimmy Wang",
    "ganador" : false,
    "winnerAces" : 3,
    "winnerPrimerSaqueDentro" : 39,
    "winnerPrimerSaqueGanado" : 26,
    "winnerSegundoSaqueGanado" : 20,
    "winnerDobleFalta" : 2,
    "winnerServingPoints" : 72,
    "winnerServingGames" : 13,
    "loserAces" : 2,
    "loserPrimerSaqueDentro" : 30,
    "loserPrimerSaqueGanado" : 18,
    "loserSegundoSaqueGanado" : 21,
    "loserDobleFalta" : 5,
    "loserServingPoints" : 74,
    "loserServingGames" : 13
  }, {
    "torneo" : "Nanchang CH",
    "fecha" : "20140623",
    "superficie" : "Hard",
    "resultado" : "6-4 1-6 6-3",
    "contrincante" : "Ji Sung Nam",
    "ganador" : true,
    "winnerAces" : 0,
    "winnerPrimerSaqueDentro" : 47,
    "winnerPrimerSaqueGanado" : 34,
    "winnerSegundoSaqueGanado" : 16,
    "winnerDobleFalta" : 3,
    "winnerServingPoints" : 77,
    "winnerServingGames" : 13,
    "loserAces" : 4,
    "loserPrimerSaqueDentro" : 54,
    "loserPrimerSaqueGanado" : 36,
    "loserSegundoSaqueGanado" : 17,
    "loserDobleFalta" : 1,
    "loserServingPoints" : 91,