{
  "nombre" : "Jurgen Zopp",
  "mano" : "R",
  "nacionalidad" : "EST",
  "edad" : 26.1574264203,
  "ganar1Saque" : 0.7141501245399317,
  "ganar2Saque" : 0.5861476622521877,
  "primerSaque" : 0.5962467913826307,
  "segundoSaque" : 0.36956110286215943,
  "ganarPuntoSacando" : 0.6424270968244354,
  "ganarPuntoRestando" : 0.3840810029312487,
  "probAce" : 0.06562311947345734,
  "clay" : {
    "nombre" : "Clay",
    "probVictoria" : 0.5,
    "probGanarPrimerSaque" : 0.6942815730969111,
    "probGanarSegundoSaque" : 0.5776962786912918,
    "probPrimerSaque" : 0.5982003460327784,
    "probSegundoSaque" : 0.3676552784939607,
    "probGanarPuntoSacando" : 0.6277125634979255,
    "probGanarPuntoRestando" : 0.36295664442234044,
    "probAce" : 0.0
  },
  "grass" : {
    "nombre" : "Grass",
    "probVictoria" : 0.5,
    "probGanarPrimerSaque" : 1.411172166466713,
    "probGanarSegundoSaque" : 0.624937579035759,
    "probPrimerSaque" : 0.6258394122123718,
    "probSegundoSaque" : 0.3432631120085716,
    "probGanarPuntoSacando" : 1.0976851773829042,
    "probGanarPuntoRestando" : 0.37259976390661437,
    "probAce" : 0.0
  },
  "hard" : {
    "nombre" : "Hard",
    "probVictoria" : 0.875,
    "probGanarPrimerSaque" : 0.7482349723577499,
    "probGanarSegundoSaque" : 0.579429779201746,
    "probPrimerSaque" : 0.5785201489925385,
    "probSegundoSaque" : 0.3855688348412514,
    "probGanarPuntoSacando" : 0.6562790725289741,
    "probGanarPuntoRestando" : 0.4215081602069284,
    "probAce" : 0.0
  },
  "other" : {
    "nombre" : "Other",
    "probVictoria" : 0.0,
    "probGanarPrimerSaque" : 0.0,
    "probGanarSegundoSaque" : 0.0,
    "probPrimerSaque" : 0.0,
    "probSegundoSaque" : 0.0,
    "probGanarPuntoSacando" : 0.0,
    "probGanarPuntoRestando" : 0.0,
    "probAce" : 0.0
  },
  "partidos" : [ {
    "torneo" : "Roland Garros",
    "fecha" : "20140526",
    "superficie" : "Clay",
    "resultado" : "2-5 RET",
    "contrincante" : "Tommy Haas",
    "ganador" : true,
    "winnerAces" : 2,
    "winnerPrimerSaqueDentro" : 11,
    "winnerPrimerSaqueGanado" : 8,
    "winnerSegundoSaqueGanado" : 5,
    "winnerDobleFalta" : 0,
    "winnerServingPoints" : 21,
    "winnerServingGames" : 3,
    "loserAces" : 4,
    "loserPrimerSaqueDentro" : 12,
    "loserPrimerSaqueGanado" : 11,
    "loserSegundoSaqueGanado" : 5,
    "loserDobleFalta" : 0,
    "loserServingPoints" : 18,
    "loserServingGames" : 4
  }, {
    "torneo" : "Roland Garros",
    "fecha" : "20140526",
    "superficie" : "Clay",
    "resultado" : "6-2 6-4 6-4",
    "contrincante" : "Dusan Lajovic",
    "ganador" : false,
    "winnerAces" : 8,
    "winnerPrimerSaqueDentro" : 40,
    "winnerPrimerSaqueGanado" : 31,
    "winnerSegundoSaqueGanado" : 23,
    "winnerDobleFalta" : 1,
    "winnerServingPoints" : 74,
    "winnerServingGames" : 14,
    "loserAces" : 2,
    "loserPrimerSaqueDentro" : 52,
    "loserPrimerSaqueGanado" : 31,
    "loserSegundoSaqueGanado" : 12,
    "loserDobleFalta" : 3,
    "loserServingPoints" : 81,
    "loserServingGames" : 14
  }, {
    "torneo" : "Wimbledon",
    "fecha" : "20140623",
    "superficie" : "Grass",
    "resultado" : "7-6(7) 7-5 7-6(10)",
    "contrincante" : "Ernests Gulbis",
    "ganador" : false,
    "winnerAces" : 22,
    "winnerPrimerSaqueDentro" : 70,
    "winnerPrimerSaqueGanado" : 64,
    "winnerSegundoSaqueGanado" : 19,
    "winnerDobleFalta" : 8,
    "winnerServingPoints" : 113,
    "winnerServingGames" : 18,
    "loserAces" : 7,
    "loserPrimerSaqueDentro" : 78,
    "loserPrimerSaqueGanado" : 56,
    "loserSegundoSaqueGanado" : 29,
    "loserDobleFalta" : 5,
    "loserServingPoints" : 127,
    "loserServingGames" : 18
  }, {
    "torneo" : "Cordenons CH",
    "fecha" : "20140811",
    "superficie" : "Clay",
    "resultado" : "7-6(4) 6-3",
    "contrincante" : "Filippo Volandri",
    "ganador" : false,
    "winnerAces" : 1,
    "winnerPrimerSaqueDentro" : 54,
    "winnerPrimerSaqueGanado" : 37,
    "winnerSegundoSaqueGanado" : 18,
    "winnerDobleFalta" : 2,
    "winnerServingPoints" : 84,
    "winnerServingGames" : 11,
    "loserAces" : 2,
    "loserPrimerSaqueDentro" : 43,
    "loserPrimerSaqueGanado" : 27,
    "loserSegundoSaqueGanado" : 17,
    "loserDobleFalta" : 2,
    "loserServingPoints" : 71,
    "loserServingGames" : 10
  }, {
    "torneo" : "Como CH",
    "fecha" : "20140825",
    "superficie" : "Clay",
    "resultado" : "6-2 6-2",
    "contrincante" : "Jonathan Eysseric",
    "ganador" : true,
    "winnerAces" : 3,
    "winnerPrimerSaqueDentro" : 24,
    "winnerPrimerSaqueGanado" : 19,
    "winnerSegundoSaqueGanado" : 14,
    "winnerDobleFalta" : 3,
    "winnerServingPoints" : 44,
    "winnerServingGames" : 8,
    "loserAces" : 3,
    "loserPrimerSaqueDentro" : 27,
    "loserPrimerSaqueGanado" : 17,
    "loserSegundoSaqueGanado" : 8,
    "loserDobleFalta" : 1,
    "loserServingPoints" : 47,
    "loserServingGames" : 8
  }, {
    "torneo" : "Como CH",
    "fecha" : "20140825",
    "superficie" : "Clay",
    "resultado" : "6-3 6-1",
    "contrincante" : "Filippo Volandri",
    "ganador" : true,
    "winnerAces" : 4,
    "winnerPrimerSaqueDentro" : 29,
    "winnerPrimerSaqueGanado" : 17,
    "winnerSegundoSaqueGanado" : 19,
    "winnerDobleFalta" : 2,
    "winnerServingPoints" : 54,
    "winnerServingGames" : 8,
    "loserAces" : 0,
    "loserPrimerSaqueDentro" : 25,
    "loserPrimerSaqueGanado" : 12,
    "loserSegundoSaqueGanado" : 13,
    "loserDobleFalta" : 4,
    "loserServingPoints" : 53,
    "loserServingGames" : 8
  }, {
    "torneo" : "Como CH",
    "fecha" : "20140825",
    "superficie" : "Clay",
    "resultado" : "3-6 7-6(4) 6-0",
    "contrincante" : "Potito Starace",
    "ganador" : true,
    "winnerAces" : 6,
    "winnerPrimerSaqueDentro" : 53,
    "winnerPrimerSaqueGanado" : 41,
    "winnerSegundoSaqueGanado" : 17,
    "winnerDobleFalta" : 3,
    "winnerServingPoints" : 91,
    "winnerServingGames" : 14,
    "loserAces" : 2,
    "loserPrimerSaqueDentro" : 60,
    "loserPrimerSaqueGanado" : 38,
    "loserSegundoSaqueGanado" : 6,
    "loserDobleFalta" : 1,
    "loserServingPoints" : 73,
    "loserServingGames" : 13
  }, {
    "torneo" : "Como CH",
    "fecha" : "20140825",
    "superficie" : "Clay",
    "resultado" : "6-3 6-4",
    "contrincante" : "Viktor Troicki",
    "ganador" : false,
    "winnerAces" : 5,
    "winnerPrimerSaqueDentro" : 40,
    "winnerPrimerSaqueGanado" : 30,
    "winnerSegundoSaqueGanado" : 9,
    "winnerDobleFalta" : 0,
    "winnerServingPoints" : 57,
    "winnerServingGames" : 10,
    "loserAces" : 0,
    "loserPrimerSaqueDentro" : 27,
    "loserPrimerSaqueGanado" : 20,
    "loserSegundoSaqueGanado" : 10,
    "loserDobleFalta" : 4,
    "loserServingPoints" : 55,
    "loserServingGames" : 9
  }, {
    "torneo" : "Tampere CH",
    "fecha" : "20140721",
    "superficie" : "Clay",
    "resultado" : "6-4 6-4",
    "contrincante" : "Adam Pavlasek",
    "ganador" : false,
    "winnerAces" : 3,
    "winnerPrimerSaqueDentro" : 29,
    "winnerPrimerSaqueGanado" : 24,
    "winnerSegundoSaqueGanado" : 19,
    "winnerDobleFalta" : 2,
    "winnerServingPoints" : 60,
    "winnerServingGames" : 10,
    "loserAces" : 1,
    "loserPrimerSaqueDentro" : 36,
    "loserPrimerSaqueGanado" : 24,
    "loserSegundoSaqueGanado" : 13,
    "loserDobleFalta" : 3,
    "loserServingPoints" : 54,
    "loserServingGames" : 10
  }, {
    "torneo" : "Helsinki CH",
    "fecha" : "20141110",
    "superficie" : "Hard",
    "resultado" : "3-6 6-3 6-0",
    "contrincante" : "Jarkko Nieminen",
    "ganador" : true,
    "winnerAces" : 8,
    "winnerPrimerSaqueDentro" : 48,
    "winnerPrimerSaqueGanado" : 34,
    "winnerSegundoSaqueGanado" : 17,
    "winnerDobleFalta" : 3,
    "winnerServingPoints" : 74,
    "winnerServingGames" : 12,
    "loserAces" : 2,
    "loserPrimerSaqueDentro" : 51,
    "loserPrimerSaqueGanado" : 35,
    "loserSegundoSaqueGanado" : 12,
    "loserDobleFalta" : 4,
    "loserServingPoints" : 86,