{
  "nombre" : "Karol Beck",
  "mano" : "R",
  "nacionalidad" : "SVK",
  "edad" : 32.1067761807,
  "ganar1Saque" : 0.6936823087079185,
  "ganar2Saque" : 0.5318366416863033,
  "primerSaque" : 0.5366625019482204,
  "segundoSaque" : 0.39157974294253756,
  "ganarPuntoSacando" : 0.5805297387873545,
  "ganarPuntoRestando" : 0.3686405097028559,
  "probAce" : 0.07942238450050354,
  "clay" : {
    "nombre" : "Clay",
    "probVictoria" : 0.0,
    "probGanarPrimerSaque" : 0.6511628031730652,
    "probGanarSegundoSaque" : 0.44117647409439087,
    "probPrimerSaque" : 0.5375000238418579,
    "probSegundoSaque" : 0.42500001192092896,
    "probGanarPuntoSacando" : 0.5375000289798031,
    "probGanarPuntoRestando" : 0.37837837718238054,
    "probAce" : 0.0
  },
  "grass" : {
    "nombre" : "Grass",
    "probVictoria" : 0.0,
    "probGanarPrimerSaque" : 0.0,
    "probGanarSegundoSaque" : 0.0,
    "probPrimerSaque" : 0.0,
    "probSegundoSaque" : 0.0,
    "probGanarPuntoSacando" : 0.0,
    "probGanarPuntoRestando" : 0.0,
    "probAce" : 0.0
  },
  "hard" : {
    "nombre" : "Hard",
    "probVictoria" : 0.20000000298023224,
    "probGanarPrimerSaque" : 0.6849226772785186,
    "probGanarSegundoSaque" : 0.5077645719051361,
    "probPrimerSaque" : 0.5339373826980591,
    "probSegundoSaque" : 0.3862885594367981,
    "probGanarPuntoSacando" : 0.5618494666709172,
    "probGanarPuntoRestando" : 0.37903490620091884,
    "probAce" : 0.0
  },
  "other" : {
    "nombre" : "Other",
    "probVictoria" : 0.0,
    "probGanarPrimerSaque" : 0.7799999713897705,
    "probGanarSegundoSaque" : 0.7428571581840515,
    "probPrimerSaque" : 0.5494505763053894,
    "probSegundoSaque" : 0.38461539149284363,
    "probGanarPuntoSacando" : 0.7142857305165169,
    "probGanarPuntoRestando" : 0.3069306597330166,
    "probAce" : 0.0
  },
  "partidos" : [ {
    "torneo" : "Busan CH",
    "fecha" : "20140512",
    "superficie" : "Hard",
    "resultado" : "6-2 6-0",
    "contrincante" : "Daniel Smethurst",
    "ganador" : false,
    "winnerAces" : 6,
    "winnerPrimerSaqueDentro" : 27,
    "winnerPrimerSaqueGanado" : 21,
    "winnerSegundoSaqueGanado" : 8,
    "winnerDobleFalta" : 4,
    "winnerServingPoints" : 44,
    "winnerServingGames" : 7,
    "loserAces" : 0,
    "loserPrimerSaqueDentro" : 21,
    "loserPrimerSaqueGanado" : 8,
    "loserSegundoSaqueGanado" : 5,
    "loserDobleFalta" : 8,
    "loserServingPoints" : 39,
    "loserServingGames" : 7
  }, {
    "torneo" : "Portoroz CH",
    "fecha" : "20140707",
    "superficie" : "Hard",
    "resultado" : "4-6 6-3 6-4",
    "contrincante" : "Ilija Bozoljac",
    "ganador" : false,
    "winnerAces" : 10,
    "winnerPrimerSaqueDentro" : 59,
    "winnerPrimerSaqueGanado" : 38,
    "winnerSegundoSaqueGanado" : 22,
    "winnerDobleFalta" : 6,
    "winnerServingPoints" : 99,
    "winnerServingGames" : 14,
    "loserAces" : 5,
    "loserPrimerSaqueDentro" : 52,
    "loserPrimerSaqueGanado" : 34,
    "loserSegundoSaqueGanado" : 25,
    "loserDobleFalta" : 5,
    "loserServingPoints" : 100,
    "loserServingGames" : 15
  }, {
    "torneo" : "Trnava CH",
    "fecha" : "20140915",
    "superficie" : "Clay",
    "resultado" : "7-5 6-2",
    "contrincante" : "Miloslav Mecir",
    "ganador" : false,
    "winnerAces" : 4,
    "winnerPrimerSaqueDentro" : 39,
    "winnerPrimerSaqueGanado" : 26,
    "winnerSegundoSaqueGanado" : 20,
    "winnerDobleFalta" : 2,
    "winnerServingPoints" : 74,
    "winnerServingGames" : 10,
    "loserAces" : 8,
    "loserPrimerSaqueDentro" : 43,
    "loserPrimerSaqueGanado" : 28,
    "loserSegundoSaqueGanado" : 15,
    "loserDobleFalta" : 3,
    "loserServingPoints" : 80,
    "loserServingGames" : 10
  }, {
    "torneo" : "Bergamo CH",
    "fecha" : "20140210",
    "superficie" : "Hard",
    "resultado" : "7-6(7) 6-3",
    "contrincante" : "Matteo Viola",
    "ganador" : false,
    "winnerAces" : 4,
    "winnerPrimerSaqueDentro" : 37,
    "winnerPrimerSaqueGanado" : 30,
    "winnerSegundoSaqueGanado" : 15,
    "winnerDobleFalta" : 6,
    "winnerServingPoints" : 69,
    "winnerServingGames" : 11,
    "loserAces" : 6,
    "loserPrimerSaqueDentro" : 36,
    "loserPrimerSaqueGanado" : 29,
    "loserSegundoSaqueGanado" : 11,
    "loserDobleFalta" : 6,
    "loserServingPoints" : 65,
    "loserServingGames" : 10
  }, {
    "torneo" : "Taipei CH",
    "fecha" : "20140428",
    "superficie" : "Carpet",
    "resultado" : "4-6 7-6(1) 7-5",
    "contrincante" : "Tsung Hua Yang",
    "ganador" : false,
    "winnerAces" : 8,
    "winnerPrimerSaqueDentro" : 57,
    "winnerPrimerSaqueGanado" : 45,
    "winnerSegundoSaqueGanado" : 25,
    "winnerDobleFalta" : 8,
    "winnerServingPoints" : 101,
    "winnerServingGames" : 17,
    "loserAces" : 8,
    "loserPrimerSaqueDentro" : 50,
    "loserPrimerSaqueGanado" : 39,
    "loserSegundoSaqueGanado" : 26,
    "loserDobleFalta" : 6,
    "loserServingPoints" : 91,
    "loserServingGames" : 17
  }, {
    "torneo" : "Zagreb Q",
    "fecha" : "20140203",
    "superficie" : "Hard",
    "resultado" : "6-2 4-6 6-1",
    "contrincante" : "Jan Hernych",
    "ganador" : true,
    "winnerAces" : 7,
    "winnerPrimerSaqueDentro" : 40,
    "winnerPrimerSaqueGanado" : 33,
    "winnerSegundoSaqueGanado" : 16,
    "winnerDobleFalta" : 1,
    "winnerServingPoints" : 73,
    "winnerServingGames" : 13,
    "loserAces" : 4,
    "loserPrimerSaqueDentro" : 53,
    "loserPrimerSaqueGanado" : 31,
    "loserSegundoSaqueGanado" : 12,
    "loserDobleFalta" : 0,
    "loserServingPoints" : 80,
    "loserServingGames" : 12
  }, {
    "torneo" : "Zagreb Q",
    "fecha" : "20140203",
    "superficie" : "Hard",
    "resultado" : "4-6 6-3 7-5",
    "contrincante" : "Daniel Evans",
    "ganador" : false,
    "winnerAces" : 3,
    "winnerPrimerSaqueDentro" : 62,
    "winnerPrimerSaqueGanado" : 43,
    "winnerSegundoSaqueGanado" : 22,
    "winnerDobleFalta" : 3,
    "winnerServingPoints" : 100,
    "winnerServingGames" : 16,
    "loserAces" : 10,
    "loserPrimerSaqueDentro" : 54,
    "loserPrimerSaqueGanado" : 41,
    "loserSegundoSaqueGanado" : 23,
    "loserDobleFalta" : 4,
    "loserServingPoints" : 106,
    "loserServingGames" : 15
  } ]
}