{
  "nombre" : "Kevin King",
  "mano" : "U",
  "nacionalidad" : "USA",
  "edad" : 23.3730321697,
  "ganar1Saque" : 0.7240169888192957,
  "ganar2Saque" : 0.5588281642306935,
  "primerSaque" : 0.6033516986803575,
  "segundoSaque" : 0.3362694572318684,
  "ganarPuntoSacando" : 0.6247537235492961,
  "ganarPuntoRestando" : 0.35647974275473493,
  "probAce" : 0.07466340065002441,
  "clay" : {
    "nombre" : "Clay",
    "probVictoria" : 0.4285714328289032,
    "probGanarPrimerSaque" : 0.7633396301950727,
    "probGanarSegundoSaque" : 0.5616591743060521,
    "probPrimerSaque" : 0.6073092307363238,
    "probSegundoSaque" : 0.333681936774935,
    "probGanarPuntoSacando" : 0.6509987246941737,
    "probGanarPuntoRestando" : 0.3322812000662494,
    "probAce" : 0.0
  },
  "grass" : {
    "nombre" : "Grass",
    "probVictoria" : 0.5,
    "probGanarPrimerSaque" : 1.372334599494934,
    "probGanarSegundoSaque" : 0.5999999940395355,
    "probPrimerSaque" : 0.5734448134899139,
    "probSegundoSaque" : 0.369651198387146,
    "probGanarPuntoSacando" : 1.008748875282123,
    "probGanarPuntoRestando" : 0.37772703432714533,
    "probAce" : 0.0
  },
  "hard" : {
    "nombre" : "Hard",
    "probVictoria" : 0.3076923191547394,
    "probGanarPrimerSaque" : 0.7086662879356971,
    "probGanarSegundoSaque" : 0.550969646527217,
    "probPrimerSaque" : 0.6058217791410593,
    "probSegundoSaque" : 0.3325270849924821,
    "probGanarPuntoSacando" : 0.6125378018535279,
    "probGanarPuntoRestando" : 0.36624091319124097,
    "probAce" : 0.0
  },
  "other" : {
    "nombre" : "Other",
    "probVictoria" : 0.0,
    "probGanarPrimerSaque" : 0.0,
    "probGanarSegundoSaque" : 0.0,
    "probPrimerSaque" : 0.0,
    "probSegundoSaque" : 0.0,
    "probGanarPuntoSacando" : 0.0,
    "probGanarPuntoRestando" : 0.0,
    "probAce" : 0.0
  },
  "partidos" : [ {
    "torneo" : "Bogota",
    "fecha" : "20140714",
    "superficie" : "Hard",
    "resultado" : "2-6 7-6(4) 6-3",
    "contrincante" : "Thiemo De Bakker",
    "ganador" : false,
    "winnerAces" : 14,
    "winnerPrimerSaqueDentro" : 69,
    "winnerPrimerSaqueGanado" : 51,
    "winnerSegundoSaqueGanado" : 13,
    "winnerDobleFalta" : 6,
    "winnerServingPoints" : 100,
    "winnerServingGames" : 15,
    "loserAces" : 7,
    "loserPrimerSaqueDentro" : 60,
    "loserPrimerSaqueGanado" : 44,
    "loserSegundoSaqueGanado" : 22,
    "loserDobleFalta" : 8,
    "loserServingPoints" : 100,
    "loserServingGames" : 14
  }, {
    "torneo" : "Aptos CH",
    "fecha" : "20140804",
    "superficie" : "Hard",
    "resultado" : "0-6 6-4 6-3",
    "contrincante" : "Rhyne Williams",
    "ganador" : false,
    "winnerAces" : 0,
    "winnerPrimerSaqueDentro" : 51,
    "winnerPrimerSaqueGanado" : 36,
    "winnerSegundoSaqueGanado" : 8,
    "winnerDobleFalta" : 0,
    "winnerServingPoints" : 71,
    "winnerServingGames" : 12,
    "loserAces" : 3,
    "loserPrimerSaqueDentro" : 58,
    "loserPrimerSaqueGanado" : 39,
    "loserSegundoSaqueGanado" : 13,
    "loserDobleFalta" : 2,
    "loserServingPoints" : 87,
    "loserServingGames" : 13
  }, {
    "torneo" : "Champaign CH",
    "fecha" : "20141110",
    "superficie" : "Hard",
    "resultado" : "6-3 7-5",
    "contrincante" : "Frank Dancevic",
    "ganador" : false,
    "winnerAces" : 10,
    "winnerPrimerSaqueDentro" : 39,
    "winnerPrimerSaqueGanado" : 31,
    "winnerSegundoSaqueGanado" : 13,
    "winnerDobleFalta" : 0,
    "winnerServingPoints" : 61,
    "winnerServingGames" : 10,
    "loserAces" : 6,
    "loserPrimerSaqueDentro" : 41,
    "loserPrimerSaqueGanado" : 29,
    "loserSegundoSaqueGanado" : 11,
    "loserDobleFalta" : 3,
    "loserServingPoints" : 63,
    "loserServingGames" : 11
  }, {
    "torneo" : "Medellin CH",
    "fecha" : "20140902",
    "superficie" : "Clay",
    "resultado" : "6-3 6-4",
    "contrincante" : "Gonzalo Lama",
    "ganador" : false,
    "winnerAces" : 5,
    "winnerPrimerSaqueDentro" : 37,
    "winnerPrimerSaqueGanado" : 25,
    "winnerSegundoSaqueGanado" : 18,
    "winnerDobleFalta" : 2,
    "winnerServingPoints" : 63,
    "winnerServingGames" : 10,
    "loserAces" : 3,
    "loserPrimerSaqueDentro" : 24,
    "loserPrimerSaqueGanado" : 22,
    "loserSegundoSaqueGanado" : 10,
    "loserDobleFalta" : 2,
    "loserServingPoints" : 44,
    "loserServingGames" : 9
  }, {
    "torneo" : "Rimouski CH",
    "fecha" : "20140317",
    "superficie" : "Hard",
    "resultado" : "6-4 4-6 7-6(11)",
    "contrincante" : "Austin Krajicek",
    "ganador" : false,
    "winnerAces" : 9,
    "winnerPrimerSaqueDentro" : 68,
    "winnerPrimerSaqueGanado" : 49,
    "winnerSegundoSaqueGanado" : 25,
    "winnerDobleFalta" : 4,
    "winnerServingPoints" : 114,
    "winnerServingGames" : 16,
    "loserAces" : 18,
    "loserPrimerSaqueDentro" : 62,
    "loserPrimerSaqueGanado" : 48,
    "loserSegundoSaqueGanado" : 24,
    "loserDobleFalta" : 4,
    "loserServingPoints" : 107,
    "loserServingGames" : 16
  }, {
    "torneo" : "San Luis Potosi CH",
    "fecha" : "20140414",
    "superficie" : "Clay",
    "resultado" : "6-3 6-3",
    "contrincante" : "Miguel Angel Reyes Varela",
    "ganador" : true,
    "winnerAces" : 1,
    "winnerPrimerSaqueDentro" : 43,
    "winnerPrimerSaqueGanado" : 31,
    "winnerSegundoSaqueGanado" : 13,
    "winnerDobleFalta" : 5,
    "winnerServingPoints" : 71,
    "winnerServingGames" : 9,
    "loserAces" : 1,
    "loserPrimerSaqueDentro" : 42,
    "loserPrimerSaqueGanado" : 22,
    "loserSegundoSaqueGanado" : 13,
    "loserDobleFalta" : 2,
    "loserServingPoints" : 66,
    "loserServingGames" : 9
  }, {
    "torneo" : "San Luis Potosi CH",
    "fecha" : "20140414",
    "superficie" : "Clay",
    "resultado" : "6-4 6-3",
    "contrincante" : "Adrian Menendez Maceiras",
    "ganador" : false,
    "winnerAces" : 3,
    "winnerPrimerSaqueDentro" : 26,
    "winnerPrimerSaqueGanado" : 19,
    "winnerSegundoSaqueGanado" : 13,
    "winnerDobleFalta" : 4,
    "winnerServingPoints" : 48,
    "winnerServingGames" : 9,
    "loserAces" : 2,
    "loserPrimerSaqueDentro" : 36,
    "loserPrimerSaqueGanado" : 24,
    "loserSegundoSaqueGanado" : 12,
    "loserDobleFalta" : 8,
    "loserServingPoints" : 70,
    "loserServingGames" : 10
  }, {
    "torneo" : "Quito CH",
    "fecha" : "20140915",
    "superficie" : "Clay",
    "resultado" : "6-3 6-4",
    "contrincante" : "Julio Cesar Campozano",
    "ganador" : true,
    "winnerAces" : 9,
    "winnerPrimerSaqueDentro" : 34,
    "winnerPrimerSaqueGanado" : 28,
    "winnerSegundoSaqueGanado" : 15,
    "winnerDobleFalta" : 5,
    "winnerServingPoints" : 58,
    "winnerServingGames" : 10,
    "loserAces" : 2,
    "loserPrimerSaqueDentro" : 28,
    "loserPrimerSaqueGanado" : 22,
    "loserSegundoSaqueGanado" : 11,
    "loserDobleFalta" : 6,
    "loserServingPoints" : 52,
    "loserServingGames" : 9
  }, {
    "torneo" : "Quito CH",
    "fecha" : "20140915",
    "superficie" : "Clay",
    "resultado" : "7-6(8) 5-7 6-3",
    "contrincante" : "Horacio Zeballos",
    "ganador" : false,
    "winnerAces" : 11,
    "winnerPrimerSaqueDentro" : 65,
    "winnerPrimerSaqueGanado" : 54,
    "winnerSegundoSaqueGanado" : 20,
    "winnerDobleFalta" : 5,
    "winnerServingPoints" : 110,
    "winnerServingGames" : 17,
    "loserAces" : 9,
    "loserPrimerSaqueDentro" : 66,
    "loserPrimerSaqueGanado" : 51,
    "loserSegundoSaqueGanado" : 16,
    "loserDobleFalta" : 6,
    "loserServingPoints" : 98,
    "loserServingGames" : 16
  }, {
    "torneo" : "Leon CH",
    "fecha" : "20140331",
    "superficie" : "Hard",
    "resultado" : "6-3 6-4",
    "contrincante" : "John Patrick Smith",
    "ganador" : true,
    "winnerAces" : 1,
    "winnerPrimerSaqueDentro" : 48,
    "winnerPrimerSaqueGanado" : 34,
    "winnerSegundoSaqueGanado" : 4,
    "winnerDobleFalta" : 3,
    "winnerServingPoints" : 64,
    "winnerServingGames" : 10,
    "loserAces" : 5,
    "loserPrimerSaqueDentro" : 32,
    "loserPrimerSaqueGanado" : 24,
    "loserSegundoSaqueGanado" : 6,
    "loserDobleFalta" : 1,