{
  "nombre" : "Kevin Krawietz",
  "mano" : "R",
  "nacionalidad" : "GER",
  "edad" : 22.7570157426,
  "ganar1Saque" : 0.6358441114425659,
  "ganar2Saque" : 0.5487136170268059,
  "primerSaque" : 0.6216380521655083,
  "segundoSaque" : 0.3463047035038471,
  "ganarPuntoSacando" : 0.5852870013710566,
  "ganarPuntoRestando" : 0.3660597110941233,
  "probAce" : 0.02654867246747017,
  "clay" : {
    "nombre" : "Clay",
    "probVictoria" : 0.20000000298023224,
    "probGanarPrimerSaque" : 0.6146910071372986,
    "probGanarSegundoSaque" : 0.4927360415458679,
    "probPrimerSaque" : 0.6344896197319031,
    "probSegundoSaque" : 0.3380087733268738,
    "probGanarPuntoSacando" : 0.5565641683480235,
    "probGanarPuntoRestando" : 0.3945380756320601,
    "probAce" : 0.0
  },
  "grass" : {
    "nombre" : "Grass",
    "probVictoria" : 0.5,
    "probGanarPrimerSaque" : 1.3882978558540344,
    "probGanarSegundoSaque" : 0.6830143630504608,
    "probPrimerSaque" : 0.6739130616188049,
    "probSegundoSaque" : 0.30434782803058624,
    "probGanarPuntoSacando" : 1.1434659963855167,
    "probGanarPuntoRestando" : 0.33134191557213966,
    "probAce" : 0.0
  },
  "hard" : {
    "nombre" : "Hard",
    "probVictoria" : 0.0,
    "probGanarPrimerSaque" : 0.0,
    "probGanarSegundoSaque" : 0.0,
    "probPrimerSaque" : 0.0,
    "probSegundoSaque" : 0.0,
    "probGanarPuntoSacando" : 0.0,
    "probGanarPuntoRestando" : 0.0,
    "probAce" : 0.0
  },
  "other" : {
    "nombre" : "Other",
    "probVictoria" : 0.0,
    "probGanarPrimerSaque" : 0.625,
    "probGanarSegundoSaque" : 0.5600000023841858,
    "probPrimerSaque" : 0.4528301954269409,
    "probSegundoSaque" : 0.4716981053352356,
    "probGanarPuntoSacando" : 0.5471698122541859,
    "probGanarPuntoRestando" : 0.2931034794484061,
    "probAce" : 0.0
  },
  "partidos" : [ {
    "torneo" : "Eckental CH",
    "fecha" : "20141027",
    "superficie" : "Carpet",
    "resultado" : "6-3 6-2",
    "contrincante" : "Matthias Bachinger",
    "ganador" : false,
    "winnerAces" : 12,
    "winnerPrimerSaqueDentro" : 33,
    "winnerPrimerSaqueGanado" : 27,
    "winnerSegundoSaqueGanado" : 14,
    "winnerDobleFalta" : 4,
    "winnerServingPoints" : 58,
    "winnerServingGames" : 9,
    "loserAces" : 1,
    "loserPrimerSaqueDentro" : 24,
    "loserPrimerSaqueGanado" : 15,
    "loserSegundoSaqueGanado" : 14,
    "loserDobleFalta" : 4,
    "loserServingPoints" : 53,
    "loserServingGames" : 8
  }, {
    "torneo" : "Oberstaufen CH",
    "fecha" : "20140721",
    "superficie" : "Clay",
    "resultado" : "7-6(5) 6-2",
    "contrincante" : "Peter Gojowczyk",
    "ganador" : false,
    "winnerAces" : 7,
    "winnerPrimerSaqueDentro" : 38,
    "winnerPrimerSaqueGanado" : 30,
    "winnerSegundoSaqueGanado" : 15,
    "winnerDobleFalta" : 6,
    "winnerServingPoints" : 73,
    "winnerServingGames" : 10,
    "loserAces" : 0,
    "loserPrimerSaqueDentro" : 58,
    "loserPrimerSaqueGanado" : 30,
    "loserSegundoSaqueGanado" : 14,
    "loserDobleFalta" : 1,
    "loserServingPoints" : 83,
    "loserServingGames" : 10
  }, {
    "torneo" : "Furth CH",
    "fecha" : "20140603",
    "superficie" : "Clay",
    "resultado" : "6-7(2) 6-0 6-4",
    "contrincante" : "Ruben Ramirez Hidalgo",
    "ganador" : false,
    "winnerAces" : 6,
    "winnerPrimerSaqueDentro" : 50,
    "winnerPrimerSaqueGanado" : 38,
    "winnerSegundoSaqueGanado" : 19,
    "winnerDobleFalta" : 4,
    "winnerServingPoints" : 91,
    "winnerServingGames" : 14,
    "loserAces" : 1,
    "loserPrimerSaqueDentro" : 70,
    "loserPrimerSaqueGanado" : 43,
    "loserSegundoSaqueGanado" : 16,
    "loserDobleFalta" : 3,
    "loserServingPoints" : 117,
    "loserServingGames" : 14
  }, {
    "torneo" : "Hamburg Q",
    "fecha" : "20140714",
    "superficie" : "Clay",
    "resultado" : "7-6(6) 6-2",
    "contrincante" : "Gastao Elias",
    "ganador" : false,
    "winnerAces" : 2,
    "winnerPrimerSaqueDentro" : 38,
    "winnerPrimerSaqueGanado" : 28,
    "winnerSegundoSaqueGanado" : 20,
    "winnerDobleFalta" : 2,
    "winnerServingPoints" : 75,
    "winnerServingGames" : 10,
    "loserAces" : 2,
    "loserPrimerSaqueDentro" : 42,
    "loserPrimerSaqueGanado" : 25,
    "loserSegundoSaqueGanado" : 13,
    "loserDobleFalta" : 2,
    "loserServingPoints" : 69,
    "loserServingGames" : 10
  }, {
    "torneo" : "Munich Q",
    "fecha" : "20140428",
    "superficie" : "Clay",
    "resultado" : "6-2 6-4",
    "contrincante" : "Maximilian Marterer",
    "ganador" : true,
    "winnerAces" : 3,
    "winnerPrimerSaqueDentro" : 28,
    "winnerPrimerSaqueGanado" : 22,
    "winnerSegundoSaqueGanado" : 13,
    "winnerDobleFalta" : 1,
    "winnerServingPoints" : 48,
    "winnerServingGames" : 9,
    "loserAces" : 1,
    "loserPrimerSaqueDentro" : 56,
    "loserPrimerSaqueGanado" : 32,
    "loserSegundoSaqueGanado" : 8,
    "loserDobleFalta" : 2,
    "loserServingPoints" : 76,
    "loserServingGames" : 9
  }, {
    "torneo" : "Munich Q",
    "fecha" : "20140428",
    "superficie" : "Clay",
    "resultado" : "6-3 6-3",
    "contrincante" : "Jan Lennard Struff",
    "ganador" : false,
    "winnerAces" : 5,
    "winnerPrimerSaqueDentro" : 34,
    "winnerPrimerSaqueGanado" : 23,
    "winnerSegundoSaqueGanado" : 11,
    "winnerDobleFalta" : 1,
    "winnerServingPoints" : 55,
    "winnerServingGames" : 9,
    "loserAces" : 1,
    "loserPrimerSaqueDentro" : 41,
    "loserPrimerSaqueGanado" : 23,
    "loserSegundoSaqueGanado" : 5,
    "loserDobleFalta" : 3,
    "loserServingPoints" : 60,
    "loserServingGames" : 9
  }, {
    "torneo" : "s-Hertogenbosch Q",
    "fecha" : "20140615",
    "superficie" : "Grass",
    "resultado" : "6-4 6-4",
    "contrincante" : "Maximilian Dinslaken",
    "ganador" : true,
    "winnerAces" : 4,
    "winnerPrimerSaqueDentro" : 44,
    "winnerPrimerSaqueGanado" : 33,
    "winnerSegundoSaqueGanado" : 15,
    "winnerDobleFalta" : 0,
    "winnerServingPoints" : 66,
    "winnerServingGames" : 10,
    "loserAces" : 4,
    "loserPrimerSaqueDentro" : 37,
    "loserPrimerSaqueGanado" : 25,
    "loserSegundoSaqueGanado" : 16,
    "loserDobleFalta" : 8,
    "loserServingPoints" : 68,
    "loserServingGames" : 10
  }, {
    "torneo" : "s-Hertogenbosch Q",
    "fecha" : "20140615",
    "superficie" : "Grass",
    "resultado" : "7-6(7) 6-3",
    "contrincante" : "Joao Sousa",
    "ganador" : false,
    "winnerAces" : 3,
    "winnerPrimerSaqueDentro" : 48,
    "winnerPrimerSaqueGanado" : 36,
    "winnerSegundoSaqueGanado" : 11,
    "winnerDobleFalta" : 0,
    "winnerServingPoints" : 64,
    "winnerServingGames" : 10,
    "loserAces" : 3,
    "loserPrimerSaqueDentro" : 47,
    "loserPrimerSaqueGanado" : 30,
    "loserSegundoSaqueGanado" : 13,
    "loserDobleFalta" : 3,
    "loserServingPoints" : 69,
    "loserServingGames" : 11
  } ]
}