{
  "nombre" : "Laurynas Grigelis",
  "mano" : "R",
  "nacionalidad" : "LTU",
  "edad" : 22.9158110883,
  "ganar1Saque" : 0.6900378204882145,
  "ganar2Saque" : 0.5508654986818632,
  "primerSaque" : 0.6091154478490353,
  "segundoSaque" : 0.34771245159208775,
  "ganarPuntoSacando" : 0.6118554891036196,
  "ganarPuntoRestando" : 0.34368521636351984,
  "probAce" : 0.07521367818117142,
  "clay" : {
    "nombre" : "Clay",
    "probVictoria" : 0.375,
    "probGanarPrimerSaque" : 0.698859453201294,
    "probGanarSegundoSaque" : 0.6184659600257874,
    "probPrimerSaque" : 0.5809375159442425,
    "probSegundoSaque" : 0.35660633631050587,
    "probGanarPuntoSacando" : 0.6265425548744671,
    "probGanarPuntoRestando" : 0.38341726844735485,
    "probAce" : 0.0
  },
  "grass" : {
    "nombre" : "Grass",
    "probVictoria" : 0.3333333432674408,
    "probGanarPrimerSaque" : 0.7674418687820435,
    "probGanarSegundoSaque" : 0.523809552192688,
    "probPrimerSaque" : 0.6515151262283325,
    "probSegundoSaque" : 0.3181818127632141,
    "probGanarPuntoSacando" : 0.6666666588717973,
    "probGanarPuntoRestando" : 0.24193546550808376,
    "probAce" : 0.0
  },
  "hard" : {
    "nombre" : "Hard",
    "probVictoria" : 0.3333333432674408,
    "probGanarPrimerSaque" : 0.6801726798216502,
    "probGanarSegundoSaque" : 0.516615649064382,
    "probPrimerSaque" : 0.6213170329729716,
    "probSegundoSaque" : 0.34493775566418966,
    "probGanarPuntoSacando" : 0.6008031138653291,
    "probGanarPuntoRestando" : 0.3292781053091703,
    "probAce" : 0.0
  },
  "other" : {
    "nombre" : "Other",
    "probVictoria" : 0.0,
    "probGanarPrimerSaque" : 0.0,
    "probGanarSegundoSaque" : 0.0,
    "probPrimerSaque" : 0.0,
    "probSegundoSaque" : 0.0,
    "probGanarPuntoSacando" : 0.0,
    "probGanarPuntoRestando" : 0.0,
    "probAce" : 0.0
  },
  "partidos" : [ {
    "torneo" : "Recanati CH",
    "fecha" : "20140714",
    "superficie" : "Hard",
    "resultado" : "6-3 6-3",
    "contrincante" : "Gilles Muller",
    "ganador" : false,
    "winnerAces" : 7,
    "winnerPrimerSaqueDentro" : 30,
    "winnerPrimerSaqueGanado" : 26,
    "winnerSegundoSaqueGanado" : 12,
    "winnerDobleFalta" : 0,
    "winnerServingPoints" : 49,
    "winnerServingGames" : 9,
    "loserAces" : 3,
    "loserPrimerSaqueDentro" : 38,
    "loserPrimerSaqueGanado" : 24,
    "loserSegundoSaqueGanado" : 10,
    "loserDobleFalta" : 3,
    "loserServingPoints" : 57,
    "loserServingGames" : 9
  }, {
    "torneo" : "Portoroz CH",
    "fecha" : "20140707",
    "superficie" : "Hard",
    "resultado" : "6-3 6-2",
    "contrincante" : "Daniel Cox",
    "ganador" : false,
    "winnerAces" : 0,
    "winnerPrimerSaqueDentro" : 43,
    "winnerPrimerSaqueGanado" : 26,
    "winnerSegundoSaqueGanado" : 10,
    "winnerDobleFalta" : 6,
    "winnerServingPoints" : 63,
    "winnerServingGames" : 9,
    "loserAces" : 3,
    "loserPrimerSaqueDentro" : 31,
    "loserPrimerSaqueGanado" : 18,
    "loserSegundoSaqueGanado" : 6,
    "loserDobleFalta" : 1,
    "loserServingPoints" : 52,
    "loserServingGames" : 8
  }, {
    "torneo" : "Mersin CH",
    "fecha" : "20140407",
    "superficie" : "Clay",
    "resultado" : "6-3 6-7(4) 6-3",
    "contrincante" : "Jonathan Eysseric",
    "ganador" : false,
    "winnerAces" : 5,
    "winnerPrimerSaqueDentro" : 64,
    "winnerPrimerSaqueGanado" : 44,
    "winnerSegundoSaqueGanado" : 24,
    "winnerDobleFalta" : 3,
    "winnerServingPoints" : 107,
    "winnerServingGames" : 16,
    "loserAces" : 3,
    "loserPrimerSaqueDentro" : 73,
    "loserPrimerSaqueGanado" : 47,
    "loserSegundoSaqueGanado" : 20,
    "loserDobleFalta" : 1,
    "loserServingPoints" : 113,
    "loserServingGames" : 14
  }, {
    "torneo" : "Samarkand CH",
    "fecha" : "20140512",
    "superficie" : "Clay",
    "resultado" : "6-4 7-6(7)",
    "contrincante" : "Valery Rudnev",
    "ganador" : false,
    "winnerAces" : 0,
    "winnerPrimerSaqueDentro" : 40,
    "winnerPrimerSaqueGanado" : 26,
    "winnerSegundoSaqueGanado" : 18,
    "winnerDobleFalta" : 1,
    "winnerServingPoints" : 74,
    "winnerServingGames" : 11,
    "loserAces" : 5,
    "loserPrimerSaqueDentro" : 39,
    "loserPrimerSaqueGanado" : 27,
    "loserSegundoSaqueGanado" : 11,
    "loserDobleFalta" : 6,
    "loserServingPoints" : 66,
    "loserServingGames" : 11
  }, {
    "torneo" : "Nottingham2 CH",
    "fecha" : "20140609",
    "superficie" : "Grass",
    "resultado" : "7-6(3) 6-4",
    "contrincante" : "Gilles Muller",
    "ganador" : false,
    "winnerAces" : 17,
    "winnerPrimerSaqueDentro" : 42,
    "winnerPrimerSaqueGanado" : 36,
    "winnerSegundoSaqueGanado" : 11,
    "winnerDobleFalta" : 3,
    "winnerServingPoints" : 62,
    "winnerServingGames" : 11,
    "loserAces" : 6,
    "loserPrimerSaqueDentro" : 43,
    "loserPrimerSaqueGanado" : 33,
    "loserSegundoSaqueGanado" : 11,
    "loserDobleFalta" : 2,
    "loserServingPoints" : 66,
    "loserServingGames" : 11
  }, {
    "torneo" : "Vancouver CH",
    "fecha" : "20140728",
    "superficie" : "Hard",
    "resultado" : "6-3 6-3",
    "contrincante" : "Ruben Bemelmans",
    "ganador" : false,
    "winnerAces" : 7,
    "winnerPrimerSaqueDentro" : 25,
    "winnerPrimerSaqueGanado" : 24,
    "winnerSegundoSaqueGanado" : 12,
    "winnerDobleFalta" : 2,
    "winnerServingPoints" : 40,
    "winnerServingGames" : 9,
    "loserAces" : 1,
    "loserPrimerSaqueDentro" : 33,
    "loserPrimerSaqueGanado" : 24,
    "loserSegundoSaqueGanado" : 8,
    "loserDobleFalta" : 4,
    "loserServingPoints" : 58,
    "loserServingGames" : 9
  }, {
    "torneo" : "Gimcheon CH",
    "fecha" : "20140505",
    "superficie" : "Hard",
    "resultado" : "3-6 6-4 6-3",
    "contrincante" : "John Patrick Smith",
    "ganador" : true,
    "winnerAces" : 5,
    "winnerPrimerSaqueDentro" : 62,
    "winnerPrimerSaqueGanado" : 47,
    "winnerSegundoSaqueGanado" : 17,
    "winnerDobleFalta" : 3,
    "winnerServingPoints" : 93,
    "winnerServingGames" : 14,
    "loserAces" : 5,
    "loserPrimerSaqueDentro" : 49,
    "loserPrimerSaqueGanado" : 38,
    "loserSegundoSaqueGanado" : 17,
    "loserDobleFalta" : 1,
    "loserServingPoints" : 82,
    "loserServingGames" : 14
  }, {
    "torneo" : "Gimcheon CH",
    "fecha" : "20140505",
    "superficie" : "Hard",
    "resultado" : "7-5 6-1",
    "contrincante" : "Amir Weintraub",
    "ganador" : false,
    "winnerAces" : 4,
    "winnerPrimerSaqueDentro" : 29,
    "winnerPrimerSaqueGanado" : 23,
    "winnerSegundoSaqueGanado" : 13,
    "winnerDobleFalta" : 4,
    "winnerServingPoints" : 52,
    "winnerServingGames" : 10,
    "loserAces" : 6,
    "loserPrimerSaqueDentro" : 35,
    "loserPrimerSaqueGanado" : 19,
    "loserSegundoSaqueGanado" : 8,
    "loserDobleFalta" : 4,
    "loserServingPoints" : 58,
    "loserServingGames" : 9
  }, {
    "torneo" : "Bergamo CH",
    "fecha" : "20140210",
    "superficie" : "Hard",
    "resultado" : "7-6(7) 7-5",
    "contrincante" : "Andrea Falgheri",
    "ganador" : true,
    "winnerAces" : 15,
    "winnerPrimerSaqueDentro" : 51,
    "winnerPrimerSaqueGanado" : 43,
    "winnerSegundoSaqueGanado" : 12,
    "winnerDobleFalta" : 1,
    "winnerServingPoints" : 70,
    "winnerServingGames" : 12,
    "loserAces" : 5,
    "loserPrimerSaqueDentro" : 50,
    "loserPrimerSaqueGanado" : 36,
    "loserSegundoSaqueGanado" : 20,
    "loserDobleFalta" : 4,
    "loserServingPoints" : 87,
    "loserServingGames" : 12
  }, {
    "torneo" : "Bergamo CH",
    "fecha" : "20140210",
    "superficie" : "Hard",
    "resultado" : "7-5 6-7(7) 6-4",
    "contrincante" : "Edward Corrie",
    "ganador" : true,
    "winnerAces" : 13,
    "winnerPrimerSaqueDentro" : 66,
    "winnerPrimerSaqueGanado" : 52,
    "winnerSegundoSaqueGanado" : 21,
    "winnerDobleFalta" : 3,
    "winnerServingPoints" : 102,
    "winnerServingGames" : 17,
    "loserAces" : 8,
    "loserPrimerSaqueDentro" : 82,
    "loserPrimerSaqueGanado" : 55,
    "loserSegundoSaqueGanado" : 16,
    "loserDobleFalta" : 1,