{
  "nombre" : "Luca Vanni",
  "mano" : "U",
  "nacionalidad" : "ITA",
  "edad" : 29.3963039014,
  "ganar1Saque" : 0.7279539797455072,
  "ganar2Saque" : 0.567096184939146,
  "primerSaque" : 0.5993638597428799,
  "segundoSaque" : 0.34737574433286983,
  "ganarPuntoSacando" : 0.633304766367024,
  "ganarPuntoRestando" : 0.36641193687552187,
  "probAce" : 0.15840516984462738,
  "clay" : {
    "nombre" : "Clay",
    "probVictoria" : 0.0,
    "probGanarPrimerSaque" : 0.7142857313156128,
    "probGanarSegundoSaque" : 0.4285714328289032,
    "probPrimerSaque" : 0.7165354490280151,
    "probSegundoSaque" : 0.27559053897857666,
    "probGanarPuntoSacando" : 0.6299212793866751,
    "probGanarPuntoRestando" : 0.3365384625755392,
    "probAce" : 0.0
  },
  "grass" : {
    "nombre" : "Grass",
    "probVictoria" : 0.0,
    "probGanarPrimerSaque" : 0.0,
    "probGanarSegundoSaque" : 0.0,
    "probPrimerSaque" : 0.0,
    "probSegundoSaque" : 0.0,
    "probGanarPuntoSacando" : 0.0,
    "probGanarPuntoRestando" : 0.0,
    "probAce" : 0.0
  },
  "hard" : {
    "nombre" : "Hard",
    "probVictoria" : 0.5454545617103577,
    "probGanarPrimerSaque" : 0.7203417657451197,
    "probGanarSegundoSaque" : 0.5799390944567594,
    "probPrimerSaque" : 0.5992228673263029,
    "probSegundoSaque" : 0.34904883531006897,
    "probGanarPuntoSacando" : 0.6340723237955905,
    "probGanarPuntoRestando" : 0.37432390102092605,
    "probAce" : 0.0
  },
  "other" : {
    "nombre" : "Other",
    "probVictoria" : 0.0,
    "probGanarPrimerSaque" : 0.9090909361839294,
    "probGanarSegundoSaque" : 0.42307692766189575,
    "probPrimerSaque" : 0.4852941036224365,
    "probSegundoSaque" : 0.38235294818878174,
    "probGanarPuntoSacando" : 0.6029411815888395,
    "probGanarPuntoRestando" : 0.22222219997661385,
    "probAce" : 0.0
  },
  "partidos" : [ {
    "torneo" : "Eckental CH",
    "fecha" : "20141027",
    "superficie" : "Carpet",
    "resultado" : "7-5 6-4",
    "contrincante" : "Miloslav Mecir",
    "ganador" : false,
    "winnerAces" : 3,
    "winnerPrimerSaqueDentro" : 26,
    "winnerPrimerSaqueGanado" : 22,
    "winnerSegundoSaqueGanado" : 20,
    "winnerDobleFalta" : 2,
    "winnerServingPoints" : 54,
    "winnerServingGames" : 11,
    "loserAces" : 8,
    "loserPrimerSaqueDentro" : 33,
    "loserPrimerSaqueGanado" : 30,
    "loserSegundoSaqueGanado" : 11,
    "loserDobleFalta" : 9,
    "loserServingPoints" : 68,
    "loserServingGames" : 11
  }, {
    "torneo" : "Tiburon CH",
    "fecha" : "20141006",
    "superficie" : "Hard",
    "resultado" : "6-3 5-7 7-5",
    "contrincante" : "Louk Sorensen",
    "ganador" : false,
    "winnerAces" : 9,
    "winnerPrimerSaqueDentro" : 77,
    "winnerPrimerSaqueGanado" : 52,
    "winnerSegundoSaqueGanado" : 26,
    "winnerDobleFalta" : 7,
    "winnerServingPoints" : 128,
    "winnerServingGames" : 17,
    "loserAces" : 15,
    "loserPrimerSaqueDentro" : 60,
    "loserPrimerSaqueGanado" : 39,
    "loserSegundoSaqueGanado" : 16,
    "loserDobleFalta" : 1,
    "loserServingPoints" : 97,
    "loserServingGames" : 16
  }, {
    "torneo" : "Bangkok CH",
    "fecha" : "20140825",
    "superficie" : "Hard",
    "resultado" : "7-6(5) 7-6(4)",
    "contrincante" : "Ramkumar Ramanathan",
    "ganador" : true,
    "winnerAces" : 21,
    "winnerPrimerSaqueDentro" : 50,
    "winnerPrimerSaqueGanado" : 42,
    "winnerSegundoSaqueGanado" : 21,
    "winnerDobleFalta" : 4,
    "winnerServingPoints" : 91,
    "winnerServingGames" : 12,
    "loserAces" : 8,
    "loserPrimerSaqueDentro" : 50,
    "loserPrimerSaqueGanado" : 35,
    "loserSegundoSaqueGanado" : 23,
    "loserDobleFalta" : 2,
    "loserServingPoints" : 83,
    "loserServingGames" : 12
  }, {
    "torneo" : "Bangkok CH",
    "fecha" : "20140825",
    "superficie" : "Hard",
    "resultado" : "7-6(3) 6-2",
    "contrincante" : "Sasi Kumar Mukund",
    "ganador" : true,
    "winnerAces" : 9,
    "winnerPrimerSaqueDentro" : 31,
    "winnerPrimerSaqueGanado" : 25,
    "winnerSegundoSaqueGanado" : 19,
    "winnerDobleFalta" : 7,
    "winnerServingPoints" : 61,
    "winnerServingGames" : 10,
    "loserAces" : 4,
    "loserPrimerSaqueDentro" : 39,
    "loserPrimerSaqueGanado" : 21,
    "loserSegundoSaqueGanado" : 16,
    "loserDobleFalta" : 2,
    "loserServingPoints" : 63,
    "loserServingGames" : 10
  }, {
    "torneo" : "Bangkok CH",
    "fecha" : "20140825",
    "superficie" : "Hard",
    "resultado" : "6-4 6-4",
    "contrincante" : "Ti Chen",
    "ganador" : true,
    "winnerAces" : 21,
    "winnerPrimerSaqueDentro" : 52,
    "winnerPrimerSaqueGanado" : 38,
    "winnerSegundoSaqueGanado" : 14,
    "winnerDobleFalta" : 5,
    "winnerServingPoints" : 80,
    "winnerServingGames" : 10,
    "loserAces" : 2,
    "loserPrimerSaqueDentro" : 53,
    "loserPrimerSaqueGanado" : 37,
    "loserSegundoSaqueGanado" : 7,
    "loserDobleFalta" : 0,
    "loserServingPoints" : 71,
    "loserServingGames" : 10
  }, {
    "torneo" : "Bangkok CH",
    "fecha" : "20140825",
    "superficie" : "Hard",
    "resultado" : "6-1 6-3",
    "contrincante" : "Jordan Thompson",
    "ganador" : false,
    "winnerAces" : 4,
    "winnerPrimerSaqueDentro" : 26,
    "winnerPrimerSaqueGanado" : 22,
    "winnerSegundoSaqueGanado" : 12,
    "winnerDobleFalta" : 1,
    "winnerServingPoints" : 45,
    "winnerServingGames" : 8,
    "loserAces" : 6,
    "loserPrimerSaqueDentro" : 32,
    "loserPrimerSaqueGanado" : 17,
    "loserSegundoSaqueGanado" : 9,
    "loserDobleFalta" : 3,
    "loserServingPoints" : 49,
    "loserServingGames" : 8
  }, {
    "torneo" : "Portoroz CH",
    "fecha" : "20140707",
    "superficie" : "Hard",
    "resultado" : "6-3 6-2",
    "contrincante" : "Erik Crepaldi",
    "ganador" : true,
    "winnerAces" : 7,
    "winnerPrimerSaqueDentro" : 29,
    "winnerPrimerSaqueGanado" : 21,
    "winnerSegundoSaqueGanado" : 10,
    "winnerDobleFalta" : 3,
    "winnerServingPoints" : 47,
    "winnerServingGames" : 8,
    "loserAces" : 1,
    "loserPrimerSaqueDentro" : 52,
    "loserPrimerSaqueGanado" : 28,
    "loserSegundoSaqueGanado" : 4,
    "loserDobleFalta" : 1,
    "loserServingPoints" : 65,
    "loserServingGames" : 9
  }, {
    "torneo" : "Portoroz CH",
    "fecha" : "20140707",
    "superficie" : "Hard",
    "resultado" : "7-6(4) 3-6 6-3",
    "contrincante" : "Thomas Fabbiano",
    "ganador" : false,
    "winnerAces" : 2,
    "winnerPrimerSaqueDentro" : 73,
    "winnerPrimerSaqueGanado" : 50,
    "winnerSegundoSaqueGanado" : 25,
    "winnerDobleFalta" : 8,
    "winnerServingPoints" : 124,
    "winnerServingGames" : 15,
    "loserAces" : 12,
    "loserPrimerSaqueDentro" : 57,
    "loserPrimerSaqueGanado" : 42,
    "loserSegundoSaqueGanado" : 16,
    "loserDobleFalta" : 3,
    "loserServingPoints" : 90,
    "loserServingGames" : 15
  }, {
    "torneo" : "Izmir CH",
    "fecha" : "20140915",
    "superficie" : "Hard",
    "resultado" : "6-2 6-1",
    "contrincante" : "Mikhail Ledovskikh",
    "ganador" : false,
    "winnerAces" : 6,
    "winnerPrimerSaqueDentro" : 23,
    "winnerPrimerSaqueGanado" : 20,
    "winnerSegundoSaqueGanado" : 17,
    "winnerDobleFalta" : 4,
    "winnerServingPoints" : 51,
    "winnerServingGames" : 8,
    "loserAces" : 4,
    "loserPrimerSaqueDentro" : 21,
    "loserPrimerSaqueGanado" : 9,
    "loserSegundoSaqueGanado" : 9,
    "loserDobleFalta" : 3,
    "loserServingPoints" : 39,
    "loserServingGames" : 7
  }, {
    "torneo" : "Sacramento CH",
    "fecha" : "20140929",
    "superficie" : "Hard",
    "resultado" : "6-7(2) 6-3 6-0",
    "contrincante" : "Liam Broady",
    "ganador" : true,
    "winnerAces" : 15,
    "winnerPrimerSaqueDentro" : 53,
    "winnerPrimerSaqueGanado" : 39,
    "winnerSegundoSaqueGanado" : 22,
    "winnerDobleFalta" : 3,
    "winnerServingPoints" : 96,
    "winnerServingGames" : 14,
    "loserAces" : 2,
    "loserPrimerSaqueDentro" : 62,
    "loserPrimerSaqueGanado" : 37,
    "loserSegundoSaqueGanado" : 11,
    "loserDobleFalta" : 5,
    "loserServingPoints" : 86,