{
  "nombre" : "Lukasz Kubot",
  "mano" : "R",
  "nacionalidad" : "POL",
  "edad" : 31.8357289528,
  "ganar1Saque" : 0.6890795355041822,
  "ganar2Saque" : 0.576590146869421,
  "primerSaque" : 0.6030368941525618,
  "segundoSaque" : 0.34180188986162346,
  "ganarPuntoSacando" : 0.6126199847900912,
  "ganarPuntoRestando" : 0.3439189175771702,
  "probAce" : 0.07827788591384888,
  "clay" : {
    "nombre" : "Clay",
    "probVictoria" : 0.3636363744735718,
    "probGanarPrimerSaque" : 0.6305023594336077,
    "probGanarSegundoSaque" : 0.5389655205336484,
    "probPrimerSaque" : 0.6274849447337064,
    "probSegundoSaque" : 0.32219865782694385,
    "probGanarPuntoSacando" : 0.5692847054946104,
    "probGanarPuntoRestando" : 0.35376227416895406,
    "probAce" : 0.0
  },
  "grass" : {
    "nombre" : "Grass",
    "probVictoria" : 0.5,
    "probGanarPrimerSaque" : 1.6045635044574738,
    "probGanarSegundoSaque" : 0.6567453369498253,
    "probPrimerSaque" : 0.5686657503247261,
    "probSegundoSaque" : 0.36241789907217026,
    "probGanarPuntoSacando" : 1.1504765744487815,
    "probGanarPuntoRestando" : 0.2635229887094733,
    "probAce" : 0.0
  },
  "hard" : {
    "nombre" : "Hard",
    "probVictoria" : 0.2222222238779068,
    "probGanarPrimerSaque" : 0.7103617654906379,
    "probGanarSegundoSaque" : 0.5869512723551856,
    "probPrimerSaque" : 0.5884320073657565,
    "probSegundoSaque" : 0.3565987249215444,
    "probGanarPuntoSacando" : 0.6273056749364762,
    "probGanarPuntoRestando" : 0.36761967235063303,
    "probAce" : 0.0
  },
  "other" : {
    "nombre" : "Other",
    "probVictoria" : 0.0,
    "probGanarPrimerSaque" : 0.0,
    "probGanarSegundoSaque" : 0.0,
    "probPrimerSaque" : 0.0,
    "probSegundoSaque" : 0.0,
    "probGanarPuntoSacando" : 0.0,
    "probGanarPuntoRestando" : 0.0,
    "probAce" : 0.0
  },
  "partidos" : [ {
    "torneo" : "Miami Masters",
    "fecha" : "20140319",
    "superficie" : "Hard",
    "resultado" : "4-6 6-4 6-4",
    "contrincante" : "Matthew Ebden",
    "ganador" : false,
    "winnerAces" : 6,
    "winnerPrimerSaqueDentro" : 56,
    "winnerPrimerSaqueGanado" : 44,
    "winnerSegundoSaqueGanado" : 16,
    "winnerDobleFalta" : 8,
    "winnerServingPoints" : 88,
    "winnerServingGames" : 15,
    "loserAces" : 8,
    "loserPrimerSaqueDentro" : 45,
    "loserPrimerSaqueGanado" : 35,
    "loserSegundoSaqueGanado" : 21,
    "loserDobleFalta" : 9,
    "loserServingPoints" : 84,
    "loserServingGames" : 15
  }, {
    "torneo" : "Halle",
    "fecha" : "20140609",
    "superficie" : "Grass",
    "resultado" : "6-2 3-6 6-3",
    "contrincante" : "Alejandro Falla",
    "ganador" : false,
    "winnerAces" : 8,
    "winnerPrimerSaqueDentro" : 49,
    "winnerPrimerSaqueGanado" : 35,
    "winnerSegundoSaqueGanado" : 19,
    "winnerDobleFalta" : 3,
    "winnerServingPoints" : 79,
    "winnerServingGames" : 13,
    "loserAces" : 5,
    "loserPrimerSaqueDentro" : 42,
    "loserPrimerSaqueGanado" : 35,
    "loserSegundoSaqueGanado" : 15,
    "loserDobleFalta" : 7,
    "loserServingPoints" : 82,
    "loserServingGames" : 13
  }, {
    "torneo" : "Doha",
    "fecha" : "20131230",
    "superficie" : "Hard",
    "resultado" : "6-4 6-3",
    "contrincante" : "Daniel Gimeno Traver",
    "ganador" : true,
    "winnerAces" : 0,
    "winnerPrimerSaqueDentro" : 39,
    "winnerPrimerSaqueGanado" : 27,
    "winnerSegundoSaqueGanado" : 11,
    "winnerDobleFalta" : 2,
    "winnerServingPoints" : 62,
    "winnerServingGames" : 10,
    "loserAces" : 2,
    "loserPrimerSaqueDentro" : 39,
    "loserPrimerSaqueGanado" : 24,
    "loserSegundoSaqueGanado" : 9,
    "loserDobleFalta" : 0,
    "loserServingPoints" : 59,
    "loserServingGames" : 9
  }, {
    "torneo" : "Doha",
    "fecha" : "20131230",
    "superficie" : "Hard",
    "resultado" : "6-2 4-6 6-3",
    "contrincante" : "Ernests Gulbis",
    "ganador" : false,
    "winnerAces" : 12,
    "winnerPrimerSaqueDentro" : 64,
    "winnerPrimerSaqueGanado" : 44,
    "winnerSegundoSaqueGanado" : 14,
    "winnerDobleFalta" : 3,
    "winnerServingPoints" : 87,
    "winnerServingGames" : 14,
    "loserAces" : 1,
    "loserPrimerSaqueDentro" : 65,
    "loserPrimerSaqueGanado" : 38,
    "loserSegundoSaqueGanado" : 21,
    "loserDobleFalta" : 3,
    "loserServingPoints" : 105,
    "loserServingGames" : 13
  }, {
    "torneo" : "Barcelona",
    "fecha" : "20140421",
    "superficie" : "Clay",
    "resultado" : "6-1 6-0",
    "contrincante" : "Roberto Bautista Agut",
    "ganador" : false,
    "winnerAces" : 2,
    "winnerPrimerSaqueDentro" : 34,
    "winnerPrimerSaqueGanado" : 27,
    "winnerSegundoSaqueGanado" : 7,
    "winnerDobleFalta" : 1,
    "winnerServingPoints" : 47,
    "winnerServingGames" : 7,
    "loserAces" : 1,
    "loserPrimerSaqueDentro" : 22,
    "loserPrimerSaqueGanado" : 7,
    "loserSegundoSaqueGanado" : 7,
    "loserDobleFalta" : 1,
    "loserServingPoints" : 39,
    "loserServingGames" : 6
  }, {
    "torneo" : "Estoril",
    "fecha" : "20140428",
    "superficie" : "Clay",
    "resultado" : "6-3 7-5",
    "contrincante" : "Teymuraz Gabashvili",
    "ganador" : true,
    "winnerAces" : 2,
    "winnerPrimerSaqueDentro" : 55,
    "winnerPrimerSaqueGanado" : 36,
    "winnerSegundoSaqueGanado" : 14,
    "winnerDobleFalta" : 3,
    "winnerServingPoints" : 83,
    "winnerServingGames" : 11,
    "loserAces" : 2,
    "loserPrimerSaqueDentro" : 34,
    "loserPrimerSaqueGanado" : 21,
    "loserSegundoSaqueGanado" : 8,
    "loserDobleFalta" : 0,
    "loserServingPoints" : 53,
    "loserServingGames" : 10
  }, {
    "torneo" : "Estoril",
    "fecha" : "20140428",
    "superficie" : "Clay",
    "resultado" : "6-4 6-3",
    "contrincante" : "Carlos Berlocq",
    "ganador" : false,
    "winnerAces" : 5,
    "winnerPrimerSaqueDentro" : 35,
    "winnerPrimerSaqueGanado" : 30,
    "winnerSegundoSaqueGanado" : 8,
    "winnerDobleFalta" : 2,
    "winnerServingPoints" : 50,
    "winnerServingGames" : 9,
    "loserAces" : 0,
    "loserPrimerSaqueDentro" : 42,
    "loserPrimerSaqueGanado" : 26,
    "loserSegundoSaqueGanado" : 12,
    "loserDobleFalta" : 8,
    "loserServingPoints" : 66,
    "loserServingGames" : 10
  }, {
    "torneo" : "Australian Open",
    "fecha" : "20140113",
    "superficie" : "Hard",
    "resultado" : "3-6 6-3 3-6 6-3 6-4",
    "contrincante" : "Nikolay Davydenko",
    "ganador" : false,
    "winnerAces" : 6,
    "winnerPrimerSaqueDentro" : 104,
    "winnerPrimerSaqueGanado" : 76,
    "winnerSegundoSaqueGanado" : 11,
    "winnerDobleFalta" : 4,
    "winnerServingPoints" : 135,
    "winnerServingGames" : 23,
    "loserAces" : 8,
    "loserPrimerSaqueDentro" : 100,
    "loserPrimerSaqueGanado" : 68,
    "loserSegundoSaqueGanado" : 25,
    "loserDobleFalta" : 12,
    "loserServingPoints" : 168,
    "loserServingGames" : 23
  }, {
    "torneo" : "Acapulco",
    "fecha" : "20140224",
    "superficie" : "Hard",
    "resultado" : "6-4 2-6 6-4",
    "contrincante" : "David Goffin",
    "ganador" : false,
    "winnerAces" : 12,
    "winnerPrimerSaqueDentro" : 58,
    "winnerPrimerSaqueGanado" : 37,
    "winnerSegundoSaqueGanado" : 10,
    "winnerDobleFalta" : 6,
    "winnerServingPoints" : 87,
    "winnerServingGames" : 14,
    "loserAces" : 12,
    "loserPrimerSaqueDentro" : 62,
    "loserPrimerSaqueGanado" : 40,
    "loserSegundoSaqueGanado" : 14,
    "loserDobleFalta" : 5,
    "loserServingPoints" : 93,
    "loserServingGames" : 14
  }, {
    "torneo" : "Indian Wells Masters",
    "fecha" : "20140306",
    "superficie" : "Hard",
    "resultado" : "6-4 7-5",
    "contrincante" : "Sergiy Stakhovsky",
    "ganador" : false,
    "winnerAces" : 1,
    "winnerPrimerSaqueDentro" : 41,
    "winnerPrimerSaqueGanado" : 30,
    "winnerSegundoSaqueGanado" : 12,
    "winnerDobleFalta" : 1,
    "winnerServingPoints" : 59,
    "winnerServingGames" : 11,
    "loserAces" : 4,
    "loserPrimerSaqueDentro" : 39,
    "loserPrimerSaqueGanado" : 29,
    "loserSegundoSaqueGanado" : 12,
    "loserDobleFalta" : 4,