{
  "nombre" : "Mats Moraing",
  "mano" : "L",
  "nacionalidad" : "GER",
  "edad" : 21.9685147159,
  "ganar1Saque" : 0.797660268843174,
  "ganar2Saque" : 0.5391943752765656,
  "primerSaque" : 0.5227876231074333,
  "segundoSaque" : 0.4025689661502838,
  "ganarPuntoSacando" : 0.6340698382048944,
  "ganarPuntoRestando" : 0.3913414615381003,
  "probAce" : 0.15302491188049316,
  "clay" : {
    "nombre" : "Clay",
    "probVictoria" : 0.3333333432674408,
    "probGanarPrimerSaque" : 0.7821912368138632,
    "probGanarSegundoSaque" : 0.567717989285787,
    "probPrimerSaque" : 0.47422681252161664,
    "probSegundoSaque" : 0.4389476378758748,
    "probGanarPuntoSacando" : 0.6201345273932167,
    "probGanarPuntoRestando" : 0.40756892849591564,
    "probAce" : 0.0
  },
  "grass" : {
    "nombre" : "Grass",
    "probVictoria" : 0.0,
    "probGanarPrimerSaque" : 1.4450980424880981,
    "probGanarSegundoSaque" : 0.3380952477455139,
    "probPrimerSaque" : 0.5230755507946014,
    "probSegundoSaque" : 0.3869387060403824,
    "probGanarPuntoSacando" : 0.886717592207714,
    "probGanarPuntoRestando" : 0.3023809257291225,
    "probAce" : 0.0
  },
  "hard" : {
    "nombre" : "Hard",
    "probVictoria" : 0.6666666865348816,
    "probGanarPrimerSaque" : 0.8632034659385681,
    "probGanarSegundoSaque" : 0.6447368462880453,
    "probPrimerSaque" : 0.5711564819018046,
    "probSegundoSaque" : 0.37661046783129376,
    "probGanarPuntoSacando" : 0.7358389000795305,
    "probGanarPuntoRestando" : 0.43442101845293674,
    "probAce" : 0.0
  },
  "other" : {
    "nombre" : "Other",
    "probVictoria" : 0.0,
    "probGanarPrimerSaque" : 0.0,
    "probGanarSegundoSaque" : 0.0,
    "probPrimerSaque" : 0.0,
    "probSegundoSaque" : 0.0,
    "probGanarPuntoSacando" : 0.0,
    "probGanarPuntoRestando" : 0.0,
    "probAce" : 0.0
  },
  "partidos" : [ {
    "torneo" : "Halle Q",
    "fecha" : "20140609",
    "superficie" : "Grass",
    "resultado" : "6-1 6-7(3) 6-4",
    "contrincante" : "Giovanni Lapentti",
    "ganador" : false,
    "winnerAces" : 2,
    "winnerPrimerSaqueDentro" : 69,
    "winnerPrimerSaqueGanado" : 45,
    "winnerSegundoSaqueGanado" : 19,
    "winnerDobleFalta" : 4,
    "winnerServingPoints" : 105,
    "winnerServingGames" : 15,
    "loserAces" : 17,
    "loserPrimerSaqueDentro" : 51,
    "loserPrimerSaqueGanado" : 38,
    "loserSegundoSaqueGanado" : 12,
    "loserDobleFalta" : 6,
    "loserServingPoints" : 92,
    "loserServingGames" : 14
  }, {
    "torneo" : "Kitzbuhel Q",
    "fecha" : "20140727",
    "superficie" : "Clay",
    "resultado" : "6-2 6-2",
    "contrincante" : "Mate Delic",
    "ganador" : true,
    "winnerAces" : 7,
    "winnerPrimerSaqueDentro" : 20,
    "winnerPrimerSaqueGanado" : 18,
    "winnerSegundoSaqueGanado" : 13,
    "winnerDobleFalta" : 2,
    "winnerServingPoints" : 44,
    "winnerServingGames" : 8,
    "loserAces" : 3,
    "loserPrimerSaqueDentro" : 27,
    "loserPrimerSaqueGanado" : 16,
    "loserSegundoSaqueGanado" : 8,
    "loserDobleFalta" : 6,
    "loserServingPoints" : 51,
    "loserServingGames" : 8
  }, {
    "torneo" : "Kitzbuhel Q",
    "fecha" : "20140727",
    "superficie" : "Clay",
    "resultado" : "7-6(6) 7-5",
    "contrincante" : "Aslan Karatsev",
    "ganador" : false,
    "winnerAces" : 0,
    "winnerPrimerSaqueDentro" : 52,
    "winnerPrimerSaqueGanado" : 36,
    "winnerSegundoSaqueGanado" : 10,
    "winnerDobleFalta" : 4,
    "winnerServingPoints" : 77,
    "winnerServingGames" : 12,
    "loserAces" : 5,
    "loserPrimerSaqueDentro" : 42,
    "loserPrimerSaqueGanado" : 29,
    "loserSegundoSaqueGanado" : 12,
    "loserDobleFalta" : 11,
    "loserServingPoints" : 77,
    "loserServingGames" : 12
  }, {
    "torneo" : "Gstaad Q",
    "fecha" : "20140721",
    "superficie" : "Clay",
    "resultado" : "6-3 6-7(2) 6-3",
    "contrincante" : "Christian Garin",
    "ganador" : false,
    "winnerAces" : 13,
    "winnerPrimerSaqueDentro" : 40,
    "winnerPrimerSaqueGanado" : 34,
    "winnerSegundoSaqueGanado" : 27,
    "winnerDobleFalta" : 5,
    "winnerServingPoints" : 86,
    "winnerServingGames" : 16,
    "loserAces" : 6,
    "loserPrimerSaqueDentro" : 41,
    "loserPrimerSaqueGanado" : 31,
    "loserSegundoSaqueGanado" : 30,
    "loserDobleFalta" : 7,
    "loserServingPoints" : 97,
    "loserServingGames" : 14
  }, {
    "torneo" : "Metz Q",
    "fecha" : "20140915",
    "superficie" : "Hard",
    "resultado" : "6-1 6-1",
    "contrincante" : "Sam Barry",
    "ganador" : true,
    "winnerAces" : 3,
    "winnerPrimerSaqueDentro" : 21,
    "winnerPrimerSaqueGanado" : 18,
    "winnerSegundoSaqueGanado" : 13,
    "winnerDobleFalta" : 1,
    "winnerServingPoints" : 41,
    "winnerServingGames" : 7,
    "loserAces" : 1,
    "loserPrimerSaqueDentro" : 35,
    "loserPrimerSaqueGanado" : 18,
    "loserSegundoSaqueGanado" : 2,
    "loserDobleFalta" : 1,
    "loserServingPoints" : 46,
    "loserServingGames" : 7
  }, {
    "torneo" : "Metz Q",
    "fecha" : "20140915",
    "superficie" : "Hard",
    "resultado" : "6-4 7-5",
    "contrincante" : "Hugo Schott",
    "ganador" : true,
    "winnerAces" : 19,
    "winnerPrimerSaqueDentro" : 35,
    "winnerPrimerSaqueGanado" : 32,
    "winnerSegundoSaqueGanado" : 15,
    "winnerDobleFalta" : 2,
    "winnerServingPoints" : 58,
    "winnerServingGames" : 11,
    "loserAces" : 1,
    "loserPrimerSaqueDentro" : 57,
    "loserPrimerSaqueGanado" : 37,
    "loserSegundoSaqueGanado" : 8,
    "loserDobleFalta" : 3,
    "loserServingPoints" : 74,
    "loserServingGames" : 11
  }, {
    "torneo" : "Metz Q",
    "fecha" : "20140915",
    "superficie" : "Hard",
    "resultado" : "6-7(6) 6-4 6-3",
    "contrincante" : "Michal Przysiezny",
    "ganador" : false,
    "winnerAces" : 16,
    "winnerPrimerSaqueDentro" : 72,
    "winnerPrimerSaqueGanado" : 55,
    "winnerSegundoSaqueGanado" : 13,
    "winnerDobleFalta" : 6,
    "winnerServingPoints" : 104,
    "winnerServingGames" : 15,
    "loserAces" : 15,
    "loserPrimerSaqueDentro" : 55,
    "loserPrimerSaqueGanado" : 45,
    "loserSegundoSaqueGanado" : 15,
    "loserDobleFalta" : 9,
    "loserServingPoints" : 92,
    "loserServingGames" : 16
  }, {
    "torneo" : "s-Hertogenbosch Q",
    "fecha" : "20140615",
    "superficie" : "Grass",
    "resultado" : "6-2 6-1",
    "contrincante" : "Jurgen Zopp",
    "ganador" : false,
    "winnerAces" : 4,
    "winnerPrimerSaqueDentro" : 28,
    "winnerPrimerSaqueGanado" : 25,
    "winnerSegundoSaqueGanado" : 8,
    "winnerDobleFalta" : 0,
    "winnerServingPoints" : 42,
    "winnerServingGames" : 8,
    "loserAces" : 14,
    "loserPrimerSaqueDentro" : 30,
    "loserPrimerSaqueGanado" : 21,
    "loserSegundoSaqueGanado" : 8,
    "loserDobleFalta" : 7,
    "loserServingPoints" : 61,
    "loserServingGames" : 7
  } ]
}