{
  "nombre" : "Mitchell Krueger",
  "mano" : "R",
  "nacionalidad" : "USA",
  "edad" : 20.4818617385,
  "ganar1Saque" : 0.6083163738250732,
  "ganar2Saque" : 0.5644125908613205,
  "primerSaque" : 0.6121034443378448,
  "segundoSaque" : 0.3360907509922981,
  "ganarPuntoSacando" : 0.5620463991975252,
  "ganarPuntoRestando" : 0.3363359483753047,
  "probAce" : 0.02328767068684101,
  "clay" : {
    "nombre" : "Clay",
    "probVictoria" : 0.3333333432674408,
    "probGanarPrimerSaque" : 0.6240426898002625,
    "probGanarSegundoSaque" : 0.5715488294760386,
    "probPrimerSaque" : 0.6236802538235983,
    "probSegundoSaque" : 0.33945702016353607,
    "probGanarPuntoSacando" : 0.5832193657032818,
    "probGanarPuntoRestando" : 0.31965876398834564,
    "probAce" : 0.0
  },
  "grass" : {
    "nombre" : "Grass",
    "probVictoria" : 0.0,
    "probGanarPrimerSaque" : 0.517241358757019,
    "probGanarSegundoSaque" : 0.695652186870575,
    "probPrimerSaque" : 0.5370370149612427,
    "probSegundoSaque" : 0.42592594027519226,
    "probGanarPuntoSacando" : 0.5740740671187101,
    "probGanarPuntoRestando" : 0.3050847296354766,
    "probAce" : 0.0
  },
  "hard" : {
    "nombre" : "Hard",
    "probVictoria" : 0.0,
    "probGanarPrimerSaque" : 0.6156323850154877,
    "probGanarSegundoSaque" : 0.5389712055524191,
    "probPrimerSaque" : 0.6188261111577352,
    "probSegundoSaque" : 0.31943508485953015,
    "probGanarPuntoSacando" : 0.5531357075043761,
    "probGanarPuntoRestando" : 0.3498830770254225,
    "probAce" : 0.0
  },
  "other" : {
    "nombre" : "Other",
    "probVictoria" : 0.0,
    "probGanarPrimerSaque" : 0.0,
    "probGanarSegundoSaque" : 0.0,
    "probPrimerSaque" : 0.0,
    "probSegundoSaque" : 0.0,
    "probGanarPuntoSacando" : 0.0,
    "probGanarPuntoRestando" : 0.0,
    "probAce" : 0.0
  },
  "partidos" : [ {
    "torneo" : "Newport",
    "fecha" : "20140707",
    "superficie" : "Grass",
    "resultado" : "7-6(7) 6-1",
    "contrincante" : "Tatsuma Ito",
    "ganador" : false,
    "winnerAces" : 6,
    "winnerPrimerSaqueDentro" : 35,
    "winnerPrimerSaqueGanado" : 29,
    "winnerSegundoSaqueGanado" : 12,
    "winnerDobleFalta" : 2,
    "winnerServingPoints" : 59,
    "winnerServingGames" : 10,
    "loserAces" : 0,
    "loserPrimerSaqueDentro" : 29,
    "loserPrimerSaqueGanado" : 15,
    "loserSegundoSaqueGanado" : 16,
    "loserDobleFalta" : 2,
    "loserServingPoints" : 54,
    "loserServingGames" : 9
  }, {
    "torneo" : "Maui CH",
    "fecha" : "20140120",
    "superficie" : "Hard",
    "resultado" : "6-7(1) 6-4 7-5",
    "contrincante" : "Peter Polansky",
    "ganador" : false,
    "winnerAces" : 5,
    "winnerPrimerSaqueDentro" : 56,
    "winnerPrimerSaqueGanado" : 42,
    "winnerSegundoSaqueGanado" : 20,
    "winnerDobleFalta" : 2,
    "winnerServingPoints" : 97,
    "winnerServingGames" : 17,
    "loserAces" : 1,
    "loserPrimerSaqueDentro" : 62,
    "loserPrimerSaqueGanado" : 40,
    "loserSegundoSaqueGanado" : 23,
    "loserDobleFalta" : 3,
    "loserServingPoints" : 101,
    "loserServingGames" : 17
  }, {
    "torneo" : "Traralgon CH",
    "fecha" : "20141027",
    "superficie" : "Hard",
    "resultado" : "4-6 6-3 6-2",
    "contrincante" : "Alex Bolt",
    "ganador" : false,
    "winnerAces" : 2,
    "winnerPrimerSaqueDentro" : 57,
    "winnerPrimerSaqueGanado" : 40,
    "winnerSegundoSaqueGanado" : 18,
    "winnerDobleFalta" : 4,
    "winnerServingPoints" : 87,
    "winnerServingGames" : 14,
    "loserAces" : 1,
    "loserPrimerSaqueDentro" : 51,
    "loserPrimerSaqueGanado" : 34,
    "loserSegundoSaqueGanado" : 18,
    "loserDobleFalta" : 8,
    "loserServingPoints" : 90,
    "loserServingGames" : 13
  }, {
    "torneo" : "Burnie CH",
    "fecha" : "20140127",
    "superficie" : "Hard",
    "resultado" : "6-2 7-5",
    "contrincante" : "Christopher Oconnell",
    "ganador" : false,
    "winnerAces" : 8,
    "winnerPrimerSaqueDentro" : 40,
    "winnerPrimerSaqueGanado" : 33,
    "winnerSegundoSaqueGanado" : 15,
    "winnerDobleFalta" : 3,
    "winnerServingPoints" : 72,
    "winnerServingGames" : 10,
    "loserAces" : 1,
    "loserPrimerSaqueDentro" : 54,
    "loserPrimerSaqueGanado" : 36,
    "loserSegundoSaqueGanado" : 8,
    "loserDobleFalta" : 2,
    "loserServingPoints" : 78,
    "loserServingGames" : 10
  }, {
    "torneo" : "Binghamton CH",
    "fecha" : "20140714",
    "superficie" : "Hard",
    "resultado" : "7-6(3) 6-3",
    "contrincante" : "Denis Kudla",
    "ganador" : false,
    "winnerAces" : 11,
    "winnerPrimerSaqueDentro" : 40,
    "winnerPrimerSaqueGanado" : 31,
    "winnerSegundoSaqueGanado" : 24,
    "winnerDobleFalta" : 3,
    "winnerServingPoints" : 79,
    "winnerServingGames" : 11,
    "loserAces" : 2,
    "loserPrimerSaqueDentro" : 41,
    "loserPrimerSaqueGanado" : 29,
    "loserSegundoSaqueGanado" : 13,
    "loserDobleFalta" : 5,
    "loserServingPoints" : 67,
    "loserServingGames" : 10
  }, {
    "torneo" : "Tallahassee CH",
    "fecha" : "20140428",
    "superficie" : "Clay",
    "resultado" : "2-6 7-6(6) 2-0 RET",
    "contrincante" : "Ilija Bozoljac",
    "ganador" : true,
    "winnerAces" : 7,
    "winnerPrimerSaqueDentro" : 59,
    "winnerPrimerSaqueGanado" : 39,
    "winnerSegundoSaqueGanado" : 15,
    "winnerDobleFalta" : 6,
    "winnerServingPoints" : 85,
    "winnerServingGames" : 11,
    "loserAces" : 12,
    "loserPrimerSaqueDentro" : 50,
    "loserPrimerSaqueGanado" : 38,
    "loserSegundoSaqueGanado" : 10,
    "loserDobleFalta" : 2,
    "loserServingPoints" : 73,
    "loserServingGames" : 11
  }, {
    "torneo" : "Tallahassee CH",
    "fecha" : "20140428",
    "superficie" : "Clay",
    "resultado" : "6-2 6-2",
    "contrincante" : "James Mcgee",
    "ganador" : false,
    "winnerAces" : 2,
    "winnerPrimerSaqueDentro" : 29,
    "winnerPrimerSaqueGanado" : 22,
    "winnerSegundoSaqueGanado" : 16,
    "winnerDobleFalta" : 4,
    "winnerServingPoints" : 56,
    "winnerServingGames" : 8,
    "loserAces" : 2,
    "loserPrimerSaqueDentro" : 30,
    "loserPrimerSaqueGanado" : 19,
    "loserSegundoSaqueGanado" : 9,
    "loserDobleFalta" : 0,
    "loserServingPoints" : 52,
    "loserServingGames" : 8
  }, {
    "torneo" : "West Lakes CH",
    "fecha" : "20140203",
    "superficie" : "Hard",
    "resultado" : "6-0 6-2",
    "contrincante" : "John Patrick Smith",
    "ganador" : false,
    "winnerAces" : 6,
    "winnerPrimerSaqueDentro" : 28,
    "winnerPrimerSaqueGanado" : 22,
    "winnerSegundoSaqueGanado" : 15,
    "winnerDobleFalta" : 1,
    "winnerServingPoints" : 58,
    "winnerServingGames" : 7,
    "loserAces" : 1,
    "loserPrimerSaqueDentro" : 26,
    "loserPrimerSaqueGanado" : 11,
    "loserSegundoSaqueGanado" : 7,
    "loserDobleFalta" : 5,
    "loserServingPoints" : 43,
    "loserServingGames" : 7
  }, {
    "torneo" : "Winnetka CH",
    "fecha" : "20140630",
    "superficie" : "Hard",
    "resultado" : "3-6 6-4 6-1",
    "contrincante" : "Tim Smyczek",
    "ganador" : false,
    "winnerAces" : 6,
    "winnerPrimerSaqueDentro" : 62,
    "winnerPrimerSaqueGanado" : 42,
    "winnerSegundoSaqueGanado" : 18,
    "winnerDobleFalta" : 3,
    "winnerServingPoints" : 101,
    "winnerServingGames" : 13,
    "loserAces" : 1,
    "loserPrimerSaqueDentro" : 53,
    "loserPrimerSaqueGanado" : 31,
    "loserSegundoSaqueGanado" : 13,
    "loserDobleFalta" : 3,
    "loserServingPoints" : 85,
    "loserServingGames" : 13
  }, {
    "torneo" : "Houston Q",
    "fecha" : "20140407",
    "superficie" : "Clay",
    "resultado" : "7-5 6-3",
    "contrincante" : "Ruben Bemelmans",
    "ganador" : false,
    "winnerAces" : 2,
    "winnerPrimerSaqueDentro" : 36,
    "winnerPrimerSaqueGanado" : 27,
    "winnerSegundoSaqueGanado" : 16,
    "winnerDobleFalta" : 3,
    "winnerServingPoints" : 61,
    "winnerServingGames" : 11,
    "loserAces" : 1,
    "loserPrimerSaqueDentro" : 45,
    "loserPrimerSaqueGanado" : 26,
    "loserSegundoSaqueGanado" : 15,
    "loserDobleFalta" : 3,
    "loserServingPoints" : 75,