{
  "nombre" : "Nikola Mektic",
  "mano" : "U",
  "nacionalidad" : "CRO",
  "edad" : 25.839835729,
  "ganar1Saque" : 0.6814910641738346,
  "ganar2Saque" : 0.5053785900984492,
  "primerSaque" : 0.5904807522892952,
  "segundoSaque" : 0.38406980889184134,
  "ganarPuntoSacando" : 0.5965080147689379,
  "ganarPuntoRestando" : 0.3289556407091698,
  "probAce" : 0.06509764492511749,
  "clay" : {
    "nombre" : "Clay",
    "probVictoria" : 0.3636363744735718,
    "probGanarPrimerSaque" : 0.700052104213021,
    "probGanarSegundoSaque" : 0.5281667032025077,
    "probPrimerSaque" : 0.5737966380336068,
    "probSegundoSaque" : 0.385689226063815,
    "probGanarPuntoSacando" : 0.6053957508366354,
    "probGanarPuntoRestando" : 0.3020667593272003,
    "probAce" : 0.0
  },
  "grass" : {
    "nombre" : "Grass",
    "probVictoria" : 0.0,
    "probGanarPrimerSaque" : 0.0,
    "probGanarSegundoSaque" : 0.0,
    "probPrimerSaque" : 0.0,
    "probSegundoSaque" : 0.0,
    "probGanarPuntoSacando" : 0.0,
    "probGanarPuntoRestando" : 0.0,
    "probAce" : 0.0
  },
  "hard" : {
    "nombre" : "Hard",
    "probVictoria" : 0.3125,
    "probGanarPrimerSaque" : 0.669044129550457,
    "probGanarSegundoSaque" : 0.4948556162416935,
    "probPrimerSaque" : 0.6045819334685802,
    "probSegundoSaque" : 0.38075114600360394,
    "probGanarPuntoSacando" : 0.592908836409763,
    "probGanarPuntoRestando" : 0.3562090205735252,
    "probAce" : 0.0
  },
  "other" : {
    "nombre" : "Other",
    "probVictoria" : 0.0,
    "probGanarPrimerSaque" : 0.6764705777168274,
    "probGanarSegundoSaque" : 0.42307692766189575,
    "probPrimerSaque" : 0.5483871102333069,
    "probSegundoSaque" : 0.4193548262119293,
    "probGanarPuntoSacando" : 0.5483870967459179,
    "probGanarPuntoRestando" : 0.18867925808114805,
    "probAce" : 0.0
  },
  "partidos" : [ {
    "torneo" : "Eckental CH",
    "fecha" : "20141027",
    "superficie" : "Carpet",
    "resultado" : "7-5 6-2",
    "contrincante" : "Tim Puetz",
    "ganador" : false,
    "winnerAces" : 8,
    "winnerPrimerSaqueDentro" : 25,
    "winnerPrimerSaqueGanado" : 21,
    "winnerSegundoSaqueGanado" : 22,
    "winnerDobleFalta" : 2,
    "winnerServingPoints" : 53,
    "winnerServingGames" : 10,
    "loserAces" : 3,
    "loserPrimerSaqueDentro" : 34,
    "loserPrimerSaqueGanado" : 23,
    "loserSegundoSaqueGanado" : 11,
    "loserDobleFalta" : 2,
    "loserServingPoints" : 62,
    "loserServingGames" : 10
  }, {
    "torneo" : "Recanati CH",
    "fecha" : "20140714",
    "superficie" : "Hard",
    "resultado" : "6-4 6-2",
    "contrincante" : "Adrian Menendez Maceiras",
    "ganador" : false,
    "winnerAces" : 6,
    "winnerPrimerSaqueDentro" : 33,
    "winnerPrimerSaqueGanado" : 27,
    "winnerSegundoSaqueGanado" : 11,
    "winnerDobleFalta" : 0,
    "winnerServingPoints" : 49,
    "winnerServingGames" : 9,
    "loserAces" : 2,
    "loserPrimerSaqueDentro" : 32,
    "loserPrimerSaqueGanado" : 19,
    "loserSegundoSaqueGanado" : 12,
    "loserDobleFalta" : 1,
    "loserServingPoints" : 54,
    "loserServingGames" : 9
  }, {
    "torneo" : "Banja Luka CH",
    "fecha" : "20140908",
    "superficie" : "Clay",
    "resultado" : "6-4 7-5",
    "contrincante" : "Viktor Troicki",
    "ganador" : false,
    "winnerAces" : 17,
    "winnerPrimerSaqueDentro" : 49,
    "winnerPrimerSaqueGanado" : 43,
    "winnerSegundoSaqueGanado" : 7,
    "winnerDobleFalta" : 2,
    "winnerServingPoints" : 66,
    "winnerServingGames" : 11,
    "loserAces" : 4,
    "loserPrimerSaqueDentro" : 37,
    "loserPrimerSaqueGanado" : 26,
    "loserSegundoSaqueGanado" : 19,
    "loserDobleFalta" : 5,
    "loserServingPoints" : 72,
    "loserServingGames" : 11
  }, {
    "torneo" : "Portoroz CH",
    "fecha" : "20140707",
    "superficie" : "Hard",
    "resultado" : "6-2 6-4",
    "contrincante" : "Flavio Cipolla",
    "ganador" : true,
    "winnerAces" : 2,
    "winnerPrimerSaqueDentro" : 37,
    "winnerPrimerSaqueGanado" : 25,
    "winnerSegundoSaqueGanado" : 9,
    "winnerDobleFalta" : 0,
    "winnerServingPoints" : 59,
    "winnerServingGames" : 9,
    "loserAces" : 1,
    "loserPrimerSaqueDentro" : 35,
    "loserPrimerSaqueGanado" : 19,
    "loserSegundoSaqueGanado" : 10,
    "loserDobleFalta" : 3,
    "loserServingPoints" : 58,
    "loserServingGames" : 9
  }, {
    "torneo" : "Portoroz CH",
    "fecha" : "20140707",
    "superficie" : "Hard",
    "resultado" : "6-2 7-6(1)",
    "contrincante" : "Tom Kocevar Desman",
    "ganador" : true,
    "winnerAces" : 4,
    "winnerPrimerSaqueDentro" : 46,
    "winnerPrimerSaqueGanado" : 35,
    "winnerSegundoSaqueGanado" : 12,
    "winnerDobleFalta" : 2,
    "winnerServingPoints" : 72,
    "winnerServingGames" : 10,
    "loserAces" : 3,
    "loserPrimerSaqueDentro" : 58,
    "loserPrimerSaqueGanado" : 36,
    "loserSegundoSaqueGanado" : 11,
    "loserDobleFalta" : 2,
    "loserServingPoints" : 87,
    "loserServingGames" : 10
  }, {
    "torneo" : "Portoroz CH",
    "fecha" : "20140707",
    "superficie" : "Hard",
    "resultado" : "6-2 6-4",
    "contrincante" : "Blaz Kavcic",
    "ganador" : false,
    "winnerAces" : 5,
    "winnerPrimerSaqueDentro" : 40,
    "winnerPrimerSaqueGanado" : 32,
    "winnerSegundoSaqueGanado" : 10,
    "winnerDobleFalta" : 1,
    "winnerServingPoints" : 59,
    "winnerServingGames" : 9,
    "loserAces" : 3,
    "loserPrimerSaqueDentro" : 28,
    "loserPrimerSaqueGanado" : 19,
    "loserSegundoSaqueGanado" : 11,
    "loserDobleFalta" : 2,
    "loserServingPoints" : 53,
    "loserServingGames" : 9
  }, {
    "torneo" : "St. Brieuc CH",
    "fecha" : "20140331",
    "superficie" : "Hard",
    "resultado" : "6-4 6-1",
    "contrincante" : "David Guez",
    "ganador" : false,
    "winnerAces" : 1,
    "winnerPrimerSaqueDentro" : 28,
    "winnerPrimerSaqueGanado" : 24,
    "winnerSegundoSaqueGanado" : 8,
    "winnerDobleFalta" : 5,
    "winnerServingPoints" : 47,
    "winnerServingGames" : 9,
    "loserAces" : 1,
    "loserPrimerSaqueDentro" : 25,
    "loserPrimerSaqueGanado" : 14,
    "loserSegundoSaqueGanado" : 6,
    "loserDobleFalta" : 0,
    "loserServingPoints" : 43,
    "loserServingGames" : 8
  }, {
    "torneo" : "Cali II CH",
    "fecha" : "20140929",
    "superficie" : "Clay",
    "resultado" : "6-2 6-1",
    "contrincante" : "Paolo Lorenzi",
    "ganador" : false,
    "winnerAces" : 8,
    "winnerPrimerSaqueDentro" : 19,
    "winnerPrimerSaqueGanado" : 18,
    "winnerSegundoSaqueGanado" : 12,
    "winnerDobleFalta" : 1,
    "winnerServingPoints" : 37,
    "winnerServingGames" : 7,
    "loserAces" : 3,
    "loserPrimerSaqueDentro" : 27,
    "loserPrimerSaqueGanado" : 20,
    "loserSegundoSaqueGanado" : 7,
    "loserDobleFalta" : 8,
    "loserServingPoints" : 54,
    "loserServingGames" : 8
  }, {
    "torneo" : "Alphen aan den Rijn CH",
    "fecha" : "20140902",
    "superficie" : "Clay",
    "resultado" : "6-4 3-6 6-1",
    "contrincante" : "Jelle Sels",
    "ganador" : false,
    "winnerAces" : 6,
    "winnerPrimerSaqueDentro" : 49,
    "winnerPrimerSaqueGanado" : 36,
    "winnerSegundoSaqueGanado" : 22,
    "winnerDobleFalta" : 4,
    "winnerServingPoints" : 95,
    "winnerServingGames" : 13,
    "loserAces" : 5,
    "loserPrimerSaqueDentro" : 48,
    "loserPrimerSaqueGanado" : 32,
    "loserSegundoSaqueGanado" : 15,
    "loserDobleFalta" : 1,
    "loserServingPoints" : 79,
    "loserServingGames" : 13
  }, {
    "torneo" : "Ortisei CH",
    "fecha" : "20141103",
    "superficie" : "Hard",
    "resultado" : "6-4 7-5",
    "contrincante" : "Sergiy Stakhovsky",
    "ganador" : false,
    "winnerAces" : 2,
    "winnerPrimerSaqueDentro" : 48,
    "winnerPrimerSaqueGanado" : 32,
    "winnerSegundoSaqueGanado" : 11,
    "winnerDobleFalta" : 1,
    "winnerServingPoints" : 66,
    "winnerServingGames" : 11,
    "loserAces" : 3,
    "loserPrimerSaqueDentro" : 42,
    "loserPrimerSaqueGanado" : 26,
    "loserSegundoSaqueGanado" : 13,
    "loserDobleFalta" : 2,
    "loserServingPoints" : 72,