{
  "nombre" : "Olivier Rochus",
  "mano" : "R",
  "nacionalidad" : "BEL",
  "edad" : 33.6947296372,
  "ganar1Saque" : 0.6758914391199747,
  "ganar2Saque" : 0.5618406136830648,
  "primerSaque" : 0.6119259655475616,
  "segundoSaque" : 0.3493736962477366,
  "ganarPuntoSacando" : 0.6098878533933705,
  "ganarPuntoRestando" : 0.35006835848784523,
  "probAce" : 0.010704727843403816,
  "clay" : {
    "nombre" : "Clay",
    "probVictoria" : 0.3333333432674408,
    "probGanarPrimerSaque" : 0.5892093976338705,
    "probGanarSegundoSaque" : 0.5451282064119974,
    "probPrimerSaque" : 0.564355343580246,
    "probSegundoSaque" : 0.40820492307345074,
    "probGanarPuntoSacando" : 0.5550474896059503,
    "probGanarPuntoRestando" : 0.3185885338324835,
    "probAce" : 0.0
  },
  "grass" : {
    "nombre" : "Grass",
    "probVictoria" : 0.6000000238418579,
    "probGanarPrimerSaque" : 1.2524592479070027,
    "probGanarSegundoSaque" : 0.6343223571777343,
    "probPrimerSaque" : 0.672484529018402,
    "probSegundoSaque" : 0.2767567873001099,
    "probGanarPuntoSacando" : 1.0178124851286254,
    "probGanarPuntoRestando" : 0.38665673639239495,
    "probAce" : 0.0
  },
  "hard" : {
    "nombre" : "Hard",
    "probVictoria" : 0.2857142984867096,
    "probGanarPrimerSaque" : 0.6590522357395717,
    "probGanarSegundoSaque" : 0.5172304000173297,
    "probPrimerSaque" : 0.5890572581972394,
    "probSegundoSaque" : 0.37602953399930683,
    "probGanarPuntoSacando" : 0.5827134092823043,
    "probGanarPuntoRestando" : 0.3374251562654647,
    "probAce" : 0.0
  },
  "other" : {
    "nombre" : "Other",
    "probVictoria" : 0.0,
    "probGanarPrimerSaque" : 0.0,
    "probGanarSegundoSaque" : 0.0,
    "probPrimerSaque" : 0.0,
    "probSegundoSaque" : 0.0,
    "probGanarPuntoSacando" : 0.0,
    "probGanarPuntoRestando" : 0.0,
    "probAce" : 0.0
  },
  "partidos" : [ {
    "torneo" : "Mons CH",
    "fecha" : "20140929",
    "superficie" : "Hard",
    "resultado" : "4-6 6-3 6-3",
    "contrincante" : "Gerald Melzer",
    "ganador" : false,
    "winnerAces" : 11,
    "winnerPrimerSaqueDentro" : 58,
    "winnerPrimerSaqueGanado" : 42,
    "winnerSegundoSaqueGanado" : 12,
    "winnerDobleFalta" : 2,
    "winnerServingPoints" : 81,
    "winnerServingGames" : 14,
    "loserAces" : 0,
    "loserPrimerSaqueDentro" : 56,
    "loserPrimerSaqueGanado" : 35,
    "loserSegundoSaqueGanado" : 14,
    "loserDobleFalta" : 0,
    "loserServingPoints" : 86,
    "loserServingGames" : 14
  }, {
    "torneo" : "Quimper CH",
    "fecha" : "20140210",
    "superficie" : "Hard",
    "resultado" : "6-3 6-4",
    "contrincante" : "Guillaume Rufin",
    "ganador" : false,
    "winnerAces" : 17,
    "winnerPrimerSaqueDentro" : 31,
    "winnerPrimerSaqueGanado" : 29,
    "winnerSegundoSaqueGanado" : 11,
    "winnerDobleFalta" : 4,
    "winnerServingPoints" : 55,
    "winnerServingGames" : 10,
    "loserAces" : 1,
    "loserPrimerSaqueDentro" : 40,
    "loserPrimerSaqueGanado" : 25,
    "loserSegundoSaqueGanado" : 10,
    "loserDobleFalta" : 7,
    "loserServingPoints" : 67,
    "loserServingGames" : 9
  }, {
    "torneo" : "Rimouski CH",
    "fecha" : "20140317",
    "superficie" : "Hard",
    "resultado" : "6-3 6-4",
    "contrincante" : "Rajeev Ram",
    "ganador" : false,
    "winnerAces" : 18,
    "winnerPrimerSaqueDentro" : 40,
    "winnerPrimerSaqueGanado" : 34,
    "winnerSegundoSaqueGanado" : 6,
    "winnerDobleFalta" : 0,
    "winnerServingPoints" : 51,
    "winnerServingGames" : 10,
    "loserAces" : 0,
    "loserPrimerSaqueDentro" : 32,
    "loserPrimerSaqueGanado" : 21,
    "loserSegundoSaqueGanado" : 18,
    "loserDobleFalta" : 2,
    "loserServingPoints" : 64,
    "loserServingGames" : 9
  }, {
    "torneo" : "Le Gosier CH",
    "fecha" : "20140331",
    "superficie" : "Hard",
    "resultado" : "5-7 6-3 6-3",
    "contrincante" : "Horacio Zeballos",
    "ganador" : true,
    "winnerAces" : 2,
    "winnerPrimerSaqueDentro" : 58,
    "winnerPrimerSaqueGanado" : 44,
    "winnerSegundoSaqueGanado" : 15,
    "winnerDobleFalta" : 2,
    "winnerServingPoints" : 93,
    "winnerServingGames" : 15,
    "loserAces" : 13,
    "loserPrimerSaqueDentro" : 50,
    "loserPrimerSaqueGanado" : 35,
    "loserSegundoSaqueGanado" : 15,
    "loserDobleFalta" : 3,
    "loserServingPoints" : 83,
    "loserServingGames" : 15
  }, {
    "torneo" : "Le Gosier CH",
    "fecha" : "20140331",
    "superficie" : "Hard",
    "resultado" : "3-6 6-1 7-5",
    "contrincante" : "Vincent Millot",
    "ganador" : true,
    "winnerAces" : 1,
    "winnerPrimerSaqueDentro" : 46,
    "winnerPrimerSaqueGanado" : 27,
    "winnerSegundoSaqueGanado" : 20,
    "winnerDobleFalta" : 2,
    "winnerServingPoints" : 83,
    "winnerServingGames" : 14,
    "loserAces" : 4,
    "loserPrimerSaqueDentro" : 48,
    "loserPrimerSaqueGanado" : 29,
    "loserSegundoSaqueGanado" : 15,
    "loserDobleFalta" : 4,
    "loserServingPoints" : 87,
    "loserServingGames" : 14
  }, {
    "torneo" : "Le Gosier CH",
    "fecha" : "20140331",
    "superficie" : "Hard",
    "resultado" : "6-2 7-6(5)",
    "contrincante" : "Thomas Fabbiano",
    "ganador" : false,
    "winnerAces" : 1,
    "winnerPrimerSaqueDentro" : 45,
    "winnerPrimerSaqueGanado" : 35,
    "winnerSegundoSaqueGanado" : 12,
    "winnerDobleFalta" : 4,
    "winnerServingPoints" : 69,
    "winnerServingGames" : 10,
    "loserAces" : 0,
    "loserPrimerSaqueDentro" : 52,
    "loserPrimerSaqueGanado" : 34,
    "loserSegundoSaqueGanado" : 17,
    "loserDobleFalta" : 0,
    "loserServingPoints" : 85,
    "loserServingGames" : 10
  }, {
    "torneo" : "Halle Q",
    "fecha" : "20140609",
    "superficie" : "Grass",
    "resultado" : "6-3 7-5",
    "contrincante" : "Maximilian Dinslaken",
    "ganador" : true,
    "winnerAces" : 1,
    "winnerPrimerSaqueDentro" : 49,
    "winnerPrimerSaqueGanado" : 37,
    "winnerSegundoSaqueGanado" : 10,
    "winnerDobleFalta" : 4,
    "winnerServingPoints" : 67,
    "winnerServingGames" : 11,
    "loserAces" : 13,
    "loserPrimerSaqueDentro" : 34,
    "loserPrimerSaqueGanado" : 26,
    "loserSegundoSaqueGanado" : 11,
    "loserDobleFalta" : 7,
    "loserServingPoints" : 66,
    "loserServingGames" : 10
  }, {
    "torneo" : "Halle Q",
    "fecha" : "20140609",
    "superficie" : "Grass",
    "resultado" : "3-6 6-3 6-4",
    "contrincante" : "Jan Hernych",
    "ganador" : true,
    "winnerAces" : 2,
    "winnerPrimerSaqueDentro" : 41,
    "winnerPrimerSaqueGanado" : 34,
    "winnerSegundoSaqueGanado" : 20,
    "winnerDobleFalta" : 4,
    "winnerServingPoints" : 71,
    "winnerServingGames" : 14,
    "loserAces" : 10,
    "loserPrimerSaqueDentro" : 51,
    "loserPrimerSaqueGanado" : 38,
    "loserSegundoSaqueGanado" : 16,
    "loserDobleFalta" : 3,
    "loserServingPoints" : 81,
    "loserServingGames" : 14
  }, {
    "torneo" : "Halle Q",
    "fecha" : "20140609",
    "superficie" : "Grass",
    "resultado" : "6-3 6-3",
    "contrincante" : "Pierre Hugues Herbert",
    "ganador" : false,
    "winnerAces" : 10,
    "winnerPrimerSaqueDentro" : 31,
    "winnerPrimerSaqueGanado" : 22,
    "winnerSegundoSaqueGanado" : 17,
    "winnerDobleFalta" : 2,
    "winnerServingPoints" : 58,
    "winnerServingGames" : 9,
    "loserAces" : 0,
    "loserPrimerSaqueDentro" : 38,
    "loserPrimerSaqueGanado" : 28,
    "loserSegundoSaqueGanado" : 9,
    "loserDobleFalta" : 6,
    "loserServingPoints" : 64,
    "loserServingGames" : 9
  }, {
    "torneo" : "Marseille Q",
    "fecha" : "20140217",
    "superficie" : "Hard",
    "resultado" : "2-6 6-2 7-6(5)",
    "contrincante" : "Ante Pavic",
    "ganador" : false,
    "winnerAces" : 21,
    "winnerPrimerSaqueDentro" : 54,
    "winnerPrimerSaqueGanado" : 43,
    "winnerSegundoSaqueGanado" : 16,
    "winnerDobleFalta" : 2,
    "winnerServingPoints" : 88,
    "winnerServingGames" : 14,
    "loserAces" : 1,
    "loserPrimerSaqueDentro" : 65,
    "loserPrimerSaqueGanado" : 46,
    "loserSegundoSaqueGanado" : 20,
    "loserDobleFalta" : 7,