{
  "nombre" : "Oliver Golding",
  "mano" : "R",
  "nacionalidad" : "GBR",
  "edad" : 20.6926762491,
  "ganar1Saque" : 0.7067105174064636,
  "ganar2Saque" : 0.5079895704984665,
  "primerSaque" : 0.5474460572004318,
  "segundoSaque" : 0.3724173828959465,
  "ganarPuntoSacando" : 0.5760700327197205,
  "ganarPuntoRestando" : 0.2808188764213546,
  "probAce" : 0.08154506236314774,
  "clay" : {
    "nombre" : "Clay",
    "probVictoria" : 0.0,
    "probGanarPrimerSaque" : 0.6949999928474426,
    "probGanarSegundoSaque" : 0.380952388048172,
    "probPrimerSaque" : 0.4842870533466339,
    "probSegundoSaque" : 0.4580206274986267,
    "probGanarPuntoSacando" : 0.5110635504329437,
    "probGanarPuntoRestando" : 0.20784311744890482,
    "probAce" : 0.0
  },
  "grass" : {
    "nombre" : "Grass",
    "probVictoria" : 0.3333333432674408,
    "probGanarPrimerSaque" : 0.699999988079071,
    "probGanarSegundoSaque" : 0.5882353186607361,
    "probPrimerSaque" : 0.5660377144813538,
    "probSegundoSaque" : 0.3207547068595886,
    "probGanarPuntoSacando" : 0.5849056405907334,
    "probGanarPuntoRestando" : 0.35937499441206455,
    "probAce" : 0.0
  },
  "hard" : {
    "nombre" : "Hard",
    "probVictoria" : 0.0,
    "probGanarPrimerSaque" : 0.7368420958518982,
    "probGanarSegundoSaque" : 0.6818181872367859,
    "probPrimerSaque" : 0.6551724076271057,
    "probSegundoSaque" : 0.25287356972694397,
    "probGanarPuntoSacando" : 0.6551724088916107,
    "probGanarPuntoRestando" : 0.34821427637554436,
    "probAce" : 0.0
  },
  "other" : {
    "nombre" : "Other",
    "probVictoria" : 0.0,
    "probGanarPrimerSaque" : 0.0,
    "probGanarSegundoSaque" : 0.0,
    "probPrimerSaque" : 0.0,
    "probSegundoSaque" : 0.0,
    "probGanarPuntoSacando" : 0.0,
    "probGanarPuntoRestando" : 0.0,
    "probAce" : 0.0
  },
  "partidos" : [ {
    "torneo" : "Nottingham2 CH",
    "fecha" : "20140609",
    "superficie" : "Grass",
    "resultado" : "6-3 6-4",
    "contrincante" : "Rhyne Williams",
    "ganador" : false,
    "winnerAces" : 5,
    "winnerPrimerSaqueDentro" : 46,
    "winnerPrimerSaqueGanado" : 33,
    "winnerSegundoSaqueGanado" : 8,
    "winnerDobleFalta" : 3,
    "winnerServingPoints" : 64,
    "winnerServingGames" : 10,
    "loserAces" : 2,
    "loserPrimerSaqueDentro" : 30,
    "loserPrimerSaqueGanado" : 21,
    "loserSegundoSaqueGanado" : 10,
    "loserDobleFalta" : 6,
    "loserServingPoints" : 53,
    "loserServingGames" : 9
  }, {
    "torneo" : "An-Ning CH",
    "fecha" : "20140428",
    "superficie" : "Clay",
    "resultado" : "6-2 6-3",
    "contrincante" : "Borna Coric",
    "ganador" : false,
    "winnerAces" : 3,
    "winnerPrimerSaqueDentro" : 33,
    "winnerPrimerSaqueGanado" : 30,
    "winnerSegundoSaqueGanado" : 10,
    "winnerDobleFalta" : 2,
    "winnerServingPoints" : 51,
    "winnerServingGames" : 9,
    "loserAces" : 3,
    "loserPrimerSaqueDentro" : 25,
    "loserPrimerSaqueGanado" : 21,
    "loserSegundoSaqueGanado" : 7,
    "loserDobleFalta" : 6,
    "loserServingPoints" : 52,
    "loserServingGames" : 8
  }, {
    "torneo" : "Kaohsiung CH",
    "fecha" : "20140714",
    "superficie" : "Hard",
    "resultado" : "4-6 6-3 7-5",
    "contrincante" : "Tsung Hua Yang",
    "ganador" : false,
    "winnerAces" : 22,
    "winnerPrimerSaqueDentro" : 73,
    "winnerPrimerSaqueGanado" : 56,
    "winnerSegundoSaqueGanado" : 17,
    "winnerDobleFalta" : 4,
    "winnerServingPoints" : 112,
    "winnerServingGames" : 16,
    "loserAces" : 12,
    "loserPrimerSaqueDentro" : 57,
    "loserPrimerSaqueGanado" : 42,
    "loserSegundoSaqueGanado" : 15,
    "loserDobleFalta" : 8,
    "loserServingPoints" : 87,
    "loserServingGames" : 15
  }, {
    "torneo" : "Dusseldorf Q",
    "fecha" : "20140518",
    "superficie" : "Clay",
    "resultado" : "6-3 6-0",
    "contrincante" : "Jason Kubler",
    "ganador" : false,
    "winnerAces" : 5,
    "winnerPrimerSaqueDentro" : 23,
    "winnerPrimerSaqueGanado" : 18,
    "winnerSegundoSaqueGanado" : 14,
    "winnerDobleFalta" : 0,
    "winnerServingPoints" : 40,
    "winnerServingGames" : 8,
    "loserAces" : 2,
    "loserPrimerSaqueDentro" : 20,
    "loserPrimerSaqueGanado" : 11,
    "loserSegundoSaqueGanado" : 9,
    "loserDobleFalta" : 0,
    "loserServingPoints" : 41,
    "loserServingGames" : 7
  }, {
    "torneo" : "Wimbledon Q",
    "fecha" : "20140623",
    "superficie" : "Grass",
    "resultado" : "6-4 6-1",
    "contrincante" : "Peter Gojowczyk",
    "ganador" : true,
    "winnerAces" : 0,
    "winnerPrimerSaqueDentro" : 0,
    "winnerPrimerSaqueGanado" : 0,
    "winnerSegundoSaqueGanado" : 0,
    "winnerDobleFalta" : 0,
    "winnerServingPoints" : 0,
    "winnerServingGames" : 0,
    "loserAces" : 0,
    "loserPrimerSaqueDentro" : 0,
    "loserPrimerSaqueGanado" : 0,
    "loserSegundoSaqueGanado" : 0,
    "loserDobleFalta" : 0,
    "loserServingPoints" : 0,
    "loserServingGames" : 0
  }, {
    "torneo" : "Wimbledon Q",
    "fecha" : "20140623",
    "superficie" : "Grass",
    "resultado" : "3-6 6-4 6-4",
    "contrincante" : "Marco Chiudinelli",
    "ganador" : false,
    "winnerAces" : 0,
    "winnerPrimerSaqueDentro" : 0,
    "winnerPrimerSaqueGanado" : 0,
    "winnerSegundoSaqueGanado" : 0,
    "winnerDobleFalta" : 0,
    "winnerServingPoints" : 0,
    "winnerServingGames" : 0,
    "loserAces" : 0,
    "loserPrimerSaqueDentro" : 0,
    "loserPrimerSaqueGanado" : 0,
    "loserSegundoSaqueGanado" : 0,
    "loserDobleFalta" : 0,
    "loserServingPoints" : 0,
    "loserServingGames" : 0
  } ]
}