{
  "nombre" : "Oliver Marach",
  "mano" : "R",
  "nacionalidad" : "AUT",
  "edad" : 33.7248459959,
  "ganar1Saque" : 0.6154979169368744,
  "ganar2Saque" : 0.49488558769226076,
  "primerSaque" : 0.6337124228477478,
  "segundoSaque" : 0.31913357973098755,
  "ganarPuntoSacando" : 0.5479832853573132,
  "ganarPuntoRestando" : 0.373584942532074,
  "probAce" : 0.0842490866780281,
  "clay" : {
    "nombre" : "Clay",
    "probVictoria" : 0.0,
    "probGanarPrimerSaque" : 0.5161290168762207,
    "probGanarSegundoSaque" : 0.2666666805744171,
    "probPrimerSaque" : 0.6326530575752258,
    "probSegundoSaque" : 0.30612245202064514,
    "probGanarPuntoSacando" : 0.40816325875968307,
    "probGanarPuntoRestando" : 0.43636363755056906,
    "probAce" : 0.0
  },
  "grass" : {
    "nombre" : "Grass",
    "probVictoria" : 0.6666666865348816,
    "probGanarPrimerSaque" : 1.0806802809238434,
    "probGanarSegundoSaque" : 0.6248093048731486,
    "probPrimerSaque" : 0.6369696855545044,
    "probSegundoSaque" : 0.30484848221143085,
    "probGanarPuntoSacando" : 0.8788327469871725,
    "probGanarPuntoRestando" : 0.3746229325594377,
    "probAce" : 0.0
  },
  "hard" : {
    "nombre" : "Hard",
    "probVictoria" : 0.0,
    "probGanarPrimerSaque" : 0.4000000059604645,
    "probGanarSegundoSaque" : 0.3333333432674408,
    "probPrimerSaque" : 0.625,
    "probSegundoSaque" : 0.375,
    "probGanarPuntoSacando" : 0.3750000074505806,
    "probGanarPuntoRestando" : 0.3076922774314881,
    "probAce" : 0.0
  },
  "other" : {
    "nombre" : "Other",
    "probVictoria" : 0.0,
    "probGanarPrimerSaque" : 0.0,
    "probGanarSegundoSaque" : 0.0,
    "probPrimerSaque" : 0.0,
    "probSegundoSaque" : 0.0,
    "probGanarPuntoSacando" : 0.0,
    "probGanarPuntoRestando" : 0.0,
    "probAce" : 0.0
  },
  "partidos" : [ {
    "torneo" : "Casablanca Q",
    "fecha" : "20140407",
    "superficie" : "Clay",
    "resultado" : "6-3 6-4",
    "contrincante" : "Roberto Carballes Baena",
    "ganador" : false,
    "winnerAces" : 1,
    "winnerPrimerSaqueDentro" : 39,
    "winnerPrimerSaqueGanado" : 26,
    "winnerSegundoSaqueGanado" : 5,
    "winnerDobleFalta" : 2,
    "winnerServingPoints" : 55,
    "winnerServingGames" : 10,
    "loserAces" : 1,
    "loserPrimerSaqueDentro" : 31,
    "loserPrimerSaqueGanado" : 16,
    "loserSegundoSaqueGanado" : 4,
    "loserDobleFalta" : 3,
    "loserServingPoints" : 49,
    "loserServingGames" : 9
  }, {
    "torneo" : "Kuala Lumpur Q",
    "fecha" : "20140922",
    "superficie" : "Hard",
    "resultado" : "3-0 RET",
    "contrincante" : "Philipp Oswald",
    "ganador" : false,
    "winnerAces" : 3,
    "winnerPrimerSaqueDentro" : 7,
    "winnerPrimerSaqueGanado" : 7,
    "winnerSegundoSaqueGanado" : 2,
    "winnerDobleFalta" : 1,
    "winnerServingPoints" : 13,
    "winnerServingGames" : 2,
    "loserAces" : 0,
    "loserPrimerSaqueDentro" : 5,
    "loserPrimerSaqueGanado" : 2,
    "loserSegundoSaqueGanado" : 1,
    "loserDobleFalta" : 0,
    "loserServingPoints" : 8,
    "loserServingGames" : 1
  }, {
    "torneo" : "s-Hertogenbosch Q",
    "fecha" : "20140615",
    "superficie" : "Grass",
    "resultado" : "6-3 7-6(2)",
    "contrincante" : "Gibril Diarra",
    "ganador" : true,
    "winnerAces" : 10,
    "winnerPrimerSaqueDentro" : 50,
    "winnerPrimerSaqueGanado" : 38,
    "winnerSegundoSaqueGanado" : 15,
    "winnerDobleFalta" : 1,
    "winnerServingPoints" : 75,
    "winnerServingGames" : 10,
    "loserAces" : 8,
    "loserPrimerSaqueDentro" : 52,
    "loserPrimerSaqueGanado" : 33,
    "loserSegundoSaqueGanado" : 17,
    "loserDobleFalta" : 1,
    "loserServingPoints" : 80,
    "loserServingGames" : 11
  }, {
    "torneo" : "s-Hertogenbosch Q",
    "fecha" : "20140615",
    "superficie" : "Grass",
    "resultado" : "4-6 6-1 6-2",
    "contrincante" : "Hiroyasu Ehara",
    "ganador" : true,
    "winnerAces" : 7,
    "winnerPrimerSaqueDentro" : 49,
    "winnerPrimerSaqueGanado" : 36,
    "winnerSegundoSaqueGanado" : 13,
    "winnerDobleFalta" : 3,
    "winnerServingPoints" : 75,
    "winnerServingGames" : 13,
    "loserAces" : 1,
    "loserPrimerSaqueDentro" : 49,
    "loserPrimerSaqueGanado" : 29,
    "loserSegundoSaqueGanado" : 9,
    "loserDobleFalta" : 3,
    "loserServingPoints" : 68,
    "loserServingGames" : 12
  }, {
    "torneo" : "s-Hertogenbosch Q",
    "fecha" : "20140615",
    "superficie" : "Grass",
    "resultado" : "7-6(5) 6-2",
    "contrincante" : "Lukas Lacko",
    "ganador" : false,
    "winnerAces" : 8,
    "winnerPrimerSaqueDentro" : 42,
    "winnerPrimerSaqueGanado" : 33,
    "winnerSegundoSaqueGanado" : 12,
    "winnerDobleFalta" : 2,
    "winnerServingPoints" : 65,
    "winnerServingGames" : 10,
    "loserAces" : 5,
    "loserPrimerSaqueDentro" : 39,
    "loserPrimerSaqueGanado" : 26,
    "loserSegundoSaqueGanado" : 13,
    "loserDobleFalta" : 8,
    "loserServingPoints" : 66,
    "loserServingGames" : 10
  } ]
}