{
  "nombre" : "Philipp Petzschner",
  "mano" : "R",
  "nacionalidad" : "GER",
  "edad" : 30.2861054073,
  "ganar1Saque" : 0.7292850588758787,
  "ganar2Saque" : 0.5456644824395577,
  "primerSaque" : 0.5184100319941839,
  "segundoSaque" : 0.42550501972436905,
  "ganarPuntoSacando" : 0.6102516670680562,
  "ganarPuntoRestando" : 0.35376437789562826,
  "probAce" : 0.07001795619726181,
  "clay" : {
    "nombre" : "Clay",
    "probVictoria" : 0.3333333432674408,
    "probGanarPrimerSaque" : 0.6859727402528127,
    "probGanarSegundoSaque" : 0.5265189756949743,
    "probPrimerSaque" : 0.48930152753988904,
    "probSegundoSaque" : 0.44187305867671967,
    "probGanarPuntoSacando" : 0.5683020598980966,
    "probGanarPuntoRestando" : 0.34038838183173165,
    "probAce" : 0.0
  },
  "grass" : {
    "nombre" : "Grass",
    "probVictoria" : 0.5,
    "probGanarPrimerSaque" : 1.1961805820465088,
    "probGanarSegundoSaque" : 0.5745798200368881,
    "probPrimerSaque" : 0.6368421316146851,
    "probSegundoSaque" : 0.33625730872154236,
    "probGanarPuntoSacando" : 0.9549848555979055,
    "probGanarPuntoRestando" : 0.366279073863484,
    "probAce" : 0.0
  },
  "hard" : {
    "nombre" : "Hard",
    "probVictoria" : 0.5333333611488342,
    "probGanarPrimerSaque" : 0.7645734786987305,
    "probGanarSegundoSaque" : 0.5511782735586166,
    "probPrimerSaque" : 0.5243333597977956,
    "probSegundoSaque" : 0.42521089514096577,
    "probGanarPuntoSacando" : 0.6352583879805052,
    "probGanarPuntoRestando" : 0.35811377581979864,
    "probAce" : 0.0
  },
  "other" : {
    "nombre" : "Other",
    "probVictoria" : 0.0,
    "probGanarPrimerSaque" : 0.7222222089767456,
    "probGanarSegundoSaque" : 0.5199999809265137,
    "probPrimerSaque" : 0.36734694242477417,
    "probSegundoSaque" : 0.5102040767669678,
    "probGanarPuntoSacando" : 0.5306122304063265,
    "probGanarPuntoRestando" : 0.343749993480742,
    "probAce" : 0.0
  },
  "partidos" : [ {
    "torneo" : "Stuttgart",
    "fecha" : "20140707",
    "superficie" : "Clay",
    "resultado" : "6-4 6-1",
    "contrincante" : "Andrey Golubev",
    "ganador" : false,
    "winnerAces" : 6,
    "winnerPrimerSaqueDentro" : 30,
    "winnerPrimerSaqueGanado" : 23,
    "winnerSegundoSaqueGanado" : 17,
    "winnerDobleFalta" : 4,
    "winnerServingPoints" : 63,
    "winnerServingGames" : 9,
    "loserAces" : 0,
    "loserPrimerSaqueDentro" : 30,
    "loserPrimerSaqueGanado" : 20,
    "loserSegundoSaqueGanado" : 13,
    "loserDobleFalta" : 5,
    "loserServingPoints" : 64,
    "loserServingGames" : 8
  }, {
    "torneo" : "Kuala Lumpur",
    "fecha" : "20140922",
    "superficie" : "Hard",
    "resultado" : "6-4 3-6 7-6(5)",
    "contrincante" : "James Ward",
    "ganador" : true,
    "winnerAces" : 4,
    "winnerPrimerSaqueDentro" : 55,
    "winnerPrimerSaqueGanado" : 44,
    "winnerSegundoSaqueGanado" : 21,
    "winnerDobleFalta" : 4,
    "winnerServingPoints" : 91,
    "winnerServingGames" : 15,
    "loserAces" : 7,
    "loserPrimerSaqueDentro" : 60,
    "loserPrimerSaqueGanado" : 45,
    "loserSegundoSaqueGanado" : 21,
    "loserDobleFalta" : 2,
    "loserServingPoints" : 96,
    "loserServingGames" : 16
  }, {
    "torneo" : "Kuala Lumpur",
    "fecha" : "20140922",
    "superficie" : "Hard",
    "resultado" : "6-3 6-7(3) 6-1",
    "contrincante" : "Ernests Gulbis",
    "ganador" : false,
    "winnerAces" : 15,
    "winnerPrimerSaqueDentro" : 58,
    "winnerPrimerSaqueGanado" : 47,
    "winnerSegundoSaqueGanado" : 19,
    "winnerDobleFalta" : 8,
    "winnerServingPoints" : 97,
    "winnerServingGames" : 15,
    "loserAces" : 4,
    "loserPrimerSaqueDentro" : 50,
    "loserPrimerSaqueGanado" : 40,
    "loserSegundoSaqueGanado" : 12,
    "loserDobleFalta" : 3,
    "loserServingPoints" : 87,
    "loserServingGames" : 13
  }, {
    "torneo" : "Eckental CH",
    "fecha" : "20141027",
    "superficie" : "Carpet",
    "resultado" : "6-2 6-3",
    "contrincante" : "Evgeny Donskoy",
    "ganador" : false,
    "winnerAces" : 7,
    "winnerPrimerSaqueDentro" : 25,
    "winnerPrimerSaqueGanado" : 23,
    "winnerSegundoSaqueGanado" : 19,
    "winnerDobleFalta" : 3,
    "winnerServingPoints" : 64,
    "winnerServingGames" : 9,
    "loserAces" : 5,
    "loserPrimerSaqueDentro" : 18,
    "loserPrimerSaqueGanado" : 13,
    "loserSegundoSaqueGanado" : 13,
    "loserDobleFalta" : 6,
    "loserServingPoints" : 49,
    "loserServingGames" : 8
  }, {
    "torneo" : "Braunschweig CH",
    "fecha" : "20140630",
    "superficie" : "Clay",
    "resultado" : "6-4 3-6 7-5",
    "contrincante" : "Uladzimir Ignatik",
    "ganador" : true,
    "winnerAces" : 1,
    "winnerPrimerSaqueDentro" : 51,
    "winnerPrimerSaqueGanado" : 33,
    "winnerSegundoSaqueGanado" : 23,
    "winnerDobleFalta" : 3,
    "winnerServingPoints" : 108,
    "winnerServingGames" : 16,
    "loserAces" : 2,
    "loserPrimerSaqueDentro" : 50,
    "loserPrimerSaqueGanado" : 30,
    "loserSegundoSaqueGanado" : 16,
    "loserDobleFalta" : 7,
    "loserServingPoints" : 91,
    "loserServingGames" : 15
  }, {
    "torneo" : "Braunschweig CH",
    "fecha" : "20140630",
    "superficie" : "Clay",
    "resultado" : "7-6(5) 6-3",
    "contrincante" : "Thomaz Bellucci",
    "ganador" : true,
    "winnerAces" : 5,
    "winnerPrimerSaqueDentro" : 40,
    "winnerPrimerSaqueGanado" : 30,
    "winnerSegundoSaqueGanado" : 18,
    "winnerDobleFalta" : 4,
    "winnerServingPoints" : 74,
    "winnerServingGames" : 10,
    "loserAces" : 5,
    "loserPrimerSaqueDentro" : 30,
    "loserPrimerSaqueGanado" : 21,
    "loserSegundoSaqueGanado" : 20,
    "loserDobleFalta" : 5,
    "loserServingPoints" : 69,
    "loserServingGames" : 11
  }, {
    "torneo" : "Braunschweig CH",
    "fecha" : "20140630",
    "superficie" : "Clay",
    "resultado" : "6-4 6-4",
    "contrincante" : "Andrey Golubev",
    "ganador" : false,
    "winnerAces" : 3,
    "winnerPrimerSaqueDentro" : 27,
    "winnerPrimerSaqueGanado" : 23,
    "winnerSegundoSaqueGanado" : 18,
    "winnerDobleFalta" : 1,
    "winnerServingPoints" : 50,
    "winnerServingGames" : 10,
    "loserAces" : 1,
    "loserPrimerSaqueDentro" : 37,
    "loserPrimerSaqueGanado" : 22,
    "loserSegundoSaqueGanado" : 25,
    "loserDobleFalta" : 3,
    "loserServingPoints" : 82,
    "loserServingGames" : 10
  }, {
    "torneo" : "Izmir CH",
    "fecha" : "20140915",
    "superficie" : "Hard",
    "resultado" : "6-1 3-0 RET",
    "contrincante" : "Malek Jaziri",
    "ganador" : false,
    "winnerAces" : 1,
    "winnerPrimerSaqueDentro" : 15,
    "winnerPrimerSaqueGanado" : 12,
    "winnerSegundoSaqueGanado" : 9,
    "winnerDobleFalta" : 0,
    "winnerServingPoints" : 27,
    "winnerServingGames" : 5,
    "loserAces" : 2,
    "loserPrimerSaqueDentro" : 12,
    "loserPrimerSaqueGanado" : 7,
    "loserSegundoSaqueGanado" : 3,
    "loserDobleFalta" : 2,
    "loserServingPoints" : 29,
    "loserServingGames" : 5
  }, {
    "torneo" : "Istanbul CH",
    "fecha" : "20140908",
    "superficie" : "Hard",
    "resultado" : "6-3 6-2",
    "contrincante" : "Baris Erguden",
    "ganador" : true,
    "winnerAces" : 7,
    "winnerPrimerSaqueDentro" : 30,
    "winnerPrimerSaqueGanado" : 28,
    "winnerSegundoSaqueGanado" : 10,
    "winnerDobleFalta" : 4,
    "winnerServingPoints" : 57,
    "winnerServingGames" : 9,
    "loserAces" : 5,
    "loserPrimerSaqueDentro" : 25,
    "loserPrimerSaqueGanado" : 13,
    "loserSegundoSaqueGanado" : 17,
    "loserDobleFalta" : 0,
    "loserServingPoints" : 56,
    "loserServingGames" : 8
  }, {
    "torneo" : "Istanbul CH",
    "fecha" : "20140908",
    "superficie" : "Hard",
    "resultado" : "7-5 6-4",
    "contrincante" : "Fabrice Martin",
    "ganador" : true,
    "winnerAces" : 5,
    "winnerPrimerSaqueDentro" : 42,
    "winnerPrimerSaqueGanado" : 27,
    "winnerSegundoSaqueGanado" : 19,
    "winnerDobleFalta" : 2,
    "winnerServingPoints" : 71,
    "winnerServingGames" : 11,
    "loserAces" : 7,
    "loserPrimerSaqueDentro" : 54,