{
  "nombre" : "Philipp Oswald",
  "mano" : "R",
  "nacionalidad" : "AUT",
  "edad" : 28.6625598905,
  "ganar1Saque" : 0.7169898582829369,
  "ganar2Saque" : 0.5643800679180357,
  "primerSaque" : 0.5932982547415627,
  "segundoSaque" : 0.35416433380709755,
  "ganarPuntoSacando" : 0.6252721223548625,
  "ganarPuntoRestando" : 0.3853395740393416,
  "probAce" : 0.07017543911933899,
  "clay" : {
    "nombre" : "Clay",
    "probVictoria" : 0.2857142984867096,
    "probGanarPrimerSaque" : 0.7225075789860317,
    "probGanarSegundoSaque" : 0.5482424667903355,
    "probPrimerSaque" : 0.6007447796208518,
    "probSegundoSaque" : 0.3663055896759033,
    "probGanarPuntoSacando" : 0.6348669363953645,
    "probGanarPuntoRestando" : 0.3686289798089923,
    "probAce" : 0.0
  },
  "grass" : {
    "nombre" : "Grass",
    "probVictoria" : 0.0,
    "probGanarPrimerSaque" : 0.6153846383094788,
    "probGanarSegundoSaque" : 0.5625,
    "probPrimerSaque" : 0.6724137663841248,
    "probSegundoSaque" : 0.27586206793785095,
    "probGanarPuntoSacando" : 0.5689655156356501,
    "probGanarPuntoRestando" : 0.23529409327440787,
    "probAce" : 0.0
  },
  "hard" : {
    "nombre" : "Hard",
    "probVictoria" : 0.699999988079071,
    "probGanarPrimerSaque" : 0.7232879757881164,
    "probGanarSegundoSaque" : 0.5758643954992294,
    "probPrimerSaque" : 0.5801741361618042,
    "probSegundoSaque" : 0.3534956812858582,
    "probGanarPuntoSacando" : 0.6231985533643594,
    "probGanarPuntoRestando" : 0.41204153807707955,
    "probAce" : 0.0
  },
  "other" : {
    "nombre" : "Other",
    "probVictoria" : 0.0,
    "probGanarPrimerSaque" : 0.0,
    "probGanarSegundoSaque" : 0.0,
    "probPrimerSaque" : 0.0,
    "probSegundoSaque" : 0.0,
    "probGanarPuntoSacando" : 0.0,
    "probGanarPuntoRestando" : 0.0,
    "probAce" : 0.0
  },
  "partidos" : [ {
    "torneo" : "Kuala Lumpur",
    "fecha" : "20140922",
    "superficie" : "Hard",
    "resultado" : "6-1 6-2",
    "contrincante" : "Jarkko Nieminen",
    "ganador" : false,
    "winnerAces" : 1,
    "winnerPrimerSaqueDentro" : 27,
    "winnerPrimerSaqueGanado" : 24,
    "winnerSegundoSaqueGanado" : 9,
    "winnerDobleFalta" : 0,
    "winnerServingPoints" : 40,
    "winnerServingGames" : 8,
    "loserAces" : 3,
    "loserPrimerSaqueDentro" : 20,
    "loserPrimerSaqueGanado" : 11,
    "loserSegundoSaqueGanado" : 8,
    "loserDobleFalta" : 4,
    "loserServingPoints" : 38,
    "loserServingGames" : 7
  }, {
    "torneo" : "Vina del Mar Q",
    "fecha" : "20140203",
    "superficie" : "Clay",
    "resultado" : "6-4 6-2",
    "contrincante" : "Renzo Olivo",
    "ganador" : false,
    "winnerAces" : 2,
    "winnerPrimerSaqueDentro" : 35,
    "winnerPrimerSaqueGanado" : 30,
    "winnerSegundoSaqueGanado" : 6,
    "winnerDobleFalta" : 4,
    "winnerServingPoints" : 51,
    "winnerServingGames" : 9,
    "loserAces" : 4,
    "loserPrimerSaqueDentro" : 47,
    "loserPrimerSaqueGanado" : 25,
    "loserSegundoSaqueGanado" : 14,
    "loserDobleFalta" : 5,
    "loserServingPoints" : 78,
    "loserServingGames" : 9
  }, {
    "torneo" : "Sao Paulo Q",
    "fecha" : "20140224",
    "superficie" : "Clay",
    "resultado" : "6-2 6-2",
    "contrincante" : "Flavio Saretta",
    "ganador" : true,
    "winnerAces" : 2,
    "winnerPrimerSaqueDentro" : 25,
    "winnerPrimerSaqueGanado" : 21,
    "winnerSegundoSaqueGanado" : 11,
    "winnerDobleFalta" : 1,
    "winnerServingPoints" : 40,
    "winnerServingGames" : 8,
    "loserAces" : 1,
    "loserPrimerSaqueDentro" : 39,
    "loserPrimerSaqueGanado" : 21,
    "loserSegundoSaqueGanado" : 3,
    "loserDobleFalta" : 2,
    "loserServingPoints" : 46,
    "loserServingGames" : 8
  }, {
    "torneo" : "Sao Paulo Q",
    "fecha" : "20140224",
    "superficie" : "Clay",
    "resultado" : "6-7(4) 7-5 6-3",
    "contrincante" : "Maximo Gonzalez",
    "ganador" : false,
    "winnerAces" : 4,
    "winnerPrimerSaqueDentro" : 72,
    "winnerPrimerSaqueGanado" : 54,
    "winnerSegundoSaqueGanado" : 26,
    "winnerDobleFalta" : 5,
    "winnerServingPoints" : 116,
    "winnerServingGames" : 17,
    "loserAces" : 8,
    "loserPrimerSaqueDentro" : 66,
    "loserPrimerSaqueGanado" : 45,
    "loserSegundoSaqueGanado" : 22,
    "loserDobleFalta" : 2,
    "loserServingPoints" : 109,
    "loserServingGames" : 16
  }, {
    "torneo" : "Casablanca Q",
    "fecha" : "20140407",
    "superficie" : "Clay",
    "resultado" : "6-0 6-0",
    "contrincante" : "Khalid Allouch",
    "ganador" : true,
    "winnerAces" : 2,
    "winnerPrimerSaqueDentro" : 19,
    "winnerPrimerSaqueGanado" : 16,
    "winnerSegundoSaqueGanado" : 12,
    "winnerDobleFalta" : 0,
    "winnerServingPoints" : 41,
    "winnerServingGames" : 6,
    "loserAces" : 0,
    "loserPrimerSaqueDentro" : 25,
    "loserPrimerSaqueGanado" : 8,
    "loserSegundoSaqueGanado" : 8,
    "loserDobleFalta" : 5,
    "loserServingPoints" : 45,
    "loserServingGames" : 6
  }, {
    "torneo" : "Casablanca Q",
    "fecha" : "20140407",
    "superficie" : "Clay",
    "resultado" : "6-4 6-4",
    "contrincante" : "Andrey Kuznetsov",
    "ganador" : false,
    "winnerAces" : 1,
    "winnerPrimerSaqueDentro" : 26,
    "winnerPrimerSaqueGanado" : 22,
    "winnerSegundoSaqueGanado" : 19,
    "winnerDobleFalta" : 3,
    "winnerServingPoints" : 55,
    "winnerServingGames" : 10,
    "loserAces" : 3,
    "loserPrimerSaqueDentro" : 41,
    "loserPrimerSaqueGanado" : 28,
    "loserSegundoSaqueGanado" : 13,
    "loserDobleFalta" : 4,
    "loserServingPoints" : 72,
    "loserServingGames" : 10
  }, {
    "torneo" : "Eastbourne Q",
    "fecha" : "20140616",
    "superficie" : "Grass",
    "resultado" : "6-4 6-2",
    "contrincante" : "David Goffin",
    "ganador" : false,
    "winnerAces" : 12,
    "winnerPrimerSaqueDentro" : 32,
    "winnerPrimerSaqueGanado" : 26,
    "winnerSegundoSaqueGanado" : 13,
    "winnerDobleFalta" : 1,
    "winnerServingPoints" : 51,
    "winnerServingGames" : 9,
    "loserAces" : 1,
    "loserPrimerSaqueDentro" : 39,
    "loserPrimerSaqueGanado" : 24,
    "loserSegundoSaqueGanado" : 9,
    "loserDobleFalta" : 3,
    "loserServingPoints" : 58,
    "loserServingGames" : 9
  }, {
    "torneo" : "Kitzbuhel Q",
    "fecha" : "20140727",
    "superficie" : "Clay",
    "resultado" : "7-6(6) 6-3",
    "contrincante" : "Aslan Karatsev",
    "ganador" : false,
    "winnerAces" : 1,
    "winnerPrimerSaqueDentro" : 41,
    "winnerPrimerSaqueGanado" : 30,
    "winnerSegundoSaqueGanado" : 17,
    "winnerDobleFalta" : 2,
    "winnerServingPoints" : 66,
    "winnerServingGames" : 11,
    "loserAces" : 5,
    "loserPrimerSaqueDentro" : 45,
    "loserPrimerSaqueGanado" : 33,
    "loserSegundoSaqueGanado" : 12,
    "loserDobleFalta" : 3,
    "loserServingPoints" : 72,
    "loserServingGames" : 10
  }, {
    "torneo" : "Estoril Q",
    "fecha" : "20140428",
    "superficie" : "Clay",
    "resultado" : "7-6(5) 7-6(2)",
    "contrincante" : "Leonardo Mayer",
    "ganador" : false,
    "winnerAces" : 5,
    "winnerPrimerSaqueDentro" : 47,
    "winnerPrimerSaqueGanado" : 35,
    "winnerSegundoSaqueGanado" : 16,
    "winnerDobleFalta" : 4,
    "winnerServingPoints" : 74,
    "winnerServingGames" : 12,
    "loserAces" : 2,
    "loserPrimerSaqueDentro" : 55,
    "loserPrimerSaqueGanado" : 41,
    "loserSegundoSaqueGanado" : 9,
    "loserDobleFalta" : 2,
    "loserServingPoints" : 77,
    "loserServingGames" : 12
  }, {
    "torneo" : "Chennai Q",
    "fecha" : "20131230",
    "superficie" : "Hard",
    "resultado" : "6-3 6-4",
    "contrincante" : "Saketh Myneni",
    "ganador" : true,
    "winnerAces" : 5,
    "winnerPrimerSaqueDentro" : 30,
    "winnerPrimerSaqueGanado" : 20,
    "winnerSegundoSaqueGanado" : 10,
    "winnerDobleFalta" : 1,
    "winnerServingPoints" : 47,
    "winnerServingGames" : 9,
    "loserAces" : 2,
    "loserPrimerSaqueDentro" : 28,
    "loserPrimerSaqueGanado" : 18,
    "loserSegundoSaqueGanado" : 9,
    "loserDobleFalta" : 6,
    "loserServingPoints" : 59,