{
  "nombre" : "Richard Becker",
  "mano" : "U",
  "nacionalidad" : "GER",
  "edad" : 23.6084873374,
  "ganar1Saque" : 0.7489666374106156,
  "ganar2Saque" : 0.5947501392740953,
  "primerSaque" : 0.5450512296275088,
  "segundoSaque" : 0.3958198851660678,
  "ganarPuntoSacando" : 0.6436391185006118,
  "ganarPuntoRestando" : 0.3610373698335556,
  "probAce" : 0.12691466510295868,
  "clay" : {
    "nombre" : "Clay",
    "probVictoria" : 0.4166666567325592,
    "probGanarPrimerSaque" : 0.7414213269948959,
    "probGanarSegundoSaque" : 0.5838144098718961,
    "probPrimerSaque" : 0.5232835710048676,
    "probSegundoSaque" : 0.41418133427699405,
    "probGanarPuntoSacando" : 0.6297786308599346,
    "probGanarPuntoRestando" : 0.36583345559669805,
    "probAce" : 0.0
  },
  "grass" : {
    "nombre" : "Grass",
    "probVictoria" : 0.0,
    "probGanarPrimerSaque" : 0.0,
    "probGanarSegundoSaque" : 0.0,
    "probPrimerSaque" : 0.0,
    "probSegundoSaque" : 0.0,
    "probGanarPuntoSacando" : 0.0,
    "probGanarPuntoRestando" : 0.0,
    "probAce" : 0.0
  },
  "hard" : {
    "nombre" : "Hard",
    "probVictoria" : 0.3333333432674408,
    "probGanarPrimerSaque" : 0.771068940560023,
    "probGanarSegundoSaque" : 0.6324132879575094,
    "probPrimerSaque" : 0.5776740312576294,
    "probSegundoSaque" : 0.3619090716044108,
    "probGanarPuntoSacando" : 0.674302609185853,
    "probGanarPuntoRestando" : 0.36460954371140697,
    "probAce" : 0.0
  },
  "other" : {
    "nombre" : "Other",
    "probVictoria" : 0.0,
    "probGanarPrimerSaque" : 0.7068965435028076,
    "probGanarSegundoSaque" : 0.5,
    "probPrimerSaque" : 0.6105263233184814,
    "probSegundoSaque" : 0.378947377204895,
    "probGanarPuntoSacando" : 0.6210526362737596,
    "probGanarPuntoRestando" : 0.28205129740873547,
    "probAce" : 0.0
  },
  "partidos" : [ {
    "torneo" : "Banja Luka CH",
    "fecha" : "20140908",
    "superficie" : "Clay",
    "resultado" : "6-4 6-2",
    "contrincante" : "Kimmer Coppejans",
    "ganador" : false,
    "winnerAces" : 0,
    "winnerPrimerSaqueDentro" : 39,
    "winnerPrimerSaqueGanado" : 29,
    "winnerSegundoSaqueGanado" : 10,
    "winnerDobleFalta" : 1,
    "winnerServingPoints" : 55,
    "winnerServingGames" : 9,
    "loserAces" : 9,
    "loserPrimerSaqueDentro" : 36,
    "loserPrimerSaqueGanado" : 23,
    "loserSegundoSaqueGanado" : 9,
    "loserDobleFalta" : 1,
    "loserServingPoints" : 53,
    "loserServingGames" : 9
  }, {
    "torneo" : "Pune CH",
    "fecha" : "20141020",
    "superficie" : "Hard",
    "resultado" : "7-5 6-1",
    "contrincante" : "Yasutaka Uchiyama",
    "ganador" : true,
    "winnerAces" : 11,
    "winnerPrimerSaqueDentro" : 38,
    "winnerPrimerSaqueGanado" : 31,
    "winnerSegundoSaqueGanado" : 10,
    "winnerDobleFalta" : 4,
    "winnerServingPoints" : 59,
    "winnerServingGames" : 9,
    "loserAces" : 5,
    "loserPrimerSaqueDentro" : 36,
    "loserPrimerSaqueGanado" : 22,
    "loserSegundoSaqueGanado" : 10,
    "loserDobleFalta" : 4,
    "loserServingPoints" : 60,
    "loserServingGames" : 10
  }, {
    "torneo" : "Pune CH",
    "fecha" : "20141020",
    "superficie" : "Hard",
    "resultado" : "7-6(2) 4-6 7-6(6)",
    "contrincante" : "Aleksandr Nedovyesov",
    "ganador" : false,
    "winnerAces" : 4,
    "winnerPrimerSaqueDentro" : 90,
    "winnerPrimerSaqueGanado" : 61,
    "winnerSegundoSaqueGanado" : 10,
    "winnerDobleFalta" : 1,
    "winnerServingPoints" : 107,
    "winnerServingGames" : 17,
    "loserAces" : 10,
    "loserPrimerSaqueDentro" : 61,
    "loserPrimerSaqueGanado" : 45,
    "loserSegundoSaqueGanado" : 38,
    "loserDobleFalta" : 10,
    "loserServingPoints" : 130,
    "loserServingGames" : 17
  }, {
    "torneo" : "Campinas CH",
    "fecha" : "20140915",
    "superficie" : "Clay",
    "resultado" : "2-6 6-3 7-5",
    "contrincante" : "Facundo Bagnis",
    "ganador" : true,
    "winnerAces" : 12,
    "winnerPrimerSaqueDentro" : 44,
    "winnerPrimerSaqueGanado" : 32,
    "winnerSegundoSaqueGanado" : 19,
    "winnerDobleFalta" : 6,
    "winnerServingPoints" : 85,
    "winnerServingGames" : 14,
    "loserAces" : 3,
    "loserPrimerSaqueDentro" : 53,
    "loserPrimerSaqueGanado" : 36,
    "loserSegundoSaqueGanado" : 22,
    "loserDobleFalta" : 6,
    "loserServingPoints" : 99,
    "loserServingGames" : 15
  }, {
    "torneo" : "Campinas CH",
    "fecha" : "20140915",
    "superficie" : "Clay",
    "resultado" : "6-3 6-3",
    "contrincante" : "Caio Zampieri",
    "ganador" : true,
    "winnerAces" : 5,
    "winnerPrimerSaqueDentro" : 25,
    "winnerPrimerSaqueGanado" : 22,
    "winnerSegundoSaqueGanado" : 16,
    "winnerDobleFalta" : 1,
    "winnerServingPoints" : 54,
    "winnerServingGames" : 9,
    "loserAces" : 0,
    "loserPrimerSaqueDentro" : 37,
    "loserPrimerSaqueGanado" : 25,
    "loserSegundoSaqueGanado" : 6,
    "loserDobleFalta" : 1,
    "loserServingPoints" : 56,
    "loserServingGames" : 9
  }, {
    "torneo" : "Campinas CH",
    "fecha" : "20140915",
    "superficie" : "Clay",
    "resultado" : "7-6(2) 5-7 6-3",
    "contrincante" : "Gianni Mina",
    "ganador" : false,
    "winnerAces" : 4,
    "winnerPrimerSaqueDentro" : 73,
    "winnerPrimerSaqueGanado" : 56,
    "winnerSegundoSaqueGanado" : 15,
    "winnerDobleFalta" : 3,
    "winnerServingPoints" : 98,
    "winnerServingGames" : 16,
    "loserAces" : 10,
    "loserPrimerSaqueDentro" : 48,
    "loserPrimerSaqueGanado" : 38,
    "loserSegundoSaqueGanado" : 30,
    "loserDobleFalta" : 2,
    "loserServingPoints" : 100,
    "loserServingGames" : 17
  }, {
    "torneo" : "Kyoto CH",
    "fecha" : "20140303",
    "superficie" : "Hard",
    "resultado" : "6-0 6-2",
    "contrincante" : "Gianluigi Quinzi",
    "ganador" : true,
    "winnerAces" : 8,
    "winnerPrimerSaqueDentro" : 27,
    "winnerPrimerSaqueGanado" : 22,
    "winnerSegundoSaqueGanado" : 8,
    "winnerDobleFalta" : 1,
    "winnerServingPoints" : 39,
    "winnerServingGames" : 7,
    "loserAces" : 0,
    "loserPrimerSaqueDentro" : 21,
    "loserPrimerSaqueGanado" : 13,
    "loserSegundoSaqueGanado" : 5,
    "loserDobleFalta" : 6,
    "loserServingPoints" : 42,
    "loserServingGames" : 7
  }, {
    "torneo" : "Kyoto CH",
    "fecha" : "20140303",
    "superficie" : "Hard",
    "resultado" : "7-6(6) 7-6(2)",
    "contrincante" : "Andreas Beck",
    "ganador" : false,
    "winnerAces" : 6,
    "winnerPrimerSaqueDentro" : 52,
    "winnerPrimerSaqueGanado" : 43,
    "winnerSegundoSaqueGanado" : 16,
    "winnerDobleFalta" : 3,
    "winnerServingPoints" : 75,
    "winnerServingGames" : 12,
    "loserAces" : 15,
    "loserPrimerSaqueDentro" : 48,
    "loserPrimerSaqueGanado" : 39,
    "loserSegundoSaqueGanado" : 18,
    "loserDobleFalta" : 3,
    "loserServingPoints" : 80,
    "loserServingGames" : 12
  }, {
    "torneo" : "St. Remy CH",
    "fecha" : "20140902",
    "superficie" : "Hard",
    "resultado" : "6-4 6-4",
    "contrincante" : "Nicolas Mahut",
    "ganador" : false,
    "winnerAces" : 2,
    "winnerPrimerSaqueDentro" : 24,
    "winnerPrimerSaqueGanado" : 20,
    "winnerSegundoSaqueGanado" : 19,
    "winnerDobleFalta" : 4,
    "winnerServingPoints" : 51,
    "winnerServingGames" : 10,
    "loserAces" : 5,
    "loserPrimerSaqueDentro" : 35,
    "loserPrimerSaqueGanado" : 23,
    "loserSegundoSaqueGanado" : 16,
    "loserDobleFalta" : 7,
    "loserServingPoints" : 69,
    "loserServingGames" : 10
  }, {
    "torneo" : "An-Ning CH",
    "fecha" : "20140428",
    "superficie" : "Clay",
    "resultado" : "7-6(5) 6-4",
    "contrincante" : "Nikola Mektic",
    "ganador" : false,
    "winnerAces" : 2,
    "winnerPrimerSaqueDentro" : 53,
    "winnerPrimerSaqueGanado" : 40,
    "winnerSegundoSaqueGanado" : 16,
    "winnerDobleFalta" : 1,
    "winnerServingPoints" : 82,
    "winnerServingGames" : 11,
    "loserAces" : 12,
    "loserPrimerSaqueDentro" : 33,
    "loserPrimerSaqueGanado" : 28,
    "loserSegundoSaqueGanado" : 17,
    "loserDobleFalta" : 6,
    "loserServingPoints" : 68,