{
  "nombre" : "Sarvar Ikramov",
  "mano" : "U",
  "nacionalidad" : "UZB",
  "edad" : 29.7741273101,
  "ganar1Saque" : 0.6336580167214075,
  "ganar2Saque" : 0.4572601020336151,
  "primerSaque" : 0.6011141339937845,
  "segundoSaque" : 0.27090296149253845,
  "ganarPuntoSacando" : 0.5047739057829945,
  "ganarPuntoRestando" : 0.27744556604039566,
  "probAce" : 0.04731861129403114,
  "clay" : {
    "nombre" : "Clay",
    "probVictoria" : 0.0,
    "probGanarPrimerSaque" : 0.6590909361839294,
    "probGanarSegundoSaque" : 0.44999998807907104,
    "probPrimerSaque" : 0.6197183132171631,
    "probSegundoSaque" : 0.28169015049934387,
    "probGanarPuntoSacando" : 0.5352112875953221,
    "probGanarPuntoRestando" : 0.2968750149011612,
    "probAce" : 0.0
  },
  "grass" : {
    "nombre" : "Grass",
    "probVictoria" : 0.0,
    "probGanarPrimerSaque" : 0.2857142984867096,
    "probGanarSegundoSaque" : 0.27272728085517883,
    "probPrimerSaque" : 0.4516128897666931,
    "probSegundoSaque" : 0.35483869910240173,
    "probGanarPuntoSacando" : 0.22580645353563344,
    "probGanarPuntoRestando" : 0.11111108141916759,
    "probAce" : 0.0
  },
  "hard" : {
    "nombre" : "Hard",
    "probVictoria" : 0.25,
    "probGanarPrimerSaque" : 0.7142857164144516,
    "probGanarSegundoSaque" : 0.5052083358168602,
    "probPrimerSaque" : 0.6338384002447128,
    "probSegundoSaque" : 0.24722222983837128,
    "probGanarPuntoSacando" : 0.5776404471233615,
    "probGanarPuntoRestando" : 0.3141718249805113,
    "probAce" : 0.0
  },
  "other" : {
    "nombre" : "Other",
    "probVictoria" : 0.0,
    "probGanarPrimerSaque" : 0.0,
    "probGanarSegundoSaque" : 0.0,
    "probPrimerSaque" : 0.0,
    "probSegundoSaque" : 0.0,
    "probGanarPuntoSacando" : 0.0,
    "probGanarPuntoRestando" : 0.0,
    "probAce" : 0.0
  },
  "partidos" : [ {
    "torneo" : "Pune CH",
    "fecha" : "20141020",
    "superficie" : "Hard",
    "resultado" : "6-1 6-4",
    "contrincante" : "Germain Gigounon",
    "ganador" : false,
    "winnerAces" : 11,
    "winnerPrimerSaqueDentro" : 31,
    "winnerPrimerSaqueGanado" : 30,
    "winnerSegundoSaqueGanado" : 6,
    "winnerDobleFalta" : 2,
    "winnerServingPoints" : 41,
    "winnerServingGames" : 9,
    "loserAces" : 1,
    "loserPrimerSaqueDentro" : 26,
    "loserPrimerSaqueGanado" : 17,
    "loserSegundoSaqueGanado" : 7,
    "loserDobleFalta" : 3,
    "loserServingPoints" : 45,
    "loserServingGames" : 8
  }, {
    "torneo" : "Samarkand CH",
    "fecha" : "20140512",
    "superficie" : "Clay",
    "resultado" : "6-3 6-4",
    "contrincante" : "Boy Westerhof",
    "ganador" : false,
    "winnerAces" : 10,
    "winnerPrimerSaqueDentro" : 44,
    "winnerPrimerSaqueGanado" : 34,
    "winnerSegundoSaqueGanado" : 11,
    "winnerDobleFalta" : 0,
    "winnerServingPoints" : 64,
    "winnerServingGames" : 10,
    "loserAces" : 4,
    "loserPrimerSaqueDentro" : 44,
    "loserPrimerSaqueGanado" : 29,
    "loserSegundoSaqueGanado" : 9,
    "loserDobleFalta" : 7,
    "loserServingPoints" : 71,
    "loserServingGames" : 9
  }, {
    "torneo" : "Binghamton CH",
    "fecha" : "20140714",
    "superficie" : "Hard",
    "resultado" : "6-3 7-5",
    "contrincante" : "Erik Crepaldi",
    "ganador" : false,
    "winnerAces" : 9,
    "winnerPrimerSaqueDentro" : 47,
    "winnerPrimerSaqueGanado" : 33,
    "winnerSegundoSaqueGanado" : 8,
    "winnerDobleFalta" : 1,
    "winnerServingPoints" : 63,
    "winnerServingGames" : 11,
    "loserAces" : 0,
    "loserPrimerSaqueDentro" : 52,
    "loserPrimerSaqueGanado" : 31,
    "loserSegundoSaqueGanado" : 5,
    "loserDobleFalta" : 4,
    "loserServingPoints" : 66,
    "loserServingGames" : 10
  }, {
    "torneo" : "Fergana CH",
    "fecha" : "20140609",
    "superficie" : "Hard",
    "resultado" : "6-0 6-2",
    "contrincante" : "Rizo Saidkhodjaev",
    "ganador" : true,
    "winnerAces" : 6,
    "winnerPrimerSaqueDentro" : 28,
    "winnerPrimerSaqueGanado" : 24,
    "winnerSegundoSaqueGanado" : 6,
    "winnerDobleFalta" : 8,
    "winnerServingPoints" : 44,
    "winnerServingGames" : 7,
    "loserAces" : 0,
    "loserPrimerSaqueDentro" : 33,
    "loserPrimerSaqueGanado" : 12,
    "loserSegundoSaqueGanado" : 2,
    "loserDobleFalta" : 2,
    "loserServingPoints" : 43,
    "loserServingGames" : 7
  }, {
    "torneo" : "Fergana CH",
    "fecha" : "20140609",
    "superficie" : "Hard",
    "resultado" : "6-4 6-0",
    "contrincante" : "Alexander Kudryavtsev",
    "ganador" : false,
    "winnerAces" : 12,
    "winnerPrimerSaqueDentro" : 24,
    "winnerPrimerSaqueGanado" : 23,
    "winnerSegundoSaqueGanado" : 9,
    "winnerDobleFalta" : 0,
    "winnerServingPoints" : 36,
    "winnerServingGames" : 8,
    "loserAces" : 3,
    "loserPrimerSaqueDentro" : 32,
    "loserPrimerSaqueGanado" : 24,
    "loserSegundoSaqueGanado" : 6,
    "loserDobleFalta" : 10,
    "loserServingPoints" : 60,
    "loserServingGames" : 8
  }, {
    "torneo" : "Newport Q",
    "fecha" : "20140707",
    "superficie" : "Grass",
    "resultado" : "6-0 6-0",
    "contrincante" : "Luke Saville",
    "ganador" : false,
    "winnerAces" : 7,
    "winnerPrimerSaqueDentro" : 15,
    "winnerPrimerSaqueGanado" : 14,
    "winnerSegundoSaqueGanado" : 10,
    "winnerDobleFalta" : 0,
    "winnerServingPoints" : 27,
    "winnerServingGames" : 6,
    "loserAces" : 1,
    "loserPrimerSaqueDentro" : 14,
    "loserPrimerSaqueGanado" : 4,
    "loserSegundoSaqueGanado" : 3,
    "loserDobleFalta" : 6,
    "loserServingPoints" : 31,
    "loserServingGames" : 6
  } ]
}