{
  "nombre" : "Sergei Bubka",
  "mano" : "R",
  "nacionalidad" : "UKR",
  "edad" : 27.7097878166,
  "ganar1Saque" : 0.6530973996434893,
  "ganar2Saque" : 0.4548645690083504,
  "primerSaque" : 0.6157651926789965,
  "segundoSaque" : 0.34761510363646914,
  "ganarPuntoSacando" : 0.5602724404260204,
  "ganarPuntoRestando" : 0.2662717339832693,
  "probAce" : 0.08440797030925751,
  "clay" : {
    "nombre" : "Clay",
    "probVictoria" : 0.0,
    "probGanarPrimerSaque" : 0.5166851878166199,
    "probGanarSegundoSaque" : 0.4652777910232544,
    "probPrimerSaque" : 0.5668439567089081,
    "probSegundoSaque" : 0.3952127546072006,
    "probGanarPuntoSacando" : 0.47676359368271193,
    "probGanarPuntoRestando" : 0.2355200776399914,
    "probAce" : 0.0
  },
  "grass" : {
    "nombre" : "Grass",
    "probVictoria" : 0.0,
    "probGanarPrimerSaque" : 0.8823529481887817,
    "probGanarSegundoSaque" : 0.4444444477558136,
    "probPrimerSaque" : 0.5483871102333069,
    "probSegundoSaque" : 0.4354838728904724,
    "probGanarPuntoSacando" : 0.6774193728564537,
    "probGanarPuntoRestando" : 0.2535211039410322,
    "probAce" : 0.0
  },
  "hard" : {
    "nombre" : "Hard",
    "probVictoria" : 0.0,
    "probGanarPrimerSaque" : 0.6543256243069967,
    "probGanarSegundoSaque" : 0.41794722113344407,
    "probPrimerSaque" : 0.6358769999610053,
    "probSegundoSaque" : 0.32627185848024154,
    "probGanarPuntoSacando" : 0.5524350315678062,
    "probGanarPuntoRestando" : 0.25701382761489305,
    "probAce" : 0.0
  },
  "other" : {
    "nombre" : "Other",
    "probVictoria" : 0.5,
    "probGanarPrimerSaque" : 0.6693548262119293,
    "probGanarSegundoSaque" : 0.6157894730567932,
    "probPrimerSaque" : 0.60787233710289,
    "probSegundoSaque" : 0.35212767124176025,
    "probGanarPuntoSacando" : 0.6237187956832235,
    "probGanarPuntoRestando" : 0.3450592840053583,
    "probAce" : 0.0
  },
  "partidos" : [ {
    "torneo" : "Eckental CH",
    "fecha" : "20141027",
    "superficie" : "Carpet",
    "resultado" : "6-3 6-2",
    "contrincante" : "Denys Molchanov",
    "ganador" : true,
    "winnerAces" : 4,
    "winnerPrimerSaqueDentro" : 31,
    "winnerPrimerSaqueGanado" : 26,
    "winnerSegundoSaqueGanado" : 9,
    "winnerDobleFalta" : 4,
    "winnerServingPoints" : 50,
    "winnerServingGames" : 9,
    "loserAces" : 4,
    "loserPrimerSaqueDentro" : 24,
    "loserPrimerSaqueGanado" : 15,
    "loserSegundoSaqueGanado" : 14,
    "loserDobleFalta" : 9,
    "loserServingPoints" : 55,
    "loserServingGames" : 8
  }, {
    "torneo" : "Eckental CH",
    "fecha" : "20141027",
    "superficie" : "Carpet",
    "resultado" : "6-3 6-3",
    "contrincante" : "Denis Matsukevitch",
    "ganador" : false,
    "winnerAces" : 3,
    "winnerPrimerSaqueDentro" : 33,
    "winnerPrimerSaqueGanado" : 27,
    "winnerSegundoSaqueGanado" : 9,
    "winnerDobleFalta" : 2,
    "winnerServingPoints" : 46,
    "winnerServingGames" : 9,
    "loserAces" : 0,
    "loserPrimerSaqueDentro" : 28,
    "loserPrimerSaqueGanado" : 14,
    "loserSegundoSaqueGanado" : 12,
    "loserDobleFalta" : 0,
    "loserServingPoints" : 47,
    "loserServingGames" : 9
  }, {
    "torneo" : "Recanati CH",
    "fecha" : "20140714",
    "superficie" : "Hard",
    "resultado" : "6-2 6-0",
    "contrincante" : "Flavio Cipolla",
    "ganador" : false,
    "winnerAces" : 4,
    "winnerPrimerSaqueDentro" : 25,
    "winnerPrimerSaqueGanado" : 23,
    "winnerSegundoSaqueGanado" : 6,
    "winnerDobleFalta" : 1,
    "winnerServingPoints" : 37,
    "winnerServingGames" : 7,
    "loserAces" : 3,
    "loserPrimerSaqueDentro" : 38,
    "loserPrimerSaqueGanado" : 19,
    "loserSegundoSaqueGanado" : 5,
    "loserDobleFalta" : 1,
    "loserServingPoints" : 53,
    "loserServingGames" : 7
  }, {
    "torneo" : "Astana II CH",
    "fecha" : "20140721",
    "superficie" : "Hard",
    "resultado" : "6-7(6) 6-2 6-3",
    "contrincante" : "Thomas Fabbiano",
    "ganador" : false,
    "winnerAces" : 2,
    "winnerPrimerSaqueDentro" : 68,
    "winnerPrimerSaqueGanado" : 48,
    "winnerSegundoSaqueGanado" : 18,
    "winnerDobleFalta" : 1,
    "winnerServingPoints" : 92,
    "winnerServingGames" : 15,
    "loserAces" : 4,
    "loserPrimerSaqueDentro" : 74,
    "loserPrimerSaqueGanado" : 52,
    "loserSegundoSaqueGanado" : 11,
    "loserDobleFalta" : 7,
    "loserServingPoints" : 106,
    "loserServingGames" : 14
  }, {
    "torneo" : "Nottingham2 CH",
    "fecha" : "20140609",
    "superficie" : "Grass",
    "resultado" : "6-3 7-6(3)",
    "contrincante" : "Marius Copil",
    "ganador" : false,
    "winnerAces" : 9,
    "winnerPrimerSaqueDentro" : 45,
    "winnerPrimerSaqueGanado" : 35,
    "winnerSegundoSaqueGanado" : 18,
    "winnerDobleFalta" : 1,
    "winnerServingPoints" : 71,
    "winnerServingGames" : 11,
    "loserAces" : 8,
    "loserPrimerSaqueDentro" : 34,
    "loserPrimerSaqueGanado" : 30,
    "loserSegundoSaqueGanado" : 12,
    "loserDobleFalta" : 1,
    "loserServingPoints" : 62,
    "loserServingGames" : 10
  }, {
    "torneo" : "Brescia CH",
    "fecha" : "20141110",
    "superficie" : "Hard",
    "resultado" : "6-0 7-6(4)",
    "contrincante" : "Marius Copil",
    "ganador" : false,
    "winnerAces" : 11,
    "winnerPrimerSaqueDentro" : 33,
    "winnerPrimerSaqueGanado" : 29,
    "winnerSegundoSaqueGanado" : 14,
    "winnerDobleFalta" : 1,
    "winnerServingPoints" : 60,
    "winnerServingGames" : 9,
    "loserAces" : 4,
    "loserPrimerSaqueDentro" : 48,
    "loserPrimerSaqueGanado" : 33,
    "loserSegundoSaqueGanado" : 7,
    "loserDobleFalta" : 3,
    "loserServingPoints" : 70,
    "loserServingGames" : 9
  }, {
    "torneo" : "Ortisei CH",
    "fecha" : "20141103",
    "superficie" : "Hard",
    "resultado" : "6-3 6-3",
    "contrincante" : "Antonio Sancic",
    "ganador" : false,
    "winnerAces" : 11,
    "winnerPrimerSaqueDentro" : 29,
    "winnerPrimerSaqueGanado" : 25,
    "winnerSegundoSaqueGanado" : 13,
    "winnerDobleFalta" : 1,
    "winnerServingPoints" : 52,
    "winnerServingGames" : 9,
    "loserAces" : 7,
    "loserPrimerSaqueDentro" : 33,
    "loserPrimerSaqueGanado" : 22,
    "loserSegundoSaqueGanado" : 9,
    "loserDobleFalta" : 2,
    "loserServingPoints" : 56,
    "loserServingGames" : 9
  }, {
    "torneo" : "Kazan CH",
    "fecha" : "20140310",
    "superficie" : "Hard",
    "resultado" : "6-2 6-4",
    "contrincante" : "Marsel Ilhan",
    "ganador" : false,
    "winnerAces" : 4,
    "winnerPrimerSaqueDentro" : 32,
    "winnerPrimerSaqueGanado" : 26,
    "winnerSegundoSaqueGanado" : 10,
    "winnerDobleFalta" : 0,
    "winnerServingPoints" : 45,
    "winnerServingGames" : 9,
    "loserAces" : 12,
    "loserPrimerSaqueDentro" : 42,
    "loserPrimerSaqueGanado" : 25,
    "loserSegundoSaqueGanado" : 13,
    "loserDobleFalta" : 1,
    "loserServingPoints" : 71,
    "loserServingGames" : 9
  }, {
    "torneo" : "Andria CH",
    "fecha" : "20141117",
    "superficie" : "Hard",
    "resultado" : "6-4 6-2",
    "contrincante" : "Pietro Licciardi",
    "ganador" : false,
    "winnerAces" : 7,
    "winnerPrimerSaqueDentro" : 46,
    "winnerPrimerSaqueGanado" : 35,
    "winnerSegundoSaqueGanado" : 7,
    "winnerDobleFalta" : 0,
    "winnerServingPoints" : 60,
    "winnerServingGames" : 9,
    "loserAces" : 7,
    "loserPrimerSaqueDentro" : 37,
    "loserPrimerSaqueGanado" : 30,
    "loserSegundoSaqueGanado" : 2,
    "loserDobleFalta" : 2,
    "loserServingPoints" : 48,
    "loserServingGames" : 9
  }, {
    "torneo" : "Dubai Q",
    "fecha" : "20140224",
    "superficie" : "Hard",
    "resultado" : "6-4 6-0",
    "contrincante" : "Jesse Huta Galung",
    "ganador" : false,
    "winnerAces" : 1,
    "winnerPrimerSaqueDentro" : 30,
    "winnerPrimerSaqueGanado" : 27,
    "winnerSegundoSaqueGanado" : 8,
    "winnerDobleFalta" : 2,
    "winnerServingPoints" : 45,
    "winnerServingGames" : 8,
    "loserAces" : 5,
    "loserPrimerSaqueDentro" : 25,
    "loserPrimerSaqueGanado" : 15,
    "loserSegundoSaqueGanado" : 12,