{
  "nombre" : "Steve Darcis",
  "mano" : "R",
  "nacionalidad" : "BEL",
  "edad" : 30.4503764545,
  "ganar1Saque" : 0.7055396100749141,
  "ganar2Saque" : 0.614305115264395,
  "primerSaque" : 0.6207548120747441,
  "segundoSaque" : 0.36065210013285925,
  "ganarPuntoSacando" : 0.6595175380058038,
  "ganarPuntoRestando" : 0.4575319355252844,
  "probAce" : 0.045305319130420685,
  "clay" : {
    "nombre" : "Clay",
    "probVictoria" : 0.4000000059604645,
    "probGanarPrimerSaque" : 0.6561379551887512,
    "probGanarSegundoSaque" : 0.5996006429195404,
    "probPrimerSaque" : 0.5980028808116913,
    "probSegundoSaque" : 0.38129934668540955,
    "probGanarPuntoSacando" : 0.6209997208301379,
    "probGanarPuntoRestando" : 0.46370590766527825,
    "probAce" : 0.0
  },
  "grass" : {
    "nombre" : "Grass",
    "probVictoria" : 0.3333333432674408,
    "probGanarPrimerSaque" : 0.725806474685669,
    "probGanarSegundoSaque" : 0.6111111044883728,
    "probPrimerSaque" : 0.7654321193695068,
    "probSegundoSaque" : 0.2222222238779068,
    "probGanarPuntoSacando" : 0.691358056846652,
    "probGanarPuntoRestando" : 0.3999999956316429,
    "probAce" : 0.0
  },
  "hard" : {
    "nombre" : "Hard",
    "probVictoria" : 0.8235294222831726,
    "probGanarPrimerSaque" : 0.7188773400643292,
    "probGanarSegundoSaque" : 0.61881784305853,
    "probPrimerSaque" : 0.618936126723009,
    "probSegundoSaque" : 0.36272231445592995,
    "probGanarPuntoSacando" : 0.6693981967091718,
    "probGanarPuntoRestando" : 0.4591002931249122,
    "probAce" : 0.0
  },
  "other" : {
    "nombre" : "Other",
    "probVictoria" : 0.0,
    "probGanarPrimerSaque" : 0.0,
    "probGanarSegundoSaque" : 0.0,
    "probPrimerSaque" : 0.0,
    "probSegundoSaque" : 0.0,
    "probGanarPuntoSacando" : 0.0,
    "probGanarPuntoRestando" : 0.0,
    "probAce" : 0.0
  },
  "partidos" : [ {
    "torneo" : "US Open",
    "fecha" : "20140825",
    "superficie" : "Hard",
    "resultado" : "3-6 2-6 7-6(5) 7-5 6-4",
    "contrincante" : "Martin Klizan",
    "ganador" : false,
    "winnerAces" : 12,
    "winnerPrimerSaqueDentro" : 86,
    "winnerPrimerSaqueGanado" : 62,
    "winnerSegundoSaqueGanado" : 38,
    "winnerDobleFalta" : 7,
    "winnerServingPoints" : 161,
    "winnerServingGames" : 25,
    "loserAces" : 9,
    "loserPrimerSaqueDentro" : 103,
    "loserPrimerSaqueGanado" : 69,
    "loserSegundoSaqueGanado" : 38,
    "loserDobleFalta" : 6,
    "loserServingPoints" : 168,
    "loserServingGames" : 26
  }, {
    "torneo" : "Scheveningen CH",
    "fecha" : "20140707",
    "superficie" : "Clay",
    "resultado" : "7-6(5) 3-6 6-4",
    "contrincante" : "Horacio Zeballos",
    "ganador" : false,
    "winnerAces" : 5,
    "winnerPrimerSaqueDentro" : 62,
    "winnerPrimerSaqueGanado" : 42,
    "winnerSegundoSaqueGanado" : 24,
    "winnerDobleFalta" : 0,
    "winnerServingPoints" : 99,
    "winnerServingGames" : 15,
    "loserAces" : 6,
    "loserPrimerSaqueDentro" : 53,
    "loserPrimerSaqueGanado" : 41,
    "loserSegundoSaqueGanado" : 22,
    "loserDobleFalta" : 4,
    "loserServingPoints" : 91,
    "loserServingGames" : 16
  }, {
    "torneo" : "Mons CH",
    "fecha" : "20140929",
    "superficie" : "Hard",
    "resultado" : "6-1 7-6(3)",
    "contrincante" : "Dudi Sela",
    "ganador" : true,
    "winnerAces" : 3,
    "winnerPrimerSaqueDentro" : 31,
    "winnerPrimerSaqueGanado" : 21,
    "winnerSegundoSaqueGanado" : 20,
    "winnerDobleFalta" : 0,
    "winnerServingPoints" : 58,
    "winnerServingGames" : 10,
    "loserAces" : 0,
    "loserPrimerSaqueDentro" : 35,
    "loserPrimerSaqueGanado" : 23,
    "loserSegundoSaqueGanado" : 8,
    "loserDobleFalta" : 3,
    "loserServingPoints" : 55,
    "loserServingGames" : 9
  }, {
    "torneo" : "Mons CH",
    "fecha" : "20140929",
    "superficie" : "Hard",
    "resultado" : "6-2 6-4",
    "contrincante" : "Yann Marti",
    "ganador" : true,
    "winnerAces" : 2,
    "winnerPrimerSaqueDentro" : 32,
    "winnerPrimerSaqueGanado" : 22,
    "winnerSegundoSaqueGanado" : 9,
    "winnerDobleFalta" : 0,
    "winnerServingPoints" : 51,
    "winnerServingGames" : 9,
    "loserAces" : 3,
    "loserPrimerSaqueDentro" : 35,
    "loserPrimerSaqueGanado" : 19,
    "loserSegundoSaqueGanado" : 10,
    "loserDobleFalta" : 3,
    "loserServingPoints" : 59,
    "loserServingGames" : 9
  }, {
    "torneo" : "Mons CH",
    "fecha" : "20140929",
    "superficie" : "Hard",
    "resultado" : "6-3 6-2",
    "contrincante" : "Gerald Melzer",
    "ganador" : true,
    "winnerAces" : 4,
    "winnerPrimerSaqueDentro" : 36,
    "winnerPrimerSaqueGanado" : 27,
    "winnerSegundoSaqueGanado" : 9,
    "winnerDobleFalta" : 0,
    "winnerServingPoints" : 52,
    "winnerServingGames" : 9,
    "loserAces" : 2,
    "loserPrimerSaqueDentro" : 26,
    "loserPrimerSaqueGanado" : 14,
    "loserSegundoSaqueGanado" : 10,
    "loserDobleFalta" : 0,
    "loserServingPoints" : 45,
    "loserServingGames" : 8
  }, {
    "torneo" : "Mons CH",
    "fecha" : "20140929",
    "superficie" : "Hard",
    "resultado" : "6-4 6-4",
    "contrincante" : "Jiri Vesely",
    "ganador" : true,
    "winnerAces" : 6,
    "winnerPrimerSaqueDentro" : 40,
    "winnerPrimerSaqueGanado" : 33,
    "winnerSegundoSaqueGanado" : 7,
    "winnerDobleFalta" : 1,
    "winnerServingPoints" : 50,
    "winnerServingGames" : 10,
    "loserAces" : 4,
    "loserPrimerSaqueDentro" : 48,
    "loserPrimerSaqueGanado" : 32,
    "loserSegundoSaqueGanado" : 7,
    "loserDobleFalta" : 3,
    "loserServingPoints" : 63,
    "loserServingGames" : 10
  }, {
    "torneo" : "Mons CH",
    "fecha" : "20140929",
    "superficie" : "Hard",
    "resultado" : "6-3 6-3",
    "contrincante" : "David Goffin",
    "ganador" : false,
    "winnerAces" : 7,
    "winnerPrimerSaqueDentro" : 29,
    "winnerPrimerSaqueGanado" : 23,
    "winnerSegundoSaqueGanado" : 12,
    "winnerDobleFalta" : 3,
    "winnerServingPoints" : 50,
    "winnerServingGames" : 9,
    "loserAces" : 2,
    "loserPrimerSaqueDentro" : 29,
    "loserPrimerSaqueGanado" : 20,
    "loserSegundoSaqueGanado" : 8,
    "loserDobleFalta" : 2,
    "loserServingPoints" : 53,
    "loserServingGames" : 9
  }, {
    "torneo" : "Trnava CH",
    "fecha" : "20140915",
    "superficie" : "Clay",
    "resultado" : "7-5 3-6 6-3",
    "contrincante" : "Marco Cecchinato",
    "ganador" : false,
    "winnerAces" : 3,
    "winnerPrimerSaqueDentro" : 73,
    "winnerPrimerSaqueGanado" : 44,
    "winnerSegundoSaqueGanado" : 14,
    "winnerDobleFalta" : 1,
    "winnerServingPoints" : 100,
    "winnerServingGames" : 15,
    "loserAces" : 1,
    "loserPrimerSaqueDentro" : 71,
    "loserPrimerSaqueGanado" : 42,
    "loserSegundoSaqueGanado" : 17,
    "loserDobleFalta" : 1,
    "loserServingPoints" : 99,
    "loserServingGames" : 15
  }, {
    "torneo" : "Rennes CH",
    "fecha" : "20141006",
    "superficie" : "Hard",
    "resultado" : "6-4 6-0",
    "contrincante" : "Martin Fischer",
    "ganador" : true,
    "winnerAces" : 2,
    "winnerPrimerSaqueDentro" : 29,
    "winnerPrimerSaqueGanado" : 22,
    "winnerSegundoSaqueGanado" : 14,
    "winnerDobleFalta" : 1,
    "winnerServingPoints" : 50,
    "winnerServingGames" : 8,
    "loserAces" : 1,
    "loserPrimerSaqueDentro" : 28,
    "loserPrimerSaqueGanado" : 14,
    "loserSegundoSaqueGanado" : 12,
    "loserDobleFalta" : 0,
    "loserServingPoints" : 53,
    "loserServingGames" : 8
  }, {
    "torneo" : "Rennes CH",
    "fecha" : "20141006",
    "superficie" : "Hard",
    "resultado" : "3-6 6-0 6-2",
    "contrincante" : "Dudi Sela",
    "ganador" : true,
    "winnerAces" : 5,
    "winnerPrimerSaqueDentro" : 32,
    "winnerPrimerSaqueGanado" : 26,
    "winnerSegundoSaqueGanado" : 16,
    "winnerDobleFalta" : 1,
    "winnerServingPoints" : 58,
    "winnerServingGames" : 11,
    "loserAces" : 0,
    "loserPrimerSaqueDentro" : 48,
    "loserPrimerSaqueGanado" : 31,
    "loserSegundoSaqueGanado" : 13,
    "loserDobleFalta" : 1,
    "loserServingPoints" : 80,