{
  "nombre" : "Theodoros Angelinos",
  "mano" : "U",
  "nacionalidad" : "GRE",
  "edad" : 29.7029431896,
  "ganar1Saque" : 0.6886607734929948,
  "ganar2Saque" : 0.5198770548616137,
  "primerSaque" : 0.5717237648509798,
  "segundoSaque" : 0.38533228706745876,
  "ganarPuntoSacando" : 0.5940491446703231,
  "ganarPuntoRestando" : 0.32029320917476256,
  "probAce" : 0.05118110403418541,
  "clay" : {
    "nombre" : "Clay",
    "probVictoria" : 0.4545454680919647,
    "probGanarPrimerSaque" : 0.7301660776138306,
    "probGanarSegundoSaque" : 0.5336517366496,
    "probPrimerSaque" : 0.5418170419606295,
    "probSegundoSaque" : 0.4166346219452945,
    "probGanarPuntoSacando" : 0.617954213862177,
    "probGanarPuntoRestando" : 0.351452488765902,
    "probAce" : 0.0
  },
  "grass" : {
    "nombre" : "Grass",
    "probVictoria" : 0.3333333432674408,
    "probGanarPrimerSaque" : 0.6200000047683716,
    "probGanarSegundoSaque" : 0.6666666865348816,
    "probPrimerSaque" : 0.7936508059501648,
    "probSegundoSaque" : 0.190476194024086,
    "probGanarPuntoSacando" : 0.6190476366073367,
    "probGanarPuntoRestando" : 0.22413791831642293,
    "probAce" : 0.0
  },
  "hard" : {
    "nombre" : "Hard",
    "probVictoria" : 0.1111111119389534,
    "probGanarPrimerSaque" : 0.6455610427591536,
    "probGanarSegundoSaque" : 0.4867313736014896,
    "probPrimerSaque" : 0.5836178660392761,
    "probSegundoSaque" : 0.3687245547771454,
    "probGanarPuntoSacando" : 0.5562307672004647,
    "probGanarPuntoRestando" : 0.2928935664365188,
    "probAce" : 0.0
  },
  "other" : {
    "nombre" : "Other",
    "probVictoria" : 0.0,
    "probGanarPrimerSaque" : 0.0,
    "probGanarSegundoSaque" : 0.0,
    "probPrimerSaque" : 0.0,
    "probSegundoSaque" : 0.0,
    "probGanarPuntoSacando" : 0.0,
    "probGanarPuntoRestando" : 0.0,
    "probAce" : 0.0
  },
  "partidos" : [ {
    "torneo" : "Kolkata CH",
    "fecha" : "20140210",
    "superficie" : "Hard",
    "resultado" : "6-3 3-6 7-5",
    "contrincante" : "Go Soeda",
    "ganador" : false,
    "winnerAces" : 1,
    "winnerPrimerSaqueDentro" : 45,
    "winnerPrimerSaqueGanado" : 31,
    "winnerSegundoSaqueGanado" : 29,
    "winnerDobleFalta" : 2,
    "winnerServingPoints" : 94,
    "winnerServingGames" : 15,
    "loserAces" : 2,
    "loserPrimerSaqueDentro" : 52,
    "loserPrimerSaqueGanado" : 40,
    "loserSegundoSaqueGanado" : 16,
    "loserDobleFalta" : 4,
    "loserServingPoints" : 95,
    "loserServingGames" : 15
  }, {
    "torneo" : "Chennai CH",
    "fecha" : "20140203",
    "superficie" : "Hard",
    "resultado" : "6-3 6-0",
    "contrincante" : "Thomas Fabbiano",
    "ganador" : false,
    "winnerAces" : 3,
    "winnerPrimerSaqueDentro" : 29,
    "winnerPrimerSaqueGanado" : 25,
    "winnerSegundoSaqueGanado" : 5,
    "winnerDobleFalta" : 2,
    "winnerServingPoints" : 44,
    "winnerServingGames" : 8,
    "loserAces" : 3,
    "loserPrimerSaqueDentro" : 29,
    "loserPrimerSaqueGanado" : 14,
    "loserSegundoSaqueGanado" : 5,
    "loserDobleFalta" : 3,
    "loserServingPoints" : 47,
    "loserServingGames" : 7
  }, {
    "torneo" : "Medellin CH",
    "fecha" : "20140902",
    "superficie" : "Clay",
    "resultado" : "6-4 6-4",
    "contrincante" : "Fabiano De Paula",
    "ganador" : false,
    "winnerAces" : 0,
    "winnerPrimerSaqueDentro" : 37,
    "winnerPrimerSaqueGanado" : 32,
    "winnerSegundoSaqueGanado" : 10,
    "winnerDobleFalta" : 1,
    "winnerServingPoints" : 53,
    "winnerServingGames" : 10,
    "loserAces" : 4,
    "loserPrimerSaqueDentro" : 31,
    "loserPrimerSaqueGanado" : 21,
    "loserSegundoSaqueGanado" : 17,
    "loserDobleFalta" : 3,
    "loserServingPoints" : 60,
    "loserServingGames" : 10
  }, {
    "torneo" : "Prostejov CH",
    "fecha" : "20140603",
    "superficie" : "Clay",
    "resultado" : "6-4 5-7 6-4",
    "contrincante" : "Joao Souza",
    "ganador" : false,
    "winnerAces" : 1,
    "winnerPrimerSaqueDentro" : 69,
    "winnerPrimerSaqueGanado" : 45,
    "winnerSegundoSaqueGanado" : 15,
    "winnerDobleFalta" : 1,
    "winnerServingPoints" : 96,
    "winnerServingGames" : 16,
    "loserAces" : 3,
    "loserPrimerSaqueDentro" : 55,
    "loserPrimerSaqueGanado" : 31,
    "loserSegundoSaqueGanado" : 33,
    "loserDobleFalta" : 3,
    "loserServingPoints" : 109,
    "loserServingGames" : 16
  }, {
    "torneo" : "Quito CH",
    "fecha" : "20140915",
    "superficie" : "Clay",
    "resultado" : "6-3 6-4",
    "contrincante" : "Nikola Mektic",
    "ganador" : true,
    "winnerAces" : 4,
    "winnerPrimerSaqueDentro" : 34,
    "winnerPrimerSaqueGanado" : 29,
    "winnerSegundoSaqueGanado" : 15,
    "winnerDobleFalta" : 2,
    "winnerServingPoints" : 60,
    "winnerServingGames" : 10,
    "loserAces" : 7,
    "loserPrimerSaqueDentro" : 34,
    "loserPrimerSaqueGanado" : 25,
    "loserSegundoSaqueGanado" : 12,
    "loserDobleFalta" : 3,
    "loserServingPoints" : 65,
    "loserServingGames" : 9
  }, {
    "torneo" : "Quito CH",
    "fecha" : "20140915",
    "superficie" : "Clay",
    "resultado" : "7-6(4) 6-4",
    "contrincante" : "Hugo Dellien",
    "ganador" : false,
    "winnerAces" : 4,
    "winnerPrimerSaqueDentro" : 56,
    "winnerPrimerSaqueGanado" : 45,
    "winnerSegundoSaqueGanado" : 3,
    "winnerDobleFalta" : 2,
    "winnerServingPoints" : 62,
    "winnerServingGames" : 11,
    "loserAces" : 4,
    "loserPrimerSaqueDentro" : 40,
    "loserPrimerSaqueGanado" : 33,
    "loserSegundoSaqueGanado" : 12,
    "loserDobleFalta" : 3,
    "loserServingPoints" : 67,
    "loserServingGames" : 11
  }, {
    "torneo" : "Segovia CH",
    "fecha" : "20140728",
    "superficie" : "Hard",
    "resultado" : "6-3 6-2",
    "contrincante" : "Adrian Mannarino",
    "ganador" : false,
    "winnerAces" : 2,
    "winnerPrimerSaqueDentro" : 26,
    "winnerPrimerSaqueGanado" : 21,
    "winnerSegundoSaqueGanado" : 12,
    "winnerDobleFalta" : 2,
    "winnerServingPoints" : 48,
    "winnerServingGames" : 8,
    "loserAces" : 4,
    "loserPrimerSaqueDentro" : 32,
    "loserPrimerSaqueGanado" : 20,
    "loserSegundoSaqueGanado" : 10,
    "loserDobleFalta" : 5,
    "loserServingPoints" : 59,
    "loserServingGames" : 9
  }, {
    "torneo" : "Cali CH",
    "fecha" : "20140428",
    "superficie" : "Clay",
    "resultado" : "6-2 6-1",
    "contrincante" : "Dennis Novak",
    "ganador" : true,
    "winnerAces" : 7,
    "winnerPrimerSaqueDentro" : 23,
    "winnerPrimerSaqueGanado" : 20,
    "winnerSegundoSaqueGanado" : 18,
    "winnerDobleFalta" : 3,
    "winnerServingPoints" : 53,
    "winnerServingGames" : 8,
    "loserAces" : 5,
    "loserPrimerSaqueDentro" : 18,
    "loserPrimerSaqueGanado" : 14,
    "loserSegundoSaqueGanado" : 6,
    "loserDobleFalta" : 4,
    "loserServingPoints" : 39,
    "loserServingGames" : 7
  }, {
    "torneo" : "Cali CH",
    "fecha" : "20140428",
    "superficie" : "Clay",
    "resultado" : "6-2 6-2",
    "contrincante" : "Paolo Lorenzi",
    "ganador" : false,
    "winnerAces" : 9,
    "winnerPrimerSaqueDentro" : 19,
    "winnerPrimerSaqueGanado" : 17,
    "winnerSegundoSaqueGanado" : 16,
    "winnerDobleFalta" : 4,
    "winnerServingPoints" : 46,
    "winnerServingGames" : 8,
    "loserAces" : 1,
    "loserPrimerSaqueDentro" : 24,
    "loserPrimerSaqueGanado" : 16,
    "loserSegundoSaqueGanado" : 6,
    "loserDobleFalta" : 3,
    "loserServingPoints" : 51,
    "loserServingGames" : 8
  }, {
    "torneo" : "Pereira CH",
    "fecha" : "20140922",
    "superficie" : "Clay",
    "resultado" : "6-3 6-4",
    "contrincante" : "Eduardo Struvay",
    "ganador" : true,
    "winnerAces" : 4,
    "winnerPrimerSaqueDentro" : 35,
    "winnerPrimerSaqueGanado" : 31,
    "winnerSegundoSaqueGanado" : 13,
    "winnerDobleFalta" : 2,
    "winnerServingPoints" : 61,
    "winnerServingGames" : 10,
    "loserAces" : 2,
    "loserPrimerSaqueDentro" : 30,
    "loserPrimerSaqueGanado" : 22,
    "loserSegundoSaqueGanado" : 10,
    "loserDobleFalta" : 0,
    "loserServingPoints" : 52,