{
  "nombre" : "Alexander Sadecky",
  "mano" : "L",
  "nacionalidad" : "SUI",
  "edad" : 24.052019165,
  "ganar1Saque" : 0.7074910742895943,
  "ganar2Saque" : 0.579333803483418,
  "primerSaque" : 0.6132079171282905,
  "segundoSaque" : 0.3202833426850183,
  "ganarPuntoSacando" : 0.6193900951620734,
  "ganarPuntoRestando" : 0.30206017914673483,
  "probAce" : 0.09548792988061905,
  "clay" : {
    "nombre" : "Clay",
    "probVictoria" : 0.0,
    "probGanarPrimerSaque" : 0.7540983557701111,
    "probGanarSegundoSaque" : 0.4444444477558136,
    "probPrimerSaque" : 0.6421052813529968,
    "probSegundoSaque" : 0.28421053290367126,
    "probGanarPuntoSacando" : 0.6105263302423571,
    "probGanarPuntoRestando" : 0.37254901009364416,
    "probAce" : 0.0
  },
  "grass" : {
    "nombre" : "Grass",
    "probVictoria" : 0.3333333432674408,
    "probGanarPrimerSaque" : 2.089605927467346,
    "probGanarSegundoSaque" : 0.5663821697235107,
    "probPrimerSaque" : 0.5591404736042023,
    "probSegundoSaque" : 0.3604251941045125,
    "probGanarPuntoSacando" : 1.3725216513901717,
    "probGanarPuntoRestando" : 0.2833273221188736,
    "probAce" : 0.0
  },
  "hard" : {
    "nombre" : "Hard",
    "probVictoria" : 0.3333333432674408,
    "probGanarPrimerSaque" : 0.7192150486840142,
    "probGanarSegundoSaque" : 0.5889350672562917,
    "probPrimerSaque" : 0.6274669236607022,
    "probSegundoSaque" : 0.31013421879874337,
    "probGanarPuntoSacando" : 0.6339325710549559,
    "probGanarPuntoRestando" : 0.30678094910845705,
    "probAce" : 0.0
  },
  "other" : {
    "nombre" : "Other",
    "probVictoria" : 0.0,
    "probGanarPrimerSaque" : 0.5882353186607361,
    "probGanarSegundoSaque" : 0.6666666865348816,
    "probPrimerSaque" : 0.6181818246841431,
    "probSegundoSaque" : 0.3272727131843567,
    "probGanarPuntoSacando" : 0.5818181979252479,
    "probGanarPuntoRestando" : 0.24528298962790984,
    "probAce" : 0.0
  },
  "partidos" : [ {
    "torneo" : "Gstaad",
    "fecha" : "20110725",
    "superficie" : "Clay",
    "resultado" : "3-6 6-3 7-6(4)",
    "contrincante" : "Peter Luczak",
    "ganador" : false,
    "winnerAces" : 1,
    "winnerPrimerSaqueDentro" : 61,
    "winnerPrimerSaqueGanado" : 42,
    "winnerSegundoSaqueGanado" : 22,
    "winnerDobleFalta" : 5,
    "winnerServingPoints" : 102,
    "winnerServingGames" : 15,
    "loserAces" : 14,
    "loserPrimerSaqueDentro" : 61,
    "loserPrimerSaqueGanado" : 46,
    "loserSegundoSaqueGanado" : 12,
    "loserDobleFalta" : 7,
    "loserServingPoints" : 95,
    "loserServingGames" : 15
  }, {
    "torneo" : "Cremona CH",
    "fecha" : "20110516",
    "superficie" : "Hard",
    "resultado" : "6-1 6-3",
    "contrincante" : "Adam Kellner",
    "ganador" : true,
    "winnerAces" : 8,
    "winnerPrimerSaqueDentro" : 30,
    "winnerPrimerSaqueGanado" : 25,
    "winnerSegundoSaqueGanado" : 10,
    "winnerDobleFalta" : 2,
    "winnerServingPoints" : 47,
    "winnerServingGames" : 8,
    "loserAces" : 2,
    "loserPrimerSaqueDentro" : 33,
    "loserPrimerSaqueGanado" : 19,
    "loserSegundoSaqueGanado" : 6,
    "loserDobleFalta" : 2,
    "loserServingPoints" : 51,
    "loserServingGames" : 8
  }, {
    "torneo" : "Cremona CH",
    "fecha" : "20110516",
    "superficie" : "Hard",
    "resultado" : "6-7(3) 6-3 6-1",
    "contrincante" : "Kevin Kim",
    "ganador" : true,
    "winnerAces" : 10,
    "winnerPrimerSaqueDentro" : 59,
    "winnerPrimerSaqueGanado" : 50,
    "winnerSegundoSaqueGanado" : 8,
    "winnerDobleFalta" : 5,
    "winnerServingPoints" : 78,
    "winnerServingGames" : 14,
    "loserAces" : 0,
    "loserPrimerSaqueDentro" : 72,
    "loserPrimerSaqueGanado" : 48,
    "loserSegundoSaqueGanado" : 12,
    "loserDobleFalta" : 3,
    "loserServingPoints" : 102,
    "loserServingGames" : 14
  }, {
    "torneo" : "Cremona CH",
    "fecha" : "20110516",
    "superficie" : "Hard",
    "resultado" : "6-3 6-2",
    "contrincante" : "Rainer Schuettler",
    "ganador" : false,
    "winnerAces" : 3,
    "winnerPrimerSaqueDentro" : 35,
    "winnerPrimerSaqueGanado" : 29,
    "winnerSegundoSaqueGanado" : 8,
    "winnerDobleFalta" : 1,
    "winnerServingPoints" : 48,
    "winnerServingGames" : 9,
    "loserAces" : 1,
    "loserPrimerSaqueDentro" : 37,
    "loserPrimerSaqueGanado" : 25,
    "loserSegundoSaqueGanado" : 6,
    "loserDobleFalta" : 2,
    "loserServingPoints" : 60,
    "loserServingGames" : 8
  }, {
    "torneo" : "Leon CH",
    "fecha" : "20110425",
    "superficie" : "Hard",
    "resultado" : "7-5 6-7(5) 6-1",
    "contrincante" : "Roman Borvanov",
    "ganador" : false,
    "winnerAces" : 2,
    "winnerPrimerSaqueDentro" : 55,
    "winnerPrimerSaqueGanado" : 38,
    "winnerSegundoSaqueGanado" : 21,
    "winnerDobleFalta" : 3,
    "winnerServingPoints" : 89,
    "winnerServingGames" : 16,
    "loserAces" : 6,
    "loserPrimerSaqueDentro" : 57,
    "loserPrimerSaqueGanado" : 40,
    "loserSegundoSaqueGanado" : 18,
    "loserDobleFalta" : 14,
    "loserServingPoints" : 106,
    "loserServingGames" : 15
  }, {
    "torneo" : "Courmayeur CH",
    "fecha" : "20110131",
    "superficie" : "Hard",
    "resultado" : "6-4 6-4",
    "contrincante" : "Martin Klizan",
    "ganador" : false,
    "winnerAces" : 7,
    "winnerPrimerSaqueDentro" : 32,
    "winnerPrimerSaqueGanado" : 25,
    "winnerSegundoSaqueGanado" : 18,
    "winnerDobleFalta" : 1,
    "winnerServingPoints" : 57,
    "winnerServingGames" : 10,
    "loserAces" : 9,
    "loserPrimerSaqueDentro" : 32,
    "loserPrimerSaqueGanado" : 26,
    "loserSegundoSaqueGanado" : 12,
    "loserDobleFalta" : 3,
    "loserServingPoints" : 54,
    "loserServingGames" : 10
  }, {
    "torneo" : "Sarajevo CH",
    "fecha" : "20110307",
    "superficie" : "Hard",
    "resultado" : "6-4 6-4",
    "contrincante" : "Ilija Bozoljac",
    "ganador" : false,
    "winnerAces" : 12,
    "winnerPrimerSaqueDentro" : 32,
    "winnerPrimerSaqueGanado" : 31,
    "winnerSegundoSaqueGanado" : 9,
    "winnerDobleFalta" : 0,
    "winnerServingPoints" : 45,
    "winnerServingGames" : 10,
    "loserAces" : 6,
    "loserPrimerSaqueDentro" : 40,
    "loserPrimerSaqueGanado" : 26,
    "loserSegundoSaqueGanado" : 10,
    "loserDobleFalta" : 3,
    "loserServingPoints" : 56,
    "loserServingGames" : 10
  }, {
    "torneo" : "Geneva CH",
    "fecha" : "20111107",
    "superficie" : "Hard",
    "resultado" : "6-1 6-3",
    "contrincante" : "Yuri Schukin",
    "ganador" : true,
    "winnerAces" : 12,
    "winnerPrimerSaqueDentro" : 26,
    "winnerPrimerSaqueGanado" : 22,
    "winnerSegundoSaqueGanado" : 14,
    "winnerDobleFalta" : 4,
    "winnerServingPoints" : 49,
    "winnerServingGames" : 8,
    "loserAces" : 2,
    "loserPrimerSaqueDentro" : 19,
    "loserPrimerSaqueGanado" : 14,
    "loserSegundoSaqueGanado" : 11,
    "loserDobleFalta" : 7,
    "loserServingPoints" : 49,
    "loserServingGames" : 8
  }, {
    "torneo" : "Geneva CH",
    "fecha" : "20111107",
    "superficie" : "Hard",
    "resultado" : "6-3 6-1",
    "contrincante" : "Mischa Zverev",
    "ganador" : false,
    "winnerAces" : 1,
    "winnerPrimerSaqueDentro" : 33,
    "winnerPrimerSaqueGanado" : 25,
    "winnerSegundoSaqueGanado" : 9,
    "winnerDobleFalta" : 1,
    "winnerServingPoints" : 43,
    "winnerServingGames" : 8,
    "loserAces" : 0,
    "loserPrimerSaqueDentro" : 33,
    "loserPrimerSaqueGanado" : 17,
    "loserSegundoSaqueGanado" : 7,
    "loserDobleFalta" : 0,
    "loserServingPoints" : 46,
    "loserServingGames" : 8
  }, {
    "torneo" : "Toyota CH",
    "fecha" : "20111121",
    "superficie" : "Carpet",
    "resultado" : "6-4 6-2",
    "contrincante" : "Sebastian Rieschick",
    "ganador" : false,
    "winnerAces" : 4,
    "winnerPrimerSaqueDentro" : 36,
    "winnerPrimerSaqueGanado" : 29,
    "winnerSegundoSaqueGanado" : 11,
    "winnerDobleFalta" : 3,
    "winnerServingPoints" : 53,
    "winnerServingGames" : 9,
    "loserAces" : 2,
    "loserPrimerSaqueDentro" : 34,
    "loserPrimerSaqueGanado" : 20,