{
  "nombre" : "Andrey Kumantsov",
  "mano" : "R",
  "nacionalidad" : "RUS",
  "edad" : 24.5311430527,
  "ganar1Saque" : 0.6488068608137277,
  "ganar2Saque" : 0.5227245825987595,
  "primerSaque" : 0.6681620203531705,
  "segundoSaque" : 0.28925475707420933,
  "ganarPuntoSacando" : 0.5847086750966203,
  "ganarPuntoRestando" : 0.32083965552414573,
  "probAce" : 0.043879907578229904,
  "clay" : {
    "nombre" : "Clay",
    "probVictoria" : 0.4000000059604645,
    "probGanarPrimerSaque" : 0.6183110922574997,
    "probGanarSegundoSaque" : 0.5714173018932343,
    "probPrimerSaque" : 0.6342172920703888,
    "probSegundoSaque" : 0.32606953382492065,
    "probGanarPuntoSacando" : 0.5784653598364566,
    "probGanarPuntoRestando" : 0.44043094688129425,
    "probAce" : 0.0
  },
  "grass" : {
    "nombre" : "Grass",
    "probVictoria" : 0.0,
    "probGanarPrimerSaque" : 0.0,
    "probGanarSegundoSaque" : 0.0,
    "probPrimerSaque" : 0.0,
    "probSegundoSaque" : 0.0,
    "probGanarPuntoSacando" : 0.0,
    "probGanarPuntoRestando" : 0.0,
    "probAce" : 0.0
  },
  "hard" : {
    "nombre" : "Hard",
    "probVictoria" : 0.3636363744735718,
    "probGanarPrimerSaque" : 0.6618222668766975,
    "probGanarSegundoSaque" : 0.5137187950313091,
    "probPrimerSaque" : 0.6729099527001381,
    "probSegundoSaque" : 0.28040846809744835,
    "probGanarPuntoSacando" : 0.5893978906474932,
    "probGanarPuntoRestando" : 0.2661489706852269,
    "probAce" : 0.0
  },
  "other" : {
    "nombre" : "Other",
    "probVictoria" : 0.0,
    "probGanarPrimerSaque" : 0.6666666865348816,
    "probGanarSegundoSaque" : 0.4000000059604645,
    "probPrimerSaque" : 0.7659574747085571,
    "probSegundoSaque" : 0.21276596188545227,
    "probGanarPuntoSacando" : 0.595744717712944,
    "probGanarPuntoRestando" : 0.27999996880690214,
    "probAce" : 0.0
  },
  "partidos" : [ {
    "torneo" : "Marseille",
    "fecha" : "20110214",
    "superficie" : "Hard",
    "resultado" : "6-2 6-0",
    "contrincante" : "Nicolas Mahut",
    "ganador" : false,
    "winnerAces" : 7,
    "winnerPrimerSaqueDentro" : 17,
    "winnerPrimerSaqueGanado" : 16,
    "winnerSegundoSaqueGanado" : 13,
    "winnerDobleFalta" : 2,
    "winnerServingPoints" : 36,
    "winnerServingGames" : 7,
    "loserAces" : 2,
    "loserPrimerSaqueDentro" : 27,
    "loserPrimerSaqueGanado" : 15,
    "loserSegundoSaqueGanado" : 3,
    "loserDobleFalta" : 2,
    "loserServingPoints" : 43,
    "loserServingGames" : 7
  }, {
    "torneo" : "Beijing CH",
    "fecha" : "20110801",
    "superficie" : "Hard",
    "resultado" : "6-3 4-1 RET",
    "contrincante" : "Dudi Sela",
    "ganador" : false,
    "winnerAces" : 2,
    "winnerPrimerSaqueDentro" : 23,
    "winnerPrimerSaqueGanado" : 20,
    "winnerSegundoSaqueGanado" : 9,
    "winnerDobleFalta" : 2,
    "winnerServingPoints" : 36,
    "winnerServingGames" : 7,
    "loserAces" : 1,
    "loserPrimerSaqueDentro" : 38,
    "loserPrimerSaqueGanado" : 24,
    "loserSegundoSaqueGanado" : 2,
    "loserDobleFalta" : 3,
    "loserServingPoints" : 53,
    "loserServingGames" : 7
  }, {
    "torneo" : "Penza CH",
    "fecha" : "20110717",
    "superficie" : "Hard",
    "resultado" : "7-6(3) 6-3",
    "contrincante" : "Michael Ryderstedt",
    "ganador" : false,
    "winnerAces" : 8,
    "winnerPrimerSaqueDentro" : 46,
    "winnerPrimerSaqueGanado" : 39,
    "winnerSegundoSaqueGanado" : 13,
    "winnerDobleFalta" : 1,
    "winnerServingPoints" : 70,
    "winnerServingGames" : 11,
    "loserAces" : 6,
    "loserPrimerSaqueDentro" : 45,
    "loserPrimerSaqueGanado" : 35,
    "loserSegundoSaqueGanado" : 8,
    "loserDobleFalta" : 2,
    "loserServingPoints" : 57,
    "loserServingGames" : 10
  }, {
    "torneo" : "Kyoto CH",
    "fecha" : "20110307",
    "superficie" : "Carpet",
    "resultado" : "7-5 3-0 RET",
    "contrincante" : "Matthias Bachinger",
    "ganador" : false,
    "winnerAces" : 4,
    "winnerPrimerSaqueDentro" : 30,
    "winnerPrimerSaqueGanado" : 22,
    "winnerSegundoSaqueGanado" : 14,
    "winnerDobleFalta" : 0,
    "winnerServingPoints" : 50,
    "winnerServingGames" : 8,
    "loserAces" : 1,
    "loserPrimerSaqueDentro" : 36,
    "loserPrimerSaqueGanado" : 24,
    "loserSegundoSaqueGanado" : 4,
    "loserDobleFalta" : 1,
    "loserServingPoints" : 47,
    "loserServingGames" : 7
  }, {
    "torneo" : "Athens CH",
    "fecha" : "20110411",
    "superficie" : "Hard",
    "resultado" : "7-6(5) 6-2",
    "contrincante" : "Roberto Bautista Agut",
    "ganador" : false,
    "winnerAces" : 2,
    "winnerPrimerSaqueDentro" : 45,
    "winnerPrimerSaqueGanado" : 36,
    "winnerSegundoSaqueGanado" : 8,
    "winnerDobleFalta" : 1,
    "winnerServingPoints" : 60,
    "winnerServingGames" : 10,
    "loserAces" : 3,
    "loserPrimerSaqueDentro" : 35,
    "loserPrimerSaqueGanado" : 21,
    "loserSegundoSaqueGanado" : 14,
    "loserDobleFalta" : 2,
    "loserServingPoints" : 62,
    "loserServingGames" : 10
  }, {
    "torneo" : "St. Petersburg Q",
    "fecha" : "20111024",
    "superficie" : "Hard",
    "resultado" : "7-5 1-0",
    "contrincante" : "Vasek Pospisil",
    "ganador" : false,
    "winnerAces" : 3,
    "winnerPrimerSaqueDentro" : 22,
    "winnerPrimerSaqueGanado" : 21,
    "winnerSegundoSaqueGanado" : 7,
    "winnerDobleFalta" : 0,
    "winnerServingPoints" : 31,
    "winnerServingGames" : 7,
    "loserAces" : 0,
    "loserPrimerSaqueDentro" : 23,
    "loserPrimerSaqueGanado" : 16,
    "loserSegundoSaqueGanado" : 7,
    "loserDobleFalta" : 3,
    "loserServingPoints" : 36,
    "loserServingGames" : 6
  }, {
    "torneo" : "Zagreb Q",
    "fecha" : "20110131",
    "superficie" : "Hard",
    "resultado" : "7-6(7) 6-1",
    "contrincante" : "Antonio Sancic",
    "ganador" : true,
    "winnerAces" : 1,
    "winnerPrimerSaqueDentro" : 49,
    "winnerPrimerSaqueGanado" : 39,
    "winnerSegundoSaqueGanado" : 7,
    "winnerDobleFalta" : 2,
    "winnerServingPoints" : 65,
    "winnerServingGames" : 10,
    "loserAces" : 7,
    "loserPrimerSaqueDentro" : 33,
    "loserPrimerSaqueGanado" : 22,
    "loserSegundoSaqueGanado" : 9,
    "loserDobleFalta" : 1,
    "loserServingPoints" : 56,
    "loserServingGames" : 9
  }, {
    "torneo" : "Zagreb Q",
    "fecha" : "20110131",
    "superficie" : "Hard",
    "resultado" : "7-6(6) 6-3",
    "contrincante" : "Roko Karanusic",
    "ganador" : false,
    "winnerAces" : 2,
    "winnerPrimerSaqueDentro" : 45,
    "winnerPrimerSaqueGanado" : 34,
    "winnerSegundoSaqueGanado" : 15,
    "winnerDobleFalta" : 0,
    "winnerServingPoints" : 72,
    "winnerServingGames" : 11,
    "loserAces" : 3,
    "loserPrimerSaqueDentro" : 51,
    "loserPrimerSaqueGanado" : 34,
    "loserSegundoSaqueGanado" : 11,
    "loserDobleFalta" : 4,
    "loserServingPoints" : 72,
    "loserServingGames" : 10
  }, {
    "torneo" : "Estoril Q",
    "fecha" : "20110425",
    "superficie" : "Clay",
    "resultado" : "4-6 6-3 7-5",
    "contrincante" : "Simone Vagnozzi",
    "ganador" : true,
    "winnerAces" : 1,
    "winnerPrimerSaqueDentro" : 69,
    "winnerPrimerSaqueGanado" : 37,
    "winnerSegundoSaqueGanado" : 12,
    "winnerDobleFalta" : 1,
    "winnerServingPoints" : 92,
    "winnerServingGames" : 16,
    "loserAces" : 0,
    "loserPrimerSaqueDentro" : 75,
    "loserPrimerSaqueGanado" : 37,
    "loserSegundoSaqueGanado" : 3,
    "loserDobleFalta" : 0,
    "loserServingPoints" : 88,
    "loserServingGames" : 15
  }, {
    "torneo" : "Estoril Q",
    "fecha" : "20110425",
    "superficie" : "Clay",
    "resultado" : "6-3 2-6 6-3",
    "contrincante" : "Pedro Sousa",
    "ganador" : false,
    "winnerAces" : 1,
    "winnerPrimerSaqueDentro" : 55,
    "winnerPrimerSaqueGanado" : 41,
    "winnerSegundoSaqueGanado" : 7,
    "winnerDobleFalta" : 2,
    "winnerServingPoints" : 77,
    "winnerServingGames" : 13,
    "loserAces" : 4,
    "loserPrimerSaqueDentro" : 55,
    "loserPrimerSaqueGanado" : 35,
    "loserSegundoSaqueGanado" : 13,
    "loserDobleFalta" : 2,
    "loserServingPoints" : 79,