{
  "nombre" : "Benjamin Becker",
  "mano" : "R",
  "nacionalidad" : "GER",
  "edad" : 29.5879534565,
  "ganar1Saque" : 0.7657234847545624,
  "ganar2Saque" : 0.5538435265421867,
  "primerSaque" : 0.561234837770462,
  "segundoSaque" : 0.4006427600979805,
  "ganarPuntoSacando" : 0.6516440948795205,
  "ganarPuntoRestando" : 0.33491723391579137,
  "probAce" : 0.09125717729330063,
  "clay" : {
    "nombre" : "Clay",
    "probVictoria" : 0.0,
    "probGanarPrimerSaque" : 0.8717948794364929,
    "probGanarSegundoSaque" : 0.5862069129943848,
    "probPrimerSaque" : 0.5492957830429077,
    "probSegundoSaque" : 0.4084506928920746,
    "probGanarPuntoSacando" : 0.7183098707435462,
    "probGanarPuntoRestando" : 0.1355932201488187,
    "probAce" : 0.0
  },
  "grass" : {
    "nombre" : "Grass",
    "probVictoria" : 0.0,
    "probGanarPrimerSaque" : 0.0,
    "probGanarSegundoSaque" : 0.0,
    "probPrimerSaque" : 0.0,
    "probSegundoSaque" : 0.0,
    "probGanarPuntoSacando" : 0.0,
    "probGanarPuntoRestando" : 0.0,
    "probAce" : 0.0
  },
  "hard" : {
    "nombre" : "Hard",
    "probVictoria" : 0.375,
    "probGanarPrimerSaque" : 0.7471831068396568,
    "probGanarSegundoSaque" : 0.5476483199745417,
    "probPrimerSaque" : 0.5579602234065533,
    "probSegundoSaque" : 0.40622968040406704,
    "probGanarPuntoSacando" : 0.6393694552149398,
    "probGanarPuntoRestando" : 0.3491662846319658,
    "probAce" : 0.0
  },
  "other" : {
    "nombre" : "Other",
    "probVictoria" : 0.6666666865348816,
    "probGanarPrimerSaque" : 0.8292483687400818,
    "probGanarSegundoSaque" : 0.5760968327522278,
    "probPrimerSaque" : 0.5826791326204935,
    "probSegundoSaque" : 0.36824320753415424,
    "probGanarPuntoSacando" : 0.6953294657673776,
    "probGanarPuntoRestando" : 0.3205868350698825,
    "probAce" : 0.0
  },
  "partidos" : [ {
    "torneo" : "Australian Open",
    "fecha" : "20110117",
    "superficie" : "Hard",
    "resultado" : "7-6(5) 6-2 6-4",
    "contrincante" : "Ernests Gulbis",
    "ganador" : true,
    "winnerAces" : 12,
    "winnerPrimerSaqueDentro" : 56,
    "winnerPrimerSaqueGanado" : 47,
    "winnerSegundoSaqueGanado" : 20,
    "winnerDobleFalta" : 2,
    "winnerServingPoints" : 93,
    "winnerServingGames" : 15,
    "loserAces" : 12,
    "loserPrimerSaqueDentro" : 65,
    "loserPrimerSaqueGanado" : 49,
    "loserSegundoSaqueGanado" : 9,
    "loserDobleFalta" : 6,
    "loserServingPoints" : 92,
    "loserServingGames" : 15
  }, {
    "torneo" : "Australian Open",
    "fecha" : "20110117",
    "superficie" : "Hard",
    "resultado" : "6-3 6-0 3-6 7-6(3)",
    "contrincante" : "Alexandr Dolgopolov",
    "ganador" : false,
    "winnerAces" : 18,
    "winnerPrimerSaqueDentro" : 50,
    "winnerPrimerSaqueGanado" : 43,
    "winnerSegundoSaqueGanado" : 31,
    "winnerDobleFalta" : 2,
    "winnerServingPoints" : 93,
    "winnerServingGames" : 18,
    "loserAces" : 9,
    "loserPrimerSaqueDentro" : 63,
    "loserPrimerSaqueGanado" : 44,
    "loserSegundoSaqueGanado" : 25,
    "loserDobleFalta" : 3,
    "loserServingPoints" : 115,
    "loserServingGames" : 18
  }, {
    "torneo" : "Delray Beach",
    "fecha" : "20110221",
    "superficie" : "Hard",
    "resultado" : "7-5 6-4",
    "contrincante" : "James Blake",
    "ganador" : false,
    "winnerAces" : 7,
    "winnerPrimerSaqueDentro" : 39,
    "winnerPrimerSaqueGanado" : 32,
    "winnerSegundoSaqueGanado" : 18,
    "winnerDobleFalta" : 1,
    "winnerServingPoints" : 75,
    "winnerServingGames" : 11,
    "loserAces" : 6,
    "loserPrimerSaqueDentro" : 24,
    "loserPrimerSaqueGanado" : 20,
    "loserSegundoSaqueGanado" : 17,
    "loserDobleFalta" : 1,
    "loserServingPoints" : 60,
    "loserServingGames" : 11
  }, {
    "torneo" : "Houston",
    "fecha" : "20110404",
    "superficie" : "Clay",
    "resultado" : "7-6(5) 6-4",
    "contrincante" : "Ivo Karlovic",
    "ganador" : false,
    "winnerAces" : 8,
    "winnerPrimerSaqueDentro" : 34,
    "winnerPrimerSaqueGanado" : 32,
    "winnerSegundoSaqueGanado" : 19,
    "winnerDobleFalta" : 0,
    "winnerServingPoints" : 59,
    "winnerServingGames" : 11,
    "loserAces" : 6,
    "loserPrimerSaqueDentro" : 39,
    "loserPrimerSaqueGanado" : 34,
    "loserSegundoSaqueGanado" : 17,
    "loserDobleFalta" : 3,
    "loserServingPoints" : 71,
    "loserServingGames" : 11
  }, {
    "torneo" : "Miami Masters",
    "fecha" : "20110323",
    "superficie" : "Hard",
    "resultado" : "6-4 6-7(4) 6-4",
    "contrincante" : "Marcel Granollers",
    "ganador" : false,
    "winnerAces" : 5,
    "winnerPrimerSaqueDentro" : 73,
    "winnerPrimerSaqueGanado" : 47,
    "winnerSegundoSaqueGanado" : 25,
    "winnerDobleFalta" : 3,
    "winnerServingPoints" : 115,
    "winnerServingGames" : 16,
    "loserAces" : 8,
    "loserPrimerSaqueDentro" : 43,
    "loserPrimerSaqueGanado" : 30,
    "loserSegundoSaqueGanado" : 32,
    "loserDobleFalta" : 4,
    "loserServingPoints" : 97,
    "loserServingGames" : 16
  }, {
    "torneo" : "Memphis",
    "fecha" : "20110214",
    "superficie" : "Hard",
    "resultado" : "6-4 6-2",
    "contrincante" : "Radek Stepanek",
    "ganador" : false,
    "winnerAces" : 5,
    "winnerPrimerSaqueDentro" : 34,
    "winnerPrimerSaqueGanado" : 26,
    "winnerSegundoSaqueGanado" : 18,
    "winnerDobleFalta" : 1,
    "winnerServingPoints" : 67,
    "winnerServingGames" : 9,
    "loserAces" : 5,
    "loserPrimerSaqueDentro" : 34,
    "loserPrimerSaqueGanado" : 26,
    "loserSegundoSaqueGanado" : 9,
    "loserDobleFalta" : 2,
    "loserServingPoints" : 65,
    "loserServingGames" : 9
  }, {
    "torneo" : "Indian Wells Masters",
    "fecha" : "20110310",
    "superficie" : "Hard",
    "resultado" : "6-2 7-5",
    "contrincante" : "Thiemo De Bakker",
    "ganador" : true,
    "winnerAces" : 11,
    "winnerPrimerSaqueDentro" : 28,
    "winnerPrimerSaqueGanado" : 25,
    "winnerSegundoSaqueGanado" : 16,
    "winnerDobleFalta" : 2,
    "winnerServingPoints" : 53,
    "winnerServingGames" : 10,
    "loserAces" : 7,
    "loserPrimerSaqueDentro" : 35,
    "loserPrimerSaqueGanado" : 24,
    "loserSegundoSaqueGanado" : 17,
    "loserDobleFalta" : 2,
    "loserServingPoints" : 68,
    "loserServingGames" : 10
  }, {
    "torneo" : "Indian Wells Masters",
    "fecha" : "20110310",
    "superficie" : "Hard",
    "resultado" : "6-3 7-6(5)",
    "contrincante" : "Thomaz Bellucci",
    "ganador" : false,
    "winnerAces" : 6,
    "winnerPrimerSaqueDentro" : 47,
    "winnerPrimerSaqueGanado" : 39,
    "winnerSegundoSaqueGanado" : 12,
    "winnerDobleFalta" : 1,
    "winnerServingPoints" : 69,
    "winnerServingGames" : 11,
    "loserAces" : 6,
    "loserPrimerSaqueDentro" : 34,
    "loserPrimerSaqueGanado" : 28,
    "loserSegundoSaqueGanado" : 16,
    "loserDobleFalta" : 6,
    "loserServingPoints" : 61,
    "loserServingGames" : 10
  }, {
    "torneo" : "Brisbane",
    "fecha" : "20110102",
    "superficie" : "Hard",
    "resultado" : "6-1 6-7(2) 6-3",
    "contrincante" : "Fernando Verdasco",
    "ganador" : true,
    "winnerAces" : 6,
    "winnerPrimerSaqueDentro" : 53,
    "winnerPrimerSaqueGanado" : 42,
    "winnerSegundoSaqueGanado" : 23,
    "winnerDobleFalta" : 4,
    "winnerServingPoints" : 99,
    "winnerServingGames" : 15,
    "loserAces" : 10,
    "loserPrimerSaqueDentro" : 47,
    "loserPrimerSaqueGanado" : 34,
    "loserSegundoSaqueGanado" : 14,
    "loserDobleFalta" : 5,
    "loserServingPoints" : 78,
    "loserServingGames" : 13
  }, {
    "torneo" : "Brisbane",
    "fecha" : "20110102",
    "superficie" : "Hard",
    "resultado" : "6-3 6-4",
    "contrincante" : "Santiago Giraldo",
    "ganador" : false,
    "winnerAces" : 2,
    "winnerPrimerSaqueDentro" : 52,
    "winnerPrimerSaqueGanado" : 36,
    "winnerSegundoSaqueGanado" : 13,
    "winnerDobleFalta" : 0,
    "winnerServingPoints" : 73,
    "winnerServingGames" : 10,
    "loserAces" : 7,
    "loserPrimerSaqueDentro" : 26,
    "loserPrimerSaqueGanado" : 21,
    "loserSegundoSaqueGanado" : 10,