{
  "nombre" : "Charles Antoine Brezac",
  "mano" : "U",
  "nacionalidad" : "FRA",
  "edad" : 25.8507871321,
  "ganar1Saque" : 0.6908136539989047,
  "ganar2Saque" : 0.5361931406789355,
  "primerSaque" : 0.5633008662197325,
  "segundoSaque" : 0.40943703220950234,
  "ganarPuntoSacando" : 0.6086732579046772,
  "ganarPuntoRestando" : 0.35986878096206104,
  "probAce" : 0.06493506580591202,
  "clay" : {
    "nombre" : "Clay",
    "probVictoria" : 0.3333333432674408,
    "probGanarPrimerSaque" : 0.6694705684979757,
    "probGanarSegundoSaque" : 0.5282392203807831,
    "probPrimerSaque" : 0.5724112788836161,
    "probSegundoSaque" : 0.4112882912158966,
    "probGanarPuntoSacando" : 0.6004711105924975,
    "probGanarPuntoRestando" : 0.40072162461378463,
    "probAce" : 0.0
  },
  "grass" : {
    "nombre" : "Grass",
    "probVictoria" : 0.5,
    "probGanarPrimerSaque" : 0.0,
    "probGanarSegundoSaque" : 0.0,
    "probPrimerSaque" : 0.0,
    "probSegundoSaque" : 0.0,
    "probGanarPuntoSacando" : 0.0,
    "probGanarPuntoRestando" : 0.0,
    "probAce" : 0.0
  },
  "hard" : {
    "nombre" : "Hard",
    "probVictoria" : 0.4285714328289032,
    "probGanarPrimerSaque" : 0.7079963088035583,
    "probGanarSegundoSaque" : 0.5523875377007893,
    "probPrimerSaque" : 0.5612618305853435,
    "probSegundoSaque" : 0.40717984523092,
    "probGanarPuntoSacando" : 0.6222923764352477,
    "probGanarPuntoRestando" : 0.3594449979171636,
    "probAce" : 0.0
  },
  "other" : {
    "nombre" : "Other",
    "probVictoria" : 0.0,
    "probGanarPrimerSaque" : 0.5142857432365417,
    "probGanarSegundoSaque" : 0.3333333432674408,
    "probPrimerSaque" : 0.5645161271095276,
    "probSegundoSaque" : 0.4354838728904724,
    "probGanarPuntoSacando" : 0.43548389128917186,
    "probGanarPuntoRestando" : 0.24324321263545245,
    "probAce" : 0.0
  },
  "partidos" : [ {
    "torneo" : "Recanati CH",
    "fecha" : "20110725",
    "superficie" : "Hard",
    "resultado" : "6-4 6-4",
    "contrincante" : "Miloslav Mecir",
    "ganador" : true,
    "winnerAces" : 7,
    "winnerPrimerSaqueDentro" : 29,
    "winnerPrimerSaqueGanado" : 25,
    "winnerSegundoSaqueGanado" : 14,
    "winnerDobleFalta" : 0,
    "winnerServingPoints" : 53,
    "winnerServingGames" : 10,
    "loserAces" : 3,
    "loserPrimerSaqueDentro" : 40,
    "loserPrimerSaqueGanado" : 24,
    "loserSegundoSaqueGanado" : 11,
    "loserDobleFalta" : 1,
    "loserServingPoints" : 61,
    "loserServingGames" : 10
  }, {
    "torneo" : "Recanati CH",
    "fecha" : "20110725",
    "superficie" : "Hard",
    "resultado" : "4-6 7-5 6-1",
    "contrincante" : "Frederik Nielsen",
    "ganador" : false,
    "winnerAces" : 3,
    "winnerPrimerSaqueDentro" : 52,
    "winnerPrimerSaqueGanado" : 32,
    "winnerSegundoSaqueGanado" : 26,
    "winnerDobleFalta" : 1,
    "winnerServingPoints" : 91,
    "winnerServingGames" : 15,
    "loserAces" : 4,
    "loserPrimerSaqueDentro" : 48,
    "loserPrimerSaqueGanado" : 28,
    "loserSegundoSaqueGanado" : 17,
    "loserDobleFalta" : 4,
    "loserServingPoints" : 80,
    "loserServingGames" : 14
  }, {
    "torneo" : "Quimper CH",
    "fecha" : "20110207",
    "superficie" : "Hard",
    "resultado" : "7-6(6) 6-7(5) 6-3",
    "contrincante" : "Romain Jouan",
    "ganador" : false,
    "winnerAces" : 13,
    "winnerPrimerSaqueDentro" : 68,
    "winnerPrimerSaqueGanado" : 55,
    "winnerSegundoSaqueGanado" : 25,
    "winnerDobleFalta" : 1,
    "winnerServingPoints" : 104,
    "winnerServingGames" : 17,
    "loserAces" : 13,
    "loserPrimerSaqueDentro" : 67,
    "loserPrimerSaqueGanado" : 47,
    "loserSegundoSaqueGanado" : 29,
    "loserDobleFalta" : 3,
    "loserServingPoints" : 109,
    "loserServingGames" : 16
  }, {
    "torneo" : "Rimouski CH",
    "fecha" : "20110314",
    "superficie" : "Hard",
    "resultado" : "6-2 6-2",
    "contrincante" : "Robert Rotaru",
    "ganador" : true,
    "winnerAces" : 4,
    "winnerPrimerSaqueDentro" : 27,
    "winnerPrimerSaqueGanado" : 25,
    "winnerSegundoSaqueGanado" : 10,
    "winnerDobleFalta" : 1,
    "winnerServingPoints" : 44,
    "winnerServingGames" : 8,
    "loserAces" : 4,
    "loserPrimerSaqueDentro" : 25,
    "loserPrimerSaqueGanado" : 15,
    "loserSegundoSaqueGanado" : 8,
    "loserDobleFalta" : 2,
    "loserServingPoints" : 44,
    "loserServingGames" : 8
  }, {
    "torneo" : "Rimouski CH",
    "fecha" : "20110314",
    "superficie" : "Hard",
    "resultado" : "6-3 6-2",
    "contrincante" : "Vasek Pospisil",
    "ganador" : false,
    "winnerAces" : 12,
    "winnerPrimerSaqueDentro" : 38,
    "winnerPrimerSaqueGanado" : 31,
    "winnerSegundoSaqueGanado" : 8,
    "winnerDobleFalta" : 1,
    "winnerServingPoints" : 54,
    "winnerServingGames" : 9,
    "loserAces" : 1,
    "loserPrimerSaqueDentro" : 31,
    "loserPrimerSaqueGanado" : 17,
    "loserSegundoSaqueGanado" : 9,
    "loserDobleFalta" : 1,
    "loserServingPoints" : 51,
    "loserServingGames" : 8
  }, {
    "torneo" : "Wolfsburg CH",
    "fecha" : "20110221",
    "superficie" : "Carpet",
    "resultado" : "6-2 6-1",
    "contrincante" : "Stefan Seifert",
    "ganador" : false,
    "winnerAces" : 2,
    "winnerPrimerSaqueDentro" : 21,
    "winnerPrimerSaqueGanado" : 18,
    "winnerSegundoSaqueGanado" : 10,
    "winnerDobleFalta" : 2,
    "winnerServingPoints" : 37,
    "winnerServingGames" : 7,
    "loserAces" : 3,
    "loserPrimerSaqueDentro" : 35,
    "loserPrimerSaqueGanado" : 18,
    "loserSegundoSaqueGanado" : 9,
    "loserDobleFalta" : 0,
    "loserServingPoints" : 62,
    "loserServingGames" : 8
  }, {
    "torneo" : "St. Brieuc CH",
    "fecha" : "20110328",
    "superficie" : "Clay",
    "resultado" : "4-6 7-6(4) 6-2",
    "contrincante" : "Florent Diep",
    "ganador" : false,
    "winnerAces" : 7,
    "winnerPrimerSaqueDentro" : 70,
    "winnerPrimerSaqueGanado" : 51,
    "winnerSegundoSaqueGanado" : 16,
    "winnerDobleFalta" : 2,
    "winnerServingPoints" : 108,
    "winnerServingGames" : 15,
    "loserAces" : 10,
    "loserPrimerSaqueDentro" : 58,
    "loserPrimerSaqueGanado" : 41,
    "loserSegundoSaqueGanado" : 20,
    "loserDobleFalta" : 1,
    "loserServingPoints" : 94,
    "loserServingGames" : 15
  }, {
    "torneo" : "Noumea CH",
    "fecha" : "20110103",
    "superficie" : "Hard",
    "resultado" : "6-4 7-6(2)",
    "contrincante" : "Clement Reix",
    "ganador" : false,
    "winnerAces" : 10,
    "winnerPrimerSaqueDentro" : 45,
    "winnerPrimerSaqueGanado" : 36,
    "winnerSegundoSaqueGanado" : 15,
    "winnerDobleFalta" : 2,
    "winnerServingPoints" : 77,
    "winnerServingGames" : 11,
    "loserAces" : 6,
    "loserPrimerSaqueDentro" : 42,
    "loserPrimerSaqueGanado" : 30,
    "loserSegundoSaqueGanado" : 15,
    "loserDobleFalta" : 2,
    "loserServingPoints" : 74,
    "loserServingGames" : 11
  }, {
    "torneo" : "Izmir CH",
    "fecha" : "20110919",
    "superficie" : "Hard",
    "resultado" : "6-4 2-6 7-6(2)",
    "contrincante" : "Mohamed Safwat",
    "ganador" : true,
    "winnerAces" : 4,
    "winnerPrimerSaqueDentro" : 62,
    "winnerPrimerSaqueGanado" : 44,
    "winnerSegundoSaqueGanado" : 21,
    "winnerDobleFalta" : 2,
    "winnerServingPoints" : 115,
    "winnerServingGames" : 15,
    "loserAces" : 3,
    "loserPrimerSaqueDentro" : 58,
    "loserPrimerSaqueGanado" : 35,
    "loserSegundoSaqueGanado" : 21,
    "loserDobleFalta" : 7,
    "loserServingPoints" : 103,
    "loserServingGames" : 15
  }, {
    "torneo" : "Izmir CH",
    "fecha" : "20110919",
    "superficie" : "Hard",
    "resultado" : "3-6 6-4 6-2",
    "contrincante" : "Ruben Bemelmans",
    "ganador" : true,
    "winnerAces" : 5,
    "winnerPrimerSaqueDentro" : 68,
    "winnerPrimerSaqueGanado" : 45,
    "winnerSegundoSaqueGanado" : 19,
    "winnerDobleFalta" : 4,
    "winnerServingPoints" : 109,
    "winnerServingGames" : 14,
    "loserAces" : 2,
    "loserPrimerSaqueDentro" : 46,
    "loserPrimerSaqueGanado" : 35,
    "loserSegundoSaqueGanado" : 13,
    "loserDobleFalta" : 4,