{
  "nombre" : "Colin Fleming",
  "mano" : "R",
  "nacionalidad" : "GBR",
  "edad" : 26.8309377139,
  "ganar1Saque" : 0.6214022301137447,
  "ganar2Saque" : 0.4366270396858454,
  "primerSaque" : 0.6804307475686073,
  "segundoSaque" : 0.29739506263285875,
  "ganarPuntoSacando" : 0.5526719097916668,
  "ganarPuntoRestando" : 0.40238214839640074,
  "probAce" : 0.04122137278318405,
  "clay" : {
    "nombre" : "Clay",
    "probVictoria" : 0.0,
    "probGanarPrimerSaque" : 0.4736842215061188,
    "probGanarSegundoSaque" : 0.6086956262588501,
    "probPrimerSaque" : 0.59375,
    "probSegundoSaque" : 0.359375,
    "probGanarPuntoSacando" : 0.4999999972060323,
    "probGanarPuntoRestando" : 0.43181816262135087,
    "probAce" : 0.0
  },
  "grass" : {
    "nombre" : "Grass",
    "probVictoria" : 0.0,
    "probGanarPrimerSaque" : 0.6511628031730652,
    "probGanarSegundoSaque" : 0.27272728085517883,
    "probPrimerSaque" : 0.6615384817123413,
    "probSegundoSaque" : 0.3384615480899811,
    "probGanarPuntoSacando" : 0.5230769498432766,
    "probGanarPuntoRestando" : 0.39682539544165474,
    "probAce" : 0.0
  },
  "hard" : {
    "nombre" : "Hard",
    "probVictoria" : 0.3333333432674408,
    "probGanarPrimerSaque" : 0.641061802705129,
    "probGanarSegundoSaque" : 0.43526556839545566,
    "probPrimerSaque" : 0.6980262498060862,
    "probSegundoSaque" : 0.2802206588288148,
    "probGanarPuntoSacando" : 0.5694483703774634,
    "probGanarPuntoRestando" : 0.3984022715180333,
    "probAce" : 0.0
  },
  "other" : {
    "nombre" : "Other",
    "probVictoria" : 0.0,
    "probGanarPrimerSaque" : 0.0,
    "probGanarSegundoSaque" : 0.0,
    "probPrimerSaque" : 0.0,
    "probSegundoSaque" : 0.0,
    "probGanarPuntoSacando" : 0.0,
    "probGanarPuntoRestando" : 0.0,
    "probAce" : 0.0
  },
  "partidos" : [ {
    "torneo" : "Eastbourne",
    "fecha" : "20110612",
    "superficie" : "Grass",
    "resultado" : "6-3 6-4",
    "contrincante" : "Radek Stepanek",
    "ganador" : false,
    "winnerAces" : 3,
    "winnerPrimerSaqueDentro" : 44,
    "winnerPrimerSaqueGanado" : 26,
    "winnerSegundoSaqueGanado" : 12,
    "winnerDobleFalta" : 2,
    "winnerServingPoints" : 63,
    "winnerServingGames" : 9,
    "loserAces" : 3,
    "loserPrimerSaqueDentro" : 43,
    "loserPrimerSaqueGanado" : 28,
    "loserSegundoSaqueGanado" : 6,
    "loserDobleFalta" : 0,
    "loserServingPoints" : 65,
    "loserServingGames" : 10
  }, {
    "torneo" : "Guangzhou CH",
    "fecha" : "20110314",
    "superficie" : "Hard",
    "resultado" : "7-6(5) 4-6 7-6(4)",
    "contrincante" : "Cedrik Marcel Stebe",
    "ganador" : false,
    "winnerAces" : 3,
    "winnerPrimerSaqueDentro" : 76,
    "winnerPrimerSaqueGanado" : 47,
    "winnerSegundoSaqueGanado" : 23,
    "winnerDobleFalta" : 2,
    "winnerServingPoints" : 119,
    "winnerServingGames" : 17,
    "loserAces" : 2,
    "loserPrimerSaqueDentro" : 70,
    "loserPrimerSaqueGanado" : 47,
    "loserSegundoSaqueGanado" : 18,
    "loserDobleFalta" : 1,
    "loserServingPoints" : 105,
    "loserServingGames" : 17
  }, {
    "torneo" : "Pingguo CH",
    "fecha" : "20110321",
    "superficie" : "Hard",
    "resultado" : "6-2 5-7 6-3",
    "contrincante" : "Tatsuma Ito",
    "ganador" : true,
    "winnerAces" : 2,
    "winnerPrimerSaqueDentro" : 72,
    "winnerPrimerSaqueGanado" : 52,
    "winnerSegundoSaqueGanado" : 14,
    "winnerDobleFalta" : 3,
    "winnerServingPoints" : 106,
    "winnerServingGames" : 15,
    "loserAces" : 2,
    "loserPrimerSaqueDentro" : 59,
    "loserPrimerSaqueGanado" : 37,
    "loserSegundoSaqueGanado" : 17,
    "loserDobleFalta" : 5,
    "loserServingPoints" : 95,
    "loserServingGames" : 14
  }, {
    "torneo" : "Pingguo CH",
    "fecha" : "20110321",
    "superficie" : "Hard",
    "resultado" : "4-6 6-3 6-4",
    "contrincante" : "Arnau Brugues Davi",
    "ganador" : true,
    "winnerAces" : 3,
    "winnerPrimerSaqueDentro" : 88,
    "winnerPrimerSaqueGanado" : 56,
    "winnerSegundoSaqueGanado" : 3,
    "winnerDobleFalta" : 1,
    "winnerServingPoints" : 95,
    "winnerServingGames" : 15,
    "loserAces" : 1,
    "loserPrimerSaqueDentro" : 76,
    "loserPrimerSaqueGanado" : 47,
    "loserSegundoSaqueGanado" : 2,
    "loserDobleFalta" : 2,
    "loserServingPoints" : 84,
    "loserServingGames" : 14
  }, {
    "torneo" : "Pingguo CH",
    "fecha" : "20110321",
    "superficie" : "Hard",
    "resultado" : "6-4 6-1",
    "contrincante" : "Go Soeda",
    "ganador" : false,
    "winnerAces" : 3,
    "winnerPrimerSaqueDentro" : 28,
    "winnerPrimerSaqueGanado" : 21,
    "winnerSegundoSaqueGanado" : 8,
    "winnerDobleFalta" : 1,
    "winnerServingPoints" : 45,
    "winnerServingGames" : 8,
    "loserAces" : 2,
    "loserPrimerSaqueDentro" : 41,
    "loserPrimerSaqueGanado" : 21,
    "loserSegundoSaqueGanado" : 4,
    "loserDobleFalta" : 1,
    "loserServingPoints" : 59,
    "loserServingGames" : 9
  }, {
    "torneo" : "Winston-Salem Q",
    "fecha" : "20110821",
    "superficie" : "Hard",
    "resultado" : "6-3 2-6 7-5",
    "contrincante" : "Phillip Simmonds",
    "ganador" : false,
    "winnerAces" : 5,
    "winnerPrimerSaqueDentro" : 50,
    "winnerPrimerSaqueGanado" : 34,
    "winnerSegundoSaqueGanado" : 18,
    "winnerDobleFalta" : 9,
    "winnerServingPoints" : 87,
    "winnerServingGames" : 15,
    "loserAces" : 6,
    "loserPrimerSaqueDentro" : 63,
    "loserPrimerSaqueGanado" : 43,
    "loserSegundoSaqueGanado" : 13,
    "loserDobleFalta" : 2,
    "loserServingPoints" : 92,
    "loserServingGames" : 14
  }, {
    "torneo" : "Atlanta Q",
    "fecha" : "20110718",
    "superficie" : "Hard",
    "resultado" : "7-5 3-2 RET",
    "contrincante" : "Denis Kudla",
    "ganador" : false,
    "winnerAces" : 3,
    "winnerPrimerSaqueDentro" : 27,
    "winnerPrimerSaqueGanado" : 18,
    "winnerSegundoSaqueGanado" : 14,
    "winnerDobleFalta" : 0,
    "winnerServingPoints" : 51,
    "winnerServingGames" : 8,
    "loserAces" : 9,
    "loserPrimerSaqueDentro" : 37,
    "loserPrimerSaqueGanado" : 23,
    "loserSegundoSaqueGanado" : 12,
    "loserDobleFalta" : 3,
    "loserServingPoints" : 69,
    "loserServingGames" : 9
  }, {
    "torneo" : "Casablanca Q",
    "fecha" : "20110404",
    "superficie" : "Clay",
    "resultado" : "6-4 6-3",
    "contrincante" : "Mehdi Ziadi",
    "ganador" : false,
    "winnerAces" : 3,
    "winnerPrimerSaqueDentro" : 38,
    "winnerPrimerSaqueGanado" : 23,
    "winnerSegundoSaqueGanado" : 27,
    "winnerDobleFalta" : 2,
    "winnerServingPoints" : 88,
    "winnerServingGames" : 9,
    "loserAces" : 0,
    "loserPrimerSaqueDentro" : 38,
    "loserPrimerSaqueGanado" : 18,
    "loserSegundoSaqueGanado" : 14,
    "loserDobleFalta" : 3,
    "loserServingPoints" : 64,
    "loserServingGames" : 10
  } ]
}