{
  "nombre" : "Daniel Yoo",
  "mano" : "U",
  "nacionalidad" : "KOR",
  "edad" : 25.9247091034,
  "ganar1Saque" : 0.5877959946791331,
  "ganar2Saque" : 0.5454946060975393,
  "primerSaque" : 0.6160526196161906,
  "segundoSaque" : 0.3362096836169561,
  "ganarPuntoSacando" : 0.5455138312527942,
  "ganarPuntoRestando" : 0.3464009495708267,
  "probAce" : 0.04192228987812996,
  "clay" : {
    "nombre" : "Clay",
    "probVictoria" : 0.5,
    "probGanarPrimerSaque" : 0.6106346547603607,
    "probGanarSegundoSaque" : 0.5847578346729279,
    "probPrimerSaque" : 0.6206469833850861,
    "probSegundoSaque" : 0.3415580093860626,
    "probGanarPuntoSacando" : 0.5787172784112009,
    "probGanarPuntoRestando" : 0.37121213049440627,
    "probAce" : 0.0
  },
  "grass" : {
    "nombre" : "Grass",
    "probVictoria" : 0.0,
    "probGanarPrimerSaque" : 0.0,
    "probGanarSegundoSaque" : 0.0,
    "probPrimerSaque" : 0.0,
    "probSegundoSaque" : 0.0,
    "probGanarPuntoSacando" : 0.0,
    "probGanarPuntoRestando" : 0.0,
    "probAce" : 0.0
  },
  "hard" : {
    "nombre" : "Hard",
    "probVictoria" : 0.1538461595773697,
    "probGanarPrimerSaque" : 0.5762595857183138,
    "probGanarSegundoSaque" : 0.5375336185097694,
    "probPrimerSaque" : 0.6094817519187927,
    "probSegundoSaque" : 0.33793894325693447,
    "probGanarPuntoSacando" : 0.5328732448678632,
    "probGanarPuntoRestando" : 0.3454914742153521,
    "probAce" : 0.0
  },
  "other" : {
    "nombre" : "Other",
    "probVictoria" : 0.0,
    "probGanarPrimerSaque" : 0.6805555820465088,
    "probGanarSegundoSaque" : 0.5625,
    "probPrimerSaque" : 0.6857143044471741,
    "probSegundoSaque" : 0.3047619163990021,
    "probGanarPuntoSacando" : 0.6380952755551021,
    "probGanarPuntoRestando" : 0.30769229198936277,
    "probAce" : 0.0
  },
  "partidos" : [ {
    "torneo" : "Shanghai CH",
    "fecha" : "20110905",
    "superficie" : "Hard",
    "resultado" : "6-1 7-6(1)",
    "contrincante" : "Rik De Voest",
    "ganador" : false,
    "winnerAces" : 5,
    "winnerPrimerSaqueDentro" : 29,
    "winnerPrimerSaqueGanado" : 25,
    "winnerSegundoSaqueGanado" : 15,
    "winnerDobleFalta" : 3,
    "winnerServingPoints" : 51,
    "winnerServingGames" : 10,
    "loserAces" : 2,
    "loserPrimerSaqueDentro" : 33,
    "loserPrimerSaqueGanado" : 21,
    "loserSegundoSaqueGanado" : 16,
    "loserDobleFalta" : 4,
    "loserServingPoints" : 65,
    "loserServingGames" : 9
  }, {
    "torneo" : "Leon CH",
    "fecha" : "20110425",
    "superficie" : "Hard",
    "resultado" : "6-3 4-6 6-2",
    "contrincante" : "Kevin Kim",
    "ganador" : true,
    "winnerAces" : 3,
    "winnerPrimerSaqueDentro" : 64,
    "winnerPrimerSaqueGanado" : 41,
    "winnerSegundoSaqueGanado" : 14,
    "winnerDobleFalta" : 4,
    "winnerServingPoints" : 95,
    "winnerServingGames" : 13,
    "loserAces" : 1,
    "loserPrimerSaqueDentro" : 47,
    "loserPrimerSaqueGanado" : 30,
    "loserSegundoSaqueGanado" : 17,
    "loserDobleFalta" : 6,
    "loserServingPoints" : 88,
    "loserServingGames" : 14
  }, {
    "torneo" : "Leon CH",
    "fecha" : "20110425",
    "superficie" : "Hard",
    "resultado" : "6-2 6-3",
    "contrincante" : "Tatsuma Ito",
    "ganador" : false,
    "winnerAces" : 1,
    "winnerPrimerSaqueDentro" : 28,
    "winnerPrimerSaqueGanado" : 23,
    "winnerSegundoSaqueGanado" : 13,
    "winnerDobleFalta" : 2,
    "winnerServingPoints" : 51,
    "winnerServingGames" : 8,
    "loserAces" : 4,
    "loserPrimerSaqueDentro" : 36,
    "loserPrimerSaqueGanado" : 19,
    "loserSegundoSaqueGanado" : 11,
    "loserDobleFalta" : 3,
    "loserServingPoints" : 61,
    "loserServingGames" : 9
  }, {
    "torneo" : "Honolulu CH",
    "fecha" : "20110124",
    "superficie" : "Hard",
    "resultado" : "6-3 6-2",
    "contrincante" : "Jesse Witten",
    "ganador" : false,
    "winnerAces" : 1,
    "winnerPrimerSaqueDentro" : 21,
    "winnerPrimerSaqueGanado" : 16,
    "winnerSegundoSaqueGanado" : 16,
    "winnerDobleFalta" : 1,
    "winnerServingPoints" : 46,
    "winnerServingGames" : 9,
    "loserAces" : 1,
    "loserPrimerSaqueDentro" : 22,
    "loserPrimerSaqueGanado" : 12,
    "loserSegundoSaqueGanado" : 7,
    "loserDobleFalta" : 1,
    "loserServingPoints" : 43,
    "loserServingGames" : 8
  }, {
    "torneo" : "Tallahassee CH",
    "fecha" : "20110411",
    "superficie" : "Hard",
    "resultado" : "6-3 6-4",
    "contrincante" : "Go Soeda",
    "ganador" : false,
    "winnerAces" : 2,
    "winnerPrimerSaqueDentro" : 27,
    "winnerPrimerSaqueGanado" : 21,
    "winnerSegundoSaqueGanado" : 18,
    "winnerDobleFalta" : 6,
    "winnerServingPoints" : 63,
    "winnerServingGames" : 10,
    "loserAces" : 2,
    "loserPrimerSaqueDentro" : 37,
    "loserPrimerSaqueGanado" : 22,
    "loserSegundoSaqueGanado" : 9,
    "loserDobleFalta" : 2,
    "loserServingPoints" : 57,
    "loserServingGames" : 9
  }, {
    "torneo" : "Lexington CH",
    "fecha" : "20110718",
    "superficie" : "Hard",
    "resultado" : "6-3 4-6 4-0 RET",
    "contrincante" : "Blake Strode",
    "ganador" : false,
    "winnerAces" : 6,
    "winnerPrimerSaqueDentro" : 46,
    "winnerPrimerSaqueGanado" : 31,
    "winnerSegundoSaqueGanado" : 13,
    "winnerDobleFalta" : 8,
    "winnerServingPoints" : 76,
    "winnerServingGames" : 12,
    "loserAces" : 3,
    "loserPrimerSaqueDentro" : 47,
    "loserPrimerSaqueGanado" : 21,
    "loserSegundoSaqueGanado" : 11,
    "loserDobleFalta" : 2,
    "loserServingPoints" : 64,
    "loserServingGames" : 11
  }, {
    "torneo" : "Ningbo CH",
    "fecha" : "20110912",
    "superficie" : "Hard",
    "resultado" : "6-2 6-4",
    "contrincante" : "Riccardo Ghedin",
    "ganador" : false,
    "winnerAces" : 7,
    "winnerPrimerSaqueDentro" : 27,
    "winnerPrimerSaqueGanado" : 23,
    "winnerSegundoSaqueGanado" : 15,
    "winnerDobleFalta" : 1,
    "winnerServingPoints" : 48,
    "winnerServingGames" : 9,
    "loserAces" : 6,
    "loserPrimerSaqueDentro" : 36,
    "loserPrimerSaqueGanado" : 20,
    "loserSegundoSaqueGanado" : 16,
    "loserDobleFalta" : 4,
    "loserServingPoints" : 62,
    "loserServingGames" : 9
  }, {
    "torneo" : "Caloundra CH",
    "fecha" : "20110207",
    "superficie" : "Hard",
    "resultado" : "7-6(3) 6-2",
    "contrincante" : "Carsten Ball",
    "ganador" : false,
    "winnerAces" : 7,
    "winnerPrimerSaqueDentro" : 47,
    "winnerPrimerSaqueGanado" : 31,
    "winnerSegundoSaqueGanado" : 15,
    "winnerDobleFalta" : 1,
    "winnerServingPoints" : 72,
    "winnerServingGames" : 10,
    "loserAces" : 1,
    "loserPrimerSaqueDentro" : 41,
    "loserPrimerSaqueGanado" : 23,
    "loserSegundoSaqueGanado" : 13,
    "loserDobleFalta" : 7,
    "loserServingPoints" : 69,
    "loserServingGames" : 10
  }, {
    "torneo" : "Busan CH",
    "fecha" : "20110509",
    "superficie" : "Hard",
    "resultado" : "6-1 7-6(6)",
    "contrincante" : "Toshihide Matsui",
    "ganador" : false,
    "winnerAces" : 0,
    "winnerPrimerSaqueDentro" : 0,
    "winnerPrimerSaqueGanado" : 0,
    "winnerSegundoSaqueGanado" : 0,
    "winnerDobleFalta" : 0,
    "winnerServingPoints" : 0,
    "winnerServingGames" : 0,
    "loserAces" : 0,
    "loserPrimerSaqueDentro" : 0,
    "loserPrimerSaqueGanado" : 0,
    "loserSegundoSaqueGanado" : 0,
    "loserDobleFalta" : 0,
    "loserServingPoints" : 0,
    "loserServingGames" : 0
  }, {
    "torneo" : "Aptos CH",
    "fecha" : "20110711",
    "superficie" : "Hard",
    "resultado" : "6-2 6-3",
    "contrincante" : "Laurynas Grigelis",
    "ganador" : false,
    "winnerAces" : 4,
    "winnerPrimerSaqueDentro" : 41,
    "winnerPrimerSaqueGanado" : 29,
    "winnerSegundoSaqueGanado" : 14,
    "winnerDobleFalta" : 2,
    "winnerServingPoints" : 64,
    "winnerServingGames" : 9,
    "loserAces" : 3,
    "loserPrimerSaqueDentro" : 30,
    "loserPrimerSaqueGanado" : 20,
    "loserSegundoSaqueGanado" : 12,
    "loserDobleFalta" : 4,
    "loserServingPoints" : 60,
    "loserServingGames" : 8
  }, {
    "torneo" : "Toyota CH",