{
  "nombre" : "David Thurner",
  "mano" : "U",
  "nacionalidad" : "GER",
  "edad" : 21.4154688569,
  "ganar1Saque" : 0.7024703025817871,
  "ganar2Saque" : 0.4997638016939163,
  "primerSaque" : 0.48799004405736923,
  "segundoSaque" : 0.42421094328165054,
  "ganarPuntoSacando" : 0.5548037876404798,
  "ganarPuntoRestando" : 0.2532022103040962,
  "probAce" : 0.08239700645208359,
  "clay" : {
    "nombre" : "Clay",
    "probVictoria" : 0.0,
    "probGanarPrimerSaque" : 0.6666666865348816,
    "probGanarSegundoSaque" : 0.3870967626571655,
    "probPrimerSaque" : 0.2884615361690521,
    "probSegundoSaque" : 0.5961538553237915,
    "probGanarPuntoSacando" : 0.4230769239520118,
    "probGanarPuntoRestando" : 0.24242423429633675,
    "probAce" : 0.0
  },
  "grass" : {
    "nombre" : "Grass",
    "probVictoria" : 0.5,
    "probGanarPrimerSaque" : 1.4509068131446838,
    "probGanarSegundoSaque" : 0.6329022943973541,
    "probPrimerSaque" : 0.5571014285087585,
    "probSegundoSaque" : 0.3672463744878769,
    "probGanarPuntoSacando" : 1.040733331258481,
    "probGanarPuntoRestando" : 0.2451923016847028,
    "probAce" : 0.0
  },
  "hard" : {
    "nombre" : "Hard",
    "probVictoria" : 0.0,
    "probGanarPrimerSaque" : 0.692307710647583,
    "probGanarSegundoSaque" : 0.3461538553237915,
    "probPrimerSaque" : 0.5492957830429077,
    "probSegundoSaque" : 0.3661971688270569,
    "probGanarPuntoSacando" : 0.50704226782495,
    "probGanarPuntoRestando" : 0.28000000355064236,
    "probAce" : 0.0
  },
  "other" : {
    "nombre" : "Other",
    "probVictoria" : 0.0,
    "probGanarPrimerSaque" : 0.0,
    "probGanarSegundoSaque" : 0.0,
    "probPrimerSaque" : 0.0,
    "probSegundoSaque" : 0.0,
    "probGanarPuntoSacando" : 0.0,
    "probGanarPuntoRestando" : 0.0,
    "probAce" : 0.0
  },
  "partidos" : [ {
    "torneo" : "s-Hertogenbosch Q",
    "fecha" : "20110612",
    "superficie" : "Grass",
    "resultado" : "6-4 1-6 6-4",
    "contrincante" : "Michael Lux",
    "ganador" : true,
    "winnerAces" : 7,
    "winnerPrimerSaqueDentro" : 39,
    "winnerPrimerSaqueGanado" : 29,
    "winnerSegundoSaqueGanado" : 21,
    "winnerDobleFalta" : 7,
    "winnerServingPoints" : 75,
    "winnerServingGames" : 13,
    "loserAces" : 3,
    "loserPrimerSaqueDentro" : 52,
    "loserPrimerSaqueGanado" : 37,
    "loserSegundoSaqueGanado" : 13,
    "loserDobleFalta" : 6,
    "loserServingPoints" : 80,
    "loserServingGames" : 14
  }, {
    "torneo" : "s-Hertogenbosch Q",
    "fecha" : "20110612",
    "superficie" : "Grass",
    "resultado" : "7-6(6) 6-1",
    "contrincante" : "Ludovic Walter",
    "ganador" : false,
    "winnerAces" : 7,
    "winnerPrimerSaqueDentro" : 36,
    "winnerPrimerSaqueGanado" : 33,
    "winnerSegundoSaqueGanado" : 13,
    "winnerDobleFalta" : 2,
    "winnerServingPoints" : 52,
    "winnerServingGames" : 10,
    "loserAces" : 6,
    "loserPrimerSaqueDentro" : 41,
    "loserPrimerSaqueGanado" : 29,
    "loserSegundoSaqueGanado" : 13,
    "loserDobleFalta" : 4,
    "loserServingPoints" : 69,
    "loserServingGames" : 9
  }, {
    "torneo" : "Stuttgart Q",
    "fecha" : "20110711",
    "superficie" : "Clay",
    "resultado" : "6-0 6-3",
    "contrincante" : "Federico Delbonis",
    "ganador" : false,
    "winnerAces" : 2,
    "winnerPrimerSaqueDentro" : 22,
    "winnerPrimerSaqueGanado" : 17,
    "winnerSegundoSaqueGanado" : 8,
    "winnerDobleFalta" : 0,
    "winnerServingPoints" : 33,
    "winnerServingGames" : 7,
    "loserAces" : 2,
    "loserPrimerSaqueDentro" : 15,
    "loserPrimerSaqueGanado" : 10,
    "loserSegundoSaqueGanado" : 12,
    "loserDobleFalta" : 6,
    "loserServingPoints" : 52,
    "loserServingGames" : 8
  }, {
    "torneo" : "Johannesburg Q",
    "fecha" : "20110131",
    "superficie" : "Hard",
    "resultado" : "6-2 6-4",
    "contrincante" : "Stefano Galvani",
    "ganador" : false,
    "winnerAces" : 2,
    "winnerPrimerSaqueDentro" : 31,
    "winnerPrimerSaqueGanado" : 26,
    "winnerSegundoSaqueGanado" : 10,
    "winnerDobleFalta" : 1,
    "winnerServingPoints" : 50,
    "winnerServingGames" : 9,
    "loserAces" : 7,
    "loserPrimerSaqueDentro" : 39,
    "loserPrimerSaqueGanado" : 27,
    "loserSegundoSaqueGanado" : 9,
    "loserDobleFalta" : 6,
    "loserServingPoints" : 71,
    "loserServingGames" : 9
  } ]
}