{
  "nombre" : "Denis Matsukevitch",
  "mano" : "R",
  "nacionalidad" : "RUS",
  "edad" : 25.28678987,
  "ganar1Saque" : 0.6711213269404003,
  "ganar2Saque" : 0.5412233019513744,
  "primerSaque" : 0.6457280388900212,
  "segundoSaque" : 0.31515592549528393,
  "ganarPuntoSacando" : 0.6039315889285923,
  "ganarPuntoRestando" : 0.3585532043858313,
  "probAce" : 0.05387803539633751,
  "clay" : {
    "nombre" : "Clay",
    "probVictoria" : 0.3333333432674408,
    "probGanarPrimerSaque" : 0.6814472079277039,
    "probGanarSegundoSaque" : 0.5661835769812266,
    "probPrimerSaque" : 0.6608248154322306,
    "probSegundoSaque" : 0.2904137869675954,
    "probGanarPuntoSacando" : 0.6147447421156109,
    "probGanarPuntoRestando" : 0.31375065796605894,
    "probAce" : 0.0
  },
  "grass" : {
    "nombre" : "Grass",
    "probVictoria" : 0.5,
    "probGanarPrimerSaque" : 1.2153829038143158,
    "probGanarSegundoSaque" : 0.5742047801613808,
    "probPrimerSaque" : 0.6679505556821823,
    "probSegundoSaque" : 0.29075587168335915,
    "probGanarPuntoSacando" : 0.9787690973499704,
    "probGanarPuntoRestando" : 0.44655111174750706,
    "probAce" : 0.0
  },
  "hard" : {
    "nombre" : "Hard",
    "probVictoria" : 0.2857142984867096,
    "probGanarPrimerSaque" : 0.681728082043784,
    "probGanarSegundoSaque" : 0.5313753620499656,
    "probPrimerSaque" : 0.6393384961854844,
    "probSegundoSaque" : 0.32333814601103467,
    "probGanarPuntoSacando" : 0.6076689311824656,
    "probGanarPuntoRestando" : 0.3481920619959558,
    "probAce" : 0.0
  },
  "other" : {
    "nombre" : "Other",
    "probVictoria" : 0.0,
    "probGanarPrimerSaque" : 0.0,
    "probGanarSegundoSaque" : 0.0,
    "probPrimerSaque" : 0.0,
    "probSegundoSaque" : 0.0,
    "probGanarPuntoSacando" : 0.0,
    "probGanarPuntoRestando" : 0.0,
    "probAce" : 0.0
  },
  "partidos" : [ {
    "torneo" : "Bogota2 CH",
    "fecha" : "20110711",
    "superficie" : "Clay",
    "resultado" : "6-4 6-4",
    "contrincante" : "Andre Begemann",
    "ganador" : true,
    "winnerAces" : 1,
    "winnerPrimerSaqueDentro" : 39,
    "winnerPrimerSaqueGanado" : 29,
    "winnerSegundoSaqueGanado" : 11,
    "winnerDobleFalta" : 5,
    "winnerServingPoints" : 59,
    "winnerServingGames" : 10,
    "loserAces" : 1,
    "loserPrimerSaqueDentro" : 42,
    "loserPrimerSaqueGanado" : 27,
    "loserSegundoSaqueGanado" : 13,
    "loserDobleFalta" : 6,
    "loserServingPoints" : 67,
    "loserServingGames" : 10
  }, {
    "torneo" : "Bogota2 CH",
    "fecha" : "20110711",
    "superficie" : "Clay",
    "resultado" : "6-3 6-4",
    "contrincante" : "Feliciano Lopez",
    "ganador" : false,
    "winnerAces" : 5,
    "winnerPrimerSaqueDentro" : 27,
    "winnerPrimerSaqueGanado" : 22,
    "winnerSegundoSaqueGanado" : 18,
    "winnerDobleFalta" : 1,
    "winnerServingPoints" : 51,
    "winnerServingGames" : 10,
    "loserAces" : 3,
    "loserPrimerSaqueDentro" : 38,
    "loserPrimerSaqueGanado" : 25,
    "loserSegundoSaqueGanado" : 13,
    "loserDobleFalta" : 4,
    "loserServingPoints" : 65,
    "loserServingGames" : 9
  }, {
    "torneo" : "Marburg CH",
    "fecha" : "20110620",
    "superficie" : "Clay",
    "resultado" : "6-2 6-3",
    "contrincante" : "Artem Smirnov",
    "ganador" : false,
    "winnerAces" : 1,
    "winnerPrimerSaqueDentro" : 29,
    "winnerPrimerSaqueGanado" : 23,
    "winnerSegundoSaqueGanado" : 19,
    "winnerDobleFalta" : 3,
    "winnerServingPoints" : 62,
    "winnerServingGames" : 9,
    "loserAces" : 1,
    "loserPrimerSaqueDentro" : 28,
    "loserPrimerSaqueGanado" : 18,
    "loserSegundoSaqueGanado" : 4,
    "loserDobleFalta" : 0,
    "loserServingPoints" : 38,
    "loserServingGames" : 8
  }, {
    "torneo" : "Astana CH",
    "fecha" : "20110725",
    "superficie" : "Hard",
    "resultado" : "6-3 6-2",
    "contrincante" : "Marco Chiudinelli",
    "ganador" : false,
    "winnerAces" : 5,
    "winnerPrimerSaqueDentro" : 28,
    "winnerPrimerSaqueGanado" : 21,
    "winnerSegundoSaqueGanado" : 13,
    "winnerDobleFalta" : 1,
    "winnerServingPoints" : 49,
    "winnerServingGames" : 9,
    "loserAces" : 5,
    "loserPrimerSaqueDentro" : 28,
    "loserPrimerSaqueGanado" : 15,
    "loserSegundoSaqueGanado" : 8,
    "loserDobleFalta" : 0,
    "loserServingPoints" : 45,
    "loserServingGames" : 8
  }, {
    "torneo" : "Kazan CH",
    "fecha" : "20110131",
    "superficie" : "Hard",
    "resultado" : "6-2 6-3",
    "contrincante" : "Roberto Bautista Agut",
    "ganador" : false,
    "winnerAces" : 0,
    "winnerPrimerSaqueDentro" : 32,
    "winnerPrimerSaqueGanado" : 25,
    "winnerSegundoSaqueGanado" : 10,
    "winnerDobleFalta" : 1,
    "winnerServingPoints" : 48,
    "winnerServingGames" : 9,
    "loserAces" : 2,
    "loserPrimerSaqueDentro" : 55,
    "loserPrimerSaqueGanado" : 30,
    "loserSegundoSaqueGanado" : 7,
    "loserDobleFalta" : 2,
    "loserServingPoints" : 71,
    "loserServingGames" : 8
  }, {
    "torneo" : "Beijing CH",
    "fecha" : "20110801",
    "superficie" : "Hard",
    "resultado" : "6-2 6-4",
    "contrincante" : "Farrukh Dustov",
    "ganador" : false,
    "winnerAces" : 8,
    "winnerPrimerSaqueDentro" : 40,
    "winnerPrimerSaqueGanado" : 30,
    "winnerSegundoSaqueGanado" : 7,
    "winnerDobleFalta" : 1,
    "winnerServingPoints" : 55,
    "winnerServingGames" : 9,
    "loserAces" : 2,
    "loserPrimerSaqueDentro" : 38,
    "loserPrimerSaqueGanado" : 22,
    "loserSegundoSaqueGanado" : 10,
    "loserDobleFalta" : 2,
    "loserServingPoints" : 61,
    "loserServingGames" : 9
  }, {
    "torneo" : "Knoxville CH",
    "fecha" : "20111107",
    "superficie" : "Hard",
    "resultado" : "6-2 6-2",
    "contrincante" : "Brian Baker",
    "ganador" : false,
    "winnerAces" : 8,
    "winnerPrimerSaqueDentro" : 32,
    "winnerPrimerSaqueGanado" : 25,
    "winnerSegundoSaqueGanado" : 8,
    "winnerDobleFalta" : 2,
    "winnerServingPoints" : 47,
    "winnerServingGames" : 8,
    "loserAces" : 4,
    "loserPrimerSaqueDentro" : 35,
    "loserPrimerSaqueGanado" : 24,
    "loserSegundoSaqueGanado" : 3,
    "loserDobleFalta" : 3,
    "loserServingPoints" : 60,
    "loserServingGames" : 8
  }, {
    "torneo" : "St. Remy CH",
    "fecha" : "20110905",
    "superficie" : "Hard",
    "resultado" : "7-6(2) 6-2",
    "contrincante" : "David Rice",
    "ganador" : true,
    "winnerAces" : 4,
    "winnerPrimerSaqueDentro" : 45,
    "winnerPrimerSaqueGanado" : 37,
    "winnerSegundoSaqueGanado" : 15,
    "winnerDobleFalta" : 1,
    "winnerServingPoints" : 73,
    "winnerServingGames" : 10,
    "loserAces" : 4,
    "loserPrimerSaqueDentro" : 38,
    "loserPrimerSaqueGanado" : 26,
    "loserSegundoSaqueGanado" : 14,
    "loserDobleFalta" : 8,
    "loserServingPoints" : 68,
    "loserServingGames" : 10
  }, {
    "torneo" : "St. Remy CH",
    "fecha" : "20110905",
    "superficie" : "Hard",
    "resultado" : "6-4 6-4",
    "contrincante" : "Edouard Roger Vasselin",
    "ganador" : false,
    "winnerAces" : 3,
    "winnerPrimerSaqueDentro" : 42,
    "winnerPrimerSaqueGanado" : 27,
    "winnerSegundoSaqueGanado" : 13,
    "winnerDobleFalta" : 0,
    "winnerServingPoints" : 61,
    "winnerServingGames" : 10,
    "loserAces" : 3,
    "loserPrimerSaqueDentro" : 51,
    "loserPrimerSaqueGanado" : 27,
    "loserSegundoSaqueGanado" : 14,
    "loserDobleFalta" : 4,
    "loserServingPoints" : 75,
    "loserServingGames" : 10
  }, {
    "torneo" : "Penza CH",
    "fecha" : "20110717",
    "superficie" : "Hard",
    "resultado" : "6-3 6-4",
    "contrincante" : "Arnau Brugues Davi",
    "ganador" : false,
    "winnerAces" : 1,
    "winnerPrimerSaqueDentro" : 31,
    "winnerPrimerSaqueGanado" : 22,
    "winnerSegundoSaqueGanado" : 18,
    "winnerDobleFalta" : 2,
    "winnerServingPoints" : 58,
    "winnerServingGames" : 10,
    "loserAces" : 10,
    "loserPrimerSaqueDentro" : 29,
    "loserPrimerSaqueGanado" : 23,
    "loserSegundoSaqueGanado" : 7,
    "loserDobleFalta" : 3,
    "loserServingPoints" : 50,