{
  "nombre" : "Dieter Kindlmann",
  "mano" : "R",
  "nacionalidad" : "GER",
  "edad" : 29.0266940452,
  "ganar1Saque" : 0.6866768458310295,
  "ganar2Saque" : 0.523914552786771,
  "primerSaque" : 0.6253771764390609,
  "segundoSaque" : 0.33823003882870956,
  "ganarPuntoSacando" : 0.6066356665038851,
  "ganarPuntoRestando" : 0.32676894317832617,
  "probAce" : 0.05157342553138733,
  "clay" : {
    "nombre" : "Clay",
    "probVictoria" : 0.0,
    "probGanarPrimerSaque" : 0.6533654034137726,
    "probGanarSegundoSaque" : 0.49915942549705505,
    "probPrimerSaque" : 0.5539884194731712,
    "probSegundoSaque" : 0.40999872237443924,
    "probGanarPuntoSacando" : 0.5666115938905985,
    "probGanarPuntoRestando" : 0.31810896556010426,
    "probAce" : 0.0
  },
  "grass" : {
    "nombre" : "Grass",
    "probVictoria" : 0.5,
    "probGanarPrimerSaque" : 1.3815789222717285,
    "probGanarSegundoSaque" : 0.5200501382350922,
    "probPrimerSaque" : 0.627880185842514,
    "probSegundoSaque" : 0.3389976918697357,
    "probGanarPuntoSacando" : 1.0437618269903064,
    "probGanarPuntoRestando" : 0.39646277228227855,
    "probAce" : 0.0
  },
  "hard" : {
    "nombre" : "Hard",
    "probVictoria" : 0.25,
    "probGanarPrimerSaque" : 0.6941219493746758,
    "probGanarSegundoSaque" : 0.5481201149523258,
    "probPrimerSaque" : 0.6296423599123955,
    "probSegundoSaque" : 0.33232591673731804,
    "probGanarPuntoSacando" : 0.619203101954959,
    "probGanarPuntoRestando" : 0.27958503960651315,
    "probAce" : 0.0
  },
  "other" : {
    "nombre" : "Other",
    "probVictoria" : 0.6666666865348816,
    "probGanarPrimerSaque" : 0.7084967494010925,
    "probGanarSegundoSaque" : 0.4949494997660319,
    "probPrimerSaque" : 0.7075196901957194,
    "probSegundoSaque" : 0.2577710176507632,
    "probGanarPuntoSacando" : 0.6288590368813615,
    "probGanarPuntoRestando" : 0.41767677012482185,
    "probAce" : 0.0
  },
  "partidos" : [ {
    "torneo" : "Milan CH",
    "fecha" : "20110613",
    "superficie" : "Clay",
    "resultado" : "6-2 2-1 RET",
    "contrincante" : "Jan Mertl",
    "ganador" : false,
    "winnerAces" : 2,
    "winnerPrimerSaqueDentro" : 14,
    "winnerPrimerSaqueGanado" : 10,
    "winnerSegundoSaqueGanado" : 10,
    "winnerDobleFalta" : 0,
    "winnerServingPoints" : 26,
    "winnerServingGames" : 5,
    "loserAces" : 0,
    "loserPrimerSaqueDentro" : 25,
    "loserPrimerSaqueGanado" : 15,
    "loserSegundoSaqueGanado" : 8,
    "loserDobleFalta" : 3,
    "loserServingPoints" : 45,
    "loserServingGames" : 6
  }, {
    "torneo" : "Furth CH",
    "fecha" : "20110530",
    "superficie" : "Clay",
    "resultado" : "6-3 6-2",
    "contrincante" : "Cedrik Marcel Stebe",
    "ganador" : false,
    "winnerAces" : 4,
    "winnerPrimerSaqueDentro" : 38,
    "winnerPrimerSaqueGanado" : 28,
    "winnerSegundoSaqueGanado" : 11,
    "winnerDobleFalta" : 4,
    "winnerServingPoints" : 60,
    "winnerServingGames" : 9,
    "loserAces" : 0,
    "loserPrimerSaqueDentro" : 26,
    "loserPrimerSaqueGanado" : 14,
    "loserSegundoSaqueGanado" : 12,
    "loserDobleFalta" : 0,
    "loserServingPoints" : 49,
    "loserServingGames" : 8
  }, {
    "torneo" : "Courmayeur CH",
    "fecha" : "20110131",
    "superficie" : "Hard",
    "resultado" : "7-6(4) 7-6(4)",
    "contrincante" : "Nicolas Mahut",
    "ganador" : false,
    "winnerAces" : 22,
    "winnerPrimerSaqueDentro" : 48,
    "winnerPrimerSaqueGanado" : 46,
    "winnerSegundoSaqueGanado" : 13,
    "winnerDobleFalta" : 2,
    "winnerServingPoints" : 67,
    "winnerServingGames" : 12,
    "loserAces" : 10,
    "loserPrimerSaqueDentro" : 60,
    "loserPrimerSaqueGanado" : 46,
    "loserSegundoSaqueGanado" : 22,
    "loserDobleFalta" : 6,
    "loserServingPoints" : 100,
    "loserServingGames" : 12
  }, {
    "torneo" : "Wolfsburg CH",
    "fecha" : "20110221",
    "superficie" : "Carpet",
    "resultado" : "4-1 RET",
    "contrincante" : "Alexander Kudryavtsev",
    "ganador" : true,
    "winnerAces" : 4,
    "winnerPrimerSaqueDentro" : 15,
    "winnerPrimerSaqueGanado" : 12,
    "winnerSegundoSaqueGanado" : 1,
    "winnerDobleFalta" : 1,
    "winnerServingPoints" : 18,
    "winnerServingGames" : 3,
    "loserAces" : 2,
    "loserPrimerSaqueDentro" : 4,
    "loserPrimerSaqueGanado" : 3,
    "loserSegundoSaqueGanado" : 2,
    "loserDobleFalta" : 2,
    "loserServingPoints" : 11,
    "loserServingGames" : 2
  }, {
    "torneo" : "Wolfsburg CH",
    "fecha" : "20110221",
    "superficie" : "Carpet",
    "resultado" : "1-6 6-2 7-5",
    "contrincante" : "Farrukh Dustov",
    "ganador" : true,
    "winnerAces" : 2,
    "winnerPrimerSaqueDentro" : 51,
    "winnerPrimerSaqueGanado" : 37,
    "winnerSegundoSaqueGanado" : 16,
    "winnerDobleFalta" : 2,
    "winnerServingPoints" : 86,
    "winnerServingGames" : 14,
    "loserAces" : 7,
    "loserPrimerSaqueDentro" : 67,
    "loserPrimerSaqueGanado" : 46,
    "loserSegundoSaqueGanado" : 11,
    "loserDobleFalta" : 3,
    "loserServingPoints" : 99,
    "loserServingGames" : 13
  }, {
    "torneo" : "Wolfsburg CH",
    "fecha" : "20110221",
    "superficie" : "Carpet",
    "resultado" : "7-5 6-4",
    "contrincante" : "Dominik Meffert",
    "ganador" : false,
    "winnerAces" : 8,
    "winnerPrimerSaqueDentro" : 38,
    "winnerPrimerSaqueGanado" : 31,
    "winnerSegundoSaqueGanado" : 12,
    "winnerDobleFalta" : 5,
    "winnerServingPoints" : 60,
    "winnerServingGames" : 11,
    "loserAces" : 7,
    "loserPrimerSaqueDentro" : 55,
    "loserPrimerSaqueGanado" : 33,
    "loserSegundoSaqueGanado" : 11,
    "loserDobleFalta" : 2,
    "loserServingPoints" : 79,
    "loserServingGames" : 11
  }, {
    "torneo" : "Sarajevo CH",
    "fecha" : "20110307",
    "superficie" : "Hard",
    "resultado" : "6-3 6-4",
    "contrincante" : "Edouard Roger Vasselin",
    "ganador" : false,
    "winnerAces" : 10,
    "winnerPrimerSaqueDentro" : 38,
    "winnerPrimerSaqueGanado" : 33,
    "winnerSegundoSaqueGanado" : 7,
    "winnerDobleFalta" : 1,
    "winnerServingPoints" : 50,
    "winnerServingGames" : 10,
    "loserAces" : 2,
    "loserPrimerSaqueDentro" : 45,
    "loserPrimerSaqueGanado" : 26,
    "loserSegundoSaqueGanado" : 13,
    "loserDobleFalta" : 0,
    "loserServingPoints" : 64,
    "loserServingGames" : 9
  }, {
    "torneo" : "Oberstaufen CH",
    "fecha" : "20110704",
    "superficie" : "Clay",
    "resultado" : "6-4 7-6(5)",
    "contrincante" : "Borut Puc",
    "ganador" : false,
    "winnerAces" : 5,
    "winnerPrimerSaqueDentro" : 31,
    "winnerPrimerSaqueGanado" : 23,
    "winnerSegundoSaqueGanado" : 28,
    "winnerDobleFalta" : 5,
    "winnerServingPoints" : 72,
    "winnerServingGames" : 11,
    "loserAces" : 3,
    "loserPrimerSaqueDentro" : 32,
    "loserPrimerSaqueGanado" : 28,
    "loserSegundoSaqueGanado" : 20,
    "loserDobleFalta" : 3,
    "loserServingPoints" : 67,
    "loserServingGames" : 11
  }, {
    "torneo" : "Heilbronn CH",
    "fecha" : "20110124",
    "superficie" : "Hard",
    "resultado" : "7-5 6-7(5) 6-2",
    "contrincante" : "Ruben Bemelmans",
    "ganador" : false,
    "winnerAces" : 6,
    "winnerPrimerSaqueDentro" : 51,
    "winnerPrimerSaqueGanado" : 41,
    "winnerSegundoSaqueGanado" : 26,
    "winnerDobleFalta" : 1,
    "winnerServingPoints" : 91,
    "winnerServingGames" : 16,
    "loserAces" : 4,
    "loserPrimerSaqueDentro" : 60,
    "loserPrimerSaqueGanado" : 45,
    "loserSegundoSaqueGanado" : 17,
    "loserDobleFalta" : 4,
    "loserServingPoints" : 97,
    "loserServingGames" : 16
  }, {
    "torneo" : "Bergamo CH",
    "fecha" : "20110207",
    "superficie" : "Hard",
    "resultado" : "6-1 6-4",
    "contrincante" : "Simone Bolelli",
    "ganador" : true,
    "winnerAces" : 3,
    "winnerPrimerSaqueDentro" : 28,
    "winnerPrimerSaqueGanado" : 22,
    "winnerSegundoSaqueGanado" : 15,
    "winnerDobleFalta" : 2,
    "winnerServingPoints" : 49,
    "winnerServingGames" : 9,
    "loserAces" : 3,
    "loserPrimerSaqueDentro" : 37,
    "loserPrimerSaqueGanado" : 21,