{
  "nombre" : "Farrukh Dustov",
  "mano" : "R",
  "nacionalidad" : "UZB",
  "edad" : 24.9828884326,
  "ganar1Saque" : 0.7015968284436634,
  "ganar2Saque" : 0.5217991790601185,
  "primerSaque" : 0.7208390959671566,
  "segundoSaque" : 0.2559237150209291,
  "ganarPuntoSacando" : 0.6392792079486912,
  "ganarPuntoRestando" : 0.36791647931379234,
  "probAce" : 0.07168950140476227,
  "clay" : {
    "nombre" : "Clay",
    "probVictoria" : 0.20000000298023224,
    "probGanarPrimerSaque" : 0.6375980138778686,
    "probGanarSegundoSaque" : 0.4739386022090912,
    "probPrimerSaque" : 0.7453287482261658,
    "probSegundoSaque" : 0.23255434334278108,
    "probGanarPuntoSacando" : 0.5854366099766121,
    "probGanarPuntoRestando" : 0.3514442724309331,
    "probAce" : 0.0
  },
  "grass" : {
    "nombre" : "Grass",
    "probVictoria" : 0.0,
    "probGanarPrimerSaque" : 0.0,
    "probGanarSegundoSaque" : 0.0,
    "probPrimerSaque" : 0.0,
    "probSegundoSaque" : 0.0,
    "probGanarPuntoSacando" : 0.0,
    "probGanarPuntoRestando" : 0.0,
    "probAce" : 0.0
  },
  "hard" : {
    "nombre" : "Hard",
    "probVictoria" : 0.5263158082962036,
    "probGanarPrimerSaque" : 0.710723854993519,
    "probGanarSegundoSaque" : 0.538058589947851,
    "probPrimerSaque" : 0.7189448475837708,
    "probSegundoSaque" : 0.25848871704779175,
    "probGanarPuntoSacando" : 0.6500533282146295,
    "probGanarPuntoRestando" : 0.3761668126725148,
    "probAce" : 0.0
  },
  "other" : {
    "nombre" : "Other",
    "probVictoria" : 0.5,
    "probGanarPrimerSaque" : 0.738241970539093,
    "probGanarSegundoSaque" : 0.5043926984071732,
    "probPrimerSaque" : 0.6992247104644775,
    "probSegundoSaque" : 0.2729516699910164,
    "probGanarPuntoSacando" : 0.6538718574644357,
    "probGanarPuntoRestando" : 0.3493176544634353,
    "probAce" : 0.0
  },
  "partidos" : [ {
    "torneo" : "Cremona CH",
    "fecha" : "20110516",
    "superficie" : "Hard",
    "resultado" : "6-3 6-3",
    "contrincante" : "Ludovic Walter",
    "ganador" : false,
    "winnerAces" : 7,
    "winnerPrimerSaqueDentro" : 38,
    "winnerPrimerSaqueGanado" : 31,
    "winnerSegundoSaqueGanado" : 13,
    "winnerDobleFalta" : 5,
    "winnerServingPoints" : 65,
    "winnerServingGames" : 9,
    "loserAces" : 5,
    "loserPrimerSaqueDentro" : 37,
    "loserPrimerSaqueGanado" : 27,
    "loserSegundoSaqueGanado" : 5,
    "loserDobleFalta" : 6,
    "loserServingPoints" : 56,
    "loserServingGames" : 9
  }, {
    "torneo" : "Shanghai CH",
    "fecha" : "20110905",
    "superficie" : "Hard",
    "resultado" : "7-6(5) 1-6 6-4",
    "contrincante" : "Cedrik Marcel Stebe",
    "ganador" : false,
    "winnerAces" : 5,
    "winnerPrimerSaqueDentro" : 57,
    "winnerPrimerSaqueGanado" : 35,
    "winnerSegundoSaqueGanado" : 36,
    "winnerDobleFalta" : 1,
    "winnerServingPoints" : 122,
    "winnerServingGames" : 14,
    "loserAces" : 5,
    "loserPrimerSaqueDentro" : 80,
    "loserPrimerSaqueGanado" : 54,
    "loserSegundoSaqueGanado" : 10,
    "loserDobleFalta" : 1,
    "loserServingPoints" : 104,
    "loserServingGames" : 15
  }, {
    "torneo" : "Astana CH",
    "fecha" : "20110725",
    "superficie" : "Hard",
    "resultado" : "6-0 6-1",
    "contrincante" : "Lars Uebel",
    "ganador" : true,
    "winnerAces" : 7,
    "winnerPrimerSaqueDentro" : 22,
    "winnerPrimerSaqueGanado" : 20,
    "winnerSegundoSaqueGanado" : 8,
    "winnerDobleFalta" : 1,
    "winnerServingPoints" : 32,
    "winnerServingGames" : 7,
    "loserAces" : 3,
    "loserPrimerSaqueDentro" : 13,
    "loserPrimerSaqueGanado" : 7,
    "loserSegundoSaqueGanado" : 5,
    "loserDobleFalta" : 6,
    "loserServingPoints" : 35,
    "loserServingGames" : 6
  }, {
    "torneo" : "Astana CH",
    "fecha" : "20110725",
    "superficie" : "Hard",
    "resultado" : "7-6(5) 6-1",
    "contrincante" : "Sergei Bubka",
    "ganador" : false,
    "winnerAces" : 10,
    "winnerPrimerSaqueDentro" : 33,
    "winnerPrimerSaqueGanado" : 26,
    "winnerSegundoSaqueGanado" : 16,
    "winnerDobleFalta" : 0,
    "winnerServingPoints" : 55,
    "winnerServingGames" : 9,
    "loserAces" : 7,
    "loserPrimerSaqueDentro" : 44,
    "loserPrimerSaqueGanado" : 30,
    "loserSegundoSaqueGanado" : 11,
    "loserDobleFalta" : 1,
    "loserServingPoints" : 69,
    "loserServingGames" : 10
  }, {
    "torneo" : "Ortisei CH",
    "fecha" : "20111107",
    "superficie" : "Carpet",
    "resultado" : "3-6 7-6(5) 7-6(4)",
    "contrincante" : "Simone Bolelli",
    "ganador" : true,
    "winnerAces" : 5,
    "winnerPrimerSaqueDentro" : 66,
    "winnerPrimerSaqueGanado" : 55,
    "winnerSegundoSaqueGanado" : 16,
    "winnerDobleFalta" : 2,
    "winnerServingPoints" : 94,
    "winnerServingGames" : 16,
    "loserAces" : 8,
    "loserPrimerSaqueDentro" : 59,
    "loserPrimerSaqueGanado" : 48,
    "loserSegundoSaqueGanado" : 29,
    "loserDobleFalta" : 2,
    "loserServingPoints" : 101,
    "loserServingGames" : 17
  }, {
    "torneo" : "Ortisei CH",
    "fecha" : "20111107",
    "superficie" : "Carpet",
    "resultado" : "7-5 6-4",
    "contrincante" : "Jan Hernych",
    "ganador" : false,
    "winnerAces" : 7,
    "winnerPrimerSaqueDentro" : 59,
    "winnerPrimerSaqueGanado" : 40,
    "winnerSegundoSaqueGanado" : 12,
    "winnerDobleFalta" : 2,
    "winnerServingPoints" : 80,
    "winnerServingGames" : 11,
    "loserAces" : 5,
    "loserPrimerSaqueDentro" : 48,
    "loserPrimerSaqueGanado" : 31,
    "loserSegundoSaqueGanado" : 11,
    "loserDobleFalta" : 2,
    "loserServingPoints" : 68,
    "loserServingGames" : 11
  }, {
    "torneo" : "Beijing CH",
    "fecha" : "20110801",
    "superficie" : "Hard",
    "resultado" : "6-2 6-4",
    "contrincante" : "Denis Matsukevitch",
    "ganador" : true,
    "winnerAces" : 8,
    "winnerPrimerSaqueDentro" : 40,
    "winnerPrimerSaqueGanado" : 30,
    "winnerSegundoSaqueGanado" : 7,
    "winnerDobleFalta" : 1,
    "winnerServingPoints" : 55,
    "winnerServingGames" : 9,
    "loserAces" : 2,
    "loserPrimerSaqueDentro" : 38,
    "loserPrimerSaqueGanado" : 22,
    "loserSegundoSaqueGanado" : 10,
    "loserDobleFalta" : 2,
    "loserServingPoints" : 61,
    "loserServingGames" : 9
  }, {
    "torneo" : "Beijing CH",
    "fecha" : "20110801",
    "superficie" : "Hard",
    "resultado" : "3-6 7-6(5) 7-6(4)",
    "contrincante" : "Zhe Li",
    "ganador" : true,
    "winnerAces" : 14,
    "winnerPrimerSaqueDentro" : 89,
    "winnerPrimerSaqueGanado" : 69,
    "winnerSegundoSaqueGanado" : 14,
    "winnerDobleFalta" : 3,
    "winnerServingPoints" : 127,
    "winnerServingGames" : 16,
    "loserAces" : 4,
    "loserPrimerSaqueDentro" : 97,
    "loserPrimerSaqueGanado" : 62,
    "loserSegundoSaqueGanado" : 24,
    "loserDobleFalta" : 1,
    "loserServingPoints" : 130,
    "loserServingGames" : 17
  }, {
    "torneo" : "Beijing CH",
    "fecha" : "20110801",
    "superficie" : "Hard",
    "resultado" : "6-1 6-7(4) 6-4",
    "contrincante" : "Guillermo Olaso",
    "ganador" : true,
    "winnerAces" : 15,
    "winnerPrimerSaqueDentro" : 71,
    "winnerPrimerSaqueGanado" : 46,
    "winnerSegundoSaqueGanado" : 17,
    "winnerDobleFalta" : 2,
    "winnerServingPoints" : 101,
    "winnerServingGames" : 15,
    "loserAces" : 4,
    "loserPrimerSaqueDentro" : 56,
    "loserPrimerSaqueGanado" : 31,
    "loserSegundoSaqueGanado" : 25,
    "loserDobleFalta" : 8,
    "loserServingPoints" : 107,
    "loserServingGames" : 14
  }, {
    "torneo" : "Beijing CH",
    "fecha" : "20110801",
    "superficie" : "Hard",
    "resultado" : "6-1 4-6 6-4",
    "contrincante" : "Dudi Sela",
    "ganador" : true,
    "winnerAces" : 4,
    "winnerPrimerSaqueDentro" : 48,
    "winnerPrimerSaqueGanado" : 35,
    "winnerSegundoSaqueGanado" : 21,
    "winnerDobleFalta" : 1,
    "winnerServingPoints" : 80,
    "winnerServingGames" : 14,
    "loserAces" : 3,
    "loserPrimerSaqueDentro" : 67,
    "loserPrimerSaqueGanado" : 45,
    "loserSegundoSaqueGanado" : 13,
    "loserDobleFalta" : 3,
    "loserServingPoints" : 105,