{
  "nombre" : "George Bastl",
  "mano" : "R",
  "nacionalidad" : "SUI",
  "edad" : 36.334017796,
  "ganar1Saque" : 0.6444836109876633,
  "ganar2Saque" : 0.49278075496355694,
  "primerSaque" : 0.5363446374734243,
  "segundoSaque" : 0.4036835233370463,
  "ganarPuntoSacando" : 0.54459280008912,
  "ganarPuntoRestando" : 0.33533742267521144,
  "probAce" : 0.0516795851290226,
  "clay" : {
    "nombre" : "Clay",
    "probVictoria" : 0.3333333432674408,
    "probGanarPrimerSaque" : 0.7132616639137268,
    "probGanarSegundoSaque" : 0.552228182554245,
    "probPrimerSaque" : 0.5856983264287313,
    "probSegundoSaque" : 0.35550681749979657,
    "probGanarPuntoSacando" : 0.6140770465735983,
    "probGanarPuntoRestando" : 0.3329644281539311,
    "probAce" : 0.0
  },
  "grass" : {
    "nombre" : "Grass",
    "probVictoria" : 0.0,
    "probGanarPrimerSaque" : 0.7017543911933899,
    "probGanarSegundoSaque" : 0.5,
    "probPrimerSaque" : 0.5480769276618958,
    "probSegundoSaque" : 0.38461539149284363,
    "probGanarPuntoSacando" : 0.5769230864449391,
    "probGanarPuntoRestando" : 0.3909090666543865,
    "probAce" : 0.0
  },
  "hard" : {
    "nombre" : "Hard",
    "probVictoria" : 0.0,
    "probGanarPrimerSaque" : 0.5126811414957047,
    "probGanarSegundoSaque" : 0.3999999910593033,
    "probPrimerSaque" : 0.456447958946228,
    "probSegundoSaque" : 0.4854826480150223,
    "probGanarPuntoSacando" : 0.4282053154913925,
    "probGanarPuntoRestando" : 0.31111109246754415,
    "probAce" : 0.0
  },
  "other" : {
    "nombre" : "Other",
    "probVictoria" : 0.0,
    "probGanarPrimerSaque" : 0.0,
    "probGanarSegundoSaque" : 0.0,
    "probPrimerSaque" : 0.0,
    "probSegundoSaque" : 0.0,
    "probGanarPuntoSacando" : 0.0,
    "probGanarPuntoRestando" : 0.0,
    "probAce" : 0.0
  },
  "partidos" : [ {
    "torneo" : "Vancouver CH",
    "fecha" : "20110801",
    "superficie" : "Hard",
    "resultado" : "6-2 6-1",
    "contrincante" : "Yen Hsun Lu",
    "ganador" : false,
    "winnerAces" : 3,
    "winnerPrimerSaqueDentro" : 20,
    "winnerPrimerSaqueGanado" : 17,
    "winnerSegundoSaqueGanado" : 9,
    "winnerDobleFalta" : 2,
    "winnerServingPoints" : 35,
    "winnerServingGames" : 7,
    "loserAces" : 2,
    "loserPrimerSaqueDentro" : 23,
    "loserPrimerSaqueGanado" : 14,
    "loserSegundoSaqueGanado" : 7,
    "loserDobleFalta" : 4,
    "loserServingPoints" : 52,
    "loserServingGames" : 8
  }, {
    "torneo" : "s-Hertogenbosch Q",
    "fecha" : "20110612",
    "superficie" : "Grass",
    "resultado" : "5-7 6-3 7-5",
    "contrincante" : "Sadik Kadir",
    "ganador" : false,
    "winnerAces" : 2,
    "winnerPrimerSaqueDentro" : 66,
    "winnerPrimerSaqueGanado" : 44,
    "winnerSegundoSaqueGanado" : 23,
    "winnerDobleFalta" : 2,
    "winnerServingPoints" : 110,
    "winnerServingGames" : 17,
    "loserAces" : 6,
    "loserPrimerSaqueDentro" : 57,
    "loserPrimerSaqueGanado" : 40,
    "loserSegundoSaqueGanado" : 20,
    "loserDobleFalta" : 7,
    "loserServingPoints" : 104,
    "loserServingGames" : 16
  }, {
    "torneo" : "Gstaad Q",
    "fecha" : "20110725",
    "superficie" : "Clay",
    "resultado" : "6-3 6-3",
    "contrincante" : "Julio Peralta",
    "ganador" : true,
    "winnerAces" : 5,
    "winnerPrimerSaqueDentro" : 31,
    "winnerPrimerSaqueGanado" : 25,
    "winnerSegundoSaqueGanado" : 16,
    "winnerDobleFalta" : 4,
    "winnerServingPoints" : 57,
    "winnerServingGames" : 9,
    "loserAces" : 2,
    "loserPrimerSaqueDentro" : 41,
    "loserPrimerSaqueGanado" : 25,
    "loserSegundoSaqueGanado" : 17,
    "loserDobleFalta" : 7,
    "loserServingPoints" : 77,
    "loserServingGames" : 9
  }, {
    "torneo" : "Gstaad Q",
    "fecha" : "20110725",
    "superficie" : "Clay",
    "resultado" : "6-2 6-3",
    "contrincante" : "Peter Luczak",
    "ganador" : false,
    "winnerAces" : 5,
    "winnerPrimerSaqueDentro" : 26,
    "winnerPrimerSaqueGanado" : 20,
    "winnerSegundoSaqueGanado" : 12,
    "winnerDobleFalta" : 1,
    "winnerServingPoints" : 46,
    "winnerServingGames" : 8,
    "loserAces" : 5,
    "loserPrimerSaqueDentro" : 30,
    "loserPrimerSaqueGanado" : 20,
    "loserSegundoSaqueGanado" : 9,
    "loserDobleFalta" : 4,
    "loserServingPoints" : 51,
    "loserServingGames" : 9
  }, {
    "torneo" : "Stuttgart Q",
    "fecha" : "20110711",
    "superficie" : "Clay",
    "resultado" : "6-4 6-4",
    "contrincante" : "Jaan Frederik Brunken",
    "ganador" : false,
    "winnerAces" : 4,
    "winnerPrimerSaqueDentro" : 35,
    "winnerPrimerSaqueGanado" : 28,
    "winnerSegundoSaqueGanado" : 10,
    "winnerDobleFalta" : 1,
    "winnerServingPoints" : 50,
    "winnerServingGames" : 10,
    "loserAces" : 1,
    "loserPrimerSaqueDentro" : 45,
    "loserPrimerSaqueGanado" : 30,
    "loserSegundoSaqueGanado" : 10,
    "loserDobleFalta" : 2,
    "loserServingPoints" : 72,
    "loserServingGames" : 10
  }, {
    "torneo" : "Canada Masters Q",
    "fecha" : "20110808",
    "superficie" : "Hard",
    "resultado" : "6-3 6-1",
    "contrincante" : "Flavio Cipolla",
    "ganador" : false,
    "winnerAces" : 2,
    "winnerPrimerSaqueDentro" : 43,
    "winnerPrimerSaqueGanado" : 30,
    "winnerSegundoSaqueGanado" : 10,
    "winnerDobleFalta" : 5,
    "winnerServingPoints" : 63,
    "winnerServingGames" : 8,
    "loserAces" : 1,
    "loserPrimerSaqueDentro" : 24,
    "loserPrimerSaqueGanado" : 10,
    "loserSegundoSaqueGanado" : 13,
    "loserDobleFalta" : 2,
    "loserServingPoints" : 51,
    "loserServingGames" : 8
  } ]
}