{
  "nombre" : "Greg Ouellette",
  "mano" : "U",
  "nacionalidad" : "USA",
  "edad" : 25.3169062286,
  "ganar1Saque" : 0.6507223291056496,
  "ganar2Saque" : 0.5231228199388299,
  "primerSaque" : 0.5016434841922351,
  "segundoSaque" : 0.44252210589391844,
  "ganarPuntoSacando" : 0.5579240283347405,
  "ganarPuntoRestando" : 0.35062289411841074,
  "probAce" : 0.04508856683969498,
  "clay" : {
    "nombre" : "Clay",
    "probVictoria" : 0.0,
    "probGanarPrimerSaque" : 0.5439045230547587,
    "probGanarSegundoSaque" : 0.48148147265116376,
    "probPrimerSaque" : 0.4978361427783966,
    "probSegundoSaque" : 0.4297446707884471,
    "probGanarPuntoSacando" : 0.4776894267525156,
    "probGanarPuntoRestando" : 0.3746514075883755,
    "probAce" : 0.0
  },
  "grass" : {
    "nombre" : "Grass",
    "probVictoria" : 0.0,
    "probGanarPrimerSaque" : 1.2814815044403076,
    "probGanarSegundoSaque" : 0.5772727280855179,
    "probPrimerSaque" : 0.49197863042354584,
    "probSegundoSaque" : 0.4429590106010437,
    "probGanarPuntoSacando" : 0.886169671947374,
    "probGanarPuntoRestando" : 0.2801992448284315,
    "probAce" : 0.0
  },
  "hard" : {
    "nombre" : "Hard",
    "probVictoria" : 0.3478260934352875,
    "probGanarPrimerSaque" : 0.6655230496240698,
    "probGanarSegundoSaque" : 0.5238456123549006,
    "probPrimerSaque" : 0.5029805160087087,
    "probSegundoSaque" : 0.44415073615053424,
    "probGanarPuntoSacando" : 0.5674115412722606,
    "probGanarPuntoRestando" : 0.35361253577797885,
    "probAce" : 0.0
  },
  "other" : {
    "nombre" : "Other",
    "probVictoria" : 0.0,
    "probGanarPrimerSaque" : 0.0,
    "probGanarSegundoSaque" : 0.0,
    "probPrimerSaque" : 0.0,
    "probSegundoSaque" : 0.0,
    "probGanarPuntoSacando" : 0.0,
    "probGanarPuntoRestando" : 0.0,
    "probAce" : 0.0
  },
  "partidos" : [ {
    "torneo" : "Tulsa CH",
    "fecha" : "20110912",
    "superficie" : "Hard",
    "resultado" : "6-4 7-6(4)",
    "contrincante" : "Michael Shabaz",
    "ganador" : false,
    "winnerAces" : 10,
    "winnerPrimerSaqueDentro" : 43,
    "winnerPrimerSaqueGanado" : 33,
    "winnerSegundoSaqueGanado" : 13,
    "winnerDobleFalta" : 4,
    "winnerServingPoints" : 71,
    "winnerServingGames" : 11,
    "loserAces" : 9,
    "loserPrimerSaqueDentro" : 39,
    "loserPrimerSaqueGanado" : 27,
    "loserSegundoSaqueGanado" : 17,
    "loserDobleFalta" : 5,
    "loserServingPoints" : 75,
    "loserServingGames" : 11
  }, {
    "torneo" : "Vancouver CH",
    "fecha" : "20110801",
    "superficie" : "Hard",
    "resultado" : "6-2 6-4",
    "contrincante" : "Alex Bogdanovic",
    "ganador" : false,
    "winnerAces" : 3,
    "winnerPrimerSaqueDentro" : 29,
    "winnerPrimerSaqueGanado" : 26,
    "winnerSegundoSaqueGanado" : 13,
    "winnerDobleFalta" : 3,
    "winnerServingPoints" : 52,
    "winnerServingGames" : 9,
    "loserAces" : 3,
    "loserPrimerSaqueDentro" : 33,
    "loserPrimerSaqueGanado" : 21,
    "loserSegundoSaqueGanado" : 14,
    "loserDobleFalta" : 2,
    "loserServingPoints" : 60,
    "loserServingGames" : 9
  }, {
    "torneo" : "Honolulu CH",
    "fecha" : "20110124",
    "superficie" : "Hard",
    "resultado" : "6-1 6-3",
    "contrincante" : "Vasek Pospisil",
    "ganador" : false,
    "winnerAces" : 8,
    "winnerPrimerSaqueDentro" : 25,
    "winnerPrimerSaqueGanado" : 21,
    "winnerSegundoSaqueGanado" : 12,
    "winnerDobleFalta" : 2,
    "winnerServingPoints" : 43,
    "winnerServingGames" : 8,
    "loserAces" : 0,
    "loserPrimerSaqueDentro" : 12,
    "loserPrimerSaqueGanado" : 7,
    "loserSegundoSaqueGanado" : 17,
    "loserDobleFalta" : 3,
    "loserServingPoints" : 45,
    "loserServingGames" : 8
  }, {
    "torneo" : "Dallas CH",
    "fecha" : "20110228",
    "superficie" : "Hard",
    "resultado" : "1-6 6-4 6-1",
    "contrincante" : "Lester Cook",
    "ganador" : false,
    "winnerAces" : 8,
    "winnerPrimerSaqueDentro" : 38,
    "winnerPrimerSaqueGanado" : 27,
    "winnerSegundoSaqueGanado" : 11,
    "winnerDobleFalta" : 1,
    "winnerServingPoints" : 65,
    "winnerServingGames" : 12,
    "loserAces" : 2,
    "loserPrimerSaqueDentro" : 36,
    "loserPrimerSaqueGanado" : 22,
    "loserSegundoSaqueGanado" : 18,
    "loserDobleFalta" : 6,
    "loserServingPoints" : 72,
    "loserServingGames" : 12
  }, {
    "torneo" : "Tallahassee CH",
    "fecha" : "20110411",
    "superficie" : "Hard",
    "resultado" : "7-6(1) 6-1",
    "contrincante" : "Clement Reix",
    "ganador" : true,
    "winnerAces" : 0,
    "winnerPrimerSaqueDentro" : 51,
    "winnerPrimerSaqueGanado" : 35,
    "winnerSegundoSaqueGanado" : 10,
    "winnerDobleFalta" : 2,
    "winnerServingPoints" : 73,
    "winnerServingGames" : 9,
    "loserAces" : 5,
    "loserPrimerSaqueDentro" : 39,
    "loserPrimerSaqueGanado" : 22,
    "loserSegundoSaqueGanado" : 7,
    "loserDobleFalta" : 5,
    "loserServingPoints" : 61,
    "loserServingGames" : 10
  }, {
    "torneo" : "Tallahassee CH",
    "fecha" : "20110411",
    "superficie" : "Hard",
    "resultado" : "6-3 6-7(9) 6-2",
    "contrincante" : "Rainer Schuettler",
    "ganador" : false,
    "winnerAces" : 5,
    "winnerPrimerSaqueDentro" : 57,
    "winnerPrimerSaqueGanado" : 40,
    "winnerSegundoSaqueGanado" : 32,
    "winnerDobleFalta" : 2,
    "winnerServingPoints" : 104,
    "winnerServingGames" : 15,
    "loserAces" : 2,
    "loserPrimerSaqueDentro" : 54,
    "loserPrimerSaqueGanado" : 39,
    "loserSegundoSaqueGanado" : 19,
    "loserDobleFalta" : 5,
    "loserServingPoints" : 95,
    "loserServingGames" : 14
  }, {
    "torneo" : "Lexington CH",
    "fecha" : "20110718",
    "superficie" : "Hard",
    "resultado" : "6-3 0-1 RET",
    "contrincante" : "Jesse Levine",
    "ganador" : true,
    "winnerAces" : 0,
    "winnerPrimerSaqueDentro" : 16,
    "winnerPrimerSaqueGanado" : 12,
    "winnerSegundoSaqueGanado" : 10,
    "winnerDobleFalta" : 0,
    "winnerServingPoints" : 34,
    "winnerServingGames" : 5,
    "loserAces" : 3,
    "loserPrimerSaqueDentro" : 18,
    "loserPrimerSaqueGanado" : 12,
    "loserSegundoSaqueGanado" : 4,
    "loserDobleFalta" : 3,
    "loserServingPoints" : 29,
    "loserServingGames" : 5
  }, {
    "torneo" : "Lexington CH",
    "fecha" : "20110718",
    "superficie" : "Hard",
    "resultado" : "6-3 6-0",
    "contrincante" : "Michael Mcclune",
    "ganador" : true,
    "winnerAces" : 5,
    "winnerPrimerSaqueDentro" : 23,
    "winnerPrimerSaqueGanado" : 17,
    "winnerSegundoSaqueGanado" : 18,
    "winnerDobleFalta" : 3,
    "winnerServingPoints" : 50,
    "winnerServingGames" : 8,
    "loserAces" : 3,
    "loserPrimerSaqueDentro" : 20,
    "loserPrimerSaqueGanado" : 12,
    "loserSegundoSaqueGanado" : 5,
    "loserDobleFalta" : 2,
    "loserServingPoints" : 38,
    "loserServingGames" : 7
  }, {
    "torneo" : "Lexington CH",
    "fecha" : "20110718",
    "superficie" : "Hard",
    "resultado" : "7-5 2-0 RET",
    "contrincante" : "Jamie Baker",
    "ganador" : true,
    "winnerAces" : 2,
    "winnerPrimerSaqueDentro" : 27,
    "winnerPrimerSaqueGanado" : 20,
    "winnerSegundoSaqueGanado" : 9,
    "winnerDobleFalta" : 4,
    "winnerServingPoints" : 49,
    "winnerServingGames" : 7,
    "loserAces" : 5,
    "loserPrimerSaqueDentro" : 28,
    "loserPrimerSaqueGanado" : 17,
    "loserSegundoSaqueGanado" : 9,
    "loserDobleFalta" : 1,
    "loserServingPoints" : 50,
    "loserServingGames" : 7
  }, {
    "torneo" : "Lexington CH",
    "fecha" : "20110718",
    "superficie" : "Hard",
    "resultado" : "6-0 6-0",
    "contrincante" : "Wayne Odesnik",
    "ganador" : false,
    "winnerAces" : 2,
    "winnerPrimerSaqueDentro" : 19,
    "winnerPrimerSaqueGanado" : 17,
    "winnerSegundoSaqueGanado" : 8,
    "winnerDobleFalta" : 3,
    "winnerServingPoints" : 33,
    "winnerServingGames" : 6,
    "loserAces" : 1,
    "loserPrimerSaqueDentro" : 12,
    "loserPrimerSaqueGanado" : 6,
    "loserSegundoSaqueGanado" : 6,
    "loserDobleFalta" : 6,
    "loserServingPoints" : 39,