{
  "nombre" : "James Lemke",
  "mano" : "R",
  "nacionalidad" : "AUS",
  "edad" : 23.4962354552,
  "ganar1Saque" : 0.6057655314604441,
  "ganar2Saque" : 0.5165186544259389,
  "primerSaque" : 0.6983090877532959,
  "segundoSaque" : 0.2462689975897471,
  "ganarPuntoSacando" : 0.5502141069284141,
  "ganarPuntoRestando" : 0.30281082545706667,
  "probAce" : 0.018497109413146973,
  "clay" : {
    "nombre" : "Clay",
    "probVictoria" : 0.0,
    "probGanarPrimerSaque" : 0.5610816180706024,
    "probGanarSegundoSaque" : 0.47052631378173826,
    "probPrimerSaque" : 0.7023971199989318,
    "probSegundoSaque" : 0.254706409573555,
    "probGanarPuntoSacando" : 0.5139481806103583,
    "probGanarPuntoRestando" : 0.29165298324047406,
    "probAce" : 0.0
  },
  "grass" : {
    "nombre" : "Grass",
    "probVictoria" : 0.0,
    "probGanarPrimerSaque" : 0.699999988079071,
    "probGanarSegundoSaque" : 0.3478260934352875,
    "probPrimerSaque" : 0.6756756901741028,
    "probSegundoSaque" : 0.31081080436706543,
    "probGanarPuntoSacando" : 0.5810810829476658,
    "probGanarPuntoRestando" : 0.24999999235188786,
    "probAce" : 0.0
  },
  "hard" : {
    "nombre" : "Hard",
    "probVictoria" : 0.25,
    "probGanarPrimerSaque" : 0.623310036957264,
    "probGanarSegundoSaque" : 0.5773438401520252,
    "probPrimerSaque" : 0.6986077278852463,
    "probSegundoSaque" : 0.230692645534873,
    "probGanarPuntoSacando" : 0.5686381865547165,
    "probGanarPuntoRestando" : 0.3243458801658249,
    "probAce" : 0.0
  },
  "other" : {
    "nombre" : "Other",
    "probVictoria" : 0.0,
    "probGanarPrimerSaque" : 0.5945945978164673,
    "probGanarSegundoSaque" : 0.4285714328289032,
    "probPrimerSaque" : 0.698113203048706,
    "probSegundoSaque" : 0.2641509473323822,
    "probGanarPuntoSacando" : 0.5283018891784623,
    "probGanarPuntoRestando" : 0.2391304319751436,
    "probAce" : 0.0
  },
  "partidos" : [ {
    "torneo" : "Recanati CH",
    "fecha" : "20110725",
    "superficie" : "Hard",
    "resultado" : "6-4 6-4",
    "contrincante" : "Jan Minar",
    "ganador" : false,
    "winnerAces" : 5,
    "winnerPrimerSaqueDentro" : 53,
    "winnerPrimerSaqueGanado" : 37,
    "winnerSegundoSaqueGanado" : 6,
    "winnerDobleFalta" : 2,
    "winnerServingPoints" : 65,
    "winnerServingGames" : 10,
    "loserAces" : 2,
    "loserPrimerSaqueDentro" : 48,
    "loserPrimerSaqueGanado" : 30,
    "loserSegundoSaqueGanado" : 5,
    "loserDobleFalta" : 0,
    "loserServingPoints" : 56,
    "loserServingGames" : 10
  }, {
    "torneo" : "Caloundra CH",
    "fecha" : "20110207",
    "superficie" : "Hard",
    "resultado" : "5-1 RET",
    "contrincante" : "Michael Yani",
    "ganador" : true,
    "winnerAces" : 0,
    "winnerPrimerSaqueDentro" : 10,
    "winnerPrimerSaqueGanado" : 8,
    "winnerSegundoSaqueGanado" : 4,
    "winnerDobleFalta" : 2,
    "winnerServingPoints" : 18,
    "winnerServingGames" : 3,
    "loserAces" : 1,
    "loserPrimerSaqueDentro" : 18,
    "loserPrimerSaqueGanado" : 11,
    "loserSegundoSaqueGanado" : 2,
    "loserDobleFalta" : 1,
    "loserServingPoints" : 29,
    "loserServingGames" : 3
  }, {
    "torneo" : "Caloundra CH",
    "fecha" : "20110207",
    "superficie" : "Hard",
    "resultado" : "6-3 6-4",
    "contrincante" : "Carsten Ball",
    "ganador" : false,
    "winnerAces" : 11,
    "winnerPrimerSaqueDentro" : 40,
    "winnerPrimerSaqueGanado" : 34,
    "winnerSegundoSaqueGanado" : 8,
    "winnerDobleFalta" : 1,
    "winnerServingPoints" : 55,
    "winnerServingGames" : 10,
    "loserAces" : 1,
    "loserPrimerSaqueDentro" : 31,
    "loserPrimerSaqueGanado" : 23,
    "loserSegundoSaqueGanado" : 7,
    "loserDobleFalta" : 1,
    "loserServingPoints" : 43,
    "loserServingGames" : 9
  }, {
    "torneo" : "Scheveningen CH",
    "fecha" : "20110704",
    "superficie" : "Clay",
    "resultado" : "7-5 6-1",
    "contrincante" : "Matwe Middelkoop",
    "ganador" : false,
    "winnerAces" : 5,
    "winnerPrimerSaqueDentro" : 35,
    "winnerPrimerSaqueGanado" : 28,
    "winnerSegundoSaqueGanado" : 18,
    "winnerDobleFalta" : 5,
    "winnerServingPoints" : 66,
    "winnerServingGames" : 10,
    "loserAces" : 3,
    "loserPrimerSaqueDentro" : 42,
    "loserPrimerSaqueGanado" : 26,
    "loserSegundoSaqueGanado" : 6,
    "loserDobleFalta" : 2,
    "loserServingPoints" : 56,
    "loserServingGames" : 9
  }, {
    "torneo" : "Burnie CH",
    "fecha" : "20110131",
    "superficie" : "Hard",
    "resultado" : "7-6(4) 4-6 6-4",
    "contrincante" : "Tsung Hua Yang",
    "ganador" : true,
    "winnerAces" : 0,
    "winnerPrimerSaqueDentro" : 95,
    "winnerPrimerSaqueGanado" : 60,
    "winnerSegundoSaqueGanado" : 18,
    "winnerDobleFalta" : 2,
    "winnerServingPoints" : 125,
    "winnerServingGames" : 16,
    "loserAces" : 8,
    "loserPrimerSaqueDentro" : 63,
    "loserPrimerSaqueGanado" : 50,
    "loserSegundoSaqueGanado" : 15,
    "loserDobleFalta" : 1,
    "loserServingPoints" : 98,
    "loserServingGames" : 16
  }, {
    "torneo" : "Burnie CH",
    "fecha" : "20110131",
    "superficie" : "Hard",
    "resultado" : "6-4 6-2",
    "contrincante" : "Paolo Lorenzi",
    "ganador" : false,
    "winnerAces" : 5,
    "winnerPrimerSaqueDentro" : 35,
    "winnerPrimerSaqueGanado" : 26,
    "winnerSegundoSaqueGanado" : 14,
    "winnerDobleFalta" : 5,
    "winnerServingPoints" : 58,
    "winnerServingGames" : 9,
    "loserAces" : 1,
    "loserPrimerSaqueDentro" : 43,
    "loserPrimerSaqueGanado" : 25,
    "loserSegundoSaqueGanado" : 4,
    "loserDobleFalta" : 2,
    "loserServingPoints" : 54,
    "loserServingGames" : 9
  }, {
    "torneo" : "Kyoto CH",
    "fecha" : "20110307",
    "superficie" : "Carpet",
    "resultado" : "6-4 6-2",
    "contrincante" : "Peter Gojowczyk",
    "ganador" : false,
    "winnerAces" : 8,
    "winnerPrimerSaqueDentro" : 36,
    "winnerPrimerSaqueGanado" : 28,
    "winnerSegundoSaqueGanado" : 7,
    "winnerDobleFalta" : 1,
    "winnerServingPoints" : 46,
    "winnerServingGames" : 9,
    "loserAces" : 2,
    "loserPrimerSaqueDentro" : 37,
    "loserPrimerSaqueGanado" : 22,
    "loserSegundoSaqueGanado" : 6,
    "loserDobleFalta" : 2,
    "loserServingPoints" : 53,
    "loserServingGames" : 9
  }, {
    "torneo" : "Trani CH",
    "fecha" : "20110801",
    "superficie" : "Clay",
    "resultado" : "6-4 6-1",
    "contrincante" : "Stefano Galvani",
    "ganador" : false,
    "winnerAces" : 1,
    "winnerPrimerSaqueDentro" : 36,
    "winnerPrimerSaqueGanado" : 23,
    "winnerSegundoSaqueGanado" : 14,
    "winnerDobleFalta" : 2,
    "winnerServingPoints" : 56,
    "winnerServingGames" : 9,
    "loserAces" : 1,
    "loserPrimerSaqueDentro" : 32,
    "loserPrimerSaqueGanado" : 19,
    "loserSegundoSaqueGanado" : 3,
    "loserDobleFalta" : 3,
    "loserServingPoints" : 44,
    "loserServingGames" : 8
  }, {
    "torneo" : "Prague CH",
    "fecha" : "20110502",
    "superficie" : "Clay",
    "resultado" : "6-0 6-2",
    "contrincante" : "Denis Gremelmayr",
    "ganador" : false,
    "winnerAces" : 1,
    "winnerPrimerSaqueDentro" : 20,
    "winnerPrimerSaqueGanado" : 17,
    "winnerSegundoSaqueGanado" : 12,
    "winnerDobleFalta" : 1,
    "winnerServingPoints" : 37,
    "winnerServingGames" : 7,
    "loserAces" : 0,
    "loserPrimerSaqueDentro" : 36,
    "loserPrimerSaqueGanado" : 16,
    "loserSegundoSaqueGanado" : 8,
    "loserDobleFalta" : 2,
    "loserServingPoints" : 57,
    "loserServingGames" : 7
  }, {
    "torneo" : "US Open Q",
    "fecha" : "20110829",
    "superficie" : "Hard",
    "resultado" : "6-0 6-3",
    "contrincante" : "Matthew Ebden",
    "ganador" : false,
    "winnerAces" : 3,
    "winnerPrimerSaqueDentro" : 29,
    "winnerPrimerSaqueGanado" : 25,
    "winnerSegundoSaqueGanado" : 5,
    "winnerDobleFalta" : 1,
    "winnerServingPoints" : 41,
    "winnerServingGames" : 8,
    "loserAces" : 0,
    "loserPrimerSaqueDentro" : 26,
    "loserPrimerSaqueGanado" : 13,
    "loserSegundoSaqueGanado" : 4,
    "loserDobleFalta" : 6,