{
  "nombre" : "Jan Mertl",
  "mano" : "R",
  "nacionalidad" : "CZE",
  "edad" : 29.363449692,
  "ganar1Saque" : 0.7153543925285339,
  "ganar2Saque" : 0.5727426117658615,
  "primerSaque" : 0.5876828312873841,
  "segundoSaque" : 0.36076135337352755,
  "ganarPuntoSacando" : 0.6270248945303766,
  "ganarPuntoRestando" : 0.3499641497063202,
  "probAce" : 0.07970183342695236,
  "clay" : {
    "nombre" : "Clay",
    "probVictoria" : 0.4000000059604645,
    "probGanarPrimerSaque" : 0.6695800364017487,
    "probGanarSegundoSaque" : 0.5842044055461884,
    "probPrimerSaque" : 0.587189057469368,
    "probSegundoSaque" : 0.3692732959985733,
    "probGanarPuntoSacando" : 0.6089011568479761,
    "probGanarPuntoRestando" : 0.39010564460818664,
    "probAce" : 0.0
  },
  "grass" : {
    "nombre" : "Grass",
    "probVictoria" : 0.0,
    "probGanarPrimerSaque" : 0.0,
    "probGanarSegundoSaque" : 0.0,
    "probPrimerSaque" : 0.0,
    "probSegundoSaque" : 0.0,
    "probGanarPuntoSacando" : 0.0,
    "probGanarPuntoRestando" : 0.0,
    "probAce" : 0.0
  },
  "hard" : {
    "nombre" : "Hard",
    "probVictoria" : 0.38461539149284363,
    "probGanarPrimerSaque" : 0.736866662135491,
    "probGanarSegundoSaque" : 0.5689135457460697,
    "probPrimerSaque" : 0.5902985036373138,
    "probSegundoSaque" : 0.3482804951759485,
    "probGanarPuntoSacando" : 0.6331127794635483,
    "probGanarPuntoRestando" : 0.3366525137427254,
    "probAce" : 0.0
  },
  "other" : {
    "nombre" : "Other",
    "probVictoria" : 0.0,
    "probGanarPrimerSaque" : 0.8043964207172394,
    "probGanarSegundoSaque" : 0.5403225719928741,
    "probPrimerSaque" : 0.5731498301029205,
    "probSegundoSaque" : 0.39932721853256226,
    "probGanarPuntoSacando" : 0.6768051816537577,
    "probGanarPuntoRestando" : 0.2357823089603538,
    "probAce" : 0.0
  },
  "partidos" : [ {
    "torneo" : "Cremona CH",
    "fecha" : "20110516",
    "superficie" : "Hard",
    "resultado" : "6-4 7-5",
    "contrincante" : "Walter Trusendi",
    "ganador" : false,
    "winnerAces" : 1,
    "winnerPrimerSaqueDentro" : 42,
    "winnerPrimerSaqueGanado" : 29,
    "winnerSegundoSaqueGanado" : 15,
    "winnerDobleFalta" : 1,
    "winnerServingPoints" : 63,
    "winnerServingGames" : 11,
    "loserAces" : 5,
    "loserPrimerSaqueDentro" : 47,
    "loserPrimerSaqueGanado" : 34,
    "loserSegundoSaqueGanado" : 6,
    "loserDobleFalta" : 9,
    "loserServingPoints" : 66,
    "loserServingGames" : 11
  }, {
    "torneo" : "Astana CH",
    "fecha" : "20110725",
    "superficie" : "Hard",
    "resultado" : "6-4 3-6 6-4",
    "contrincante" : "Karol Beck",
    "ganador" : false,
    "winnerAces" : 5,
    "winnerPrimerSaqueDentro" : 52,
    "winnerPrimerSaqueGanado" : 39,
    "winnerSegundoSaqueGanado" : 15,
    "winnerDobleFalta" : 10,
    "winnerServingPoints" : 90,
    "winnerServingGames" : 15,
    "loserAces" : 3,
    "loserPrimerSaqueDentro" : 47,
    "loserPrimerSaqueGanado" : 27,
    "loserSegundoSaqueGanado" : 20,
    "loserDobleFalta" : 5,
    "loserServingPoints" : 86,
    "loserServingGames" : 14
  }, {
    "torneo" : "Ortisei CH",
    "fecha" : "20111107",
    "superficie" : "Carpet",
    "resultado" : "7-6(14) 6-3",
    "contrincante" : "Philipp Petzschner",
    "ganador" : false,
    "winnerAces" : 9,
    "winnerPrimerSaqueDentro" : 41,
    "winnerPrimerSaqueGanado" : 36,
    "winnerSegundoSaqueGanado" : 22,
    "winnerDobleFalta" : 2,
    "winnerServingPoints" : 75,
    "winnerServingGames" : 11,
    "loserAces" : 7,
    "loserPrimerSaqueDentro" : 44,
    "loserPrimerSaqueGanado" : 34,
    "loserSegundoSaqueGanado" : 18,
    "loserDobleFalta" : 0,
    "loserServingPoints" : 75,
    "loserServingGames" : 10
  }, {
    "torneo" : "Milan CH",
    "fecha" : "20110613",
    "superficie" : "Clay",
    "resultado" : "6-2 2-1 RET",
    "contrincante" : "Dieter Kindlmann",
    "ganador" : true,
    "winnerAces" : 2,
    "winnerPrimerSaqueDentro" : 14,
    "winnerPrimerSaqueGanado" : 10,
    "winnerSegundoSaqueGanado" : 10,
    "winnerDobleFalta" : 0,
    "winnerServingPoints" : 26,
    "winnerServingGames" : 5,
    "loserAces" : 0,
    "loserPrimerSaqueDentro" : 25,
    "loserPrimerSaqueGanado" : 15,
    "loserSegundoSaqueGanado" : 8,
    "loserDobleFalta" : 3,
    "loserServingPoints" : 45,
    "loserServingGames" : 6
  }, {
    "torneo" : "Milan CH",
    "fecha" : "20110613",
    "superficie" : "Clay",
    "resultado" : "6-4 7-5",
    "contrincante" : "Brian Dabul",
    "ganador" : false,
    "winnerAces" : 0,
    "winnerPrimerSaqueDentro" : 50,
    "winnerPrimerSaqueGanado" : 34,
    "winnerSegundoSaqueGanado" : 9,
    "winnerDobleFalta" : 0,
    "winnerServingPoints" : 64,
    "winnerServingGames" : 11,
    "loserAces" : 3,
    "loserPrimerSaqueDentro" : 42,
    "loserPrimerSaqueGanado" : 29,
    "loserSegundoSaqueGanado" : 13,
    "loserDobleFalta" : 4,
    "loserServingPoints" : 69,
    "loserServingGames" : 11
  }, {
    "torneo" : "Cherbourg CH",
    "fecha" : "20110228",
    "superficie" : "Hard",
    "resultado" : "6-3 6-0",
    "contrincante" : "Stephane Robert",
    "ganador" : false,
    "winnerAces" : 2,
    "winnerPrimerSaqueDentro" : 24,
    "winnerPrimerSaqueGanado" : 17,
    "winnerSegundoSaqueGanado" : 21,
    "winnerDobleFalta" : 3,
    "winnerServingPoints" : 60,
    "winnerServingGames" : 8,
    "loserAces" : 7,
    "loserPrimerSaqueDentro" : 27,
    "loserPrimerSaqueGanado" : 19,
    "loserSegundoSaqueGanado" : 6,
    "loserDobleFalta" : 5,
    "loserServingPoints" : 57,
    "loserServingGames" : 7
  }, {
    "torneo" : "Alphen aan den Rijn CH",
    "fecha" : "20110905",
    "superficie" : "Clay",
    "resultado" : "6-3 7-6(4)",
    "contrincante" : "Yannick Mertens",
    "ganador" : true,
    "winnerAces" : 1,
    "winnerPrimerSaqueDentro" : 45,
    "winnerPrimerSaqueGanado" : 32,
    "winnerSegundoSaqueGanado" : 15,
    "winnerDobleFalta" : 2,
    "winnerServingPoints" : 77,
    "winnerServingGames" : 11,
    "loserAces" : 1,
    "loserPrimerSaqueDentro" : 42,
    "loserPrimerSaqueGanado" : 23,
    "loserSegundoSaqueGanado" : 11,
    "loserDobleFalta" : 2,
    "loserServingPoints" : 64,
    "loserServingGames" : 10
  }, {
    "torneo" : "Alphen aan den Rijn CH",
    "fecha" : "20110905",
    "superficie" : "Clay",
    "resultado" : "6-3 7-5",
    "contrincante" : "Grega Zemlja",
    "ganador" : true,
    "winnerAces" : 2,
    "winnerPrimerSaqueDentro" : 43,
    "winnerPrimerSaqueGanado" : 28,
    "winnerSegundoSaqueGanado" : 14,
    "winnerDobleFalta" : 2,
    "winnerServingPoints" : 69,
    "winnerServingGames" : 11,
    "loserAces" : 1,
    "loserPrimerSaqueDentro" : 36,
    "loserPrimerSaqueGanado" : 19,
    "loserSegundoSaqueGanado" : 10,
    "loserDobleFalta" : 2,
    "loserServingPoints" : 59,
    "loserServingGames" : 10
  }, {
    "torneo" : "Alphen aan den Rijn CH",
    "fecha" : "20110905",
    "superficie" : "Clay",
    "resultado" : "6-4 6-2",
    "contrincante" : "Jan Lennard Struff",
    "ganador" : false,
    "winnerAces" : 7,
    "winnerPrimerSaqueDentro" : 32,
    "winnerPrimerSaqueGanado" : 25,
    "winnerSegundoSaqueGanado" : 16,
    "winnerDobleFalta" : 3,
    "winnerServingPoints" : 60,
    "winnerServingGames" : 9,
    "loserAces" : 3,
    "loserPrimerSaqueDentro" : 30,
    "loserPrimerSaqueGanado" : 18,
    "loserSegundoSaqueGanado" : 16,
    "loserDobleFalta" : 4,
    "loserServingPoints" : 62,
    "loserServingGames" : 9
  }, {
    "torneo" : "Salzburg CH",
    "fecha" : "20111114",
    "superficie" : "Hard",
    "resultado" : "6-3 6-3",
    "contrincante" : "Andreas Haider Maurer",
    "ganador" : false,
    "winnerAces" : 5,
    "winnerPrimerSaqueDentro" : 31,
    "winnerPrimerSaqueGanado" : 26,
    "winnerSegundoSaqueGanado" : 17,
    "winnerDobleFalta" : 2,
    "winnerServingPoints" : 59,
    "winnerServingGames" : 9,
    "loserAces" : 2,
    "loserPrimerSaqueDentro" : 25,
    "loserPrimerSaqueGanado" : 19,
    "loserSegundoSaqueGanado" : 11,
    "loserDobleFalta" : 5,