{
  "nombre" : "Jimmy Wang",
  "mano" : "R",
  "nacionalidad" : "TPE",
  "edad" : 26.3983572895,
  "ganar1Saque" : 0.6817124344053722,
  "ganar2Saque" : 0.5431283371789115,
  "primerSaque" : 0.6000546898160662,
  "segundoSaque" : 0.36422747657412574,
  "ganarPuntoSacando" : 0.6068870070774468,
  "ganarPuntoRestando" : 0.4563095419264862,
  "probAce" : 0.034506555646657944,
  "clay" : {
    "nombre" : "Clay",
    "probVictoria" : 0.0,
    "probGanarPrimerSaque" : 0.0,
    "probGanarSegundoSaque" : 0.0,
    "probPrimerSaque" : 0.0,
    "probSegundoSaque" : 0.0,
    "probGanarPuntoSacando" : 0.0,
    "probGanarPuntoRestando" : 0.0,
    "probAce" : 0.0
  },
  "grass" : {
    "nombre" : "Grass",
    "probVictoria" : 0.800000011920929,
    "probGanarPrimerSaque" : 0.8941367119550705,
    "probGanarSegundoSaque" : 0.6314362227916718,
    "probPrimerSaque" : 0.5852725028991699,
    "probSegundoSaque" : 0.3843836009502411,
    "probGanarPuntoSacando" : 0.7660273604270598,
    "probGanarPuntoRestando" : 0.5297901502318849,
    "probAce" : 0.0
  },
  "hard" : {
    "nombre" : "Hard",
    "probVictoria" : 0.6153846383094788,
    "probGanarPrimerSaque" : 0.662632405757904,
    "probGanarSegundoSaque" : 0.5282387458361112,
    "probPrimerSaque" : 0.5948790724460895,
    "probSegundoSaque" : 0.36660436942027164,
    "probGanarPuntoSacando" : 0.5878407832305854,
    "probGanarPuntoRestando" : 0.4426142950610117,
    "probAce" : 0.0
  },
  "other" : {
    "nombre" : "Other",
    "probVictoria" : 0.3333333432674408,
    "probGanarPrimerSaque" : 0.7083976666132609,
    "probGanarSegundoSaque" : 0.46047009030977887,
    "probPrimerSaque" : 0.6471193432807922,
    "probSegundoSaque" : 0.3203340669473012,
    "probGanarPuntoSacando" : 0.6059220895369415,
    "probGanarPuntoRestando" : 0.3931879311678774,
    "probAce" : 0.0
  },
  "partidos" : [ {
    "torneo" : "Newport",
    "fecha" : "20110704",
    "superficie" : "Grass",
    "resultado" : "4-6 7-5 6-2",
    "contrincante" : "Igor Kunitsyn",
    "ganador" : true,
    "winnerAces" : 4,
    "winnerPrimerSaqueDentro" : 55,
    "winnerPrimerSaqueGanado" : 39,
    "winnerSegundoSaqueGanado" : 18,
    "winnerDobleFalta" : 2,
    "winnerServingPoints" : 95,
    "winnerServingGames" : 15,
    "loserAces" : 4,
    "loserPrimerSaqueDentro" : 51,
    "loserPrimerSaqueGanado" : 29,
    "loserSegundoSaqueGanado" : 20,
    "loserDobleFalta" : 5,
    "loserServingPoints" : 97,
    "loserServingGames" : 15
  }, {
    "torneo" : "Newport",
    "fecha" : "20110704",
    "superficie" : "Grass",
    "resultado" : "7-5 6-4",
    "contrincante" : "Edouard Roger Vasselin",
    "ganador" : false,
    "winnerAces" : 1,
    "winnerPrimerSaqueDentro" : 39,
    "winnerPrimerSaqueGanado" : 25,
    "winnerSegundoSaqueGanado" : 11,
    "winnerDobleFalta" : 4,
    "winnerServingPoints" : 59,
    "winnerServingGames" : 11,
    "loserAces" : 0,
    "loserPrimerSaqueDentro" : 43,
    "loserPrimerSaqueGanado" : 25,
    "loserSegundoSaqueGanado" : 14,
    "loserDobleFalta" : 2,
    "loserServingPoints" : 76,
    "loserServingGames" : 11
  }, {
    "torneo" : "Seoul CH",
    "fecha" : "20111017",
    "superficie" : "Hard",
    "resultado" : "6-2 7-5",
    "contrincante" : "Danai Udomchoke",
    "ganador" : true,
    "winnerAces" : 3,
    "winnerPrimerSaqueDentro" : 41,
    "winnerPrimerSaqueGanado" : 30,
    "winnerSegundoSaqueGanado" : 11,
    "winnerDobleFalta" : 3,
    "winnerServingPoints" : 69,
    "winnerServingGames" : 10,
    "loserAces" : 0,
    "loserPrimerSaqueDentro" : 34,
    "loserPrimerSaqueGanado" : 22,
    "loserSegundoSaqueGanado" : 8,
    "loserDobleFalta" : 3,
    "loserServingPoints" : 55,
    "loserServingGames" : 10
  }, {
    "torneo" : "Seoul CH",
    "fecha" : "20111017",
    "superficie" : "Hard",
    "resultado" : "6-4 6-2",
    "contrincante" : "Tatsuma Ito",
    "ganador" : true,
    "winnerAces" : 0,
    "winnerPrimerSaqueDentro" : 32,
    "winnerPrimerSaqueGanado" : 20,
    "winnerSegundoSaqueGanado" : 9,
    "winnerDobleFalta" : 1,
    "winnerServingPoints" : 50,
    "winnerServingGames" : 9,
    "loserAces" : 1,
    "loserPrimerSaqueDentro" : 24,
    "loserPrimerSaqueGanado" : 14,
    "loserSegundoSaqueGanado" : 9,
    "loserDobleFalta" : 3,
    "loserServingPoints" : 53,
    "loserServingGames" : 9
  }, {
    "torneo" : "Seoul CH",
    "fecha" : "20111017",
    "superficie" : "Hard",
    "resultado" : "5-7 6-0 7-5",
    "contrincante" : "Tsung Hua Yang",
    "ganador" : true,
    "winnerAces" : 1,
    "winnerPrimerSaqueDentro" : 56,
    "winnerPrimerSaqueGanado" : 38,
    "winnerSegundoSaqueGanado" : 20,
    "winnerDobleFalta" : 4,
    "winnerServingPoints" : 95,
    "winnerServingGames" : 15,
    "loserAces" : 2,
    "loserPrimerSaqueDentro" : 75,
    "loserPrimerSaqueGanado" : 42,
    "loserSegundoSaqueGanado" : 15,
    "loserDobleFalta" : 3,
    "loserServingPoints" : 112,
    "loserServingGames" : 15
  }, {
    "torneo" : "Seoul CH",
    "fecha" : "20111017",
    "superficie" : "Hard",
    "resultado" : "4-6 6-3 6-4",
    "contrincante" : "Amer Delic",
    "ganador" : true,
    "winnerAces" : 5,
    "winnerPrimerSaqueDentro" : 50,
    "winnerPrimerSaqueGanado" : 36,
    "winnerSegundoSaqueGanado" : 22,
    "winnerDobleFalta" : 3,
    "winnerServingPoints" : 88,
    "winnerServingGames" : 15,
    "loserAces" : 5,
    "loserPrimerSaqueDentro" : 54,
    "loserPrimerSaqueGanado" : 37,
    "loserSegundoSaqueGanado" : 13,
    "loserDobleFalta" : 1,
    "loserServingPoints" : 86,
    "loserServingGames" : 14
  }, {
    "torneo" : "Seoul CH",
    "fecha" : "20111017",
    "superficie" : "Hard",
    "resultado" : "7-5 6-3",
    "contrincante" : "Yen Hsun Lu",
    "ganador" : false,
    "winnerAces" : 8,
    "winnerPrimerSaqueDentro" : 44,
    "winnerPrimerSaqueGanado" : 30,
    "winnerSegundoSaqueGanado" : 15,
    "winnerDobleFalta" : 3,
    "winnerServingPoints" : 73,
    "winnerServingGames" : 10,
    "loserAces" : 2,
    "loserPrimerSaqueDentro" : 39,
    "loserPrimerSaqueGanado" : 24,
    "loserSegundoSaqueGanado" : 15,
    "loserDobleFalta" : 4,
    "loserServingPoints" : 71,
    "loserServingGames" : 11
  }, {
    "torneo" : "Wolfsburg CH",
    "fecha" : "20110221",
    "superficie" : "Carpet",
    "resultado" : "7-5 6-2",
    "contrincante" : "Dominik Meffert",
    "ganador" : false,
    "winnerAces" : 8,
    "winnerPrimerSaqueDentro" : 48,
    "winnerPrimerSaqueGanado" : 35,
    "winnerSegundoSaqueGanado" : 15,
    "winnerDobleFalta" : 3,
    "winnerServingPoints" : 87,
    "winnerServingGames" : 10,
    "loserAces" : 3,
    "loserPrimerSaqueDentro" : 37,
    "loserPrimerSaqueGanado" : 23,
    "loserSegundoSaqueGanado" : 11,
    "loserDobleFalta" : 5,
    "loserServingPoints" : 68,
    "loserServingGames" : 10
  }, {
    "torneo" : "Aptos CH",
    "fecha" : "20110711",
    "superficie" : "Hard",
    "resultado" : "6-3 6-3",
    "contrincante" : "Amer Delic",
    "ganador" : true,
    "winnerAces" : 0,
    "winnerPrimerSaqueDentro" : 29,
    "winnerPrimerSaqueGanado" : 21,
    "winnerSegundoSaqueGanado" : 13,
    "winnerDobleFalta" : 1,
    "winnerServingPoints" : 49,
    "winnerServingGames" : 9,
    "loserAces" : 7,
    "loserPrimerSaqueDentro" : 26,
    "loserPrimerSaqueGanado" : 16,
    "loserSegundoSaqueGanado" : 9,
    "loserDobleFalta" : 0,
    "loserServingPoints" : 49,
    "loserServingGames" : 9
  }, {
    "torneo" : "Aptos CH",
    "fecha" : "20110711",
    "superficie" : "Hard",
    "resultado" : "6-2 6-4",
    "contrincante" : "Laurynas Grigelis",
    "ganador" : false,
    "winnerAces" : 1,
    "winnerPrimerSaqueDentro" : 33,
    "winnerPrimerSaqueGanado" : 23,
    "winnerSegundoSaqueGanado" : 7,
    "winnerDobleFalta" : 4,
    "winnerServingPoints" : 52,
    "winnerServingGames" : 9,
    "loserAces" : 0,
    "loserPrimerSaqueDentro" : 41,
    "loserPrimerSaqueGanado" : 18,
    "loserSegundoSaqueGanado" : 4,
    "loserDobleFalta" : 1,
    "loserServingPoints" : 57,