{
  "nombre" : "Marek Semjan",
  "mano" : "U",
  "nacionalidad" : "SVK",
  "edad" : 23.2334017796,
  "ganar1Saque" : 0.6859321764537266,
  "ganar2Saque" : 0.5331864541485196,
  "primerSaque" : 0.6182921841031029,
  "segundoSaque" : 0.3226419978198551,
  "ganarPuntoSacando" : 0.5961348463031326,
  "ganarPuntoRestando" : 0.3673370885755625,
  "probAce" : 0.06179775297641754,
  "clay" : {
    "nombre" : "Clay",
    "probVictoria" : 0.0,
    "probGanarPrimerSaque" : 0.6455946820122855,
    "probGanarSegundoSaque" : 0.5469118569578443,
    "probPrimerSaque" : 0.5991642389978681,
    "probSegundoSaque" : 0.33535067311355043,
    "probGanarPuntoSacando" : 0.5702245057135567,
    "probGanarPuntoRestando" : 0.334758714326838,
    "probAce" : 0.0
  },
  "grass" : {
    "nombre" : "Grass",
    "probVictoria" : 0.0,
    "probGanarPrimerSaque" : 0.0,
    "probGanarSegundoSaque" : 0.0,
    "probPrimerSaque" : 0.0,
    "probSegundoSaque" : 0.0,
    "probGanarPuntoSacando" : 0.0,
    "probGanarPuntoRestando" : 0.0,
    "probAce" : 0.0
  },
  "hard" : {
    "nombre" : "Hard",
    "probVictoria" : 0.3076923191547394,
    "probGanarPrimerSaque" : 0.7027240716494046,
    "probGanarSegundoSaque" : 0.5257845520973206,
    "probPrimerSaque" : 0.6316671509009141,
    "probSegundoSaque" : 0.312813958296409,
    "probGanarPuntoSacando" : 0.6083604591609366,
    "probGanarPuntoRestando" : 0.386891646534804,
    "probAce" : 0.0
  },
  "other" : {
    "nombre" : "Other",
    "probVictoria" : 0.0,
    "probGanarPrimerSaque" : 0.75,
    "probGanarSegundoSaque" : 0.5333333611488342,
    "probPrimerSaque" : 0.5783132314682007,
    "probSegundoSaque" : 0.3614457845687866,
    "probGanarPuntoSacando" : 0.6265060187582989,
    "probGanarPuntoRestando" : 0.34117645484649617,
    "probAce" : 0.0
  },
  "partidos" : [ {
    "torneo" : "Kazan CH",
    "fecha" : "20110131",
    "superficie" : "Hard",
    "resultado" : "2-6 6-3 6-3",
    "contrincante" : "Alexander Bury",
    "ganador" : false,
    "winnerAces" : 12,
    "winnerPrimerSaqueDentro" : 47,
    "winnerPrimerSaqueGanado" : 38,
    "winnerSegundoSaqueGanado" : 17,
    "winnerDobleFalta" : 6,
    "winnerServingPoints" : 88,
    "winnerServingGames" : 13,
    "loserAces" : 4,
    "loserPrimerSaqueDentro" : 57,
    "loserPrimerSaqueGanado" : 40,
    "loserSegundoSaqueGanado" : 23,
    "loserDobleFalta" : 8,
    "loserServingPoints" : 111,
    "loserServingGames" : 13
  }, {
    "torneo" : "Beijing CH",
    "fecha" : "20110801",
    "superficie" : "Hard",
    "resultado" : "6-3 7-6(5)",
    "contrincante" : "Yong Kyu Lim",
    "ganador" : false,
    "winnerAces" : 9,
    "winnerPrimerSaqueDentro" : 37,
    "winnerPrimerSaqueGanado" : 30,
    "winnerSegundoSaqueGanado" : 20,
    "winnerDobleFalta" : 1,
    "winnerServingPoints" : 66,
    "winnerServingGames" : 11,
    "loserAces" : 9,
    "loserPrimerSaqueDentro" : 40,
    "loserPrimerSaqueGanado" : 29,
    "loserSegundoSaqueGanado" : 16,
    "loserDobleFalta" : 3,
    "loserServingPoints" : 67,
    "loserServingGames" : 10
  }, {
    "torneo" : "Samarkand CH",
    "fecha" : "20110808",
    "superficie" : "Clay",
    "resultado" : "6-7(5) 6-4 6-1",
    "contrincante" : "Andrey Kuznetsov",
    "ganador" : false,
    "winnerAces" : 3,
    "winnerPrimerSaqueDentro" : 53,
    "winnerPrimerSaqueGanado" : 43,
    "winnerSegundoSaqueGanado" : 23,
    "winnerDobleFalta" : 3,
    "winnerServingPoints" : 94,
    "winnerServingGames" : 15,
    "loserAces" : 7,
    "loserPrimerSaqueDentro" : 54,
    "loserPrimerSaqueGanado" : 34,
    "loserSegundoSaqueGanado" : 29,
    "loserDobleFalta" : 8,
    "loserServingPoints" : 112,
    "loserServingGames" : 14
  }, {
    "torneo" : "Cherbourg CH",
    "fecha" : "20110228",
    "superficie" : "Hard",
    "resultado" : "1-6 7-6(3) 6-3",
    "contrincante" : "Andreas Beck",
    "ganador" : true,
    "winnerAces" : 10,
    "winnerPrimerSaqueDentro" : 59,
    "winnerPrimerSaqueGanado" : 39,
    "winnerSegundoSaqueGanado" : 21,
    "winnerDobleFalta" : 6,
    "winnerServingPoints" : 98,
    "winnerServingGames" : 15,
    "loserAces" : 3,
    "loserPrimerSaqueDentro" : 46,
    "loserPrimerSaqueGanado" : 37,
    "loserSegundoSaqueGanado" : 14,
    "loserDobleFalta" : 3,
    "loserServingPoints" : 76,
    "loserServingGames" : 13
  }, {
    "torneo" : "Cherbourg CH",
    "fecha" : "20110228",
    "superficie" : "Hard",
    "resultado" : "6-2 2-6 6-2",
    "contrincante" : "Alexandre Sidorenko",
    "ganador" : true,
    "winnerAces" : 2,
    "winnerPrimerSaqueDentro" : 56,
    "winnerPrimerSaqueGanado" : 37,
    "winnerSegundoSaqueGanado" : 17,
    "winnerDobleFalta" : 5,
    "winnerServingPoints" : 95,
    "winnerServingGames" : 12,
    "loserAces" : 6,
    "loserPrimerSaqueDentro" : 45,
    "loserPrimerSaqueGanado" : 25,
    "loserSegundoSaqueGanado" : 22,
    "loserDobleFalta" : 3,
    "loserServingPoints" : 86,
    "loserServingGames" : 12
  }, {
    "torneo" : "Cherbourg CH",
    "fecha" : "20110228",
    "superficie" : "Hard",
    "resultado" : "6-2 6-1",
    "contrincante" : "Karol Beck",
    "ganador" : false,
    "winnerAces" : 2,
    "winnerPrimerSaqueDentro" : 26,
    "winnerPrimerSaqueGanado" : 18,
    "winnerSegundoSaqueGanado" : 14,
    "winnerDobleFalta" : 0,
    "winnerServingPoints" : 50,
    "winnerServingGames" : 8,
    "loserAces" : 3,
    "loserPrimerSaqueDentro" : 27,
    "loserPrimerSaqueGanado" : 17,
    "loserSegundoSaqueGanado" : 3,
    "loserDobleFalta" : 5,
    "loserServingPoints" : 44,
    "loserServingGames" : 7
  }, {
    "torneo" : "Penza CH",
    "fecha" : "20110717",
    "superficie" : "Hard",
    "resultado" : "6-3 6-7(1) 6-1",
    "contrincante" : "Valery Rudnev",
    "ganador" : false,
    "winnerAces" : 2,
    "winnerPrimerSaqueDentro" : 64,
    "winnerPrimerSaqueGanado" : 40,
    "winnerSegundoSaqueGanado" : 16,
    "winnerDobleFalta" : 2,
    "winnerServingPoints" : 94,
    "winnerServingGames" : 15,
    "loserAces" : 2,
    "loserPrimerSaqueDentro" : 57,
    "loserPrimerSaqueGanado" : 35,
    "loserSegundoSaqueGanado" : 11,
    "loserDobleFalta" : 1,
    "loserServingPoints" : 86,
    "loserServingGames" : 13
  }, {
    "torneo" : "Wolfsburg CH",
    "fecha" : "20110221",
    "superficie" : "Carpet",
    "resultado" : "2-6 6-4 6-2",
    "contrincante" : "Ruben Bemelmans",
    "ganador" : false,
    "winnerAces" : 6,
    "winnerPrimerSaqueDentro" : 52,
    "winnerPrimerSaqueGanado" : 38,
    "winnerSegundoSaqueGanado" : 18,
    "winnerDobleFalta" : 6,
    "winnerServingPoints" : 85,
    "winnerServingGames" : 13,
    "loserAces" : 8,
    "loserPrimerSaqueDentro" : 48,
    "loserPrimerSaqueGanado" : 36,
    "loserSegundoSaqueGanado" : 16,
    "loserDobleFalta" : 5,
    "loserServingPoints" : 83,
    "loserServingGames" : 13
  }, {
    "torneo" : "Marrakech CH",
    "fecha" : "20110321",
    "superficie" : "Clay",
    "resultado" : "6-3 6-4",
    "contrincante" : "Vincent Millot",
    "ganador" : false,
    "winnerAces" : 0,
    "winnerPrimerSaqueDentro" : 42,
    "winnerPrimerSaqueGanado" : 31,
    "winnerSegundoSaqueGanado" : 8,
    "winnerDobleFalta" : 5,
    "winnerServingPoints" : 60,
    "winnerServingGames" : 10,
    "loserAces" : 1,
    "loserPrimerSaqueDentro" : 42,
    "loserPrimerSaqueGanado" : 25,
    "loserSegundoSaqueGanado" : 6,
    "loserDobleFalta" : 5,
    "loserServingPoints" : 56,
    "loserServingGames" : 9
  }, {
    "torneo" : "Ostrava CH",
    "fecha" : "20110425",
    "superficie" : "Clay",
    "resultado" : "4-6 6-0 7-5",
    "contrincante" : "Stephane Robert",
    "ganador" : false,
    "winnerAces" : 2,
    "winnerPrimerSaqueDentro" : 38,
    "winnerPrimerSaqueGanado" : 31,
    "winnerSegundoSaqueGanado" : 22,
    "winnerDobleFalta" : 3,
    "winnerServingPoints" : 75,
    "winnerServingGames" : 14,
    "loserAces" : 3,
    "loserPrimerSaqueDentro" : 51,
    "loserPrimerSaqueGanado" : 29,
    "loserSegundoSaqueGanado" : 21,
    "loserDobleFalta" : 2,
    "loserServingPoints" : 87,