{
  "nombre" : "Matteo Trevisan",
  "mano" : "U",
  "nacionalidad" : "ITA",
  "edad" : 21.3908281999,
  "ganar1Saque" : 0.6699858925960682,
  "ganar2Saque" : 0.5363425612449646,
  "primerSaque" : 0.5877882650604954,
  "segundoSaque" : 0.35684342627172116,
  "ganarPuntoSacando" : 0.5852001626340539,
  "ganarPuntoRestando" : 0.350458464211625,
  "probAce" : 0.034978438168764114,
  "clay" : {
    "nombre" : "Clay",
    "probVictoria" : 0.30434781312942505,
    "probGanarPrimerSaque" : 0.6652715257976366,
    "probGanarSegundoSaque" : 0.5446863459504169,
    "probPrimerSaque" : 0.602781715600387,
    "probSegundoSaque" : 0.34200542258179706,
    "probGanarPuntoSacando" : 0.5872991955816937,
    "probGanarPuntoRestando" : 0.3621692208584144,
    "probAce" : 0.0
  },
  "grass" : {
    "nombre" : "Grass",
    "probVictoria" : 0.0,
    "probGanarPrimerSaque" : 0.0,
    "probGanarSegundoSaque" : 0.0,
    "probPrimerSaque" : 0.0,
    "probSegundoSaque" : 0.0,
    "probGanarPuntoSacando" : 0.0,
    "probGanarPuntoRestando" : 0.0,
    "probAce" : 0.0
  },
  "hard" : {
    "nombre" : "Hard",
    "probVictoria" : 0.0,
    "probGanarPrimerSaque" : 0.6794580022493998,
    "probGanarSegundoSaque" : 0.49242423971494037,
    "probPrimerSaque" : 0.4926672677199046,
    "probSegundoSaque" : 0.45747379461924237,
    "probGanarPuntoSacando" : 0.5600179030035258,
    "probGanarPuntoRestando" : 0.310828824563576,
    "probAce" : 0.0
  },
  "other" : {
    "nombre" : "Other",
    "probVictoria" : 0.0,
    "probGanarPrimerSaque" : 0.75,
    "probGanarSegundoSaque" : 0.4761904776096344,
    "probPrimerSaque" : 0.5283018946647644,
    "probSegundoSaque" : 0.3962264060974121,
    "probGanarPuntoSacando" : 0.5849056625596489,
    "probGanarPuntoRestando" : 0.19999998027961396,
    "probAce" : 0.0
  },
  "partidos" : [ {
    "torneo" : "Sao Paulo CH",
    "fecha" : "20110103",
    "superficie" : "Hard",
    "resultado" : "4-6 6-3 6-1",
    "contrincante" : "Joao Souza",
    "ganador" : false,
    "winnerAces" : 13,
    "winnerPrimerSaqueDentro" : 44,
    "winnerPrimerSaqueGanado" : 34,
    "winnerSegundoSaqueGanado" : 19,
    "winnerDobleFalta" : 0,
    "winnerServingPoints" : 73,
    "winnerServingGames" : 13,
    "loserAces" : 6,
    "loserPrimerSaqueDentro" : 41,
    "loserPrimerSaqueGanado" : 30,
    "loserSegundoSaqueGanado" : 21,
    "loserDobleFalta" : 5,
    "loserServingPoints" : 88,
    "loserServingGames" : 13
  }, {
    "torneo" : "Ortisei CH",
    "fecha" : "20111107",
    "superficie" : "Carpet",
    "resultado" : "6-3 6-2",
    "contrincante" : "Marius Copil",
    "ganador" : false,
    "winnerAces" : 19,
    "winnerPrimerSaqueDentro" : 35,
    "winnerPrimerSaqueGanado" : 31,
    "winnerSegundoSaqueGanado" : 5,
    "winnerDobleFalta" : 2,
    "winnerServingPoints" : 45,
    "winnerServingGames" : 9,
    "loserAces" : 2,
    "loserPrimerSaqueDentro" : 28,
    "loserPrimerSaqueGanado" : 21,
    "loserSegundoSaqueGanado" : 10,
    "loserDobleFalta" : 4,
    "loserServingPoints" : 53,
    "loserServingGames" : 8
  }, {
    "torneo" : "Milan CH",
    "fecha" : "20110613",
    "superficie" : "Clay",
    "resultado" : "7-5 RET",
    "contrincante" : "Kevin Kim",
    "ganador" : false,
    "winnerAces" : 2,
    "winnerPrimerSaqueDentro" : 22,
    "winnerPrimerSaqueGanado" : 15,
    "winnerSegundoSaqueGanado" : 6,
    "winnerDobleFalta" : 4,
    "winnerServingPoints" : 39,
    "winnerServingGames" : 6,
    "loserAces" : 1,
    "loserPrimerSaqueDentro" : 22,
    "loserPrimerSaqueGanado" : 11,
    "loserSegundoSaqueGanado" : 4,
    "loserDobleFalta" : 3,
    "loserServingPoints" : 33,
    "loserServingGames" : 6
  }, {
    "torneo" : "Napoli CH",
    "fecha" : "20110418",
    "superficie" : "Clay",
    "resultado" : "6-3 6-4",
    "contrincante" : "Antonio Veic",
    "ganador" : true,
    "winnerAces" : 1,
    "winnerPrimerSaqueDentro" : 49,
    "winnerPrimerSaqueGanado" : 35,
    "winnerSegundoSaqueGanado" : 11,
    "winnerDobleFalta" : 1,
    "winnerServingPoints" : 71,
    "winnerServingGames" : 10,
    "loserAces" : 0,
    "loserPrimerSaqueDentro" : 36,
    "loserPrimerSaqueGanado" : 23,
    "loserSegundoSaqueGanado" : 13,
    "loserDobleFalta" : 2,
    "loserServingPoints" : 60,
    "loserServingGames" : 9
  }, {
    "torneo" : "Napoli CH",
    "fecha" : "20110418",
    "superficie" : "Clay",
    "resultado" : "7-6(7) 6-7(4) 6-1",
    "contrincante" : "Daniel Munoz De La Nava",
    "ganador" : true,
    "winnerAces" : 1,
    "winnerPrimerSaqueDentro" : 77,
    "winnerPrimerSaqueGanado" : 50,
    "winnerSegundoSaqueGanado" : 21,
    "winnerDobleFalta" : 5,
    "winnerServingPoints" : 115,
    "winnerServingGames" : 16,
    "loserAces" : 2,
    "loserPrimerSaqueDentro" : 45,
    "loserPrimerSaqueGanado" : 28,
    "loserSegundoSaqueGanado" : 28,
    "loserDobleFalta" : 5,
    "loserServingPoints" : 101,
    "loserServingGames" : 15
  }, {
    "torneo" : "Napoli CH",
    "fecha" : "20110418",
    "superficie" : "Clay",
    "resultado" : "7-6(8) 6-1",
    "contrincante" : "Andreas Haider Maurer",
    "ganador" : false,
    "winnerAces" : 5,
    "winnerPrimerSaqueDentro" : 59,
    "winnerPrimerSaqueGanado" : 43,
    "winnerSegundoSaqueGanado" : 9,
    "winnerDobleFalta" : 2,
    "winnerServingPoints" : 79,
    "winnerServingGames" : 10,
    "loserAces" : 1,
    "loserPrimerSaqueDentro" : 54,
    "loserPrimerSaqueGanado" : 33,
    "loserSegundoSaqueGanado" : 4,
    "loserDobleFalta" : 0,
    "loserServingPoints" : 62,
    "loserServingGames" : 9
  }, {
    "torneo" : "San Benedetto CH",
    "fecha" : "20110704",
    "superficie" : "Clay",
    "resultado" : "6-4 3-6 7-6(3)",
    "contrincante" : "Pere Riba",
    "ganador" : false,
    "winnerAces" : 8,
    "winnerPrimerSaqueDentro" : 52,
    "winnerPrimerSaqueGanado" : 35,
    "winnerSegundoSaqueGanado" : 24,
    "winnerDobleFalta" : 4,
    "winnerServingPoints" : 96,
    "winnerServingGames" : 15,
    "loserAces" : 4,
    "loserPrimerSaqueDentro" : 56,
    "loserPrimerSaqueGanado" : 42,
    "loserSegundoSaqueGanado" : 19,
    "loserDobleFalta" : 5,
    "loserServingPoints" : 95,
    "loserServingGames" : 16
  }, {
    "torneo" : "Caltanissetta CH",
    "fecha" : "20110321",
    "superficie" : "Clay",
    "resultado" : "7-5 2-6 7-6(3)",
    "contrincante" : "Daniele Giorgini",
    "ganador" : true,
    "winnerAces" : 4,
    "winnerPrimerSaqueDentro" : 54,
    "winnerPrimerSaqueGanado" : 41,
    "winnerSegundoSaqueGanado" : 23,
    "winnerDobleFalta" : 5,
    "winnerServingPoints" : 105,
    "winnerServingGames" : 16,
    "loserAces" : 2,
    "loserPrimerSaqueDentro" : 56,
    "loserPrimerSaqueGanado" : 40,
    "loserSegundoSaqueGanado" : 26,
    "loserDobleFalta" : 5,
    "loserServingPoints" : 102,
    "loserServingGames" : 16
  }, {
    "torneo" : "Caltanissetta CH",
    "fecha" : "20110321",
    "superficie" : "Clay",
    "resultado" : "6-3 4-6 7-5",
    "contrincante" : "Matteo Viola",
    "ganador" : false,
    "winnerAces" : 0,
    "winnerPrimerSaqueDentro" : 68,
    "winnerPrimerSaqueGanado" : 45,
    "winnerSegundoSaqueGanado" : 10,
    "winnerDobleFalta" : 5,
    "winnerServingPoints" : 92,
    "winnerServingGames" : 15,
    "loserAces" : 1,
    "loserPrimerSaqueDentro" : 66,
    "loserPrimerSaqueGanado" : 44,
    "loserSegundoSaqueGanado" : 22,
    "loserDobleFalta" : 8,
    "loserServingPoints" : 120,
    "loserServingGames" : 16
  }, {
    "torneo" : "San Marino CH",
    "fecha" : "20110808",
    "superficie" : "Clay",
    "resultado" : "3-6 6-3 6-2",
    "contrincante" : "Pere Riba",
    "ganador" : false,
    "winnerAces" : 11,
    "winnerPrimerSaqueDentro" : 42,
    "winnerPrimerSaqueGanado" : 33,
    "winnerSegundoSaqueGanado" : 21,
    "winnerDobleFalta" : 3,
    "winnerServingPoints" : 77,
    "winnerServingGames" : 13,
    "loserAces" : 6,
    "loserPrimerSaqueDentro" : 47,
    "loserPrimerSaqueGanado" : 34,
    "loserSegundoSaqueGanado" : 21,
    "loserDobleFalta" : 7,
    "loserServingPoints" : 90,