{
  "nombre" : "Miloslav Mecir",
  "mano" : "U",
  "nacionalidad" : "SVK",
  "edad" : 23.1649555099,
  "ganar1Saque" : 0.6595649553669823,
  "ganar2Saque" : 0.5632456855641471,
  "primerSaque" : 0.6618531246980032,
  "segundoSaque" : 0.31300921241442364,
  "ganarPuntoSacando" : 0.612836215085192,
  "ganarPuntoRestando" : 0.3277055196371812,
  "probAce" : 0.06494464725255966,
  "clay" : {
    "nombre" : "Clay",
    "probVictoria" : 0.6000000238418579,
    "probGanarPrimerSaque" : 0.7273305416107178,
    "probGanarSegundoSaque" : 0.5643948256969452,
    "probPrimerSaque" : 0.6384324073791504,
    "probSegundoSaque" : 0.33217487931251527,
    "probGanarPuntoSacando" : 0.6518291717514028,
    "probGanarPuntoRestando" : 0.36670156832551354,
    "probAce" : 0.0
  },
  "grass" : {
    "nombre" : "Grass",
    "probVictoria" : 0.5,
    "probGanarPrimerSaque" : 1.2002419829368591,
    "probGanarSegundoSaque" : 0.6660079061985016,
    "probPrimerSaque" : 0.7012194991111755,
    "probSegundoSaque" : 0.27439025044441223,
    "probGanarPuntoSacando" : 1.024379158266954,
    "probGanarPuntoRestando" : 0.3764014100385157,
    "probAce" : 0.0
  },
  "hard" : {
    "nombre" : "Hard",
    "probVictoria" : 0.25,
    "probGanarPrimerSaque" : 0.6395704096013849,
    "probGanarSegundoSaque" : 0.5440393090248108,
    "probPrimerSaque" : 0.6653413826769049,
    "probSegundoSaque" : 0.3113191750916568,
    "probGanarPuntoSacando" : 0.5949025295464588,
    "probGanarPuntoRestando" : 0.3033411842834871,
    "probAce" : 0.0
  },
  "other" : {
    "nombre" : "Other",
    "probVictoria" : 0.0,
    "probGanarPrimerSaque" : 0.0,
    "probGanarSegundoSaque" : 0.0,
    "probPrimerSaque" : 0.0,
    "probSegundoSaque" : 0.0,
    "probGanarPuntoSacando" : 0.0,
    "probGanarPuntoRestando" : 0.0,
    "probAce" : 0.0
  },
  "partidos" : [ {
    "torneo" : "Bath CH",
    "fecha" : "20110321",
    "superficie" : "Hard",
    "resultado" : "1-0 RET",
    "contrincante" : "Frederik Nielsen",
    "ganador" : false,
    "winnerAces" : 1,
    "winnerPrimerSaqueDentro" : 2,
    "winnerPrimerSaqueGanado" : 2,
    "winnerSegundoSaqueGanado" : 2,
    "winnerDobleFalta" : 0,
    "winnerServingPoints" : 4,
    "winnerServingGames" : 1,
    "loserAces" : 0,
    "loserPrimerSaqueDentro" : 0,
    "loserPrimerSaqueGanado" : 0,
    "loserSegundoSaqueGanado" : 0,
    "loserDobleFalta" : 0,
    "loserServingPoints" : 0,
    "loserServingGames" : 0
  }, {
    "torneo" : "Kazan CH",
    "fecha" : "20110131",
    "superficie" : "Hard",
    "resultado" : "6-4 6-1",
    "contrincante" : "Andreas Beck",
    "ganador" : false,
    "winnerAces" : 2,
    "winnerPrimerSaqueDentro" : 42,
    "winnerPrimerSaqueGanado" : 31,
    "winnerSegundoSaqueGanado" : 7,
    "winnerDobleFalta" : 0,
    "winnerServingPoints" : 62,
    "winnerServingGames" : 9,
    "loserAces" : 2,
    "loserPrimerSaqueDentro" : 38,
    "loserPrimerSaqueGanado" : 19,
    "loserSegundoSaqueGanado" : 7,
    "loserDobleFalta" : 1,
    "loserServingPoints" : 54,
    "loserServingGames" : 8
  }, {
    "torneo" : "Astana2 CH",
    "fecha" : "20110822",
    "superficie" : "Hard",
    "resultado" : "5-7 6-2 6-2",
    "contrincante" : "Mikhail Elgin",
    "ganador" : false,
    "winnerAces" : 2,
    "winnerPrimerSaqueDentro" : 50,
    "winnerPrimerSaqueGanado" : 33,
    "winnerSegundoSaqueGanado" : 22,
    "winnerDobleFalta" : 2,
    "winnerServingPoints" : 82,
    "winnerServingGames" : 14,
    "loserAces" : 3,
    "loserPrimerSaqueDentro" : 58,
    "loserPrimerSaqueGanado" : 36,
    "loserSegundoSaqueGanado" : 15,
    "loserDobleFalta" : 4,
    "loserServingPoints" : 87,
    "loserServingGames" : 14
  }, {
    "torneo" : "Samarkand CH",
    "fecha" : "20110808",
    "superficie" : "Clay",
    "resultado" : "7-5 6-3",
    "contrincante" : "Mikhail Vasiliev",
    "ganador" : true,
    "winnerAces" : 6,
    "winnerPrimerSaqueDentro" : 33,
    "winnerPrimerSaqueGanado" : 27,
    "winnerSegundoSaqueGanado" : 15,
    "winnerDobleFalta" : 1,
    "winnerServingPoints" : 55,
    "winnerServingGames" : 11,
    "loserAces" : 2,
    "loserPrimerSaqueDentro" : 33,
    "loserPrimerSaqueGanado" : 20,
    "loserSegundoSaqueGanado" : 18,
    "loserDobleFalta" : 0,
    "loserServingPoints" : 67,
    "loserServingGames" : 10
  }, {
    "torneo" : "Samarkand CH",
    "fecha" : "20110808",
    "superficie" : "Clay",
    "resultado" : "6-7(6) 6-0 7-6(3)",
    "contrincante" : "Jonathan Dasnieres De Veigy",
    "ganador" : true,
    "winnerAces" : 8,
    "winnerPrimerSaqueDentro" : 84,
    "winnerPrimerSaqueGanado" : 59,
    "winnerSegundoSaqueGanado" : 19,
    "winnerDobleFalta" : 3,
    "winnerServingPoints" : 120,
    "winnerServingGames" : 15,
    "loserAces" : 8,
    "loserPrimerSaqueDentro" : 74,
    "loserPrimerSaqueGanado" : 52,
    "loserSegundoSaqueGanado" : 13,
    "loserDobleFalta" : 1,
    "loserServingPoints" : 105,
    "loserServingGames" : 15
  }, {
    "torneo" : "Samarkand CH",
    "fecha" : "20110808",
    "superficie" : "Clay",
    "resultado" : "7-6(7) 6-4",
    "contrincante" : "Victor Crivoi",
    "ganador" : true,
    "winnerAces" : 7,
    "winnerPrimerSaqueDentro" : 49,
    "winnerPrimerSaqueGanado" : 38,
    "winnerSegundoSaqueGanado" : 8,
    "winnerDobleFalta" : 1,
    "winnerServingPoints" : 67,
    "winnerServingGames" : 11,
    "loserAces" : 8,
    "loserPrimerSaqueDentro" : 47,
    "loserPrimerSaqueGanado" : 27,
    "loserSegundoSaqueGanado" : 20,
    "loserDobleFalta" : 8,
    "loserServingPoints" : 86,
    "loserServingGames" : 11
  }, {
    "torneo" : "Samarkand CH",
    "fecha" : "20110808",
    "superficie" : "Clay",
    "resultado" : "7-6(4) 6-3",
    "contrincante" : "Malek Jaziri",
    "ganador" : false,
    "winnerAces" : 3,
    "winnerPrimerSaqueDentro" : 47,
    "winnerPrimerSaqueGanado" : 37,
    "winnerSegundoSaqueGanado" : 13,
    "winnerDobleFalta" : 1,
    "winnerServingPoints" : 67,
    "winnerServingGames" : 11,
    "loserAces" : 4,
    "loserPrimerSaqueDentro" : 46,
    "loserPrimerSaqueGanado" : 31,
    "loserSegundoSaqueGanado" : 16,
    "loserDobleFalta" : 3,
    "loserServingPoints" : 76,
    "loserServingGames" : 10
  }, {
    "torneo" : "St. Remy CH",
    "fecha" : "20110905",
    "superficie" : "Hard",
    "resultado" : "6-3 7-6(5)",
    "contrincante" : "Arnaud Clement",
    "ganador" : false,
    "winnerAces" : 8,
    "winnerPrimerSaqueDentro" : 48,
    "winnerPrimerSaqueGanado" : 34,
    "winnerSegundoSaqueGanado" : 18,
    "winnerDobleFalta" : 2,
    "winnerServingPoints" : 84,
    "winnerServingGames" : 11,
    "loserAces" : 9,
    "loserPrimerSaqueDentro" : 51,
    "loserPrimerSaqueGanado" : 34,
    "loserSegundoSaqueGanado" : 12,
    "loserDobleFalta" : 5,
    "loserServingPoints" : 79,
    "loserServingGames" : 10
  }, {
    "torneo" : "Recanati CH",
    "fecha" : "20110725",
    "superficie" : "Hard",
    "resultado" : "6-4 6-4",
    "contrincante" : "Charles Antoine Brezac",
    "ganador" : false,
    "winnerAces" : 7,
    "winnerPrimerSaqueDentro" : 29,
    "winnerPrimerSaqueGanado" : 25,
    "winnerSegundoSaqueGanado" : 14,
    "winnerDobleFalta" : 0,
    "winnerServingPoints" : 53,
    "winnerServingGames" : 10,
    "loserAces" : 3,
    "loserPrimerSaqueDentro" : 40,
    "loserPrimerSaqueGanado" : 24,
    "loserSegundoSaqueGanado" : 11,
    "loserDobleFalta" : 1,
    "loserServingPoints" : 61,
    "loserServingGames" : 10
  }, {
    "torneo" : "Pozoblanco CH",
    "fecha" : "20110704",
    "superficie" : "Hard",
    "resultado" : "6-4 7-5",
    "contrincante" : "Arnau Brugues Davi",
    "ganador" : false,
    "winnerAces" : 6,
    "winnerPrimerSaqueDentro" : 37,
    "winnerPrimerSaqueGanado" : 29,
    "winnerSegundoSaqueGanado" : 13,
    "winnerDobleFalta" : 0,
    "winnerServingPoints" : 60,
    "winnerServingGames" : 11,
    "loserAces" : 6,
    "loserPrimerSaqueDentro" : 53,
    "loserPrimerSaqueGanado" : 31,
    "loserSegundoSaqueGanado" : 9,
    "loserDobleFalta" : 2,
    "loserServingPoints" : 74,