{
  "nombre" : "Olivier Patience",
  "mano" : "R",
  "nacionalidad" : "FRA",
  "edad" : 31.4661190965,
  "ganar1Saque" : 0.6787322796881199,
  "ganar2Saque" : 0.5339604876935482,
  "primerSaque" : 0.6879816092550755,
  "segundoSaque" : 0.28757302835583687,
  "ganarPuntoSacando" : 0.620507960501592,
  "ganarPuntoRestando" : 0.3779729711612757,
  "probAce" : 0.05868725851178169,
  "clay" : {
    "nombre" : "Clay",
    "probVictoria" : 0.2222222238779068,
    "probGanarPrimerSaque" : 0.6544308927324083,
    "probGanarSegundoSaque" : 0.5248448451360067,
    "probPrimerSaque" : 0.6777002745204501,
    "probSegundoSaque" : 0.29497961037688786,
    "probGanarPuntoSacando" : 0.5983265235859536,
    "probGanarPuntoRestando" : 0.3937244115585284,
    "probAce" : 0.0
  },
  "grass" : {
    "nombre" : "Grass",
    "probVictoria" : 0.0,
    "probGanarPrimerSaque" : 0.7200000286102295,
    "probGanarSegundoSaque" : 0.550000011920929,
    "probPrimerSaque" : 0.6756756901741028,
    "probSegundoSaque" : 0.2702702581882477,
    "probGanarPuntoSacando" : 0.6351351614819993,
    "probGanarPuntoRestando" : 0.2666666891733249,
    "probAce" : 0.0
  },
  "hard" : {
    "nombre" : "Hard",
    "probVictoria" : 0.5,
    "probGanarPrimerSaque" : 0.7083064019680023,
    "probGanarSegundoSaque" : 0.5449606974919637,
    "probPrimerSaque" : 0.7054545978705088,
    "probSegundoSaque" : 0.2793469503521919,
    "probGanarPuntoSacando" : 0.6519111168756275,
    "probGanarPuntoRestando" : 0.3728968575633885,
    "probAce" : 0.0
  },
  "other" : {
    "nombre" : "Other",
    "probVictoria" : 0.0,
    "probGanarPrimerSaque" : 0.0,
    "probGanarSegundoSaque" : 0.0,
    "probPrimerSaque" : 0.0,
    "probSegundoSaque" : 0.0,
    "probGanarPuntoSacando" : 0.0,
    "probGanarPuntoRestando" : 0.0,
    "probAce" : 0.0
  },
  "partidos" : [ {
    "torneo" : "Szczecin CH",
    "fecha" : "20110912",
    "superficie" : "Clay",
    "resultado" : "6-2 5-7 6-2",
    "contrincante" : "Andrey Golubev",
    "ganador" : false,
    "winnerAces" : 4,
    "winnerPrimerSaqueDentro" : 46,
    "winnerPrimerSaqueGanado" : 35,
    "winnerSegundoSaqueGanado" : 20,
    "winnerDobleFalta" : 1,
    "winnerServingPoints" : 78,
    "winnerServingGames" : 14,
    "loserAces" : 0,
    "loserPrimerSaqueDentro" : 54,
    "loserPrimerSaqueGanado" : 30,
    "loserSegundoSaqueGanado" : 16,
    "loserDobleFalta" : 1,
    "loserServingPoints" : 86,
    "loserServingGames" : 14
  }, {
    "torneo" : "Quimper CH",
    "fecha" : "20110207",
    "superficie" : "Hard",
    "resultado" : "6-4 4-6 7-6(0)",
    "contrincante" : "Kevin Kim",
    "ganador" : true,
    "winnerAces" : 11,
    "winnerPrimerSaqueDentro" : 69,
    "winnerPrimerSaqueGanado" : 48,
    "winnerSegundoSaqueGanado" : 23,
    "winnerDobleFalta" : 1,
    "winnerServingPoints" : 102,
    "winnerServingGames" : 16,
    "loserAces" : 10,
    "loserPrimerSaqueDentro" : 54,
    "loserPrimerSaqueGanado" : 41,
    "loserSegundoSaqueGanado" : 29,
    "loserDobleFalta" : 3,
    "loserServingPoints" : 110,
    "loserServingGames" : 16
  }, {
    "torneo" : "Quimper CH",
    "fecha" : "20110207",
    "superficie" : "Hard",
    "resultado" : "7-5 6-1",
    "contrincante" : "Clement Reix",
    "ganador" : true,
    "winnerAces" : 8,
    "winnerPrimerSaqueDentro" : 36,
    "winnerPrimerSaqueGanado" : 31,
    "winnerSegundoSaqueGanado" : 7,
    "winnerDobleFalta" : 0,
    "winnerServingPoints" : 47,
    "winnerServingGames" : 10,
    "loserAces" : 10,
    "loserPrimerSaqueDentro" : 26,
    "loserPrimerSaqueGanado" : 17,
    "loserSegundoSaqueGanado" : 16,
    "loserDobleFalta" : 5,
    "loserServingPoints" : 64,
    "loserServingGames" : 9
  }, {
    "torneo" : "Quimper CH",
    "fecha" : "20110207",
    "superficie" : "Hard",
    "resultado" : "6-3 6-7(10) 6-3",
    "contrincante" : "Vincent Millot",
    "ganador" : true,
    "winnerAces" : 11,
    "winnerPrimerSaqueDentro" : 85,
    "winnerPrimerSaqueGanado" : 68,
    "winnerSegundoSaqueGanado" : 12,
    "winnerDobleFalta" : 3,
    "winnerServingPoints" : 119,
    "winnerServingGames" : 16,
    "loserAces" : 6,
    "loserPrimerSaqueDentro" : 49,
    "loserPrimerSaqueGanado" : 37,
    "loserSegundoSaqueGanado" : 22,
    "loserDobleFalta" : 5,
    "loserServingPoints" : 86,
    "loserServingGames" : 14
  }, {
    "torneo" : "Quimper CH",
    "fecha" : "20110207",
    "superficie" : "Hard",
    "resultado" : "6-4 4-6 6-0",
    "contrincante" : "David Guez",
    "ganador" : false,
    "winnerAces" : 5,
    "winnerPrimerSaqueDentro" : 53,
    "winnerPrimerSaqueGanado" : 37,
    "winnerSegundoSaqueGanado" : 11,
    "winnerDobleFalta" : 0,
    "winnerServingPoints" : 78,
    "winnerServingGames" : 13,
    "loserAces" : 2,
    "loserPrimerSaqueDentro" : 62,
    "loserPrimerSaqueGanado" : 36,
    "loserSegundoSaqueGanado" : 5,
    "loserDobleFalta" : 1,
    "loserServingPoints" : 79,
    "loserServingGames" : 13
  }, {
    "torneo" : "Casablanca CH",
    "fecha" : "20110221",
    "superficie" : "Clay",
    "resultado" : "7-6(4) 6-7(4) 1-0 RET",
    "contrincante" : "Evgeny Donskoy",
    "ganador" : false,
    "winnerAces" : 9,
    "winnerPrimerSaqueDentro" : 54,
    "winnerPrimerSaqueGanado" : 39,
    "winnerSegundoSaqueGanado" : 20,
    "winnerDobleFalta" : 3,
    "winnerServingPoints" : 97,
    "winnerServingGames" : 12,
    "loserAces" : 2,
    "loserPrimerSaqueDentro" : 80,
    "loserPrimerSaqueGanado" : 48,
    "loserSegundoSaqueGanado" : 17,
    "loserDobleFalta" : 3,
    "loserServingPoints" : 109,
    "loserServingGames" : 13
  }, {
    "torneo" : "Rijeka CH",
    "fecha" : "20110530",
    "superficie" : "Clay",
    "resultado" : "6-3 6-4",
    "contrincante" : "Pedro Sousa",
    "ganador" : false,
    "winnerAces" : 5,
    "winnerPrimerSaqueDentro" : 29,
    "winnerPrimerSaqueGanado" : 25,
    "winnerSegundoSaqueGanado" : 16,
    "winnerDobleFalta" : 1,
    "winnerServingPoints" : 57,
    "winnerServingGames" : 10,
    "loserAces" : 2,
    "loserPrimerSaqueDentro" : 36,
    "loserPrimerSaqueGanado" : 21,
    "loserSegundoSaqueGanado" : 12,
    "loserDobleFalta" : 3,
    "loserServingPoints" : 57,
    "loserServingGames" : 9
  }, {
    "torneo" : "Ostrava CH",
    "fecha" : "20110425",
    "superficie" : "Clay",
    "resultado" : "7-5 4-6 6-3",
    "contrincante" : "Nicolas Reissig",
    "ganador" : false,
    "winnerAces" : 1,
    "winnerPrimerSaqueDentro" : 47,
    "winnerPrimerSaqueGanado" : 29,
    "winnerSegundoSaqueGanado" : 22,
    "winnerDobleFalta" : 3,
    "winnerServingPoints" : 96,
    "winnerServingGames" : 15,
    "loserAces" : 3,
    "loserPrimerSaqueDentro" : 61,
    "loserPrimerSaqueGanado" : 36,
    "loserSegundoSaqueGanado" : 20,
    "loserDobleFalta" : 3,
    "loserServingPoints" : 108,
    "loserServingGames" : 16
  }, {
    "torneo" : "Noumea CH",
    "fecha" : "20110103",
    "superficie" : "Hard",
    "resultado" : "1-6 6-3 6-3",
    "contrincante" : "Amir Weintraub",
    "ganador" : false,
    "winnerAces" : 1,
    "winnerPrimerSaqueDentro" : 58,
    "winnerPrimerSaqueGanado" : 38,
    "winnerSegundoSaqueGanado" : 10,
    "winnerDobleFalta" : 1,
    "winnerServingPoints" : 74,
    "winnerServingGames" : 12,
    "loserAces" : 12,
    "loserPrimerSaqueDentro" : 47,
    "loserPrimerSaqueGanado" : 32,
    "loserSegundoSaqueGanado" : 17,
    "loserDobleFalta" : 2,
    "loserServingPoints" : 80,
    "loserServingGames" : 13
  }, {
    "torneo" : "Bastad Q",
    "fecha" : "20110711",
    "superficie" : "Clay",
    "resultado" : "7-6(7) 4-6 6-3",
    "contrincante" : "Dustin Brown",
    "ganador" : false,
    "winnerAces" : 13,
    "winnerPrimerSaqueDentro" : 59,
    "winnerPrimerSaqueGanado" : 40,
    "winnerSegundoSaqueGanado" : 30,
    "winnerDobleFalta" : 2,
    "winnerServingPoints" : 111,
    "winnerServingGames" : 16,
    "loserAces" : 4,
    "loserPrimerSaqueDentro" : 64,
    "loserPrimerSaqueGanado" : 43,
    "loserSegundoSaqueGanado" : 21,
    "loserDobleFalta" : 4,
    "loserServingPoints" : 101,