{
  "nombre" : "Philipp Oswald",
  "mano" : "R",
  "nacionalidad" : "AUT",
  "edad" : 25.787816564,
  "ganar1Saque" : 0.7296348959207535,
  "ganar2Saque" : 0.5391297079622746,
  "primerSaque" : 0.5800165235996246,
  "segundoSaque" : 0.3513344079256058,
  "ganarPuntoSacando" : 0.6126151125709598,
  "ganarPuntoRestando" : 0.2975354872597807,
  "probAce" : 0.15082643926143646,
  "clay" : {
    "nombre" : "Clay",
    "probVictoria" : 0.0,
    "probGanarPrimerSaque" : 0.5788923799991608,
    "probGanarSegundoSaque" : 0.5306372493505478,
    "probPrimerSaque" : 0.5438596606254578,
    "probSegundoSaque" : 0.359649121761322,
    "probGanarPuntoSacando" : 0.5056794340277753,
    "probGanarPuntoRestando" : 0.27735690116560785,
    "probAce" : 0.0
  },
  "grass" : {
    "nombre" : "Grass",
    "probVictoria" : 0.0,
    "probGanarPrimerSaque" : 0.0,
    "probGanarSegundoSaque" : 0.0,
    "probPrimerSaque" : 0.0,
    "probSegundoSaque" : 0.0,
    "probGanarPuntoSacando" : 0.0,
    "probGanarPuntoRestando" : 0.0,
    "probAce" : 0.0
  },
  "hard" : {
    "nombre" : "Hard",
    "probVictoria" : 0.5,
    "probGanarPrimerSaque" : 0.7167774140834808,
    "probGanarSegundoSaque" : 0.5150375962257385,
    "probPrimerSaque" : 0.5484515726566315,
    "probSegundoSaque" : 0.3645104914903641,
    "probGanarPuntoSacando" : 0.5808543073350982,
    "probGanarPuntoRestando" : 0.28629031946503664,
    "probAce" : 0.0
  },
  "other" : {
    "nombre" : "Other",
    "probVictoria" : 0.25,
    "probGanarPrimerSaque" : 0.8114348948001862,
    "probGanarSegundoSaque" : 0.555421993136406,
    "probPrimerSaque" : 0.6138774305582047,
    "probSegundoSaque" : 0.3405890092253685,
    "probGanarPuntoSacando" : 0.6872921946295133,
    "probGanarPuntoRestando" : 0.31324736420423915,
    "probAce" : 0.0
  },
  "partidos" : [ {
    "torneo" : "Ortisei CH",
    "fecha" : "20111107",
    "superficie" : "Carpet",
    "resultado" : "6-3 7-6(3)",
    "contrincante" : "Claudio Grassi",
    "ganador" : true,
    "winnerAces" : 19,
    "winnerPrimerSaqueDentro" : 41,
    "winnerPrimerSaqueGanado" : 38,
    "winnerSegundoSaqueGanado" : 12,
    "winnerDobleFalta" : 2,
    "winnerServingPoints" : 60,
    "winnerServingGames" : 11,
    "loserAces" : 4,
    "loserPrimerSaqueDentro" : 41,
    "loserPrimerSaqueGanado" : 29,
    "loserSegundoSaqueGanado" : 13,
    "loserDobleFalta" : 3,
    "loserServingPoints" : 64,
    "loserServingGames" : 10
  }, {
    "torneo" : "Ortisei CH",
    "fecha" : "20111107",
    "superficie" : "Carpet",
    "resultado" : "7-6(4) 6-3",
    "contrincante" : "Philipp Petzschner",
    "ganador" : false,
    "winnerAces" : 8,
    "winnerPrimerSaqueDentro" : 32,
    "winnerPrimerSaqueGanado" : 26,
    "winnerSegundoSaqueGanado" : 27,
    "winnerDobleFalta" : 4,
    "winnerServingPoints" : 75,
    "winnerServingGames" : 11,
    "loserAces" : 12,
    "loserPrimerSaqueDentro" : 36,
    "loserPrimerSaqueGanado" : 33,
    "loserSegundoSaqueGanado" : 12,
    "loserDobleFalta" : 2,
    "loserServingPoints" : 63,
    "loserServingGames" : 10
  }, {
    "torneo" : "Monza CH",
    "fecha" : "20110404",
    "superficie" : "Clay",
    "resultado" : "6-3 6-3",
    "contrincante" : "Benjamin Balleret",
    "ganador" : false,
    "winnerAces" : 6,
    "winnerPrimerSaqueDentro" : 41,
    "winnerPrimerSaqueGanado" : 32,
    "winnerSegundoSaqueGanado" : 8,
    "winnerDobleFalta" : 1,
    "winnerServingPoints" : 54,
    "winnerServingGames" : 9,
    "loserAces" : 3,
    "loserPrimerSaqueDentro" : 29,
    "loserPrimerSaqueGanado" : 16,
    "loserSegundoSaqueGanado" : 17,
    "loserDobleFalta" : 4,
    "loserServingPoints" : 57,
    "loserServingGames" : 9
  }, {
    "torneo" : "Como CH",
    "fecha" : "20110829",
    "superficie" : "Clay",
    "resultado" : "6-2 6-2",
    "contrincante" : "Simon Greul",
    "ganador" : false,
    "winnerAces" : 2,
    "winnerPrimerSaqueDentro" : 29,
    "winnerPrimerSaqueGanado" : 22,
    "winnerSegundoSaqueGanado" : 9,
    "winnerDobleFalta" : 2,
    "winnerServingPoints" : 44,
    "winnerServingGames" : 8,
    "loserAces" : 2,
    "loserPrimerSaqueDentro" : 33,
    "loserPrimerSaqueGanado" : 20,
    "loserSegundoSaqueGanado" : 6,
    "loserDobleFalta" : 7,
    "loserServingPoints" : 57,
    "loserServingGames" : 8
  }, {
    "torneo" : "Kyoto CH",
    "fecha" : "20110307",
    "superficie" : "Carpet",
    "resultado" : "6-0 6-4",
    "contrincante" : "Sebastian Rieschick",
    "ganador" : false,
    "winnerAces" : 9,
    "winnerPrimerSaqueDentro" : 39,
    "winnerPrimerSaqueGanado" : 30,
    "winnerSegundoSaqueGanado" : 9,
    "winnerDobleFalta" : 2,
    "winnerServingPoints" : 59,
    "winnerServingGames" : 8,
    "loserAces" : 7,
    "loserPrimerSaqueDentro" : 39,
    "loserPrimerSaqueGanado" : 23,
    "loserSegundoSaqueGanado" : 8,
    "loserDobleFalta" : 5,
    "loserServingPoints" : 61,
    "loserServingGames" : 8
  }, {
    "torneo" : "Eckental CH",
    "fecha" : "20111031",
    "superficie" : "Carpet",
    "resultado" : "7-5 6-4",
    "contrincante" : "Daniel Brands",
    "ganador" : false,
    "winnerAces" : 13,
    "winnerPrimerSaqueDentro" : 36,
    "winnerPrimerSaqueGanado" : 31,
    "winnerSegundoSaqueGanado" : 16,
    "winnerDobleFalta" : 4,
    "winnerServingPoints" : 65,
    "winnerServingGames" : 11,
    "loserAces" : 14,
    "loserPrimerSaqueDentro" : 32,
    "loserPrimerSaqueGanado" : 26,
    "loserSegundoSaqueGanado" : 13,
    "loserDobleFalta" : 2,
    "loserServingPoints" : 57,
    "loserServingGames" : 11
  }, {
    "torneo" : "Johannesburg Q",
    "fecha" : "20110131",
    "superficie" : "Hard",
    "resultado" : "6-3 7-6(5)",
    "contrincante" : "Jaan Frederik Brunken",
    "ganador" : true,
    "winnerAces" : 11,
    "winnerPrimerSaqueDentro" : 43,
    "winnerPrimerSaqueGanado" : 34,
    "winnerSegundoSaqueGanado" : 20,
    "winnerDobleFalta" : 6,
    "winnerServingPoints" : 77,
    "winnerServingGames" : 11,
    "loserAces" : 0,
    "loserPrimerSaqueDentro" : 32,
    "loserPrimerSaqueGanado" : 24,
    "loserSegundoSaqueGanado" : 18,
    "loserDobleFalta" : 3,
    "loserServingPoints" : 62,
    "loserServingGames" : 10
  }, {
    "torneo" : "Johannesburg Q",
    "fecha" : "20110131",
    "superficie" : "Hard",
    "resultado" : "6-1 6-3",
    "contrincante" : "Stefano Galvani",
    "ganador" : false,
    "winnerAces" : 1,
    "winnerPrimerSaqueDentro" : 29,
    "winnerPrimerSaqueGanado" : 23,
    "winnerSegundoSaqueGanado" : 10,
    "winnerDobleFalta" : 2,
    "winnerServingPoints" : 44,
    "winnerServingGames" : 8,
    "loserAces" : 5,
    "loserPrimerSaqueDentro" : 28,
    "loserPrimerSaqueGanado" : 18,
    "loserSegundoSaqueGanado" : 6,
    "loserDobleFalta" : 5,
    "loserServingPoints" : 52,
    "loserServingGames" : 8
  } ]
}