{
  "nombre" : "Robert Kendrick",
  "mano" : "R",
  "nacionalidad" : "USA",
  "edad" : 31.575633128,
  "ganar1Saque" : 0.7520928449100919,
  "ganar2Saque" : 0.5414509839481778,
  "primerSaque" : 0.5864641533957587,
  "segundoSaque" : 0.3634734242050736,
  "ganarPuntoSacando" : 0.6378785367400552,
  "ganarPuntoRestando" : 0.35871061196315146,
  "probAce" : 0.10478468984365463,
  "clay" : {
    "nombre" : "Clay",
    "probVictoria" : 0.1666666716337204,
    "probGanarPrimerSaque" : 0.6812730828921,
    "probGanarSegundoSaque" : 0.47154905398686725,
    "probPrimerSaque" : 0.5787341892719269,
    "probSegundoSaque" : 0.3821391512950261,
    "probGanarPuntoSacando" : 0.5744733805848596,
    "probGanarPuntoRestando" : 0.2942628933602654,
    "probAce" : 0.0
  },
  "grass" : {
    "nombre" : "Grass",
    "probVictoria" : 0.0,
    "probGanarPrimerSaque" : 0.6176470518112183,
    "probGanarSegundoSaque" : 0.6363636255264282,
    "probPrimerSaque" : 0.5762711763381958,
    "probSegundoSaque" : 0.37288135290145874,
    "probGanarPuntoSacando" : 0.5932203227326411,
    "probGanarPuntoRestando" : 0.2807017586434397,
    "probAce" : 0.0
  },
  "hard" : {
    "nombre" : "Hard",
    "probVictoria" : 0.6000000238418579,
    "probGanarPrimerSaque" : 0.780061063170433,
    "probGanarSegundoSaque" : 0.5576759308576584,
    "probPrimerSaque" : 0.5892927914857864,
    "probSegundoSaque" : 0.3574033096432686,
    "probGanarPuntoSacando" : 0.6589995848419925,
    "probGanarPuntoRestando" : 0.38194537021000297,
    "probAce" : 0.0
  },
  "other" : {
    "nombre" : "Other",
    "probVictoria" : 0.0,
    "probGanarPrimerSaque" : 0.0,
    "probGanarSegundoSaque" : 0.0,
    "probPrimerSaque" : 0.0,
    "probSegundoSaque" : 0.0,
    "probGanarPuntoSacando" : 0.0,
    "probGanarPuntoRestando" : 0.0,
    "probAce" : 0.0
  },
  "partidos" : [ {
    "torneo" : "s-Hertogenbosch",
    "fecha" : "20110612",
    "superficie" : "Grass",
    "resultado" : "6-2 7-6(3)",
    "contrincante" : "Dmitry Tursunov",
    "ganador" : false,
    "winnerAces" : 6,
    "winnerPrimerSaqueDentro" : 35,
    "winnerPrimerSaqueGanado" : 30,
    "winnerSegundoSaqueGanado" : 11,
    "winnerDobleFalta" : 3,
    "winnerServingPoints" : 57,
    "winnerServingGames" : 10,
    "loserAces" : 7,
    "loserPrimerSaqueDentro" : 34,
    "loserPrimerSaqueGanado" : 21,
    "loserSegundoSaqueGanado" : 14,
    "loserDobleFalta" : 3,
    "loserServingPoints" : 59,
    "loserServingGames" : 10
  }, {
    "torneo" : "Munich",
    "fecha" : "20110424",
    "superficie" : "Clay",
    "resultado" : "6-4 6-4",
    "contrincante" : "Horacio Zeballos",
    "ganador" : false,
    "winnerAces" : 13,
    "winnerPrimerSaqueDentro" : 40,
    "winnerPrimerSaqueGanado" : 35,
    "winnerSegundoSaqueGanado" : 7,
    "winnerDobleFalta" : 2,
    "winnerServingPoints" : 50,
    "winnerServingGames" : 10,
    "loserAces" : 4,
    "loserPrimerSaqueDentro" : 44,
    "loserPrimerSaqueGanado" : 30,
    "loserSegundoSaqueGanado" : 14,
    "loserDobleFalta" : 1,
    "loserServingPoints" : 74,
    "loserServingGames" : 10
  }, {
    "torneo" : "Chennai",
    "fecha" : "20110103",
    "superficie" : "Hard",
    "resultado" : "7-6(1) 6-4",
    "contrincante" : "Denis Gremelmayr",
    "ganador" : true,
    "winnerAces" : 12,
    "winnerPrimerSaqueDentro" : 50,
    "winnerPrimerSaqueGanado" : 38,
    "winnerSegundoSaqueGanado" : 12,
    "winnerDobleFalta" : 6,
    "winnerServingPoints" : 72,
    "winnerServingGames" : 11,
    "loserAces" : 5,
    "loserPrimerSaqueDentro" : 46,
    "loserPrimerSaqueGanado" : 29,
    "loserSegundoSaqueGanado" : 14,
    "loserDobleFalta" : 0,
    "loserServingPoints" : 69,
    "loserServingGames" : 11
  }, {
    "torneo" : "Chennai",
    "fecha" : "20110103",
    "superficie" : "Hard",
    "resultado" : "6-2 6-2",
    "contrincante" : "Blaz Kavcic",
    "ganador" : false,
    "winnerAces" : 4,
    "winnerPrimerSaqueDentro" : 31,
    "winnerPrimerSaqueGanado" : 27,
    "winnerSegundoSaqueGanado" : 6,
    "winnerDobleFalta" : 2,
    "winnerServingPoints" : 43,
    "winnerServingGames" : 8,
    "loserAces" : 4,
    "loserPrimerSaqueDentro" : 23,
    "loserPrimerSaqueGanado" : 12,
    "loserSegundoSaqueGanado" : 10,
    "loserDobleFalta" : 1,
    "loserServingPoints" : 44,
    "loserServingGames" : 8
  }, {
    "torneo" : "Houston",
    "fecha" : "20110404",
    "superficie" : "Clay",
    "resultado" : "6-2 6-1",
    "contrincante" : "Somdev Devvarman",
    "ganador" : false,
    "winnerAces" : 1,
    "winnerPrimerSaqueDentro" : 32,
    "winnerPrimerSaqueGanado" : 22,
    "winnerSegundoSaqueGanado" : 10,
    "winnerDobleFalta" : 1,
    "winnerServingPoints" : 48,
    "winnerServingGames" : 8,
    "loserAces" : 1,
    "loserPrimerSaqueDentro" : 30,
    "loserPrimerSaqueGanado" : 15,
    "loserSegundoSaqueGanado" : 9,
    "loserDobleFalta" : 4,
    "loserServingPoints" : 57,
    "loserServingGames" : 7
  }, {
    "torneo" : "Miami Masters",
    "fecha" : "20110323",
    "superficie" : "Hard",
    "resultado" : "5-4 RET",
    "contrincante" : "Igor Kunitsyn",
    "ganador" : false,
    "winnerAces" : 2,
    "winnerPrimerSaqueDentro" : 17,
    "winnerPrimerSaqueGanado" : 12,
    "winnerSegundoSaqueGanado" : 7,
    "winnerDobleFalta" : 0,
    "winnerServingPoints" : 27,
    "winnerServingGames" : 4,
    "loserAces" : 8,
    "loserPrimerSaqueDentro" : 14,
    "loserPrimerSaqueGanado" : 14,
    "loserSegundoSaqueGanado" : 3,
    "loserDobleFalta" : 2,
    "loserServingPoints" : 25,
    "loserServingGames" : 5
  }, {
    "torneo" : "Memphis",
    "fecha" : "20110214",
    "superficie" : "Hard",
    "resultado" : "5-7 6-3 7-6(4)",
    "contrincante" : "Kevin Anderson",
    "ganador" : true,
    "winnerAces" : 13,
    "winnerPrimerSaqueDentro" : 63,
    "winnerPrimerSaqueGanado" : 50,
    "winnerSegundoSaqueGanado" : 25,
    "winnerDobleFalta" : 3,
    "winnerServingPoints" : 107,
    "winnerServingGames" : 17,
    "loserAces" : 20,
    "loserPrimerSaqueDentro" : 87,
    "loserPrimerSaqueGanado" : 63,
    "loserSegundoSaqueGanado" : 19,
    "loserDobleFalta" : 3,
    "loserServingPoints" : 131,
    "loserServingGames" : 16
  }, {
    "torneo" : "Memphis",
    "fecha" : "20110214",
    "superficie" : "Hard",
    "resultado" : "7-6(5) 6-3",
    "contrincante" : "James Blake",
    "ganador" : true,
    "winnerAces" : 8,
    "winnerPrimerSaqueDentro" : 38,
    "winnerPrimerSaqueGanado" : 29,
    "winnerSegundoSaqueGanado" : 18,
    "winnerDobleFalta" : 4,
    "winnerServingPoints" : 73,
    "winnerServingGames" : 10,
    "loserAces" : 7,
    "loserPrimerSaqueDentro" : 45,
    "loserPrimerSaqueGanado" : 32,
    "loserSegundoSaqueGanado" : 8,
    "loserDobleFalta" : 2,
    "loserServingPoints" : 63,
    "loserServingGames" : 11
  }, {
    "torneo" : "Memphis",
    "fecha" : "20110214",
    "superficie" : "Hard",
    "resultado" : "6-4 3-6 6-3",
    "contrincante" : "Milos Raonic",
    "ganador" : false,
    "winnerAces" : 20,
    "winnerPrimerSaqueDentro" : 62,
    "winnerPrimerSaqueGanado" : 48,
    "winnerSegundoSaqueGanado" : 14,
    "winnerDobleFalta" : 4,
    "winnerServingPoints" : 94,
    "winnerServingGames" : 14,
    "loserAces" : 4,
    "loserPrimerSaqueDentro" : 43,
    "loserPrimerSaqueGanado" : 36,
    "loserSegundoSaqueGanado" : 18,
    "loserDobleFalta" : 1,
    "loserServingPoints" : 78,
    "loserServingGames" : 14
  }, {
    "torneo" : "Roland Garros",
    "fecha" : "20110522",
    "superficie" : "Clay",
    "resultado" : "6-1 7-5 4-6 6-3",
    "contrincante" : "Guillermo Garcia Lopez",
    "ganador" : false,
    "winnerAces" : 4,
    "winnerPrimerSaqueDentro" : 54,
    "winnerPrimerSaqueGanado" : 37,
    "winnerSegundoSaqueGanado" : 38,
    "winnerDobleFalta" : 6,
    "winnerServingPoints" : 109,
    "winnerServingGames" : 19,
    "loserAces" : 10,
    "loserPrimerSaqueDentro" : 70,
    "loserPrimerSaqueGanado" : 47,
    "loserSegundoSaqueGanado" : 22,
    "loserDobleFalta" : 4,
    "loserServingPoints" : 119,