{
  "nombre" : "Rogier Wassen",
  "mano" : "R",
  "nacionalidad" : "NED",
  "edad" : 34.841889117,
  "ganar1Saque" : 0.6318870782852173,
  "ganar2Saque" : 0.5528687238693237,
  "primerSaque" : 0.6207249760627747,
  "segundoSaque" : 0.3099800646305084,
  "ganarPuntoSacando" : 0.5636063743001678,
  "ganarPuntoRestando" : 0.347840240601453,
  "probAce" : 0.023598819971084595,
  "clay" : {
    "nombre" : "Clay",
    "probVictoria" : 0.0,
    "probGanarPrimerSaque" : 0.7200000286102295,
    "probGanarSegundoSaque" : 0.4736842215061188,
    "probPrimerSaque" : 0.48076921701431274,
    "probSegundoSaque" : 0.36538460850715637,
    "probGanarPuntoSacando" : 0.5192307738362532,
    "probGanarPuntoRestando" : 0.1351351346960341,
    "probAce" : 0.0
  },
  "grass" : {
    "nombre" : "Grass",
    "probVictoria" : 0.5,
    "probGanarPrimerSaque" : 1.0994186401367188,
    "probGanarSegundoSaque" : 0.5857143104076385,
    "probPrimerSaque" : 0.6705851554870605,
    "probSegundoSaque" : 0.2884012460708618,
    "probGanarPuntoSacando" : 0.9061745567045527,
    "probGanarPuntoRestando" : 0.3504273449724452,
    "probAce" : 0.0
  },
  "hard" : {
    "nombre" : "Hard",
    "probVictoria" : 0.5,
    "probGanarPrimerSaque" : 0.6700083613395691,
    "probGanarSegundoSaque" : 0.5596153885126114,
    "probPrimerSaque" : 0.6408426761627197,
    "probSegundoSaque" : 0.30385661125183105,
    "probGanarPuntoSacando" : 0.5994127868900669,
    "probGanarPuntoRestando" : 0.4516056891831705,
    "probAce" : 0.0
  },
  "other" : {
    "nombre" : "Other",
    "probVictoria" : 0.0,
    "probGanarPrimerSaque" : 0.0,
    "probGanarSegundoSaque" : 0.0,
    "probPrimerSaque" : 0.0,
    "probSegundoSaque" : 0.0,
    "probGanarPuntoSacando" : 0.0,
    "probGanarPuntoRestando" : 0.0,
    "probAce" : 0.0
  },
  "partidos" : [ {
    "torneo" : "s-Hertogenbosch Q",
    "fecha" : "20110612",
    "superficie" : "Grass",
    "resultado" : "6-4 7-5",
    "contrincante" : "Dominik Pfeiffer",
    "ganador" : true,
    "winnerAces" : 1,
    "winnerPrimerSaqueDentro" : 43,
    "winnerPrimerSaqueGanado" : 29,
    "winnerSegundoSaqueGanado" : 12,
    "winnerDobleFalta" : 2,
    "winnerServingPoints" : 66,
    "winnerServingGames" : 11,
    "loserAces" : 2,
    "loserPrimerSaqueDentro" : 60,
    "loserPrimerSaqueGanado" : 33,
    "loserSegundoSaqueGanado" : 12,
    "loserDobleFalta" : 2,
    "loserServingPoints" : 81,
    "loserServingGames" : 11
  }, {
    "torneo" : "s-Hertogenbosch Q",
    "fecha" : "20110612",
    "superficie" : "Grass",
    "resultado" : "6-2 6-1",
    "contrincante" : "Alejandro Falla",
    "ganador" : false,
    "winnerAces" : 4,
    "winnerPrimerSaqueDentro" : 30,
    "winnerPrimerSaqueGanado" : 26,
    "winnerSegundoSaqueGanado" : 3,
    "winnerDobleFalta" : 1,
    "winnerServingPoints" : 39,
    "winnerServingGames" : 7,
    "loserAces" : 0,
    "loserPrimerSaqueDentro" : 40,
    "loserPrimerSaqueGanado" : 17,
    "loserSegundoSaqueGanado" : 9,
    "loserDobleFalta" : 3,
    "loserServingPoints" : 58,
    "loserServingGames" : 8
  }, {
    "torneo" : "Gstaad Q",
    "fecha" : "20110725",
    "superficie" : "Clay",
    "resultado" : "6-3 6-1",
    "contrincante" : "Philipp Marx",
    "ganador" : false,
    "winnerAces" : 9,
    "winnerPrimerSaqueDentro" : 23,
    "winnerPrimerSaqueGanado" : 21,
    "winnerSegundoSaqueGanado" : 11,
    "winnerDobleFalta" : 1,
    "winnerServingPoints" : 37,
    "winnerServingGames" : 8,
    "loserAces" : 0,
    "loserPrimerSaqueDentro" : 25,
    "loserPrimerSaqueGanado" : 18,
    "loserSegundoSaqueGanado" : 9,
    "loserDobleFalta" : 8,
    "loserServingPoints" : 52,
    "loserServingGames" : 8
  }, {
    "torneo" : "Johannesburg Q",
    "fecha" : "20110131",
    "superficie" : "Hard",
    "resultado" : "6-4 6-2",
    "contrincante" : "Ashley Fisher",
    "ganador" : true,
    "winnerAces" : 3,
    "winnerPrimerSaqueDentro" : 38,
    "winnerPrimerSaqueGanado" : 28,
    "winnerSegundoSaqueGanado" : 10,
    "winnerDobleFalta" : 3,
    "winnerServingPoints" : 54,
    "winnerServingGames" : 9,
    "loserAces" : 1,
    "loserPrimerSaqueDentro" : 35,
    "loserPrimerSaqueGanado" : 19,
    "loserSegundoSaqueGanado" : 10,
    "loserDobleFalta" : 2,
    "loserServingPoints" : 59,
    "loserServingGames" : 9
  }, {
    "torneo" : "Johannesburg Q",
    "fecha" : "20110131",
    "superficie" : "Hard",
    "resultado" : "5-7 7-5 6-0",
    "contrincante" : "Thiago Alves",
    "ganador" : false,
    "winnerAces" : 10,
    "winnerPrimerSaqueDentro" : 50,
    "winnerPrimerSaqueGanado" : 33,
    "winnerSegundoSaqueGanado" : 13,
    "winnerDobleFalta" : 3,
    "winnerServingPoints" : 76,
    "winnerServingGames" : 15,
    "loserAces" : 4,
    "loserPrimerSaqueDentro" : 63,
    "loserPrimerSaqueGanado" : 38,
    "loserSegundoSaqueGanado" : 14,
    "loserDobleFalta" : 6,
    "loserServingPoints" : 109,
    "loserServingGames" : 15
  } ]
}