{
  "nombre" : "Santiago Gonzalez",
  "mano" : "R",
  "nacionalidad" : "MEX",
  "edad" : 27.9917864476,
  "ganar1Saque" : 0.7405618031819662,
  "ganar2Saque" : 0.525552287697792,
  "primerSaque" : 0.5983734180529913,
  "segundoSaque" : 0.329133540391922,
  "ganarPuntoSacando" : 0.6161093825605279,
  "ganarPuntoRestando" : 0.3626161967804158,
  "probAce" : 0.0736607164144516,
  "clay" : {
    "nombre" : "Clay",
    "probVictoria" : 0.20000000298023224,
    "probGanarPrimerSaque" : 0.7134653568267822,
    "probGanarSegundoSaque" : 0.44834389686584475,
    "probPrimerSaque" : 0.6220530986785888,
    "probSegundoSaque" : 0.2877622604370117,
    "probGanarPuntoSacando" : 0.5728297892291789,
    "probGanarPuntoRestando" : 0.3348241940289989,
    "probAce" : 0.0
  },
  "grass" : {
    "nombre" : "Grass",
    "probVictoria" : 0.5,
    "probGanarPrimerSaque" : 1.4864429831504822,
    "probGanarSegundoSaque" : 0.5854577720165253,
    "probPrimerSaque" : 0.6105491816997528,
    "probSegundoSaque" : 0.33460812270641327,
    "probGanarPuntoSacando" : 1.1034454730241952,
    "probGanarPuntoRestando" : 0.40427164595781506,
    "probAce" : 0.0
  },
  "hard" : {
    "nombre" : "Hard",
    "probVictoria" : 0.0,
    "probGanarPrimerSaque" : 0.7821762959162394,
    "probGanarSegundoSaque" : 0.5743589599927267,
    "probPrimerSaque" : 0.5426729321479797,
    "probSegundoSaque" : 0.39078623056411743,
    "probGanarPuntoSacando" : 0.6489174769277959,
    "probGanarPuntoRestando" : 0.3533956024629119,
    "probAce" : 0.0
  },
  "other" : {
    "nombre" : "Other",
    "probVictoria" : 0.0,
    "probGanarPrimerSaque" : 0.0,
    "probGanarSegundoSaque" : 0.0,
    "probPrimerSaque" : 0.0,
    "probSegundoSaque" : 0.0,
    "probGanarPuntoSacando" : 0.0,
    "probGanarPuntoRestando" : 0.0,
    "probAce" : 0.0
  },
  "partidos" : [ {
    "torneo" : "Acapulco",
    "fecha" : "20110221",
    "superficie" : "Clay",
    "resultado" : "6-2 7-6(5)",
    "contrincante" : "Daniel Garza",
    "ganador" : true,
    "winnerAces" : 8,
    "winnerPrimerSaqueDentro" : 40,
    "winnerPrimerSaqueGanado" : 32,
    "winnerSegundoSaqueGanado" : 13,
    "winnerDobleFalta" : 4,
    "winnerServingPoints" : 69,
    "winnerServingGames" : 10,
    "loserAces" : 1,
    "loserPrimerSaqueDentro" : 50,
    "loserPrimerSaqueGanado" : 32,
    "loserSegundoSaqueGanado" : 11,
    "loserDobleFalta" : 2,
    "loserServingPoints" : 75,
    "loserServingGames" : 10
  }, {
    "torneo" : "Acapulco",
    "fecha" : "20110221",
    "superficie" : "Clay",
    "resultado" : "6-2 6-2",
    "contrincante" : "David Ferrer",
    "ganador" : false,
    "winnerAces" : 2,
    "winnerPrimerSaqueDentro" : 25,
    "winnerPrimerSaqueGanado" : 19,
    "winnerSegundoSaqueGanado" : 13,
    "winnerDobleFalta" : 0,
    "winnerServingPoints" : 41,
    "winnerServingGames" : 8,
    "loserAces" : 3,
    "loserPrimerSaqueDentro" : 30,
    "loserPrimerSaqueGanado" : 21,
    "loserSegundoSaqueGanado" : 4,
    "loserDobleFalta" : 2,
    "loserServingPoints" : 45,
    "loserServingGames" : 8
  }, {
    "torneo" : "Sao Paulo CH",
    "fecha" : "20110103",
    "superficie" : "Hard",
    "resultado" : "7-6(4) 6-3",
    "contrincante" : "Andrea Arnaboldi",
    "ganador" : false,
    "winnerAces" : 3,
    "winnerPrimerSaqueDentro" : 63,
    "winnerPrimerSaqueGanado" : 45,
    "winnerSegundoSaqueGanado" : 11,
    "winnerDobleFalta" : 2,
    "winnerServingPoints" : 79,
    "winnerServingGames" : 11,
    "loserAces" : 7,
    "loserPrimerSaqueDentro" : 37,
    "loserPrimerSaqueGanado" : 29,
    "loserSegundoSaqueGanado" : 13,
    "loserDobleFalta" : 4,
    "loserServingPoints" : 61,
    "loserServingGames" : 10
  }, {
    "torneo" : "Aguascalientes CH",
    "fecha" : "20110926",
    "superficie" : "Clay",
    "resultado" : "6-3 6-3",
    "contrincante" : "Kevin Kim",
    "ganador" : false,
    "winnerAces" : 2,
    "winnerPrimerSaqueDentro" : 23,
    "winnerPrimerSaqueGanado" : 20,
    "winnerSegundoSaqueGanado" : 13,
    "winnerDobleFalta" : 5,
    "winnerServingPoints" : 48,
    "winnerServingGames" : 9,
    "loserAces" : 3,
    "loserPrimerSaqueDentro" : 34,
    "loserPrimerSaqueGanado" : 23,
    "loserSegundoSaqueGanado" : 5,
    "loserDobleFalta" : 10,
    "loserServingPoints" : 57,
    "loserServingGames" : 9
  }, {
    "torneo" : "Athens CH",
    "fecha" : "20110411",
    "superficie" : "Hard",
    "resultado" : "7-5 6-3",
    "contrincante" : "Alexander Kudryavtsev",
    "ganador" : false,
    "winnerAces" : 8,
    "winnerPrimerSaqueDentro" : 42,
    "winnerPrimerSaqueGanado" : 30,
    "winnerSegundoSaqueGanado" : 12,
    "winnerDobleFalta" : 1,
    "winnerServingPoints" : 72,
    "winnerServingGames" : 11,
    "loserAces" : 6,
    "loserPrimerSaqueDentro" : 30,
    "loserPrimerSaqueGanado" : 21,
    "loserSegundoSaqueGanado" : 11,
    "loserDobleFalta" : 1,
    "loserServingPoints" : 57,
    "loserServingGames" : 10
  }, {
    "torneo" : "San Jose CH",
    "fecha" : "20110314",
    "superficie" : "Hard",
    "resultado" : "7-6(5) 1-6 6-4",
    "contrincante" : "Robert Farah",
    "ganador" : false,
    "winnerAces" : 4,
    "winnerPrimerSaqueDentro" : 59,
    "winnerPrimerSaqueGanado" : 40,
    "winnerSegundoSaqueGanado" : 28,
    "winnerDobleFalta" : 5,
    "winnerServingPoints" : 105,
    "winnerServingGames" : 14,
    "loserAces" : 5,
    "loserPrimerSaqueDentro" : 51,
    "loserPrimerSaqueGanado" : 44,
    "loserSegundoSaqueGanado" : 26,
    "loserDobleFalta" : 12,
    "loserServingPoints" : 103,
    "loserServingGames" : 15
  }, {
    "torneo" : "Eastbourne Q",
    "fecha" : "20110612",
    "superficie" : "Grass",
    "resultado" : "7-5 6-7(4) 7-5",
    "contrincante" : "Chris Eaton",
    "ganador" : true,
    "winnerAces" : 9,
    "winnerPrimerSaqueDentro" : 65,
    "winnerPrimerSaqueGanado" : 49,
    "winnerSegundoSaqueGanado" : 23,
    "winnerDobleFalta" : 5,
    "winnerServingPoints" : 104,
    "winnerServingGames" : 18,
    "loserAces" : 7,
    "loserPrimerSaqueDentro" : 69,
    "loserPrimerSaqueGanado" : 56,
    "loserSegundoSaqueGanado" : 15,
    "loserDobleFalta" : 4,
    "loserServingPoints" : 108,
    "loserServingGames" : 18
  }, {
    "torneo" : "Eastbourne Q",
    "fecha" : "20110612",
    "superficie" : "Grass",
    "resultado" : "7-6(3) 6-4",
    "contrincante" : "Donald Young",
    "ganador" : false,
    "winnerAces" : 2,
    "winnerPrimerSaqueDentro" : 54,
    "winnerPrimerSaqueGanado" : 40,
    "winnerSegundoSaqueGanado" : 9,
    "winnerDobleFalta" : 3,
    "winnerServingPoints" : 76,
    "winnerServingGames" : 11,
    "loserAces" : 6,
    "loserPrimerSaqueDentro" : 48,
    "loserPrimerSaqueGanado" : 32,
    "loserSegundoSaqueGanado" : 8,
    "loserDobleFalta" : 0,
    "loserServingPoints" : 70,
    "loserServingGames" : 11
  }, {
    "torneo" : "Queen's Club Q",
    "fecha" : "20110606",
    "superficie" : "Grass",
    "resultado" : "6-4 6-0",
    "contrincante" : "Jordan Cox",
    "ganador" : true,
    "winnerAces" : 3,
    "winnerPrimerSaqueDentro" : 26,
    "winnerPrimerSaqueGanado" : 21,
    "winnerSegundoSaqueGanado" : 12,
    "winnerDobleFalta" : 4,
    "winnerServingPoints" : 46,
    "winnerServingGames" : 8,
    "loserAces" : 0,
    "loserPrimerSaqueDentro" : 24,
    "loserPrimerSaqueGanado" : 12,
    "loserSegundoSaqueGanado" : 13,
    "loserDobleFalta" : 5,
    "loserServingPoints" : 52,
    "loserServingGames" : 8
  }, {
    "torneo" : "Queen's Club Q",
    "fecha" : "20110606",
    "superficie" : "Grass",
    "resultado" : "1-6 7-6(5) 6-3",
    "contrincante" : "Conor Niland",
    "ganador" : false,
    "winnerAces" : 3,
    "winnerPrimerSaqueDentro" : 57,
    "winnerPrimerSaqueGanado" : 35,
    "winnerSegundoSaqueGanado" : 19,
    "winnerDobleFalta" : 2,
    "winnerServingPoints" : 90,
    "winnerServingGames" : 15,
    "loserAces" : 7,
    "loserPrimerSaqueDentro" : 47,
    "loserPrimerSaqueGanado" : 35,
    "loserSegundoSaqueGanado" : 16,
    "loserDobleFalta" : 7,
    "loserServingPoints" : 83,