{
  "nombre" : "Sebastian Decoud",
  "mano" : "L",
  "nacionalidad" : "ARG",
  "edad" : 29.7905544148,
  "ganar1Saque" : 0.6736479759216308,
  "ganar2Saque" : 0.5663934087753296,
  "primerSaque" : 0.6575963521003723,
  "segundoSaque" : 0.3135507130622864,
  "ganarPuntoSacando" : 0.6205815087611475,
  "ganarPuntoRestando" : 0.37831425703282834,
  "probAce" : 0.03553299605846405,
  "clay" : {
    "nombre" : "Clay",
    "probVictoria" : 0.5,
    "probGanarPrimerSaque" : 0.7002326789356413,
    "probGanarSegundoSaque" : 0.5891820092995962,
    "probPrimerSaque" : 0.664619471345629,
    "probSegundoSaque" : 0.30669410881542025,
    "probGanarPuntoSacando" : 0.6460869241653578,
    "probGanarPuntoRestando" : 0.3888366504659533,
    "probAce" : 0.0
  },
  "grass" : {
    "nombre" : "Grass",
    "probVictoria" : 0.0,
    "probGanarPrimerSaque" : 0.37931033968925476,
    "probGanarSegundoSaque" : 0.4761904776096344,
    "probPrimerSaque" : 0.557692289352417,
    "probSegundoSaque" : 0.4038461446762085,
    "probGanarPuntoSacando" : 0.4038461402305167,
    "probGanarPuntoRestando" : 0.14705880743031474,
    "probAce" : 0.0
  },
  "hard" : {
    "nombre" : "Hard",
    "probVictoria" : 0.3333333432674408,
    "probGanarPrimerSaque" : 0.5856676002343496,
    "probGanarSegundoSaque" : 0.43694084882736206,
    "probPrimerSaque" : 0.6417358716328939,
    "probSegundoSaque" : 0.3314484655857086,
    "probGanarPuntoSacando" : 0.5206672818190818,
    "probGanarPuntoRestando" : 0.38174265286845843,
    "probAce" : 0.0
  },
  "other" : {
    "nombre" : "Other",
    "probVictoria" : 0.0,
    "probGanarPrimerSaque" : 0.0,
    "probGanarSegundoSaque" : 0.0,
    "probPrimerSaque" : 0.0,
    "probSegundoSaque" : 0.0,
    "probGanarPuntoSacando" : 0.0,
    "probGanarPuntoRestando" : 0.0,
    "probAce" : 0.0
  },
  "partidos" : [ {
    "torneo" : "Newport",
    "fecha" : "20110704",
    "superficie" : "Grass",
    "resultado" : "6-1 6-0",
    "contrincante" : "Nicolas Mahut",
    "ganador" : false,
    "winnerAces" : 8,
    "winnerPrimerSaqueDentro" : 20,
    "winnerPrimerSaqueGanado" : 18,
    "winnerSegundoSaqueGanado" : 11,
    "winnerDobleFalta" : 2,
    "winnerServingPoints" : 34,
    "winnerServingGames" : 7,
    "loserAces" : 1,
    "loserPrimerSaqueDentro" : 29,
    "loserPrimerSaqueGanado" : 11,
    "loserSegundoSaqueGanado" : 10,
    "loserDobleFalta" : 2,
    "loserServingPoints" : 52,
    "loserServingGames" : 6
  }, {
    "torneo" : "Bogota2 CH",
    "fecha" : "20110711",
    "superficie" : "Clay",
    "resultado" : "6-4 6-2",
    "contrincante" : "Brian Dabul",
    "ganador" : false,
    "winnerAces" : 3,
    "winnerPrimerSaqueDentro" : 44,
    "winnerPrimerSaqueGanado" : 34,
    "winnerSegundoSaqueGanado" : 11,
    "winnerDobleFalta" : 1,
    "winnerServingPoints" : 63,
    "winnerServingGames" : 9,
    "loserAces" : 2,
    "loserPrimerSaqueDentro" : 44,
    "loserPrimerSaqueGanado" : 28,
    "loserSegundoSaqueGanado" : 8,
    "loserDobleFalta" : 4,
    "loserServingPoints" : 64,
    "loserServingGames" : 9
  }, {
    "torneo" : "Barranquilla CH",
    "fecha" : "20110328",
    "superficie" : "Clay",
    "resultado" : "2-6 6-3 6-4",
    "contrincante" : "Carlos Salamanca",
    "ganador" : false,
    "winnerAces" : 3,
    "winnerPrimerSaqueDentro" : 60,
    "winnerPrimerSaqueGanado" : 41,
    "winnerSegundoSaqueGanado" : 11,
    "winnerDobleFalta" : 3,
    "winnerServingPoints" : 83,
    "winnerServingGames" : 14,
    "loserAces" : 3,
    "loserPrimerSaqueDentro" : 61,
    "loserPrimerSaqueGanado" : 42,
    "loserSegundoSaqueGanado" : 11,
    "loserDobleFalta" : 2,
    "loserServingPoints" : 88,
    "loserServingGames" : 13
  }, {
    "torneo" : "Santos CH",
    "fecha" : "20110418",
    "superficie" : "Clay",
    "resultado" : "6-1 6-2",
    "contrincante" : "Kaushik Raju",
    "ganador" : true,
    "winnerAces" : 2,
    "winnerPrimerSaqueDentro" : 33,
    "winnerPrimerSaqueGanado" : 23,
    "winnerSegundoSaqueGanado" : 4,
    "winnerDobleFalta" : 2,
    "winnerServingPoints" : 41,
    "winnerServingGames" : 8,
    "loserAces" : 0,
    "loserPrimerSaqueDentro" : 24,
    "loserPrimerSaqueGanado" : 7,
    "loserSegundoSaqueGanado" : 6,
    "loserDobleFalta" : 3,
    "loserServingPoints" : 38,
    "loserServingGames" : 7
  }, {
    "torneo" : "Santos CH",
    "fecha" : "20110418",
    "superficie" : "Clay",
    "resultado" : "7-6(1) 6-4",
    "contrincante" : "Eric Prodon",
    "ganador" : true,
    "winnerAces" : 0,
    "winnerPrimerSaqueDentro" : 45,
    "winnerPrimerSaqueGanado" : 34,
    "winnerSegundoSaqueGanado" : 14,
    "winnerDobleFalta" : 1,
    "winnerServingPoints" : 67,
    "winnerServingGames" : 11,
    "loserAces" : 7,
    "loserPrimerSaqueDentro" : 40,
    "loserPrimerSaqueGanado" : 30,
    "loserSegundoSaqueGanado" : 17,
    "loserDobleFalta" : 0,
    "loserServingPoints" : 80,
    "loserServingGames" : 11
  }, {
    "torneo" : "Santos CH",
    "fecha" : "20110418",
    "superficie" : "Clay",
    "resultado" : "6-2 6-7(3) 6-3",
    "contrincante" : "Joao Souza",
    "ganador" : false,
    "winnerAces" : 16,
    "winnerPrimerSaqueDentro" : 51,
    "winnerPrimerSaqueGanado" : 40,
    "winnerSegundoSaqueGanado" : 25,
    "winnerDobleFalta" : 5,
    "winnerServingPoints" : 91,
    "winnerServingGames" : 14,
    "loserAces" : 5,
    "loserPrimerSaqueDentro" : 78,
    "loserPrimerSaqueGanado" : 53,
    "loserSegundoSaqueGanado" : 14,
    "loserDobleFalta" : 5,
    "loserServingPoints" : 114,
    "loserServingGames" : 15
  }, {
    "torneo" : "Medellin CH",
    "fecha" : "20111031",
    "superficie" : "Clay",
    "resultado" : "7-6(4) 3-6 7-6(2)",
    "contrincante" : "Alejandro Gonzalez",
    "ganador" : false,
    "winnerAces" : 5,
    "winnerPrimerSaqueDentro" : 76,
    "winnerPrimerSaqueGanado" : 49,
    "winnerSegundoSaqueGanado" : 24,
    "winnerDobleFalta" : 8,
    "winnerServingPoints" : 124,
    "winnerServingGames" : 16,
    "loserAces" : 1,
    "loserPrimerSaqueDentro" : 87,
    "loserPrimerSaqueGanado" : 54,
    "loserSegundoSaqueGanado" : 24,
    "loserDobleFalta" : 6,
    "loserServingPoints" : 138,
    "loserServingGames" : 17
  }, {
    "torneo" : "Guayaquil CH",
    "fecha" : "20111121",
    "superficie" : "Clay",
    "resultado" : "6-1 4-6 6-4",
    "contrincante" : "Guillermo Duran",
    "ganador" : true,
    "winnerAces" : 5,
    "winnerPrimerSaqueDentro" : 49,
    "winnerPrimerSaqueGanado" : 30,
    "winnerSegundoSaqueGanado" : 18,
    "winnerDobleFalta" : 0,
    "winnerServingPoints" : 74,
    "winnerServingGames" : 13,
    "loserAces" : 4,
    "loserPrimerSaqueDentro" : 66,
    "loserPrimerSaqueGanado" : 42,
    "loserSegundoSaqueGanado" : 15,
    "loserDobleFalta" : 4,
    "loserServingPoints" : 104,
    "loserServingGames" : 14
  }, {
    "torneo" : "Guayaquil CH",
    "fecha" : "20111121",
    "superficie" : "Clay",
    "resultado" : "6-4 4-6 6-2",
    "contrincante" : "Wayne Odesnik",
    "ganador" : false,
    "winnerAces" : 0,
    "winnerPrimerSaqueDentro" : 0,
    "winnerPrimerSaqueGanado" : 0,
    "winnerSegundoSaqueGanado" : 0,
    "winnerDobleFalta" : 0,
    "winnerServingPoints" : 0,
    "winnerServingGames" : 0,
    "loserAces" : 0,
    "loserPrimerSaqueDentro" : 0,
    "loserPrimerSaqueGanado" : 0,
    "loserSegundoSaqueGanado" : 0,
    "loserDobleFalta" : 0,
    "loserServingPoints" : 0,
    "loserServingGames" : 0
  }, {
    "torneo" : "Cali CH",
    "fecha" : "20110919",
    "superficie" : "Clay",
    "resultado" : "6-2 6-1",
    "contrincante" : "Catalin Ionut Gard",
    "ganador" : true,
    "winnerAces" : 5,
    "winnerPrimerSaqueDentro" : 27,
    "winnerPrimerSaqueGanado" : 20,
    "winnerSegundoSaqueGanado" : 16,
    "winnerDobleFalta" : 2,
    "winnerServingPoints" : 51,
    "winnerServingGames" : 8,
    "loserAces" : 1,
    "loserPrimerSaqueDentro" : 27,
    "loserPrimerSaqueGanado" : 17,
    "loserSegundoSaqueGanado" : 7,
    "loserDobleFalta" : 12,
    "loserServingPoints" : 51,