{
  "nombre" : "Thomas Muster",
  "mano" : "L",
  "nacionalidad" : "AUT",
  "edad" : 43.8302532512,
  "ganar1Saque" : 0.5820249617099762,
  "ganar2Saque" : 0.4813954426961787,
  "primerSaque" : 0.5418864646378685,
  "segundoSaque" : 0.3966628172818352,
  "ganarPuntoSacando" : 0.5063431213585122,
  "ganarPuntoRestando" : 0.350844882351612,
  "probAce" : 0.027895182371139526,
  "clay" : {
    "nombre" : "Clay",
    "probVictoria" : 0.0714285746216774,
    "probGanarPrimerSaque" : 0.5625649924789157,
    "probGanarSegundoSaque" : 0.4722679172243391,
    "probPrimerSaque" : 0.5274880592312131,
    "probSegundoSaque" : 0.4095120685441153,
    "probGanarPuntoSacando" : 0.49014572776368537,
    "probGanarPuntoRestando" : 0.3564979478310551,
    "probAce" : 0.0
  },
  "grass" : {
    "nombre" : "Grass",
    "probVictoria" : 0.0,
    "probGanarPrimerSaque" : 0.6136363744735718,
    "probGanarSegundoSaque" : 0.6206896305084229,
    "probPrimerSaque" : 0.5714285969734192,
    "probSegundoSaque" : 0.37662336230278015,
    "probGanarPuntoSacando" : 0.5844155881058413,
    "probGanarPuntoRestando" : 0.2567567187219214,
    "probAce" : 0.0
  },
  "hard" : {
    "nombre" : "Hard",
    "probVictoria" : 0.0,
    "probGanarPrimerSaque" : 0.7024390399456024,
    "probGanarSegundoSaque" : 0.47564102709293365,
    "probPrimerSaque" : 0.6279042363166809,
    "probSegundoSaque" : 0.3167377859354019,
    "probGanarPuntoSacando" : 0.5917179347575223,
    "probGanarPuntoRestando" : 0.3583175058103551,
    "probAce" : 0.0
  },
  "other" : {
    "nombre" : "Other",
    "probVictoria" : 0.0,
    "probGanarPrimerSaque" : 0.0,
    "probGanarSegundoSaque" : 0.0,
    "probPrimerSaque" : 0.0,
    "probSegundoSaque" : 0.0,
    "probGanarPuntoSacando" : 0.0,
    "probGanarPuntoRestando" : 0.0,
    "probAce" : 0.0
  },
  "partidos" : [ {
    "torneo" : "Kitzbuhel",
    "fecha" : "20110731",
    "superficie" : "Clay",
    "resultado" : "6-3 6-0",
    "contrincante" : "Philipp Kohlschreiber",
    "ganador" : false,
    "winnerAces" : 8,
    "winnerPrimerSaqueDentro" : 32,
    "winnerPrimerSaqueGanado" : 23,
    "winnerSegundoSaqueGanado" : 11,
    "winnerDobleFalta" : 4,
    "winnerServingPoints" : 52,
    "winnerServingGames" : 7,
    "loserAces" : 1,
    "loserPrimerSaqueDentro" : 29,
    "loserPrimerSaqueGanado" : 15,
    "loserSegundoSaqueGanado" : 8,
    "loserDobleFalta" : 2,
    "loserServingPoints" : 57,
    "loserServingGames" : 8
  }, {
    "torneo" : "Vienna",
    "fecha" : "20111024",
    "superficie" : "Hard",
    "resultado" : "6-2 6-3",
    "contrincante" : "Dominic Thiem",
    "ganador" : false,
    "winnerAces" : 5,
    "winnerPrimerSaqueDentro" : 30,
    "winnerPrimerSaqueGanado" : 24,
    "winnerSegundoSaqueGanado" : 8,
    "winnerDobleFalta" : 3,
    "winnerServingPoints" : 51,
    "winnerServingGames" : 8,
    "loserAces" : 5,
    "loserPrimerSaqueDentro" : 40,
    "loserPrimerSaqueGanado" : 24,
    "loserSegundoSaqueGanado" : 5,
    "loserDobleFalta" : 4,
    "loserServingPoints" : 57,
    "loserServingGames" : 9
  }, {
    "torneo" : "Zagreb CH",
    "fecha" : "20110509",
    "superficie" : "Clay",
    "resultado" : "6-3 6-4",
    "contrincante" : "Guillermo Alcaide",
    "ganador" : false,
    "winnerAces" : 4,
    "winnerPrimerSaqueDentro" : 37,
    "winnerPrimerSaqueGanado" : 27,
    "winnerSegundoSaqueGanado" : 14,
    "winnerDobleFalta" : 1,
    "winnerServingPoints" : 59,
    "winnerServingGames" : 10,
    "loserAces" : 1,
    "loserPrimerSaqueDentro" : 33,
    "loserPrimerSaqueGanado" : 21,
    "loserSegundoSaqueGanado" : 10,
    "loserDobleFalta" : 3,
    "loserServingPoints" : 54,
    "loserServingGames" : 9
  }, {
    "torneo" : "Milan CH",
    "fecha" : "20110613",
    "superficie" : "Clay",
    "resultado" : "6-3 6-1",
    "contrincante" : "Pere Riba",
    "ganador" : false,
    "winnerAces" : 7,
    "winnerPrimerSaqueDentro" : 25,
    "winnerPrimerSaqueGanado" : 23,
    "winnerSegundoSaqueGanado" : 10,
    "winnerDobleFalta" : 3,
    "winnerServingPoints" : 42,
    "winnerServingGames" : 8,
    "loserAces" : 0,
    "loserPrimerSaqueDentro" : 26,
    "loserPrimerSaqueGanado" : 15,
    "loserSegundoSaqueGanado" : 15,
    "loserDobleFalta" : 5,
    "loserServingPoints" : 61,
    "loserServingGames" : 8
  }, {
    "torneo" : "Napoli CH",
    "fecha" : "20110418",
    "superficie" : "Clay",
    "resultado" : "6-3 7-5",
    "contrincante" : "Uladzimir Ignatik",
    "ganador" : false,
    "winnerAces" : 4,
    "winnerPrimerSaqueDentro" : 50,
    "winnerPrimerSaqueGanado" : 35,
    "winnerSegundoSaqueGanado" : 12,
    "winnerDobleFalta" : 7,
    "winnerServingPoints" : 81,
    "winnerServingGames" : 11,
    "loserAces" : 0,
    "loserPrimerSaqueDentro" : 36,
    "loserPrimerSaqueGanado" : 21,
    "loserSegundoSaqueGanado" : 10,
    "loserDobleFalta" : 6,
    "loserServingPoints" : 66,
    "loserServingGames" : 10
  }, {
    "torneo" : "Palermo CH",
    "fecha" : "20111003",
    "superficie" : "Clay",
    "resultado" : "6-2 6-4",
    "contrincante" : "Alessio Di Mauro",
    "ganador" : false,
    "winnerAces" : 1,
    "winnerPrimerSaqueDentro" : 28,
    "winnerPrimerSaqueGanado" : 19,
    "winnerSegundoSaqueGanado" : 18,
    "winnerDobleFalta" : 3,
    "winnerServingPoints" : 55,
    "winnerServingGames" : 9,
    "loserAces" : 1,
    "loserPrimerSaqueDentro" : 25,
    "loserPrimerSaqueGanado" : 13,
    "loserSegundoSaqueGanado" : 19,
    "loserDobleFalta" : 5,
    "loserServingPoints" : 60,
    "loserServingGames" : 9
  }, {
    "torneo" : "San Marino CH",
    "fecha" : "20110808",
    "superficie" : "Clay",
    "resultado" : "4-6 7-5 6-2",
    "contrincante" : "Benjamin Balleret",
    "ganador" : false,
    "winnerAces" : 4,
    "winnerPrimerSaqueDentro" : 69,
    "winnerPrimerSaqueGanado" : 49,
    "winnerSegundoSaqueGanado" : 13,
    "winnerDobleFalta" : 6,
    "winnerServingPoints" : 108,
    "winnerServingGames" : 15,
    "loserAces" : 0,
    "loserPrimerSaqueDentro" : 60,
    "loserPrimerSaqueGanado" : 33,
    "loserSegundoSaqueGanado" : 17,
    "loserDobleFalta" : 6,
    "loserServingPoints" : 94,
    "loserServingGames" : 15
  }, {
    "torneo" : "Todi CH",
    "fecha" : "20110912",
    "superficie" : "Clay",
    "resultado" : "4-6 7-5 6-2",
    "contrincante" : "Leonardo Mayer",
    "ganador" : true,
    "winnerAces" : 3,
    "winnerPrimerSaqueDentro" : 37,
    "winnerPrimerSaqueGanado" : 26,
    "winnerSegundoSaqueGanado" : 34,
    "winnerDobleFalta" : 3,
    "winnerServingPoints" : 89,
    "winnerServingGames" : 15,
    "loserAces" : 4,
    "loserPrimerSaqueDentro" : 59,
    "loserPrimerSaqueGanado" : 43,
    "loserSegundoSaqueGanado" : 13,
    "loserDobleFalta" : 8,
    "loserServingPoints" : 86,
    "loserServingGames" : 15
  }, {
    "torneo" : "Todi CH",
    "fecha" : "20110912",
    "superficie" : "Clay",
    "resultado" : "6-0 2-6 7-6(2)",
    "contrincante" : "Martin Fischer",
    "ganador" : false,
    "winnerAces" : 3,
    "winnerPrimerSaqueDentro" : 62,
    "winnerPrimerSaqueGanado" : 39,
    "winnerSegundoSaqueGanado" : 19,
    "winnerDobleFalta" : 1,
    "winnerServingPoints" : 97,
    "winnerServingGames" : 13,
    "loserAces" : 6,
    "loserPrimerSaqueDentro" : 46,
    "loserPrimerSaqueGanado" : 31,
    "loserSegundoSaqueGanado" : 14,
    "loserDobleFalta" : 4,
    "loserServingPoints" : 89,
    "loserServingGames" : 13
  }, {
    "torneo" : "Manerbio CH",
    "fecha" : "20110822",
    "superficie" : "Clay",
    "resultado" : "6-2 6-3",
    "contrincante" : "Daniel Munoz De La Nava",
    "ganador" : false,
    "winnerAces" : 2,
    "winnerPrimerSaqueDentro" : 19,
    "winnerPrimerSaqueGanado" : 17,
    "winnerSegundoSaqueGanado" : 18,
    "winnerDobleFalta" : 2,
    "winnerServingPoints" : 47,
    "winnerServingGames" : 9,
    "loserAces" : 3,
    "loserPrimerSaqueDentro" : 25,
    "loserPrimerSaqueGanado" : 16,
    "loserSegundoSaqueGanado" : 8,
    "loserDobleFalta" : 3,
    "loserServingPoints" : 49,