{
  "nombre" : "Thomas Fabbiano",
  "mano" : "U",
  "nacionalidad" : "ITA",
  "edad" : 21.607118412,
  "ganar1Saque" : 0.6305714453521528,
  "ganar2Saque" : 0.5742443360780415,
  "primerSaque" : 0.595879830812153,
  "segundoSaque" : 0.3550088554620743,
  "ganarPuntoSacando" : 0.5796066306780598,
  "ganarPuntoRestando" : 0.3785310194821089,
  "probAce" : 0.03164556995034218,
  "clay" : {
    "nombre" : "Clay",
    "probVictoria" : 0.4000000059604645,
    "probGanarPrimerSaque" : 0.601089346408844,
    "probGanarSegundoSaque" : 0.5461293309926987,
    "probPrimerSaque" : 0.6052100270986557,
    "probSegundoSaque" : 0.36305095106363294,
    "probGanarPuntoSacando" : 0.5620580726494546,
    "probGanarPuntoRestando" : 0.38388647574028056,
    "probAce" : 0.0
  },
  "grass" : {
    "nombre" : "Grass",
    "probVictoria" : 0.0,
    "probGanarPrimerSaque" : 0.0,
    "probGanarSegundoSaque" : 0.0,
    "probPrimerSaque" : 0.0,
    "probSegundoSaque" : 0.0,
    "probGanarPuntoSacando" : 0.0,
    "probGanarPuntoRestando" : 0.0,
    "probAce" : 0.0
  },
  "hard" : {
    "nombre" : "Hard",
    "probVictoria" : 0.4285714328289032,
    "probGanarPrimerSaque" : 0.6859084793499538,
    "probGanarSegundoSaque" : 0.5797206716878074,
    "probPrimerSaque" : 0.5795728095940181,
    "probSegundoSaque" : 0.34876687611852375,
    "probGanarPuntoSacando" : 0.5997212721871021,
    "probGanarPuntoRestando" : 0.3782723045880128,
    "probAce" : 0.0
  },
  "other" : {
    "nombre" : "Other",
    "probVictoria" : 0.5,
    "probGanarPrimerSaque" : 0.5843023210763931,
    "probGanarSegundoSaque" : 0.695652186870575,
    "probPrimerSaque" : 0.6063034236431122,
    "probSegundoSaque" : 0.33664530515670776,
    "probGanarPuntoSacando" : 0.5884525404432099,
    "probGanarPuntoRestando" : 0.3526592403205869,
    "probAce" : 0.0
  },
  "partidos" : [ {
    "torneo" : "Sao Paulo CH",
    "fecha" : "20110103",
    "superficie" : "Hard",
    "resultado" : "7-5 1-6 6-0",
    "contrincante" : "Caio Zampieri",
    "ganador" : true,
    "winnerAces" : 8,
    "winnerPrimerSaqueDentro" : 54,
    "winnerPrimerSaqueGanado" : 35,
    "winnerSegundoSaqueGanado" : 17,
    "winnerDobleFalta" : 7,
    "winnerServingPoints" : 97,
    "winnerServingGames" : 13,
    "loserAces" : 6,
    "loserPrimerSaqueDentro" : 42,
    "loserPrimerSaqueGanado" : 23,
    "loserSegundoSaqueGanado" : 13,
    "loserDobleFalta" : 1,
    "loserServingPoints" : 75,
    "loserServingGames" : 12
  }, {
    "torneo" : "Sao Paulo CH",
    "fecha" : "20110103",
    "superficie" : "Hard",
    "resultado" : "3-6 6-1 6-1",
    "contrincante" : "Fernando Romboli",
    "ganador" : true,
    "winnerAces" : 6,
    "winnerPrimerSaqueDentro" : 26,
    "winnerPrimerSaqueGanado" : 23,
    "winnerSegundoSaqueGanado" : 22,
    "winnerDobleFalta" : 4,
    "winnerServingPoints" : 59,
    "winnerServingGames" : 11,
    "loserAces" : 5,
    "loserPrimerSaqueDentro" : 52,
    "loserPrimerSaqueGanado" : 33,
    "loserSegundoSaqueGanado" : 13,
    "loserDobleFalta" : 6,
    "loserServingPoints" : 89,
    "loserServingGames" : 12
  }, {
    "torneo" : "Sao Paulo CH",
    "fecha" : "20110103",
    "superficie" : "Hard",
    "resultado" : "6-4 6-2",
    "contrincante" : "Rafael Camilo",
    "ganador" : false,
    "winnerAces" : 6,
    "winnerPrimerSaqueDentro" : 23,
    "winnerPrimerSaqueGanado" : 20,
    "winnerSegundoSaqueGanado" : 16,
    "winnerDobleFalta" : 1,
    "winnerServingPoints" : 45,
    "winnerServingGames" : 9,
    "loserAces" : 5,
    "loserPrimerSaqueDentro" : 36,
    "loserPrimerSaqueGanado" : 25,
    "loserSegundoSaqueGanado" : 9,
    "loserDobleFalta" : 3,
    "loserServingPoints" : 62,
    "loserServingGames" : 9
  }, {
    "torneo" : "Pingguo CH",
    "fecha" : "20110321",
    "superficie" : "Hard",
    "resultado" : "6-3 6-4",
    "contrincante" : "Antonio Veic",
    "ganador" : false,
    "winnerAces" : 4,
    "winnerPrimerSaqueDentro" : 39,
    "winnerPrimerSaqueGanado" : 29,
    "winnerSegundoSaqueGanado" : 16,
    "winnerDobleFalta" : 0,
    "winnerServingPoints" : 69,
    "winnerServingGames" : 10,
    "loserAces" : 0,
    "loserPrimerSaqueDentro" : 32,
    "loserPrimerSaqueGanado" : 18,
    "loserSegundoSaqueGanado" : 10,
    "loserDobleFalta" : 1,
    "loserServingPoints" : 46,
    "loserServingGames" : 9
  }, {
    "torneo" : "Todi CH",
    "fecha" : "20110912",
    "superficie" : "Clay",
    "resultado" : "6-2 6-2",
    "contrincante" : "Carlos Berlocq",
    "ganador" : false,
    "winnerAces" : 2,
    "winnerPrimerSaqueDentro" : 24,
    "winnerPrimerSaqueGanado" : 23,
    "winnerSegundoSaqueGanado" : 11,
    "winnerDobleFalta" : 1,
    "winnerServingPoints" : 44,
    "winnerServingGames" : 8,
    "loserAces" : 0,
    "loserPrimerSaqueDentro" : 26,
    "loserPrimerSaqueGanado" : 15,
    "loserSegundoSaqueGanado" : 7,
    "loserDobleFalta" : 4,
    "loserServingPoints" : 47,
    "loserServingGames" : 8
  }, {
    "torneo" : "Kyoto CH",
    "fecha" : "20110307",
    "superficie" : "Carpet",
    "resultado" : "6-4 6-4",
    "contrincante" : "Kento Takeuchi",
    "ganador" : true,
    "winnerAces" : 5,
    "winnerPrimerSaqueDentro" : 40,
    "winnerPrimerSaqueGanado" : 30,
    "winnerSegundoSaqueGanado" : 17,
    "winnerDobleFalta" : 2,
    "winnerServingPoints" : 65,
    "winnerServingGames" : 10,
    "loserAces" : 11,
    "loserPrimerSaqueDentro" : 42,
    "loserPrimerSaqueGanado" : 30,
    "loserSegundoSaqueGanado" : 11,
    "loserDobleFalta" : 2,
    "loserServingPoints" : 66,
    "loserServingGames" : 10
  }, {
    "torneo" : "Kyoto CH",
    "fecha" : "20110307",
    "superficie" : "Carpet",
    "resultado" : "6-3 6-1",
    "contrincante" : "Cedrik Marcel Stebe",
    "ganador" : false,
    "winnerAces" : 9,
    "winnerPrimerSaqueDentro" : 31,
    "winnerPrimerSaqueGanado" : 25,
    "winnerSegundoSaqueGanado" : 8,
    "winnerDobleFalta" : 3,
    "winnerServingPoints" : 49,
    "winnerServingGames" : 8,
    "loserAces" : 0,
    "loserPrimerSaqueDentro" : 43,
    "loserPrimerSaqueGanado" : 18,
    "loserSegundoSaqueGanado" : 15,
    "loserDobleFalta" : 6,
    "loserServingPoints" : 72,
    "loserServingGames" : 8
  }, {
    "torneo" : "Rome CH",
    "fecha" : "20110411",
    "superficie" : "Clay",
    "resultado" : "6-3 7-6(4)",
    "contrincante" : "Nikola Ciric",
    "ganador" : true,
    "winnerAces" : 2,
    "winnerPrimerSaqueDentro" : 47,
    "winnerPrimerSaqueGanado" : 36,
    "winnerSegundoSaqueGanado" : 12,
    "winnerDobleFalta" : 3,
    "winnerServingPoints" : 69,
    "winnerServingGames" : 11,
    "loserAces" : 9,
    "loserPrimerSaqueDentro" : 53,
    "loserPrimerSaqueGanado" : 33,
    "loserSegundoSaqueGanado" : 16,
    "loserDobleFalta" : 3,
    "loserServingPoints" : 85,
    "loserServingGames" : 10
  }, {
    "torneo" : "Rome CH",
    "fecha" : "20110411",
    "superficie" : "Clay",
    "resultado" : "6-2 6-1",
    "contrincante" : "Andreas Beck",
    "ganador" : false,
    "winnerAces" : 3,
    "winnerPrimerSaqueDentro" : 30,
    "winnerPrimerSaqueGanado" : 25,
    "winnerSegundoSaqueGanado" : 7,
    "winnerDobleFalta" : 2,
    "winnerServingPoints" : 44,
    "winnerServingGames" : 7,
    "loserAces" : 4,
    "loserPrimerSaqueDentro" : 43,
    "loserPrimerSaqueGanado" : 24,
    "loserSegundoSaqueGanado" : 6,
    "loserDobleFalta" : 3,
    "loserServingPoints" : 60,
    "loserServingGames" : 8
  }, {
    "torneo" : "Izmir CH",
    "fecha" : "20110919",
    "superficie" : "Hard",
    "resultado" : "6-2 6-2",
    "contrincante" : "James Mcgee",
    "ganador" : true,
    "winnerAces" : 0,
    "winnerPrimerSaqueDentro" : 47,
    "winnerPrimerSaqueGanado" : 33,
    "winnerSegundoSaqueGanado" : 6,
    "winnerDobleFalta" : 4,
    "winnerServingPoints" : 60,
    "winnerServingGames" : 8,
    "loserAces" : 4,
    "loserPrimerSaqueDentro" : 38,
    "loserPrimerSaqueGanado" : 22,
    "loserSegundoSaqueGanado" : 4,
    "loserDobleFalta" : 5,
    "loserServingPoints" : 53,