{
  "nombre" : "Tiago Fernandes",
  "mano" : "R",
  "nacionalidad" : "BRA",
  "edad" : 18.1765913758,
  "ganar1Saque" : 0.6006047549572858,
  "ganar2Saque" : 0.5004649108106439,
  "primerSaque" : 0.6935663900592111,
  "segundoSaque" : 0.26888111944903026,
  "ganarPuntoSacando" : 0.5511248372118468,
  "ganarPuntoRestando" : 0.3363068287599797,
  "probAce" : 0.027100270614027977,
  "clay" : {
    "nombre" : "Clay",
    "probVictoria" : 0.0,
    "probGanarPrimerSaque" : 0.5464265793561935,
    "probGanarSegundoSaque" : 0.4413722548633814,
    "probPrimerSaque" : 0.6842719092965126,
    "probSegundoSaque" : 0.26215988770127296,
    "probGanarPuntoSacando" : 0.4896144595158666,
    "probGanarPuntoRestando" : 0.30441854210526953,
    "probAce" : 0.0
  },
  "grass" : {
    "nombre" : "Grass",
    "probVictoria" : 0.0,
    "probGanarPrimerSaque" : 0.5925925970077515,
    "probGanarSegundoSaque" : 0.7142857313156128,
    "probPrimerSaque" : 0.7941176295280457,
    "probSegundoSaque" : 0.20588235557079315,
    "probGanarPuntoSacando" : 0.617647057325529,
    "probGanarPuntoRestando" : 0.29411764327996714,
    "probAce" : 0.0
  },
  "hard" : {
    "nombre" : "Hard",
    "probVictoria" : 0.5,
    "probGanarPrimerSaque" : 0.6372697488828138,
    "probGanarSegundoSaque" : 0.5023485300215808,
    "probPrimerSaque" : 0.7012902606617321,
    "probSegundoSaque" : 0.2696303501725197,
    "probGanarPuntoSacando" : 0.5823594783642344,
    "probGanarPuntoRestando" : 0.3760294991408495,
    "probAce" : 0.0
  },
  "other" : {
    "nombre" : "Other",
    "probVictoria" : 0.5,
    "probGanarPrimerSaque" : 0.6196660697460175,
    "probGanarSegundoSaque" : 0.6195652186870575,
    "probPrimerSaque" : 0.6379874050617218,
    "probSegundoSaque" : 0.32314465939998627,
    "probGanarPuntoSacando" : 0.5955483394107648,
    "probGanarPuntoRestando" : 0.2664798810240426,
    "probAce" : 0.0
  },
  "partidos" : [ {
    "torneo" : "Recife CH",
    "fecha" : "20110404",
    "superficie" : "Hard",
    "resultado" : "6-4 4-6 6-2",
    "contrincante" : "Tiago Lopes",
    "ganador" : true,
    "winnerAces" : 1,
    "winnerPrimerSaqueDentro" : 67,
    "winnerPrimerSaqueGanado" : 49,
    "winnerSegundoSaqueGanado" : 13,
    "winnerDobleFalta" : 4,
    "winnerServingPoints" : 98,
    "winnerServingGames" : 14,
    "loserAces" : 4,
    "loserPrimerSaqueDentro" : 49,
    "loserPrimerSaqueGanado" : 36,
    "loserSegundoSaqueGanado" : 12,
    "loserDobleFalta" : 3,
    "loserServingPoints" : 79,
    "loserServingGames" : 14
  }, {
    "torneo" : "Recife CH",
    "fecha" : "20110404",
    "superficie" : "Hard",
    "resultado" : "7-6(5) 6-4",
    "contrincante" : "Bruno Santanna",
    "ganador" : true,
    "winnerAces" : 0,
    "winnerPrimerSaqueDentro" : 50,
    "winnerPrimerSaqueGanado" : 33,
    "winnerSegundoSaqueGanado" : 17,
    "winnerDobleFalta" : 2,
    "winnerServingPoints" : 81,
    "winnerServingGames" : 11,
    "loserAces" : 2,
    "loserPrimerSaqueDentro" : 38,
    "loserPrimerSaqueGanado" : 23,
    "loserSegundoSaqueGanado" : 19,
    "loserDobleFalta" : 2,
    "loserServingPoints" : 72,
    "loserServingGames" : 11
  }, {
    "torneo" : "Recife CH",
    "fecha" : "20110404",
    "superficie" : "Hard",
    "resultado" : "6-4 3-6 7-6(3)",
    "contrincante" : "Guilherme Clezar",
    "ganador" : true,
    "winnerAces" : 5,
    "winnerPrimerSaqueDentro" : 79,
    "winnerPrimerSaqueGanado" : 57,
    "winnerSegundoSaqueGanado" : 11,
    "winnerDobleFalta" : 4,
    "winnerServingPoints" : 108,
    "winnerServingGames" : 15,
    "loserAces" : 7,
    "loserPrimerSaqueDentro" : 59,
    "loserPrimerSaqueGanado" : 40,
    "loserSegundoSaqueGanado" : 25,
    "loserDobleFalta" : 3,
    "loserServingPoints" : 101,
    "loserServingGames" : 16
  }, {
    "torneo" : "Recife CH",
    "fecha" : "20110404",
    "superficie" : "Hard",
    "resultado" : "2-6 7-5 7-6(2)",
    "contrincante" : "Julio Silva",
    "ganador" : true,
    "winnerAces" : 3,
    "winnerPrimerSaqueDentro" : 70,
    "winnerPrimerSaqueGanado" : 47,
    "winnerSegundoSaqueGanado" : 15,
    "winnerDobleFalta" : 0,
    "winnerServingPoints" : 96,
    "winnerServingGames" : 16,
    "loserAces" : 10,
    "loserPrimerSaqueDentro" : 69,
    "loserPrimerSaqueGanado" : 48,
    "loserSegundoSaqueGanado" : 18,
    "loserDobleFalta" : 2,
    "loserServingPoints" : 105,
    "loserServingGames" : 16
  }, {
    "torneo" : "Recife CH",
    "fecha" : "20110404",
    "superficie" : "Hard",
    "resultado" : "W/O",
    "contrincante" : "Tatsuma Ito",
    "ganador" : false,
    "winnerAces" : 0,
    "winnerPrimerSaqueDentro" : 0,
    "winnerPrimerSaqueGanado" : 0,
    "winnerSegundoSaqueGanado" : 0,
    "winnerDobleFalta" : 0,
    "winnerServingPoints" : 0,
    "winnerServingGames" : 0,
    "loserAces" : 0,
    "loserPrimerSaqueDentro" : 0,
    "loserPrimerSaqueGanado" : 0,
    "loserSegundoSaqueGanado" : 0,
    "loserDobleFalta" : 0,
    "loserServingPoints" : 0,
    "loserServingGames" : 0
  }, {
    "torneo" : "Campos Do Jordao CH",
    "fecha" : "20110801",
    "superficie" : "Hard",
    "resultado" : "6-3 7-5",
    "contrincante" : "Robert Farah",
    "ganador" : false,
    "winnerAces" : 7,
    "winnerPrimerSaqueDentro" : 40,
    "winnerPrimerSaqueGanado" : 30,
    "winnerSegundoSaqueGanado" : 17,
    "winnerDobleFalta" : 5,
    "winnerServingPoints" : 69,
    "winnerServingGames" : 11,
    "loserAces" : 2,
    "loserPrimerSaqueDentro" : 34,
    "loserPrimerSaqueGanado" : 23,
    "loserSegundoSaqueGanado" : 12,
    "loserDobleFalta" : 1,
    "loserServingPoints" : 51,
    "loserServingGames" : 10
  }, {
    "torneo" : "Guangzhou CH",
    "fecha" : "20110314",
    "superficie" : "Hard",
    "resultado" : "6-4 6-2",
    "contrincante" : "Gianluca Naso",
    "ganador" : true,
    "winnerAces" : 0,
    "winnerPrimerSaqueDentro" : 41,
    "winnerPrimerSaqueGanado" : 30,
    "winnerSegundoSaqueGanado" : 8,
    "winnerDobleFalta" : 1,
    "winnerServingPoints" : 53,
    "winnerServingGames" : 9,
    "loserAces" : 3,
    "loserPrimerSaqueDentro" : 36,
    "loserPrimerSaqueGanado" : 23,
    "loserSegundoSaqueGanado" : 8,
    "loserDobleFalta" : 1,
    "loserServingPoints" : 50,
    "loserServingGames" : 9
  }, {
    "torneo" : "Guangzhou CH",
    "fecha" : "20110314",
    "superficie" : "Hard",
    "resultado" : "6-4 6-3",
    "contrincante" : "Dominik Meffert",
    "ganador" : false,
    "winnerAces" : 5,
    "winnerPrimerSaqueDentro" : 38,
    "winnerPrimerSaqueGanado" : 32,
    "winnerSegundoSaqueGanado" : 8,
    "winnerDobleFalta" : 2,
    "winnerServingPoints" : 51,
    "winnerServingGames" : 10,
    "loserAces" : 4,
    "loserPrimerSaqueDentro" : 37,
    "loserPrimerSaqueGanado" : 24,
    "loserSegundoSaqueGanado" : 10,
    "loserDobleFalta" : 1,
    "loserServingPoints" : 55,
    "loserServingGames" : 9
  }, {
    "torneo" : "Montevideo CH",
    "fecha" : "20111114",
    "superficie" : "Clay",
    "resultado" : "6-3 6-1",
    "contrincante" : "Joao Souza",
    "ganador" : false,
    "winnerAces" : 11,
    "winnerPrimerSaqueDentro" : 37,
    "winnerPrimerSaqueGanado" : 25,
    "winnerSegundoSaqueGanado" : 11,
    "winnerDobleFalta" : 1,
    "winnerServingPoints" : 50,
    "winnerServingGames" : 8,
    "loserAces" : 1,
    "loserPrimerSaqueDentro" : 47,
    "loserPrimerSaqueGanado" : 25,
    "loserSegundoSaqueGanado" : 4,
    "loserDobleFalta" : 5,
    "loserServingPoints" : 61,
    "loserServingGames" : 8
  }, {
    "torneo" : "Kyoto CH",
    "fecha" : "20110307",
    "superficie" : "Carpet",
    "resultado" : "7-6(4) 7-5",
    "contrincante" : "Tsung Hua Yang",
    "ganador" : true,
    "winnerAces" : 7,
    "winnerPrimerSaqueDentro" : 49,
    "winnerPrimerSaqueGanado" : 34,
    "winnerSegundoSaqueGanado" : 17,
    "winnerDobleFalta" : 3,
    "winnerServingPoints" : 75,
    "winnerServingGames" : 12,
    "loserAces" : 9,
    "loserPrimerSaqueDentro" : 52,
    "loserPrimerSaqueGanado" : 38,
    "loserSegundoSaqueGanado" : 11,