{
  "nombre" : "Tommy Haas",
  "mano" : "R",
  "nacionalidad" : "GER",
  "edad" : 33.4045174538,
  "ganar1Saque" : 0.7213157510215585,
  "ganar2Saque" : 0.5966024276885119,
  "primerSaque" : 0.6084365059028972,
  "segundoSaque" : 0.34090730818835174,
  "ganarPuntoSacando" : 0.6422609628862076,
  "ganarPuntoRestando" : 0.3616369114433926,
  "probAce" : 0.09595119208097458,
  "clay" : {
    "nombre" : "Clay",
    "probVictoria" : 0.0,
    "probGanarPrimerSaque" : 0.6707317233085632,
    "probGanarSegundoSaque" : 0.5833333134651184,
    "probPrimerSaque" : 0.5985401272773743,
    "probSegundoSaque" : 0.35036495327949524,
    "probGanarPuntoSacando" : 0.6058394001566594,
    "probGanarPuntoRestando" : 0.2931034550229038,
    "probAce" : 0.0
  },
  "grass" : {
    "nombre" : "Grass",
    "probVictoria" : 0.25,
    "probGanarPrimerSaque" : 2.547365754842758,
    "probGanarSegundoSaque" : 0.6144824922084808,
    "probPrimerSaque" : 0.6113607734441757,
    "probSegundoSaque" : 0.3242314010858536,
    "probGanarPuntoSacando" : 1.756594017517358,
    "probGanarPuntoRestando" : 0.3508173516830941,
    "probAce" : 0.0
  },
  "hard" : {
    "nombre" : "Hard",
    "probVictoria" : 0.529411792755127,
    "probGanarPrimerSaque" : 0.7441675908425275,
    "probGanarSegundoSaque" : 0.5931758898146012,
    "probPrimerSaque" : 0.6083305828711566,
    "probSegundoSaque" : 0.34427471897181344,
    "probGanarPuntoSacando" : 0.6569153670578363,
    "probGanarPuntoRestando" : 0.3682140699999621,
    "probAce" : 0.0
  },
  "other" : {
    "nombre" : "Other",
    "probVictoria" : 0.0,
    "probGanarPrimerSaque" : 0.0,
    "probGanarSegundoSaque" : 0.0,
    "probPrimerSaque" : 0.0,
    "probSegundoSaque" : 0.0,
    "probGanarPuntoSacando" : 0.0,
    "probGanarPuntoRestando" : 0.0,
    "probAce" : 0.0
  },
  "partidos" : [ {
    "torneo" : "US Open",
    "fecha" : "20110829",
    "superficie" : "Hard",
    "resultado" : "6-3 6-4 6-7(5) 6-1",
    "contrincante" : "Jonathan Dasnieres De Veigy",
    "ganador" : true,
    "winnerAces" : 18,
    "winnerPrimerSaqueDentro" : 81,
    "winnerPrimerSaqueGanado" : 59,
    "winnerSegundoSaqueGanado" : 25,
    "winnerDobleFalta" : 9,
    "winnerServingPoints" : 125,
    "winnerServingGames" : 20,
    "loserAces" : 5,
    "loserPrimerSaqueDentro" : 78,
    "loserPrimerSaqueGanado" : 54,
    "loserSegundoSaqueGanado" : 12,
    "loserDobleFalta" : 2,
    "loserServingPoints" : 119,
    "loserServingGames" : 18
  }, {
    "torneo" : "US Open",
    "fecha" : "20110829",
    "superficie" : "Hard",
    "resultado" : "7-6(5) 6-1 7-5",
    "contrincante" : "Alejandro Falla",
    "ganador" : true,
    "winnerAces" : 5,
    "winnerPrimerSaqueDentro" : 55,
    "winnerPrimerSaqueGanado" : 43,
    "winnerSegundoSaqueGanado" : 22,
    "winnerDobleFalta" : 6,
    "winnerServingPoints" : 96,
    "winnerServingGames" : 15,
    "loserAces" : 9,
    "loserPrimerSaqueDentro" : 55,
    "loserPrimerSaqueGanado" : 35,
    "loserSegundoSaqueGanado" : 27,
    "loserDobleFalta" : 3,
    "loserServingPoints" : 111,
    "loserServingGames" : 16
  }, {
    "torneo" : "US Open",
    "fecha" : "20110829",
    "superficie" : "Hard",
    "resultado" : "6-7(3) 6-3 6-2 6-3",
    "contrincante" : "Juan Monaco",
    "ganador" : false,
    "winnerAces" : 6,
    "winnerPrimerSaqueDentro" : 84,
    "winnerPrimerSaqueGanado" : 61,
    "winnerSegundoSaqueGanado" : 24,
    "winnerDobleFalta" : 4,
    "winnerServingPoints" : 125,
    "winnerServingGames" : 19,
    "loserAces" : 7,
    "loserPrimerSaqueDentro" : 80,
    "loserPrimerSaqueGanado" : 57,
    "loserSegundoSaqueGanado" : 22,
    "loserDobleFalta" : 6,
    "loserServingPoints" : 139,
    "loserServingGames" : 19
  }, {
    "torneo" : "Cincinnati Masters",
    "fecha" : "20110814",
    "superficie" : "Hard",
    "resultado" : "6-7(5) 6-4 6-3",
    "contrincante" : "Juan Monaco",
    "ganador" : false,
    "winnerAces" : 3,
    "winnerPrimerSaqueDentro" : 65,
    "winnerPrimerSaqueGanado" : 45,
    "winnerSegundoSaqueGanado" : 22,
    "winnerDobleFalta" : 2,
    "winnerServingPoints" : 96,
    "winnerServingGames" : 15,
    "loserAces" : 6,
    "loserPrimerSaqueDentro" : 67,
    "loserPrimerSaqueGanado" : 51,
    "loserSegundoSaqueGanado" : 16,
    "loserDobleFalta" : 3,
    "loserServingPoints" : 97,
    "loserServingGames" : 16
  }, {
    "torneo" : "Los Angeles",
    "fecha" : "20110725",
    "superficie" : "Hard",
    "resultado" : "6-3 6-2",
    "contrincante" : "Grigor Dimitrov",
    "ganador" : false,
    "winnerAces" : 4,
    "winnerPrimerSaqueDentro" : 23,
    "winnerPrimerSaqueGanado" : 19,
    "winnerSegundoSaqueGanado" : 9,
    "winnerDobleFalta" : 7,
    "winnerServingPoints" : 52,
    "winnerServingGames" : 8,
    "loserAces" : 2,
    "loserPrimerSaqueDentro" : 28,
    "loserPrimerSaqueGanado" : 14,
    "loserSegundoSaqueGanado" : 9,
    "loserDobleFalta" : 5,
    "loserServingPoints" : 56,
    "loserServingGames" : 9
  }, {
    "torneo" : "Washington",
    "fecha" : "20110731",
    "superficie" : "Hard",
    "resultado" : "6-2 6-3",
    "contrincante" : "Amer Delic",
    "ganador" : true,
    "winnerAces" : 6,
    "winnerPrimerSaqueDentro" : 26,
    "winnerPrimerSaqueGanado" : 24,
    "winnerSegundoSaqueGanado" : 13,
    "winnerDobleFalta" : 3,
    "winnerServingPoints" : 48,
    "winnerServingGames" : 9,
    "loserAces" : 8,
    "loserPrimerSaqueDentro" : 32,
    "loserPrimerSaqueGanado" : 20,
    "loserSegundoSaqueGanado" : 12,
    "loserDobleFalta" : 1,
    "loserServingPoints" : 57,
    "loserServingGames" : 8
  }, {
    "torneo" : "Washington",
    "fecha" : "20110731",
    "superficie" : "Hard",
    "resultado" : "7-6(3) 3-6 6-3",
    "contrincante" : "Thomaz Bellucci",
    "ganador" : false,
    "winnerAces" : 9,
    "winnerPrimerSaqueDentro" : 73,
    "winnerPrimerSaqueGanado" : 52,
    "winnerSegundoSaqueGanado" : 12,
    "winnerDobleFalta" : 8,
    "winnerServingPoints" : 116,
    "winnerServingGames" : 15,
    "loserAces" : 4,
    "loserPrimerSaqueDentro" : 58,
    "loserPrimerSaqueGanado" : 36,
    "loserSegundoSaqueGanado" : 20,
    "loserDobleFalta" : 7,
    "loserServingPoints" : 99,
    "loserServingGames" : 15
  }, {
    "torneo" : "Newport",
    "fecha" : "20110704",
    "superficie" : "Grass",
    "resultado" : "7-6(9) 6-4",
    "contrincante" : "Michael Berrer",
    "ganador" : true,
    "winnerAces" : 8,
    "winnerPrimerSaqueDentro" : 48,
    "winnerPrimerSaqueGanado" : 36,
    "winnerSegundoSaqueGanado" : 14,
    "winnerDobleFalta" : 3,
    "winnerServingPoints" : 77,
    "winnerServingGames" : 11,
    "loserAces" : 3,
    "loserPrimerSaqueDentro" : 39,
    "loserPrimerSaqueGanado" : 29,
    "loserSegundoSaqueGanado" : 17,
    "loserDobleFalta" : 5,
    "loserServingPoints" : 69,
    "loserServingGames" : 11
  }, {
    "torneo" : "Newport",
    "fecha" : "20110704",
    "superficie" : "Grass",
    "resultado" : "5-2 RET",
    "contrincante" : "Michael Yani",
    "ganador" : false,
    "winnerAces" : 0,
    "winnerPrimerSaqueDentro" : 8,
    "winnerPrimerSaqueGanado" : 4,
    "winnerSegundoSaqueGanado" : 5,
    "winnerDobleFalta" : 1,
    "winnerServingPoints" : 17,
    "winnerServingGames" : 3,
    "loserAces" : 1,
    "loserPrimerSaqueDentro" : 14,
    "loserPrimerSaqueGanado" : 6,
    "loserSegundoSaqueGanado" : 7,
    "loserDobleFalta" : 4,
    "loserServingPoints" : 31,
    "loserServingGames" : 4
  }, {
    "torneo" : "Wimbledon",
    "fecha" : "20110620",
    "superficie" : "Grass",
    "resultado" : "7-6(5) 7-6(3) 3-6 6-3",
    "contrincante" : "Gilles Muller",
    "ganador" : false,
    "winnerAces" : 37,
    "winnerPrimerSaqueDentro" : 100,
    "winnerPrimerSaqueGanado" : 78,
    "winnerSegundoSaqueGanado" : 19,
    "winnerDobleFalta" : 2,
    "winnerServingPoints" : 131,
    "winnerServingGames" : 21,
    "loserAces" : 16,
    "loserPrimerSaqueDentro" : 94,
    "loserPrimerSaqueGanado" : 66,
    "loserSegundoSaqueGanado" : 31,
    "loserDobleFalta" : 3,