{
  "nombre" : "Woong Sun Jun",
  "mano" : "R",
  "nacionalidad" : "KOR",
  "edad" : 24.8624229979,
  "ganar1Saque" : 0.7218783348798752,
  "ganar2Saque" : 0.5356499552726746,
  "primerSaque" : 0.5716513892014822,
  "segundoSaque" : 0.37231798594196636,
  "ganarPuntoSacando" : 0.6120948654855599,
  "ganarPuntoRestando" : 0.34038134730447384,
  "probAce" : 0.08806488662958145,
  "clay" : {
    "nombre" : "Clay",
    "probVictoria" : 0.0,
    "probGanarPrimerSaque" : 0.6875,
    "probGanarSegundoSaque" : 0.3461538553237915,
    "probPrimerSaque" : 0.5333333611488342,
    "probSegundoSaque" : 0.4333333373069763,
    "probGanarPuntoSacando" : 0.5166666911389584,
    "probGanarPuntoRestando" : 0.3207547168245648,
    "probAce" : 0.0
  },
  "grass" : {
    "nombre" : "Grass",
    "probVictoria" : 0.0,
    "probGanarPrimerSaque" : 0.0,
    "probGanarSegundoSaque" : 0.0,
    "probPrimerSaque" : 0.0,
    "probSegundoSaque" : 0.0,
    "probGanarPuntoSacando" : 0.0,
    "probGanarPuntoRestando" : 0.0,
    "probAce" : 0.0
  },
  "hard" : {
    "nombre" : "Hard",
    "probVictoria" : 0.25,
    "probGanarPrimerSaque" : 0.6918088048696518,
    "probGanarSegundoSaque" : 0.5170852318406105,
    "probPrimerSaque" : 0.5878264755010605,
    "probSegundoSaque" : 0.3505080696195364,
    "probGanarPuntoSacando" : 0.5879060779283511,
    "probGanarPuntoRestando" : 0.3847606184645888,
    "probAce" : 0.0
  },
  "other" : {
    "nombre" : "Other",
    "probVictoria" : 0.3333333432674408,
    "probGanarPrimerSaque" : 0.8135231932004293,
    "probGanarSegundoSaque" : 0.648321251074473,
    "probPrimerSaque" : 0.5412905017534891,
    "probSegundoSaque" : 0.4101393123467763,
    "probGanarPuntoSacando" : 0.7062544095310471,
    "probGanarPuntoRestando" : 0.2285788343708032,
    "probAce" : 0.0
  },
  "partidos" : [ {
    "torneo" : "Leon CH",
    "fecha" : "20110425",
    "superficie" : "Hard",
    "resultado" : "6-4 6-4",
    "contrincante" : "Andre Begemann",
    "ganador" : false,
    "winnerAces" : 6,
    "winnerPrimerSaqueDentro" : 48,
    "winnerPrimerSaqueGanado" : 29,
    "winnerSegundoSaqueGanado" : 11,
    "winnerDobleFalta" : 8,
    "winnerServingPoints" : 78,
    "winnerServingGames" : 10,
    "loserAces" : 3,
    "loserPrimerSaqueDentro" : 31,
    "loserPrimerSaqueGanado" : 19,
    "loserSegundoSaqueGanado" : 8,
    "loserDobleFalta" : 5,
    "loserServingPoints" : 58,
    "loserServingGames" : 10
  }, {
    "torneo" : "Honolulu CH",
    "fecha" : "20110124",
    "superficie" : "Hard",
    "resultado" : "4-6 6-1 6-4",
    "contrincante" : "Michael Russell",
    "ganador" : false,
    "winnerAces" : 2,
    "winnerPrimerSaqueDentro" : 45,
    "winnerPrimerSaqueGanado" : 30,
    "winnerSegundoSaqueGanado" : 19,
    "winnerDobleFalta" : 3,
    "winnerServingPoints" : 74,
    "winnerServingGames" : 14,
    "loserAces" : 4,
    "loserPrimerSaqueDentro" : 52,
    "loserPrimerSaqueGanado" : 36,
    "loserSegundoSaqueGanado" : 13,
    "loserDobleFalta" : 5,
    "loserServingPoints" : 89,
    "loserServingGames" : 13
  }, {
    "torneo" : "Beijing CH",
    "fecha" : "20110801",
    "superficie" : "Hard",
    "resultado" : "6-4 6-4",
    "contrincante" : "Junn Mitsuhashi",
    "ganador" : true,
    "winnerAces" : 6,
    "winnerPrimerSaqueDentro" : 39,
    "winnerPrimerSaqueGanado" : 32,
    "winnerSegundoSaqueGanado" : 10,
    "winnerDobleFalta" : 3,
    "winnerServingPoints" : 59,
    "winnerServingGames" : 10,
    "loserAces" : 5,
    "loserPrimerSaqueDentro" : 34,
    "loserPrimerSaqueGanado" : 25,
    "loserSegundoSaqueGanado" : 9,
    "loserDobleFalta" : 1,
    "loserServingPoints" : 51,
    "loserServingGames" : 10
  }, {
    "torneo" : "Beijing CH",
    "fecha" : "20110801",
    "superficie" : "Hard",
    "resultado" : "7-6(5) 6-1",
    "contrincante" : "Guillermo Olaso",
    "ganador" : false,
    "winnerAces" : 5,
    "winnerPrimerSaqueDentro" : 31,
    "winnerPrimerSaqueGanado" : 25,
    "winnerSegundoSaqueGanado" : 19,
    "winnerDobleFalta" : 6,
    "winnerServingPoints" : 69,
    "winnerServingGames" : 10,
    "loserAces" : 7,
    "loserPrimerSaqueDentro" : 52,
    "loserPrimerSaqueGanado" : 28,
    "loserSegundoSaqueGanado" : 17,
    "loserDobleFalta" : 4,
    "loserServingPoints" : 83,
    "loserServingGames" : 9
  }, {
    "torneo" : "Pingguo CH",
    "fecha" : "20110321",
    "superficie" : "Hard",
    "resultado" : "7-6(3) 7-5",
    "contrincante" : "Zhe Li",
    "ganador" : false,
    "winnerAces" : 0,
    "winnerPrimerSaqueDentro" : 57,
    "winnerPrimerSaqueGanado" : 39,
    "winnerSegundoSaqueGanado" : 17,
    "winnerDobleFalta" : 3,
    "winnerServingPoints" : 85,
    "winnerServingGames" : 12,
    "loserAces" : 14,
    "loserPrimerSaqueDentro" : 60,
    "loserPrimerSaqueGanado" : 41,
    "loserSegundoSaqueGanado" : 11,
    "loserDobleFalta" : 7,
    "loserServingPoints" : 87,
    "loserServingGames" : 12
  }, {
    "torneo" : "Wuhai CH",
    "fecha" : "20110725",
    "superficie" : "Hard",
    "resultado" : "6-2 6-3",
    "contrincante" : "Young Jun Kim",
    "ganador" : false,
    "winnerAces" : 5,
    "winnerPrimerSaqueDentro" : 35,
    "winnerPrimerSaqueGanado" : 29,
    "winnerSegundoSaqueGanado" : 9,
    "winnerDobleFalta" : 3,
    "winnerServingPoints" : 53,
    "winnerServingGames" : 9,
    "loserAces" : 4,
    "loserPrimerSaqueDentro" : 24,
    "loserPrimerSaqueGanado" : 14,
    "loserSegundoSaqueGanado" : 12,
    "loserDobleFalta" : 5,
    "loserServingPoints" : 46,
    "loserServingGames" : 8
  }, {
    "torneo" : "Kyoto CH",
    "fecha" : "20110307",
    "superficie" : "Carpet",
    "resultado" : "6-3 6-7(5) 7-6(4)",
    "contrincante" : "Andre Begemann",
    "ganador" : false,
    "winnerAces" : 19,
    "winnerPrimerSaqueDentro" : 65,
    "winnerPrimerSaqueGanado" : 56,
    "winnerSegundoSaqueGanado" : 20,
    "winnerDobleFalta" : 3,
    "winnerServingPoints" : 100,
    "winnerServingGames" : 17,
    "loserAces" : 13,
    "loserPrimerSaqueDentro" : 45,
    "loserPrimerSaqueGanado" : 37,
    "loserSegundoSaqueGanado" : 31,
    "loserDobleFalta" : 7,
    "loserServingPoints" : 100,
    "loserServingGames" : 16
  }, {
    "torneo" : "Fergana CH",
    "fecha" : "20110516",
    "superficie" : "Hard",
    "resultado" : "6-3 6-0",
    "contrincante" : "Dilshod Saidmukhamedov",
    "ganador" : true,
    "winnerAces" : 1,
    "winnerPrimerSaqueDentro" : 19,
    "winnerPrimerSaqueGanado" : 18,
    "winnerSegundoSaqueGanado" : 9,
    "winnerDobleFalta" : 1,
    "winnerServingPoints" : 37,
    "winnerServingGames" : 7,
    "loserAces" : 1,
    "loserPrimerSaqueDentro" : 28,
    "loserPrimerSaqueGanado" : 14,
    "loserSegundoSaqueGanado" : 8,
    "loserDobleFalta" : 5,
    "loserServingPoints" : 53,
    "loserServingGames" : 8
  }, {
    "torneo" : "Fergana CH",
    "fecha" : "20110516",
    "superficie" : "Hard",
    "resultado" : "6-7(4) 6-3 6-1",
    "contrincante" : "Dudi Sela",
    "ganador" : false,
    "winnerAces" : 1,
    "winnerPrimerSaqueDentro" : 57,
    "winnerPrimerSaqueGanado" : 39,
    "winnerSegundoSaqueGanado" : 19,
    "winnerDobleFalta" : 1,
    "winnerServingPoints" : 89,
    "winnerServingGames" : 14,
    "loserAces" : 3,
    "loserPrimerSaqueDentro" : 64,
    "loserPrimerSaqueGanado" : 42,
    "loserSegundoSaqueGanado" : 16,
    "loserDobleFalta" : 4,
    "loserServingPoints" : 112,
    "loserServingGames" : 14
  }, {
    "torneo" : "Toyota CH",
    "fecha" : "20111121",
    "superficie" : "Carpet",
    "resultado" : "6-3 6-4",
    "contrincante" : "Soong Jae Cho",
    "ganador" : true,
    "winnerAces" : 6,
    "winnerPrimerSaqueDentro" : 28,
    "winnerPrimerSaqueGanado" : 25,
    "winnerSegundoSaqueGanado" : 17,
    "winnerDobleFalta" : 2,
    "winnerServingPoints" : 53,
    "winnerServingGames" : 10,
    "loserAces" : 1,
    "loserPrimerSaqueDentro" : 25,
    "loserPrimerSaqueGanado" : 20,
    "loserSegundoSaqueGanado" : 11,
    "loserDobleFalta" : 0,
    "loserServingPoints" : 43,