{
  "nombre" : "Cyril Saulnier",
  "mano" : "R",
  "nacionalidad" : "FRA",
  "edad" : 30.8993839836,
  "ganar1Saque" : 0.6800947231905801,
  "ganar2Saque" : 0.5224408847945077,
  "primerSaque" : 0.5762961741004672,
  "segundoSaque" : 0.37576610701424734,
  "ganarPuntoSacando" : 0.5882515644249586,
  "ganarPuntoRestando" : 0.3255973574885742,
  "probAce" : 0.07029053568840027,
  "clay" : {
    "nombre" : "Clay",
    "probVictoria" : 0.0,
    "probGanarPrimerSaque" : 0.0,
    "probGanarSegundoSaque" : 0.0,
    "probPrimerSaque" : 0.0,
    "probSegundoSaque" : 0.0,
    "probGanarPuntoSacando" : 0.0,
    "probGanarPuntoRestando" : 0.0,
    "probAce" : 0.0
  },
  "grass" : {
    "nombre" : "Grass",
    "probVictoria" : 0.0,
    "probGanarPrimerSaque" : 0.6000000238418579,
    "probGanarSegundoSaque" : 0.3333333432674408,
    "probPrimerSaque" : 0.6730769276618958,
    "probSegundoSaque" : 0.2884615361690521,
    "probGanarPuntoSacando" : 0.5000000208998339,
    "probGanarPuntoRestando" : 0.2999999899490211,
    "probAce" : 0.0
  },
  "hard" : {
    "nombre" : "Hard",
    "probVictoria" : 0.3636363744735718,
    "probGanarPrimerSaque" : 0.6796107021245089,
    "probGanarSegundoSaque" : 0.5532998252998699,
    "probPrimerSaque" : 0.5506187216802076,
    "probSegundoSaque" : 0.39523314345966687,
    "probGanarPuntoSacando" : 0.5928888052729375,
    "probGanarPuntoRestando" : 0.319310347201463,
    "probAce" : 0.0
  },
  "other" : {
    "nombre" : "Other",
    "probVictoria" : 0.5,
    "probGanarPrimerSaque" : 0.7228041887283325,
    "probGanarSegundoSaque" : 0.4472704827785492,
    "probPrimerSaque" : 0.6691317856311798,
    "probSegundoSaque" : 0.31234969198703766,
    "probGanarPuntoSacando" : 0.6233560549962589,
    "probGanarPuntoRestando" : 0.3698310926939068,
    "probAce" : 0.0
  },
  "partidos" : [ {
    "torneo" : "Newport",
    "fecha" : "20060710",
    "superficie" : "Grass",
    "resultado" : "6-3 6-1",
    "contrincante" : "Mardy Fish",
    "ganador" : false,
    "winnerAces" : 11,
    "winnerPrimerSaqueDentro" : 30,
    "winnerPrimerSaqueGanado" : 25,
    "winnerSegundoSaqueGanado" : 10,
    "winnerDobleFalta" : 3,
    "winnerServingPoints" : 50,
    "winnerServingGames" : 8,
    "loserAces" : 0,
    "loserPrimerSaqueDentro" : 35,
    "loserPrimerSaqueGanado" : 21,
    "loserSegundoSaqueGanado" : 5,
    "loserDobleFalta" : 2,
    "loserServingPoints" : 52,
    "loserServingGames" : 8
  }, {
    "torneo" : "Miami Masters",
    "fecha" : "20060320",
    "superficie" : "Hard",
    "resultado" : "3-6 6-3 6-0",
    "contrincante" : "Kenneth Carlsen",
    "ganador" : false,
    "winnerAces" : 14,
    "winnerPrimerSaqueDentro" : 49,
    "winnerPrimerSaqueGanado" : 38,
    "winnerSegundoSaqueGanado" : 14,
    "winnerDobleFalta" : 2,
    "winnerServingPoints" : 80,
    "winnerServingGames" : 12,
    "loserAces" : 4,
    "loserPrimerSaqueDentro" : 37,
    "loserPrimerSaqueGanado" : 25,
    "loserSegundoSaqueGanado" : 12,
    "loserDobleFalta" : 4,
    "loserServingPoints" : 64,
    "loserServingGames" : 12
  }, {
    "torneo" : "Memphis",
    "fecha" : "20060220",
    "superficie" : "Hard",
    "resultado" : "6-3 6-4",
    "contrincante" : "Guillermo Garcia Lopez",
    "ganador" : true,
    "winnerAces" : 9,
    "winnerPrimerSaqueDentro" : 39,
    "winnerPrimerSaqueGanado" : 31,
    "winnerSegundoSaqueGanado" : 13,
    "winnerDobleFalta" : 1,
    "winnerServingPoints" : 64,
    "winnerServingGames" : 10,
    "loserAces" : 9,
    "loserPrimerSaqueDentro" : 28,
    "loserPrimerSaqueGanado" : 21,
    "loserSegundoSaqueGanado" : 13,
    "loserDobleFalta" : 3,
    "loserServingPoints" : 51,
    "loserServingGames" : 9
  }, {
    "torneo" : "Memphis",
    "fecha" : "20060220",
    "superficie" : "Hard",
    "resultado" : "6-0 6-7(3) 6-3",
    "contrincante" : "Dmitry Tursunov",
    "ganador" : false,
    "winnerAces" : 10,
    "winnerPrimerSaqueDentro" : 39,
    "winnerPrimerSaqueGanado" : 33,
    "winnerSegundoSaqueGanado" : 25,
    "winnerDobleFalta" : 1,
    "winnerServingPoints" : 77,
    "winnerServingGames" : 14,
    "loserAces" : 7,
    "loserPrimerSaqueDentro" : 43,
    "loserPrimerSaqueGanado" : 35,
    "loserSegundoSaqueGanado" : 16,
    "loserDobleFalta" : 5,
    "loserServingPoints" : 82,
    "loserServingGames" : 13
  }, {
    "torneo" : "Indian Wells Masters",
    "fecha" : "20060306",
    "superficie" : "Hard",
    "resultado" : "6-4 7-6(5)",
    "contrincante" : "Max Mirnyi",
    "ganador" : true,
    "winnerAces" : 4,
    "winnerPrimerSaqueDentro" : 39,
    "winnerPrimerSaqueGanado" : 32,
    "winnerSegundoSaqueGanado" : 17,
    "winnerDobleFalta" : 2,
    "winnerServingPoints" : 63,
    "winnerServingGames" : 11,
    "loserAces" : 18,
    "loserPrimerSaqueDentro" : 35,
    "loserPrimerSaqueGanado" : 30,
    "loserSegundoSaqueGanado" : 18,
    "loserDobleFalta" : 3,
    "loserServingPoints" : 62,
    "loserServingGames" : 11
  }, {
    "torneo" : "Indian Wells Masters",
    "fecha" : "20060306",
    "superficie" : "Hard",
    "resultado" : "3-6 6-3 6-4",
    "contrincante" : "Gaston Gaudio",
    "ganador" : false,
    "winnerAces" : 3,
    "winnerPrimerSaqueDentro" : 55,
    "winnerPrimerSaqueGanado" : 37,
    "winnerSegundoSaqueGanado" : 14,
    "winnerDobleFalta" : 2,
    "winnerServingPoints" : 80,
    "winnerServingGames" : 14,
    "loserAces" : 7,
    "loserPrimerSaqueDentro" : 51,
    "loserPrimerSaqueGanado" : 34,
    "loserSegundoSaqueGanado" : 20,
    "loserDobleFalta" : 3,
    "loserServingPoints" : 99,
    "loserServingGames" : 14
  }, {
    "torneo" : "Chennai",
    "fecha" : "20060102",
    "superficie" : "Hard",
    "resultado" : "6-3 6-3",
    "contrincante" : "Rohan Bopanna",
    "ganador" : false,
    "winnerAces" : 7,
    "winnerPrimerSaqueDentro" : 38,
    "winnerPrimerSaqueGanado" : 29,
    "winnerSegundoSaqueGanado" : 11,
    "winnerDobleFalta" : 3,
    "winnerServingPoints" : 58,
    "winnerServingGames" : 9,
    "loserAces" : 3,
    "loserPrimerSaqueDentro" : 28,
    "loserPrimerSaqueGanado" : 21,
    "loserSegundoSaqueGanado" : 8,
    "loserDobleFalta" : 3,
    "loserServingPoints" : 45,
    "loserServingGames" : 9
  }, {
    "torneo" : "Metz",
    "fecha" : "20061002",
    "superficie" : "Hard",
    "resultado" : "4-6 6-3 6-3",
    "contrincante" : "Dominik Hrbaty",
    "ganador" : true,
    "winnerAces" : 6,
    "winnerPrimerSaqueDentro" : 56,
    "winnerPrimerSaqueGanado" : 40,
    "winnerSegundoSaqueGanado" : 16,
    "winnerDobleFalta" : 2,
    "winnerServingPoints" : 85,
    "winnerServingGames" : 14,
    "loserAces" : 2,
    "loserPrimerSaqueDentro" : 37,
    "loserPrimerSaqueGanado" : 24,
    "loserSegundoSaqueGanado" : 22,
    "loserDobleFalta" : 9,
    "loserServingPoints" : 78,
    "loserServingGames" : 14
  }, {
    "torneo" : "Metz",
    "fecha" : "20061002",
    "superficie" : "Hard",
    "resultado" : "7-6(4) 6-7(4) 7-6(5)",
    "contrincante" : "Tobias Clemens",
    "ganador" : false,
    "winnerAces" : 15,
    "winnerPrimerSaqueDentro" : 66,
    "winnerPrimerSaqueGanado" : 50,
    "winnerSegundoSaqueGanado" : 32,
    "winnerDobleFalta" : 6,
    "winnerServingPoints" : 119,
    "winnerServingGames" : 18,
    "loserAces" : 11,
    "loserPrimerSaqueDentro" : 70,
    "loserPrimerSaqueGanado" : 57,
    "loserSegundoSaqueGanado" : 26,
    "loserDobleFalta" : 3,
    "loserServingPoints" : 123,
    "loserServingGames" : 18
  }, {
    "torneo" : "Lyon",
    "fecha" : "20061023",
    "superficie" : "Carpet",
    "resultado" : "6-7(9) 6-3 6-2",
    "contrincante" : "Alejandro Falla",
    "ganador" : true,
    "winnerAces" : 7,
    "winnerPrimerSaqueDentro" : 73,
    "winnerPrimerSaqueGanado" : 54,
    "winnerSegundoSaqueGanado" : 17,
    "winnerDobleFalta" : 4,
    "winnerServingPoints" : 108,
    "winnerServingGames" : 14,
    "loserAces" : 1,
    "loserPrimerSaqueDentro" : 59,
    "loserPrimerSaqueGanado" : 34,
    "loserSegundoSaqueGanado" : 22,
    "loserDobleFalta" : 3,
    "loserServingPoints" : 101,