{
  "nombre" : "Greg Rusedski",
  "mano" : "L",
  "nacionalidad" : "GBR",
  "edad" : 32.7255304586,
  "ganar1Saque" : 0.6684507585707165,
  "ganar2Saque" : 0.5657894724891299,
  "primerSaque" : 0.6076741715272268,
  "segundoSaque" : 0.3310534755388896,
  "ganarPuntoSacando" : 0.5935068322120478,
  "ganarPuntoRestando" : 0.31111416348538695,
  "probAce" : 0.08291139453649521,
  "clay" : {
    "nombre" : "Clay",
    "probVictoria" : 0.3333333432674408,
    "probGanarPrimerSaque" : 0.6108351647853851,
    "probGanarSegundoSaque" : 0.47659000754356384,
    "probPrimerSaque" : 0.6260214447975159,
    "probSegundoSaque" : 0.33058275282382965,
    "probGanarPuntoSacando" : 0.5399483490541566,
    "probGanarPuntoRestando" : 0.3207672254809852,
    "probAce" : 0.0
  },
  "grass" : {
    "nombre" : "Grass",
    "probVictoria" : 0.0,
    "probGanarPrimerSaque" : 1.4772727489471436,
    "probGanarSegundoSaque" : 0.5967741906642914,
    "probPrimerSaque" : 0.551630437374115,
    "probSegundoSaque" : 0.3860960155725479,
    "probGanarPuntoSacando" : 1.045320749834589,
    "probGanarPuntoRestando" : 0.25548229152625546,
    "probAce" : 0.0
  },
  "hard" : {
    "nombre" : "Hard",
    "probVictoria" : 0.3333333432674408,
    "probGanarPrimerSaque" : 0.6842447840250455,
    "probGanarSegundoSaque" : 0.6021915765909048,
    "probPrimerSaque" : 0.6078283121952643,
    "probSegundoSaque" : 0.32280264909450823,
    "probGanarPuntoSacando" : 0.6102923883882991,
    "probGanarPuntoRestando" : 0.3152176536349773,
    "probAce" : 0.0
  },
  "other" : {
    "nombre" : "Other",
    "probVictoria" : 0.0,
    "probGanarPrimerSaque" : 0.0,
    "probGanarSegundoSaque" : 0.0,
    "probPrimerSaque" : 0.0,
    "probSegundoSaque" : 0.0,
    "probGanarPuntoSacando" : 0.0,
    "probGanarPuntoRestando" : 0.0,
    "probAce" : 0.0
  },
  "partidos" : [ {
    "torneo" : "Roland Garros",
    "fecha" : "20060529",
    "superficie" : "Clay",
    "resultado" : "6-3 6-1 4-6 7-6(7)",
    "contrincante" : "Paul Capdeville",
    "ganador" : false,
    "winnerAces" : 2,
    "winnerPrimerSaqueDentro" : 77,
    "winnerPrimerSaqueGanado" : 55,
    "winnerSegundoSaqueGanado" : 33,
    "winnerDobleFalta" : 3,
    "winnerServingPoints" : 141,
    "winnerServingGames" : 19,
    "loserAces" : 6,
    "loserPrimerSaqueDentro" : 90,
    "loserPrimerSaqueGanado" : 55,
    "loserSegundoSaqueGanado" : 28,
    "loserDobleFalta" : 8,
    "loserServingPoints" : 150,
    "loserServingGames" : 19
  }, {
    "torneo" : "Miami Masters",
    "fecha" : "20060320",
    "superficie" : "Hard",
    "resultado" : "6-3 6-1",
    "contrincante" : "Mikhail Youzhny",
    "ganador" : true,
    "winnerAces" : 4,
    "winnerPrimerSaqueDentro" : 26,
    "winnerPrimerSaqueGanado" : 19,
    "winnerSegundoSaqueGanado" : 13,
    "winnerDobleFalta" : 5,
    "winnerServingPoints" : 48,
    "winnerServingGames" : 8,
    "loserAces" : 4,
    "loserPrimerSaqueDentro" : 32,
    "loserPrimerSaqueGanado" : 18,
    "loserSegundoSaqueGanado" : 12,
    "loserDobleFalta" : 6,
    "loserServingPoints" : 61,
    "loserServingGames" : 8
  }, {
    "torneo" : "Miami Masters",
    "fecha" : "20060320",
    "superficie" : "Hard",
    "resultado" : "6-4 6-4",
    "contrincante" : "Juan Ignacio Chela",
    "ganador" : false,
    "winnerAces" : 1,
    "winnerPrimerSaqueDentro" : 31,
    "winnerPrimerSaqueGanado" : 25,
    "winnerSegundoSaqueGanado" : 13,
    "winnerDobleFalta" : 2,
    "winnerServingPoints" : 52,
    "winnerServingGames" : 10,
    "loserAces" : 5,
    "loserPrimerSaqueDentro" : 51,
    "loserPrimerSaqueGanado" : 33,
    "loserSegundoSaqueGanado" : 10,
    "loserDobleFalta" : 6,
    "loserServingPoints" : 74,
    "loserServingGames" : 10
  }, {
    "torneo" : "Indian Wells Masters",
    "fecha" : "20060306",
    "superficie" : "Hard",
    "resultado" : "6-2 6-4",
    "contrincante" : "Stanislas Wawrinka",
    "ganador" : false,
    "winnerAces" : 4,
    "winnerPrimerSaqueDentro" : 38,
    "winnerPrimerSaqueGanado" : 26,
    "winnerSegundoSaqueGanado" : 11,
    "winnerDobleFalta" : 2,
    "winnerServingPoints" : 58,
    "winnerServingGames" : 9,
    "loserAces" : 2,
    "loserPrimerSaqueDentro" : 33,
    "loserPrimerSaqueGanado" : 21,
    "loserSegundoSaqueGanado" : 14,
    "loserDobleFalta" : 5,
    "loserServingPoints" : 66,
    "loserServingGames" : 9
  }, {
    "torneo" : "Wimbledon",
    "fecha" : "20060626",
    "superficie" : "Grass",
    "resultado" : "6-4 6-4 6-4",
    "contrincante" : "Marat Safin",
    "ganador" : false,
    "winnerAces" : 13,
    "winnerPrimerSaqueDentro" : 48,
    "winnerPrimerSaqueGanado" : 39,
    "winnerSegundoSaqueGanado" : 23,
    "winnerDobleFalta" : 1,
    "winnerServingPoints" : 79,
    "winnerServingGames" : 15,
    "loserAces" : 7,
    "loserPrimerSaqueDentro" : 60,
    "loserPrimerSaqueGanado" : 45,
    "loserSegundoSaqueGanado" : 16,
    "loserDobleFalta" : 5,
    "loserServingPoints" : 96,
    "loserServingGames" : 15
  }, {
    "torneo" : "Rotterdam",
    "fecha" : "20060220",
    "superficie" : "Hard",
    "resultado" : "6-3 7-5",
    "contrincante" : "Robin Vik",
    "ganador" : true,
    "winnerAces" : 9,
    "winnerPrimerSaqueDentro" : 39,
    "winnerPrimerSaqueGanado" : 31,
    "winnerSegundoSaqueGanado" : 12,
    "winnerDobleFalta" : 2,
    "winnerServingPoints" : 60,
    "winnerServingGames" : 11,
    "loserAces" : 4,
    "loserPrimerSaqueDentro" : 26,
    "loserPrimerSaqueGanado" : 18,
    "loserSegundoSaqueGanado" : 14,
    "loserDobleFalta" : 2,
    "loserServingPoints" : 54,
    "loserServingGames" : 10
  }, {
    "torneo" : "Rotterdam",
    "fecha" : "20060220",
    "superficie" : "Hard",
    "resultado" : "6-4 6-1",
    "contrincante" : "Nikolay Davydenko",
    "ganador" : false,
    "winnerAces" : 4,
    "winnerPrimerSaqueDentro" : 31,
    "winnerPrimerSaqueGanado" : 26,
    "winnerSegundoSaqueGanado" : 4,
    "winnerDobleFalta" : 1,
    "winnerServingPoints" : 37,
    "winnerServingGames" : 8,
    "loserAces" : 4,
    "loserPrimerSaqueDentro" : 30,
    "loserPrimerSaqueGanado" : 17,
    "loserSegundoSaqueGanado" : 8,
    "loserDobleFalta" : 4,
    "loserServingPoints" : 52,
    "loserServingGames" : 9
  }, {
    "torneo" : "Dubai",
    "fecha" : "20060227",
    "superficie" : "Hard",
    "resultado" : "7-6(4) 6-0",
    "contrincante" : "Andre Agassi",
    "ganador" : false,
    "winnerAces" : 6,
    "winnerPrimerSaqueDentro" : 38,
    "winnerPrimerSaqueGanado" : 30,
    "winnerSegundoSaqueGanado" : 13,
    "winnerDobleFalta" : 2,
    "winnerServingPoints" : 56,
    "winnerServingGames" : 9,
    "loserAces" : 11,
    "loserPrimerSaqueDentro" : 50,
    "loserPrimerSaqueGanado" : 38,
    "loserSegundoSaqueGanado" : 8,
    "loserDobleFalta" : 6,
    "loserServingPoints" : 79,
    "loserServingGames" : 9
  }, {
    "torneo" : "Marseille",
    "fecha" : "20060213",
    "superficie" : "Hard",
    "resultado" : "6-3 6-2",
    "contrincante" : "Nicolas Thomann",
    "ganador" : true,
    "winnerAces" : 15,
    "winnerPrimerSaqueDentro" : 38,
    "winnerPrimerSaqueGanado" : 30,
    "winnerSegundoSaqueGanado" : 11,
    "winnerDobleFalta" : 4,
    "winnerServingPoints" : 59,
    "winnerServingGames" : 9,
    "loserAces" : 0,
    "loserPrimerSaqueDentro" : 26,
    "loserPrimerSaqueGanado" : 14,
    "loserSegundoSaqueGanado" : 13,
    "loserDobleFalta" : 2,
    "loserServingPoints" : 50,
    "loserServingGames" : 8
  }, {
    "torneo" : "Marseille",
    "fecha" : "20060213",
    "superficie" : "Hard",
    "resultado" : "6-3 6-2",
    "contrincante" : "Fabrice Santoro",
    "ganador" : false,
    "winnerAces" : 2,
    "winnerPrimerSaqueDentro" : 28,
    "winnerPrimerSaqueGanado" : 20,
    "winnerSegundoSaqueGanado" : 20,
    "winnerDobleFalta" : 1,
    "winnerServingPoints" : 55,
    "winnerServingGames" : 9,
    "loserAces" : 4,
    "loserPrimerSaqueDentro" : 33,
    "loserPrimerSaqueGanado" : 19,
    "loserSegundoSaqueGanado" : 8,
    "loserDobleFalta" : 6,
    "loserServingPoints" : 51,