{
  "nombre" : "Igor Andreev",
  "mano" : "R",
  "nacionalidad" : "RUS",
  "edad" : 22.4722792608,
  "ganar1Saque" : 0.703282370017125,
  "ganar2Saque" : 0.5635916453141433,
  "primerSaque" : 0.639691833120126,
  "segundoSaque" : 0.32664185447188526,
  "ganarPuntoSacando" : 0.6339766086675942,
  "ganarPuntoRestando" : 0.36595927181129806,
  "probAce" : 0.05095541477203369,
  "clay" : {
    "nombre" : "Clay",
    "probVictoria" : 0.0,
    "probGanarPrimerSaque" : 0.6633662978808085,
    "probGanarSegundoSaque" : 0.6295371353626251,
    "probPrimerSaque" : 0.7513646483421326,
    "probSegundoSaque" : 0.22356892377138138,
    "probGanarPuntoSacando" : 0.6391749249563765,
    "probGanarPuntoRestando" : 0.30309674381841006,
    "probAce" : 0.0
  },
  "grass" : {
    "nombre" : "Grass",
    "probVictoria" : 0.0,
    "probGanarPrimerSaque" : 0.0,
    "probGanarSegundoSaque" : 0.0,
    "probPrimerSaque" : 0.0,
    "probSegundoSaque" : 0.0,
    "probGanarPuntoSacando" : 0.0,
    "probGanarPuntoRestando" : 0.0,
    "probAce" : 0.0
  },
  "hard" : {
    "nombre" : "Hard",
    "probVictoria" : 0.6000000238418579,
    "probGanarPrimerSaque" : 0.7059796184301377,
    "probGanarSegundoSaque" : 0.5605053529143333,
    "probPrimerSaque" : 0.61632030159235,
    "probSegundoSaque" : 0.3490015588700771,
    "probGanarPuntoSacando" : 0.6307268132710396,
    "probGanarPuntoRestando" : 0.3791784069999965,
    "probAce" : 0.0
  },
  "other" : {
    "nombre" : "Other",
    "probVictoria" : 0.3333333432674408,
    "probGanarPrimerSaque" : 0.725216786066691,
    "probGanarSegundoSaque" : 0.5182214379310608,
    "probPrimerSaque" : 0.6838292280832926,
    "probSegundoSaque" : 0.2806500891844432,
    "probGanarPuntoSacando" : 0.6413633277816744,
    "probGanarPuntoRestando" : 0.3406942318795297,
    "probAce" : 0.0
  },
  "partidos" : [ {
    "torneo" : "Doha",
    "fecha" : "20060102",
    "superficie" : "Hard",
    "resultado" : "7-5 1-6 7-5",
    "contrincante" : "Potito Starace",
    "ganador" : false,
    "winnerAces" : 5,
    "winnerPrimerSaqueDentro" : 63,
    "winnerPrimerSaqueGanado" : 43,
    "winnerSegundoSaqueGanado" : 14,
    "winnerDobleFalta" : 4,
    "winnerServingPoints" : 99,
    "winnerServingGames" : 15,
    "loserAces" : 6,
    "loserPrimerSaqueDentro" : 59,
    "loserPrimerSaqueGanado" : 44,
    "loserSegundoSaqueGanado" : 13,
    "loserDobleFalta" : 4,
    "loserServingPoints" : 90,
    "loserServingGames" : 16
  }, {
    "torneo" : "Paris Masters",
    "fecha" : "20061030",
    "superficie" : "Carpet",
    "resultado" : "7-5 6-4",
    "contrincante" : "Gael Monfils",
    "ganador" : true,
    "winnerAces" : 0,
    "winnerPrimerSaqueDentro" : 50,
    "winnerPrimerSaqueGanado" : 38,
    "winnerSegundoSaqueGanado" : 9,
    "winnerDobleFalta" : 2,
    "winnerServingPoints" : 69,
    "winnerServingGames" : 11,
    "loserAces" : 6,
    "loserPrimerSaqueDentro" : 44,
    "loserPrimerSaqueGanado" : 31,
    "loserSegundoSaqueGanado" : 15,
    "loserDobleFalta" : 6,
    "loserServingPoints" : 77,
    "loserServingGames" : 11
  }, {
    "torneo" : "Paris Masters",
    "fecha" : "20061030",
    "superficie" : "Carpet",
    "resultado" : "6-4 6-3",
    "contrincante" : "Dominik Hrbaty",
    "ganador" : false,
    "winnerAces" : 3,
    "winnerPrimerSaqueDentro" : 33,
    "winnerPrimerSaqueGanado" : 29,
    "winnerSegundoSaqueGanado" : 9,
    "winnerDobleFalta" : 4,
    "winnerServingPoints" : 51,
    "winnerServingGames" : 9,
    "loserAces" : 5,
    "loserPrimerSaqueDentro" : 41,
    "loserPrimerSaqueGanado" : 29,
    "loserSegundoSaqueGanado" : 7,
    "loserDobleFalta" : 4,
    "loserServingPoints" : 63,
    "loserServingGames" : 10
  }, {
    "torneo" : "Valencia",
    "fecha" : "20060410",
    "superficie" : "Clay",
    "resultado" : "7-6(6) 6-4",
    "contrincante" : "Marat Safin",
    "ganador" : false,
    "winnerAces" : 3,
    "winnerPrimerSaqueDentro" : 48,
    "winnerPrimerSaqueGanado" : 35,
    "winnerSegundoSaqueGanado" : 17,
    "winnerDobleFalta" : 3,
    "winnerServingPoints" : 74,
    "winnerServingGames" : 11,
    "loserAces" : 0,
    "loserPrimerSaqueDentro" : 62,
    "loserPrimerSaqueGanado" : 38,
    "loserSegundoSaqueGanado" : 15,
    "loserDobleFalta" : 3,
    "loserServingPoints" : 91,
    "loserServingGames" : 11
  }, {
    "torneo" : "Zagreb",
    "fecha" : "20060130",
    "superficie" : "Carpet",
    "resultado" : "6-3 1-6 6-3",
    "contrincante" : "Marin Cilic",
    "ganador" : false,
    "winnerAces" : 5,
    "winnerPrimerSaqueDentro" : 50,
    "winnerPrimerSaqueGanado" : 39,
    "winnerSegundoSaqueGanado" : 22,
    "winnerDobleFalta" : 6,
    "winnerServingPoints" : 96,
    "winnerServingGames" : 13,
    "loserAces" : 0,
    "loserPrimerSaqueDentro" : 48,
    "loserPrimerSaqueGanado" : 34,
    "loserSegundoSaqueGanado" : 14,
    "loserDobleFalta" : 1,
    "loserServingPoints" : 71,
    "loserServingGames" : 12
  }, {
    "torneo" : "Miami Masters",
    "fecha" : "20060320",
    "superficie" : "Hard",
    "resultado" : "6-4 6-4",
    "contrincante" : "George Bastl",
    "ganador" : true,
    "winnerAces" : 4,
    "winnerPrimerSaqueDentro" : 29,
    "winnerPrimerSaqueGanado" : 20,
    "winnerSegundoSaqueGanado" : 17,
    "winnerDobleFalta" : 0,
    "winnerServingPoints" : 51,
    "winnerServingGames" : 10,
    "loserAces" : 2,
    "loserPrimerSaqueDentro" : 36,
    "loserPrimerSaqueGanado" : 23,
    "loserSegundoSaqueGanado" : 9,
    "loserDobleFalta" : 1,
    "loserServingPoints" : 61,
    "loserServingGames" : 10
  }, {
    "torneo" : "Miami Masters",
    "fecha" : "20060320",
    "superficie" : "Hard",
    "resultado" : "6-3 1-6 6-4",
    "contrincante" : "Dmitry Tursunov",
    "ganador" : false,
    "winnerAces" : 2,
    "winnerPrimerSaqueDentro" : 40,
    "winnerPrimerSaqueGanado" : 23,
    "winnerSegundoSaqueGanado" : 24,
    "winnerDobleFalta" : 3,
    "winnerServingPoints" : 80,
    "winnerServingGames" : 13,
    "loserAces" : 3,
    "loserPrimerSaqueDentro" : 48,
    "loserPrimerSaqueGanado" : 34,
    "loserSegundoSaqueGanado" : 6,
    "loserDobleFalta" : 5,
    "loserServingPoints" : 71,
    "loserServingGames" : 13
  }, {
    "torneo" : "Indian Wells Masters",
    "fecha" : "20060306",
    "superficie" : "Hard",
    "resultado" : "6-7(2) 6-1 6-2",
    "contrincante" : "Dmitry Tursunov",
    "ganador" : true,
    "winnerAces" : 2,
    "winnerPrimerSaqueDentro" : 53,
    "winnerPrimerSaqueGanado" : 33,
    "winnerSegundoSaqueGanado" : 26,
    "winnerDobleFalta" : 4,
    "winnerServingPoints" : 93,
    "winnerServingGames" : 14,
    "loserAces" : 3,
    "loserPrimerSaqueDentro" : 54,
    "loserPrimerSaqueGanado" : 33,
    "loserSegundoSaqueGanado" : 19,
    "loserDobleFalta" : 6,
    "loserServingPoints" : 96,
    "loserServingGames" : 13
  }, {
    "torneo" : "Indian Wells Masters",
    "fecha" : "20060306",
    "superficie" : "Hard",
    "resultado" : "3-6 7-6(14) 6-4",
    "contrincante" : "Robin Soderling",
    "ganador" : true,
    "winnerAces" : 9,
    "winnerPrimerSaqueDentro" : 61,
    "winnerPrimerSaqueGanado" : 42,
    "winnerSegundoSaqueGanado" : 24,
    "winnerDobleFalta" : 4,
    "winnerServingPoints" : 105,
    "winnerServingGames" : 15,
    "loserAces" : 8,
    "loserPrimerSaqueDentro" : 63,
    "loserPrimerSaqueGanado" : 48,
    "loserSegundoSaqueGanado" : 27,
    "loserDobleFalta" : 6,
    "loserServingPoints" : 123,
    "loserServingGames" : 16
  }, {
    "torneo" : "Indian Wells Masters",
    "fecha" : "20060306",
    "superficie" : "Hard",
    "resultado" : "6-4 6-7(5) 6-1",
    "contrincante" : "Andy Roddick",
    "ganador" : true,
    "winnerAces" : 7,
    "winnerPrimerSaqueDentro" : 64,
    "winnerPrimerSaqueGanado" : 48,
    "winnerSegundoSaqueGanado" : 20,
    "winnerDobleFalta" : 2,
    "winnerServingPoints" : 95,
    "winnerServingGames" : 15,
    "loserAces" : 4,
    "loserPrimerSaqueDentro" : 51,
    "loserPrimerSaqueGanado" : 36,
    "loserSegundoSaqueGanado" : 19,
    "loserDobleFalta" : 5,