{
  "nombre" : "Jiri Novak",
  "mano" : "R",
  "nacionalidad" : "CZE",
  "edad" : 31.1868583162,
  "ganar1Saque" : 0.6918810796737671,
  "ganar2Saque" : 0.5306642234325409,
  "primerSaque" : 0.6483530616760254,
  "segundoSaque" : 0.3277904188632965,
  "ganarPuntoSacando" : 0.6225298643969195,
  "ganarPuntoRestando" : 0.3718262574515834,
  "probAce" : 0.07033184915781021,
  "clay" : {
    "nombre" : "Clay",
    "probVictoria" : 0.38461539149284363,
    "probGanarPrimerSaque" : 0.659417450428009,
    "probGanarSegundoSaque" : 0.5289916868011156,
    "probPrimerSaque" : 0.6395552456378937,
    "probSegundoSaque" : 0.34136005242665607,
    "probGanarPuntoSacando" : 0.6023105194260929,
    "probGanarPuntoRestando" : 0.3873221016222859,
    "probAce" : 0.0
  },
  "grass" : {
    "nombre" : "Grass",
    "probVictoria" : 0.3333333432674408,
    "probGanarPrimerSaque" : 2.1891891956329346,
    "probGanarSegundoSaque" : 0.5635049045085907,
    "probPrimerSaque" : 0.6849942604700724,
    "probSegundoSaque" : 0.28961434960365295,
    "probGanarPuntoSacando" : 1.6627811405093786,
    "probGanarPuntoRestando" : 0.3181253443766993,
    "probAce" : 0.0
  },
  "hard" : {
    "nombre" : "Hard",
    "probVictoria" : 0.7142857313156128,
    "probGanarPrimerSaque" : 0.7356667263167245,
    "probGanarSegundoSaque" : 0.5738824265343803,
    "probPrimerSaque" : 0.6622949923787799,
    "probSegundoSaque" : 0.3147462180682591,
    "probGanarPuntoSacando" : 0.6678557122667887,
    "probGanarPuntoRestando" : 0.3711055736578089,
    "probAce" : 0.0
  },
  "other" : {
    "nombre" : "Other",
    "probVictoria" : 0.3333333432674408,
    "probGanarPrimerSaque" : 0.6817204356193542,
    "probGanarSegundoSaque" : 0.4036712149779002,
    "probPrimerSaque" : 0.6143719553947449,
    "probSegundoSaque" : 0.3421244223912557,
    "probGanarPuntoSacando" : 0.5569356983243104,
    "probGanarPuntoRestando" : 0.3652253893624646,
    "probAce" : 0.0
  },
  "partidos" : [ {
    "torneo" : "Roland Garros",
    "fecha" : "20060529",
    "superficie" : "Clay",
    "resultado" : "6-2 6-3 6-2",
    "contrincante" : "Dmitry Tursunov",
    "ganador" : false,
    "winnerAces" : 6,
    "winnerPrimerSaqueDentro" : 47,
    "winnerPrimerSaqueGanado" : 40,
    "winnerSegundoSaqueGanado" : 18,
    "winnerDobleFalta" : 2,
    "winnerServingPoints" : 83,
    "winnerServingGames" : 13,
    "loserAces" : 1,
    "loserPrimerSaqueDentro" : 52,
    "loserPrimerSaqueGanado" : 33,
    "loserSegundoSaqueGanado" : 14,
    "loserDobleFalta" : 6,
    "loserServingPoints" : 88,
    "loserServingGames" : 12
  }, {
    "torneo" : "Basel",
    "fecha" : "20061023",
    "superficie" : "Carpet",
    "resultado" : "6-7(5) 3-0 RET",
    "contrincante" : "Jan Hajek",
    "ganador" : true,
    "winnerAces" : 6,
    "winnerPrimerSaqueDentro" : 31,
    "winnerPrimerSaqueGanado" : 20,
    "winnerSegundoSaqueGanado" : 5,
    "winnerDobleFalta" : 2,
    "winnerServingPoints" : 53,
    "winnerServingGames" : 7,
    "loserAces" : 4,
    "loserPrimerSaqueDentro" : 28,
    "loserPrimerSaqueGanado" : 12,
    "loserSegundoSaqueGanado" : 14,
    "loserDobleFalta" : 2,
    "loserServingPoints" : 57,
    "loserServingGames" : 8
  }, {
    "torneo" : "Basel",
    "fecha" : "20061023",
    "superficie" : "Carpet",
    "resultado" : "2-6 6-3 6-3",
    "contrincante" : "David Ferrer",
    "ganador" : false,
    "winnerAces" : 4,
    "winnerPrimerSaqueDentro" : 44,
    "winnerPrimerSaqueGanado" : 34,
    "winnerSegundoSaqueGanado" : 13,
    "winnerDobleFalta" : 3,
    "winnerServingPoints" : 73,
    "winnerServingGames" : 13,
    "loserAces" : 4,
    "loserPrimerSaqueDentro" : 55,
    "loserPrimerSaqueGanado" : 33,
    "loserSegundoSaqueGanado" : 16,
    "loserDobleFalta" : 2,
    "loserServingPoints" : 84,
    "loserServingGames" : 13
  }, {
    "torneo" : "Gstaad",
    "fecha" : "20060710",
    "superficie" : "Clay",
    "resultado" : "6-3 6-2",
    "contrincante" : "Carlos Moya",
    "ganador" : true,
    "winnerAces" : 4,
    "winnerPrimerSaqueDentro" : 28,
    "winnerPrimerSaqueGanado" : 24,
    "winnerSegundoSaqueGanado" : 14,
    "winnerDobleFalta" : 0,
    "winnerServingPoints" : 47,
    "winnerServingGames" : 9,
    "loserAces" : 3,
    "loserPrimerSaqueDentro" : 28,
    "loserPrimerSaqueGanado" : 17,
    "loserSegundoSaqueGanado" : 11,
    "loserDobleFalta" : 3,
    "loserServingPoints" : 49,
    "loserServingGames" : 8
  }, {
    "torneo" : "Gstaad",
    "fecha" : "20060710",
    "superficie" : "Clay",
    "resultado" : "3-6 6-7(5) 6-1",
    "contrincante" : "Philipp Kohlschreiber",
    "ganador" : false,
    "winnerAces" : 8,
    "winnerPrimerSaqueDentro" : 48,
    "winnerPrimerSaqueGanado" : 35,
    "winnerSegundoSaqueGanado" : 23,
    "winnerDobleFalta" : 0,
    "winnerServingPoints" : 90,
    "winnerServingGames" : 13,
    "loserAces" : 4,
    "loserPrimerSaqueDentro" : 54,
    "loserPrimerSaqueGanado" : 36,
    "loserSegundoSaqueGanado" : 21,
    "loserDobleFalta" : 0,
    "loserServingPoints" : 90,
    "loserServingGames" : 15
  }, {
    "torneo" : "Halle",
    "fecha" : "20060612",
    "superficie" : "Grass",
    "resultado" : "7-5 6-2",
    "contrincante" : "Boris Pashanski",
    "ganador" : true,
    "winnerAces" : 4,
    "winnerPrimerSaqueDentro" : 35,
    "winnerPrimerSaqueGanado" : 31,
    "winnerSegundoSaqueGanado" : 7,
    "winnerDobleFalta" : 2,
    "winnerServingPoints" : 54,
    "winnerServingGames" : 10,
    "loserAces" : 3,
    "loserPrimerSaqueDentro" : 43,
    "loserPrimerSaqueGanado" : 28,
    "loserSegundoSaqueGanado" : 11,
    "loserDobleFalta" : 9,
    "loserServingPoints" : 77,
    "loserServingGames" : 10
  }, {
    "torneo" : "Halle",
    "fecha" : "20060612",
    "superficie" : "Grass",
    "resultado" : "6-3 6-7(5) 7-5",
    "contrincante" : "Tomas Berdych",
    "ganador" : false,
    "winnerAces" : 15,
    "winnerPrimerSaqueDentro" : 59,
    "winnerPrimerSaqueGanado" : 49,
    "winnerSegundoSaqueGanado" : 23,
    "winnerDobleFalta" : 2,
    "winnerServingPoints" : 90,
    "winnerServingGames" : 17,
    "loserAces" : 4,
    "loserPrimerSaqueDentro" : 74,
    "loserPrimerSaqueGanado" : 51,
    "loserSegundoSaqueGanado" : 23,
    "loserDobleFalta" : 2,
    "loserServingPoints" : 108,
    "loserServingGames" : 16
  }, {
    "torneo" : "Wimbledon",
    "fecha" : "20060626",
    "superficie" : "Grass",
    "resultado" : "6-4 7-5 6-2",
    "contrincante" : "Kristof Vliegen",
    "ganador" : false,
    "winnerAces" : 9,
    "winnerPrimerSaqueDentro" : 61,
    "winnerPrimerSaqueGanado" : 52,
    "winnerSegundoSaqueGanado" : 16,
    "winnerDobleFalta" : 3,
    "winnerServingPoints" : 92,
    "winnerServingGames" : 15,
    "loserAces" : 8,
    "loserPrimerSaqueDentro" : 70,
    "loserPrimerSaqueGanado" : 43,
    "loserSegundoSaqueGanado" : 14,
    "loserDobleFalta" : 2,
    "loserServingPoints" : 97,
    "loserServingGames" : 15
  }, {
    "torneo" : "Stuttgart",
    "fecha" : "20060717",
    "superficie" : "Clay",
    "resultado" : "7-6(4) 6-1",
    "contrincante" : "Simone Bolelli",
    "ganador" : true,
    "winnerAces" : 14,
    "winnerPrimerSaqueDentro" : 44,
    "winnerPrimerSaqueGanado" : 36,
    "winnerSegundoSaqueGanado" : 10,
    "winnerDobleFalta" : 0,
    "winnerServingPoints" : 59,
    "winnerServingGames" : 10,
    "loserAces" : 2,
    "loserPrimerSaqueDentro" : 38,
    "loserPrimerSaqueGanado" : 22,
    "loserSegundoSaqueGanado" : 18,
    "loserDobleFalta" : 0,
    "loserServingPoints" : 69,
    "loserServingGames" : 9
  }, {
    "torneo" : "Stuttgart",
    "fecha" : "20060717",
    "superficie" : "Clay",
    "resultado" : "6-3 6-1",
    "contrincante" : "David Ferrer",
    "ganador" : false,
    "winnerAces" : 4,
    "winnerPrimerSaqueDentro" : 25,
    "winnerPrimerSaqueGanado" : 18,
    "winnerSegundoSaqueGanado" : 15,
    "winnerDobleFalta" : 2,
    "winnerServingPoints" : 49,
    "winnerServingGames" : 8,
    "loserAces" : 3,
    "loserPrimerSaqueDentro" : 27,
    "loserPrimerSaqueGanado" : 13,