{
  "nombre" : "Marco Chiudinelli",
  "mano" : "R",
  "nacionalidad" : "SUI",
  "edad" : 25.1170431211,
  "ganar1Saque" : 0.6967222425672743,
  "ganar2Saque" : 0.576349182261361,
  "primerSaque" : 0.5630450182490878,
  "segundoSaque" : 0.4078811738226149,
  "ganarPuntoSacando" : 0.6273679687733045,
  "ganarPuntoRestando" : 0.3734284801622772,
  "probAce" : 0.06060606241226196,
  "clay" : {
    "nombre" : "Clay",
    "probVictoria" : 0.5,
    "probGanarPrimerSaque" : 0.6742160320281982,
    "probGanarSegundoSaque" : 0.5880101919174194,
    "probPrimerSaque" : 0.5605156123638153,
    "probSegundoSaque" : 0.4018317461013794,
    "probGanarPuntoSacando" : 0.6141897742013711,
    "probGanarPuntoRestando" : 0.3713379539798476,
    "probAce" : 0.0
  },
  "grass" : {
    "nombre" : "Grass",
    "probVictoria" : 0.5,
    "probGanarPrimerSaque" : 1.3270833492279053,
    "probGanarSegundoSaque" : 0.6400000154972076,
    "probPrimerSaque" : 0.5488722026348114,
    "probSegundoSaque" : 0.39786967635154724,
    "probGanarPuntoSacando" : 0.9830357600015622,
    "probGanarPuntoRestando" : 0.3733836295591928,
    "probAce" : 0.0
  },
  "hard" : {
    "nombre" : "Hard",
    "probVictoria" : 0.4761904776096344,
    "probGanarPrimerSaque" : 0.7006329894065857,
    "probGanarSegundoSaque" : 0.5369472280144691,
    "probPrimerSaque" : 0.5696842670440674,
    "probSegundoSaque" : 0.4211077392101288,
    "probGanarPuntoSacando" : 0.6252522243013032,
    "probGanarPuntoRestando" : 0.3912767120485176,
    "probAce" : 0.0
  },
  "other" : {
    "nombre" : "Other",
    "probVictoria" : 0.0,
    "probGanarPrimerSaque" : 0.7924528121948242,
    "probGanarSegundoSaque" : 0.5833333134651184,
    "probPrimerSaque" : 0.5698924660682678,
    "probSegundoSaque" : 0.3870967626571655,
    "probGanarPuntoSacando" : 0.6774193245768672,
    "probGanarPuntoRestando" : 0.3063063061883431,
    "probAce" : 0.0
  },
  "partidos" : [ {
    "torneo" : "Basel",
    "fecha" : "20061023",
    "superficie" : "Carpet",
    "resultado" : "6-7(1) 6-3 6-4",
    "contrincante" : "David Ferrer",
    "ganador" : false,
    "winnerAces" : 5,
    "winnerPrimerSaqueDentro" : 69,
    "winnerPrimerSaqueGanado" : 49,
    "winnerSegundoSaqueGanado" : 28,
    "winnerDobleFalta" : 4,
    "winnerServingPoints" : 111,
    "winnerServingGames" : 16,
    "loserAces" : 6,
    "loserPrimerSaqueDentro" : 53,
    "loserPrimerSaqueGanado" : 42,
    "loserSegundoSaqueGanado" : 21,
    "loserDobleFalta" : 4,
    "loserServingPoints" : 93,
    "loserServingGames" : 15
  }, {
    "torneo" : "Gstaad",
    "fecha" : "20060710",
    "superficie" : "Clay",
    "resultado" : "6-3 6-2",
    "contrincante" : "Davide Sanguinetti",
    "ganador" : true,
    "winnerAces" : 4,
    "winnerPrimerSaqueDentro" : 41,
    "winnerPrimerSaqueGanado" : 26,
    "winnerSegundoSaqueGanado" : 15,
    "winnerDobleFalta" : 2,
    "winnerServingPoints" : 67,
    "winnerServingGames" : 9,
    "loserAces" : 3,
    "loserPrimerSaqueDentro" : 23,
    "loserPrimerSaqueGanado" : 13,
    "loserSegundoSaqueGanado" : 7,
    "loserDobleFalta" : 1,
    "loserServingPoints" : 43,
    "loserServingGames" : 8
  }, {
    "torneo" : "Gstaad",
    "fecha" : "20060710",
    "superficie" : "Clay",
    "resultado" : "6-7(6) 6-3 6-2",
    "contrincante" : "Ivan Ljubicic",
    "ganador" : false,
    "winnerAces" : 13,
    "winnerPrimerSaqueDentro" : 40,
    "winnerPrimerSaqueGanado" : 39,
    "winnerSegundoSaqueGanado" : 22,
    "winnerDobleFalta" : 5,
    "winnerServingPoints" : 77,
    "winnerServingGames" : 14,
    "loserAces" : 7,
    "loserPrimerSaqueDentro" : 56,
    "loserPrimerSaqueGanado" : 40,
    "loserSegundoSaqueGanado" : 27,
    "loserDobleFalta" : 5,
    "loserServingPoints" : 110,
    "loserServingGames" : 15
  }, {
    "torneo" : "Halle",
    "fecha" : "20060612",
    "superficie" : "Grass",
    "resultado" : "6-3 6-4",
    "contrincante" : "Christophe Rochus",
    "ganador" : true,
    "winnerAces" : 5,
    "winnerPrimerSaqueDentro" : 30,
    "winnerPrimerSaqueGanado" : 22,
    "winnerSegundoSaqueGanado" : 17,
    "winnerDobleFalta" : 2,
    "winnerServingPoints" : 57,
    "winnerServingGames" : 10,
    "loserAces" : 2,
    "loserPrimerSaqueDentro" : 38,
    "loserPrimerSaqueGanado" : 26,
    "loserSegundoSaqueGanado" : 5,
    "loserDobleFalta" : 4,
    "loserServingPoints" : 58,
    "loserServingGames" : 9
  }, {
    "torneo" : "Halle",
    "fecha" : "20060612",
    "superficie" : "Grass",
    "resultado" : "7-6(4) 6-0",
    "contrincante" : "Kristof Vliegen",
    "ganador" : false,
    "winnerAces" : 14,
    "winnerPrimerSaqueDentro" : 47,
    "winnerPrimerSaqueGanado" : 35,
    "winnerSegundoSaqueGanado" : 11,
    "winnerDobleFalta" : 2,
    "winnerServingPoints" : 64,
    "winnerServingGames" : 9,
    "loserAces" : 1,
    "loserPrimerSaqueDentro" : 32,
    "loserPrimerSaqueGanado" : 19,
    "loserSegundoSaqueGanado" : 12,
    "loserDobleFalta" : 4,
    "loserServingPoints" : 56,
    "loserServingGames" : 9
  }, {
    "torneo" : "US Open",
    "fecha" : "20060828",
    "superficie" : "Hard",
    "resultado" : "6-4 6-1 6-4",
    "contrincante" : "Fernando Vicente",
    "ganador" : true,
    "winnerAces" : 5,
    "winnerPrimerSaqueDentro" : 52,
    "winnerPrimerSaqueGanado" : 36,
    "winnerSegundoSaqueGanado" : 26,
    "winnerDobleFalta" : 0,
    "winnerServingPoints" : 92,
    "winnerServingGames" : 14,
    "loserAces" : 0,
    "loserPrimerSaqueDentro" : 65,
    "loserPrimerSaqueGanado" : 36,
    "loserSegundoSaqueGanado" : 13,
    "loserDobleFalta" : 3,
    "loserServingPoints" : 94,
    "loserServingGames" : 13
  }, {
    "torneo" : "US Open",
    "fecha" : "20060828",
    "superficie" : "Hard",
    "resultado" : "3-6 6-3 4-6 6-4 6-3",
    "contrincante" : "Feliciano Lopez",
    "ganador" : true,
    "winnerAces" : 11,
    "winnerPrimerSaqueDentro" : 87,
    "winnerPrimerSaqueGanado" : 64,
    "winnerSegundoSaqueGanado" : 36,
    "winnerDobleFalta" : 1,
    "winnerServingPoints" : 148,
    "winnerServingGames" : 24,
    "loserAces" : 21,
    "loserPrimerSaqueDentro" : 90,
    "loserPrimerSaqueGanado" : 65,
    "loserSegundoSaqueGanado" : 25,
    "loserDobleFalta" : 2,
    "loserServingPoints" : 136,
    "loserServingGames" : 23
  }, {
    "torneo" : "US Open",
    "fecha" : "20060828",
    "superficie" : "Hard",
    "resultado" : "7-6(2) 6-3 2-6 7-6(2)",
    "contrincante" : "Richard Gasquet",
    "ganador" : false,
    "winnerAces" : 11,
    "winnerPrimerSaqueDentro" : 72,
    "winnerPrimerSaqueGanado" : 52,
    "winnerSegundoSaqueGanado" : 36,
    "winnerDobleFalta" : 4,
    "winnerServingPoints" : 135,
    "winnerServingGames" : 20,
    "loserAces" : 3,
    "loserPrimerSaqueDentro" : 78,
    "loserPrimerSaqueGanado" : 59,
    "loserSegundoSaqueGanado" : 23,
    "loserDobleFalta" : 4,
    "loserServingPoints" : 133,
    "loserServingGames" : 21
  }, {
    "torneo" : "Beijing",
    "fecha" : "20060911",
    "superficie" : "Hard",
    "resultado" : "0-6 6-2 6-3",
    "contrincante" : "Danai Udomchoke",
    "ganador" : false,
    "winnerAces" : 5,
    "winnerPrimerSaqueDentro" : 43,
    "winnerPrimerSaqueGanado" : 32,
    "winnerSegundoSaqueGanado" : 13,
    "winnerDobleFalta" : 2,
    "winnerServingPoints" : 75,
    "winnerServingGames" : 11,
    "loserAces" : 10,
    "loserPrimerSaqueDentro" : 55,
    "loserPrimerSaqueGanado" : 34,
    "loserSegundoSaqueGanado" : 21,
    "loserDobleFalta" : 0,
    "loserServingPoints" : 102,
    "loserServingGames" : 12
  }, {
    "torneo" : "Mons CH",
    "fecha" : "20061002",
    "superficie" : "Hard",
    "resultado" : "3-6 6-3 6-4",
    "contrincante" : "Dennis Van Scheppingen",
    "ganador" : true,
    "winnerAces" : 0,
    "winnerPrimerSaqueDentro" : 0,
    "winnerPrimerSaqueGanado" : 0,
    "winnerSegundoSaqueGanado" : 0,
    "winnerDobleFalta" : 0,
    "winnerServingPoints" : 0,
    "winnerServingGames" : 0,
    "loserAces" : 0,
    "loserPrimerSaqueDentro" : 0,
    "loserPrimerSaqueGanado" : 0,