{
  "nombre" : "Marin Cilic",
  "mano" : "R",
  "nacionalidad" : "CRO",
  "edad" : 17.3388090349,
  "ganar1Saque" : 0.6927621449742999,
  "ganar2Saque" : 0.534024566411972,
  "primerSaque" : 0.5463399844510215,
  "segundoSaque" : 0.4116004300968988,
  "ganarPuntoSacando" : 0.5982884007309929,
  "ganarPuntoRestando" : 0.3435443463634663,
  "probAce" : 0.06538797169923782,
  "clay" : {
    "nombre" : "Clay",
    "probVictoria" : 0.5,
    "probGanarPrimerSaque" : 0.7016167853559766,
    "probGanarSegundoSaque" : 0.5376490311963218,
    "probPrimerSaque" : 0.552634984254837,
    "probSegundoSaque" : 0.4081651100090572,
    "probGanarPuntoSacando" : 0.6071875570926393,
    "probGanarPuntoRestando" : 0.3839754852511364,
    "probAce" : 0.0
  },
  "grass" : {
    "nombre" : "Grass",
    "probVictoria" : 0.0,
    "probGanarPrimerSaque" : 0.6274510025978088,
    "probGanarSegundoSaque" : 0.5625,
    "probPrimerSaque" : 0.5862069129943848,
    "probSegundoSaque" : 0.36781609058380127,
    "probGanarPuntoSacando" : 0.5747126662414814,
    "probGanarPuntoRestando" : 0.2711864454636933,
    "probAce" : 0.0
  },
  "hard" : {
    "nombre" : "Hard",
    "probVictoria" : 0.1666666716337204,
    "probGanarPrimerSaque" : 0.6435584326585134,
    "probGanarSegundoSaque" : 0.4916827281316121,
    "probPrimerSaque" : 0.5441269973913828,
    "probSegundoSaque" : 0.4104761977990468,
    "probGanarPuntoSacando" : 0.552001574375308,
    "probGanarPuntoRestando" : 0.3103002086858244,
    "probAce" : 0.0
  },
  "other" : {
    "nombre" : "Other",
    "probVictoria" : 0.20000000298023224,
    "probGanarPrimerSaque" : 0.743075410525004,
    "probGanarSegundoSaque" : 0.5584175089995066,
    "probPrimerSaque" : 0.5205756624539694,
    "probSegundoSaque" : 0.4353351891040802,
    "probGanarPuntoSacando" : 0.6299257659666389,
    "probGanarPuntoRestando" : 0.3065684602698022,
    "probAce" : 0.0
  },
  "partidos" : [ {
    "torneo" : "Zagreb",
    "fecha" : "20060130",
    "superficie" : "Carpet",
    "resultado" : "6-3 1-6 6-3",
    "contrincante" : "Igor Andreev",
    "ganador" : true,
    "winnerAces" : 5,
    "winnerPrimerSaqueDentro" : 50,
    "winnerPrimerSaqueGanado" : 39,
    "winnerSegundoSaqueGanado" : 22,
    "winnerDobleFalta" : 6,
    "winnerServingPoints" : 96,
    "winnerServingGames" : 13,
    "loserAces" : 0,
    "loserPrimerSaqueDentro" : 48,
    "loserPrimerSaqueGanado" : 34,
    "loserSegundoSaqueGanado" : 14,
    "loserDobleFalta" : 1,
    "loserServingPoints" : 71,
    "loserServingGames" : 12
  }, {
    "torneo" : "Zagreb",
    "fecha" : "20060130",
    "superficie" : "Carpet",
    "resultado" : "4-6 6-4 6-4",
    "contrincante" : "Andreas Seppi",
    "ganador" : false,
    "winnerAces" : 3,
    "winnerPrimerSaqueDentro" : 49,
    "winnerPrimerSaqueGanado" : 35,
    "winnerSegundoSaqueGanado" : 21,
    "winnerDobleFalta" : 2,
    "winnerServingPoints" : 82,
    "winnerServingGames" : 15,
    "loserAces" : 10,
    "loserPrimerSaqueDentro" : 47,
    "loserPrimerSaqueGanado" : 35,
    "loserSegundoSaqueGanado" : 21,
    "loserDobleFalta" : 6,
    "loserServingPoints" : 86,
    "loserServingGames" : 15
  }, {
    "torneo" : "Amersfoort",
    "fecha" : "20060717",
    "superficie" : "Clay",
    "resultado" : "6-3 6-1",
    "contrincante" : "Sergio Roitman",
    "ganador" : false,
    "winnerAces" : 4,
    "winnerPrimerSaqueDentro" : 34,
    "winnerPrimerSaqueGanado" : 26,
    "winnerSegundoSaqueGanado" : 6,
    "winnerDobleFalta" : 0,
    "winnerServingPoints" : 45,
    "winnerServingGames" : 8,
    "loserAces" : 1,
    "loserPrimerSaqueDentro" : 35,
    "loserPrimerSaqueGanado" : 17,
    "loserSegundoSaqueGanado" : 8,
    "loserDobleFalta" : 0,
    "loserServingPoints" : 55,
    "loserServingGames" : 8
  }, {
    "torneo" : "Gstaad",
    "fecha" : "20060710",
    "superficie" : "Clay",
    "resultado" : "6-3 7-6(6)",
    "contrincante" : "Andreas Seppi",
    "ganador" : true,
    "winnerAces" : 4,
    "winnerPrimerSaqueDentro" : 33,
    "winnerPrimerSaqueGanado" : 24,
    "winnerSegundoSaqueGanado" : 21,
    "winnerDobleFalta" : 3,
    "winnerServingPoints" : 70,
    "winnerServingGames" : 11,
    "loserAces" : 6,
    "loserPrimerSaqueDentro" : 43,
    "loserPrimerSaqueGanado" : 24,
    "loserSegundoSaqueGanado" : 24,
    "loserDobleFalta" : 8,
    "loserServingPoints" : 87,
    "loserServingGames" : 10
  }, {
    "torneo" : "Gstaad",
    "fecha" : "20060710",
    "superficie" : "Clay",
    "resultado" : "2-6 6-3 6-4",
    "contrincante" : "Dusan Vemic",
    "ganador" : true,
    "winnerAces" : 3,
    "winnerPrimerSaqueDentro" : 37,
    "winnerPrimerSaqueGanado" : 26,
    "winnerSegundoSaqueGanado" : 24,
    "winnerDobleFalta" : 5,
    "winnerServingPoints" : 80,
    "winnerServingGames" : 14,
    "loserAces" : 7,
    "loserPrimerSaqueDentro" : 60,
    "loserPrimerSaqueGanado" : 35,
    "loserSegundoSaqueGanado" : 16,
    "loserDobleFalta" : 1,
    "loserServingPoints" : 85,
    "loserServingGames" : 13
  }, {
    "torneo" : "Gstaad",
    "fecha" : "20060710",
    "superficie" : "Clay",
    "resultado" : "6-7(5) 6-3 7-5",
    "contrincante" : "Andrei Pavel",
    "ganador" : true,
    "winnerAces" : 11,
    "winnerPrimerSaqueDentro" : 71,
    "winnerPrimerSaqueGanado" : 55,
    "winnerSegundoSaqueGanado" : 24,
    "winnerDobleFalta" : 3,
    "winnerServingPoints" : 120,
    "winnerServingGames" : 16,
    "loserAces" : 4,
    "loserPrimerSaqueDentro" : 61,
    "loserPrimerSaqueGanado" : 45,
    "loserSegundoSaqueGanado" : 25,
    "loserDobleFalta" : 4,
    "loserServingPoints" : 106,
    "loserServingGames" : 17
  }, {
    "torneo" : "Gstaad",
    "fecha" : "20060710",
    "superficie" : "Clay",
    "resultado" : "7-6(2) 6-7(5) 6-3",
    "contrincante" : "Feliciano Lopez",
    "ganador" : false,
    "winnerAces" : 27,
    "winnerPrimerSaqueDentro" : 77,
    "winnerPrimerSaqueGanado" : 59,
    "winnerSegundoSaqueGanado" : 18,
    "winnerDobleFalta" : 6,
    "winnerServingPoints" : 116,
    "winnerServingGames" : 17,
    "loserAces" : 9,
    "loserPrimerSaqueDentro" : 64,
    "loserPrimerSaqueGanado" : 46,
    "loserSegundoSaqueGanado" : 25,
    "loserDobleFalta" : 6,
    "loserServingPoints" : 116,
    "loserServingGames" : 16
  }, {
    "torneo" : "'s-Hertogenbosch",
    "fecha" : "20060619",
    "superficie" : "Grass",
    "resultado" : "6-4 6-4",
    "contrincante" : "Tommy Robredo",
    "ganador" : false,
    "winnerAces" : 3,
    "winnerPrimerSaqueDentro" : 39,
    "winnerPrimerSaqueGanado" : 30,
    "winnerSegundoSaqueGanado" : 13,
    "winnerDobleFalta" : 2,
    "winnerServingPoints" : 59,
    "winnerServingGames" : 10,
    "loserAces" : 4,
    "loserPrimerSaqueDentro" : 51,
    "loserPrimerSaqueGanado" : 32,
    "loserSegundoSaqueGanado" : 18,
    "loserDobleFalta" : 4,
    "loserServingPoints" : 87,
    "loserServingGames" : 10
  }, {
    "torneo" : "Tokyo",
    "fecha" : "20061002",
    "superficie" : "Hard",
    "resultado" : "7-6(3) 6-3",
    "contrincante" : "Danai Udomchoke",
    "ganador" : false,
    "winnerAces" : 3,
    "winnerPrimerSaqueDentro" : 40,
    "winnerPrimerSaqueGanado" : 34,
    "winnerSegundoSaqueGanado" : 20,
    "winnerDobleFalta" : 0,
    "winnerServingPoints" : 76,
    "winnerServingGames" : 11,
    "loserAces" : 5,
    "loserPrimerSaqueDentro" : 32,
    "loserPrimerSaqueGanado" : 25,
    "loserSegundoSaqueGanado" : 19,
    "loserDobleFalta" : 2,
    "loserServingPoints" : 63,
    "loserServingGames" : 10
  }, {
    "torneo" : "Umag",
    "fecha" : "20060724",
    "superficie" : "Clay",
    "resultado" : "6-7(5) 6-4 6-3",
    "contrincante" : "Evgeny Korolev",
    "ganador" : true,
    "winnerAces" : 10,
    "winnerPrimerSaqueDentro" : 53,
    "winnerPrimerSaqueGanado" : 43,
    "winnerSegundoSaqueGanado" : 24,
    "winnerDobleFalta" : 6,
    "winnerServingPoints" : 106,
    "winnerServingGames" : 16,
    "loserAces" : 4,
    "loserPrimerSaqueDentro" : 53,
    "loserPrimerSaqueGanado" : 38,
    "loserSegundoSaqueGanado" : 27,