{
  "nombre" : "Wayne Arthurs",
  "mano" : "L",
  "nacionalidad" : "AUS",
  "edad" : 35.1978097194,
  "ganar1Saque" : 0.809767596423626,
  "ganar2Saque" : 0.6193703766912222,
  "primerSaque" : 0.5688113085925579,
  "segundoSaque" : 0.37673133611679077,
  "ganarPuntoSacando" : 0.6939411957396171,
  "ganarPuntoRestando" : 0.2877767337055127,
  "probAce" : 0.2225433588027954,
  "clay" : {
    "nombre" : "Clay",
    "probVictoria" : 0.0,
    "probGanarPrimerSaque" : 0.739130437374115,
    "probGanarSegundoSaque" : 0.4375,
    "probPrimerSaque" : 0.5609756112098694,
    "probSegundoSaque" : 0.39024388790130615,
    "probGanarPuntoSacando" : 0.5853658498265837,
    "probGanarPuntoRestando" : 0.22222224516528,
    "probAce" : 0.0
  },
  "grass" : {
    "nombre" : "Grass",
    "probVictoria" : 0.5714285969734192,
    "probGanarPrimerSaque" : 2.4189814925193787,
    "probGanarSegundoSaque" : 0.658485988775889,
    "probPrimerSaque" : 0.5494262973467509,
    "probSegundoSaque" : 0.38601064682006836,
    "probGanarPuntoSacando" : 1.5832346472345726,
    "probGanarPuntoRestando" : 0.30590934781919926,
    "probAce" : 0.0
  },
  "hard" : {
    "nombre" : "Hard",
    "probVictoria" : 0.4000000059604645,
    "probGanarPrimerSaque" : 0.834816962480545,
    "probGanarSegundoSaque" : 0.6321315884590148,
    "probPrimerSaque" : 0.5678213477134705,
    "probSegundoSaque" : 0.37939795255661013,
    "probGanarPuntoSacando" : 0.7138563231374767,
    "probGanarPuntoRestando" : 0.28699100808620803,
    "probAce" : 0.0
  },
  "other" : {
    "nombre" : "Other",
    "probVictoria" : 0.5,
    "probGanarPrimerSaque" : 0.7249999940395355,
    "probGanarSegundoSaque" : 0.5878260880708694,
    "probPrimerSaque" : 0.6067564785480499,
    "probSegundoSaque" : 0.34272301197052,
    "probGanarPuntoSacando" : 0.6413599707492823,
    "probGanarPuntoRestando" : 0.29728368490162305,
    "probAce" : 0.0
  },
  "partidos" : [ {
    "torneo" : "Roland Garros",
    "fecha" : "20060529",
    "superficie" : "Clay",
    "resultado" : "7-5 6-2 6-2",
    "contrincante" : "Nicolas Almagro",
    "ganador" : false,
    "winnerAces" : 12,
    "winnerPrimerSaqueDentro" : 60,
    "winnerPrimerSaqueGanado" : 45,
    "winnerSegundoSaqueGanado" : 18,
    "winnerDobleFalta" : 0,
    "winnerServingPoints" : 81,
    "winnerServingGames" : 14,
    "loserAces" : 11,
    "loserPrimerSaqueDentro" : 46,
    "loserPrimerSaqueGanado" : 34,
    "loserSegundoSaqueGanado" : 14,
    "loserDobleFalta" : 4,
    "loserServingPoints" : 82,
    "loserServingGames" : 14
  }, {
    "torneo" : "Newport",
    "fecha" : "20060710",
    "superficie" : "Grass",
    "resultado" : "7-6(5) 7-6(6)",
    "contrincante" : "Kenneth Carlsen",
    "ganador" : true,
    "winnerAces" : 14,
    "winnerPrimerSaqueDentro" : 48,
    "winnerPrimerSaqueGanado" : 41,
    "winnerSegundoSaqueGanado" : 19,
    "winnerDobleFalta" : 8,
    "winnerServingPoints" : 79,
    "winnerServingGames" : 12,
    "loserAces" : 4,
    "loserPrimerSaqueDentro" : 45,
    "loserPrimerSaqueGanado" : 37,
    "loserSegundoSaqueGanado" : 22,
    "loserDobleFalta" : 7,
    "loserServingPoints" : 83,
    "loserServingGames" : 12
  }, {
    "torneo" : "Newport",
    "fecha" : "20060710",
    "superficie" : "Grass",
    "resultado" : "6-3 7-6(1)",
    "contrincante" : "Justin Gimelstob",
    "ganador" : false,
    "winnerAces" : 8,
    "winnerPrimerSaqueDentro" : 37,
    "winnerPrimerSaqueGanado" : 33,
    "winnerSegundoSaqueGanado" : 18,
    "winnerDobleFalta" : 7,
    "winnerServingPoints" : 77,
    "winnerServingGames" : 11,
    "loserAces" : 9,
    "loserPrimerSaqueDentro" : 27,
    "loserPrimerSaqueGanado" : 22,
    "loserSegundoSaqueGanado" : 14,
    "loserDobleFalta" : 2,
    "loserServingPoints" : 53,
    "loserServingGames" : 10
  }, {
    "torneo" : "Memphis",
    "fecha" : "20060220",
    "superficie" : "Hard",
    "resultado" : "6-4 7-6(2)",
    "contrincante" : "Tomas Zib",
    "ganador" : true,
    "winnerAces" : 29,
    "winnerPrimerSaqueDentro" : 45,
    "winnerPrimerSaqueGanado" : 41,
    "winnerSegundoSaqueGanado" : 9,
    "winnerDobleFalta" : 3,
    "winnerServingPoints" : 66,
    "winnerServingGames" : 11,
    "loserAces" : 9,
    "loserPrimerSaqueDentro" : 39,
    "loserPrimerSaqueGanado" : 29,
    "loserSegundoSaqueGanado" : 22,
    "loserDobleFalta" : 4,
    "loserServingPoints" : 83,
    "loserServingGames" : 11
  }, {
    "torneo" : "Memphis",
    "fecha" : "20060220",
    "superficie" : "Hard",
    "resultado" : "6-7(4) 7-6(9) 7-6(2)",
    "contrincante" : "Andy Roddick",
    "ganador" : false,
    "winnerAces" : 20,
    "winnerPrimerSaqueDentro" : 94,
    "winnerPrimerSaqueGanado" : 75,
    "winnerSegundoSaqueGanado" : 18,
    "winnerDobleFalta" : 2,
    "winnerServingPoints" : 126,
    "winnerServingGames" : 18,
    "loserAces" : 33,
    "loserPrimerSaqueDentro" : 75,
    "loserPrimerSaqueGanado" : 63,
    "loserSegundoSaqueGanado" : 23,
    "loserDobleFalta" : 5,
    "loserServingPoints" : 112,
    "loserServingGames" : 18
  }, {
    "torneo" : "Wimbledon",
    "fecha" : "20060626",
    "superficie" : "Grass",
    "resultado" : "7-6(3) 6-3 3-6 6-1",
    "contrincante" : "Fabrice Santoro",
    "ganador" : false,
    "winnerAces" : 6,
    "winnerPrimerSaqueDentro" : 73,
    "winnerPrimerSaqueGanado" : 56,
    "winnerSegundoSaqueGanado" : 22,
    "winnerDobleFalta" : 2,
    "winnerServingPoints" : 110,
    "winnerServingGames" : 19,
    "loserAces" : 17,
    "loserPrimerSaqueDentro" : 68,
    "loserPrimerSaqueGanado" : 51,
    "loserSegundoSaqueGanado" : 30,
    "loserDobleFalta" : 7,
    "loserServingPoints" : 128,
    "loserServingGames" : 18
  }, {
    "torneo" : "Tokyo",
    "fecha" : "20061002",
    "superficie" : "Hard",
    "resultado" : "6-7(5) 7-6(7) 7-6(3)",
    "contrincante" : "Lars Burgsmuller",
    "ganador" : false,
    "winnerAces" : 10,
    "winnerPrimerSaqueDentro" : 87,
    "winnerPrimerSaqueGanado" : 71,
    "winnerSegundoSaqueGanado" : 22,
    "winnerDobleFalta" : 4,
    "winnerServingPoints" : 121,
    "winnerServingGames" : 18,
    "loserAces" : 34,
    "loserPrimerSaqueDentro" : 68,
    "loserPrimerSaqueGanado" : 59,
    "loserSegundoSaqueGanado" : 30,
    "loserDobleFalta" : 5,
    "loserServingPoints" : 116,
    "loserServingGames" : 18
  }, {
    "torneo" : "Australian Open",
    "fecha" : "20060116",
    "superficie" : "Hard",
    "resultado" : "6-3 6-4 4-6 7-6(2)",
    "contrincante" : "Boris Pashanski",
    "ganador" : false,
    "winnerAces" : 6,
    "winnerPrimerSaqueDentro" : 82,
    "winnerPrimerSaqueGanado" : 61,
    "winnerSegundoSaqueGanado" : 27,
    "winnerDobleFalta" : 0,
    "winnerServingPoints" : 122,
    "winnerServingGames" : 20,
    "loserAces" : 29,
    "loserPrimerSaqueDentro" : 63,
    "loserPrimerSaqueGanado" : 50,
    "loserSegundoSaqueGanado" : 35,
    "loserDobleFalta" : 9,
    "loserServingPoints" : 134,
    "loserServingGames" : 21
  }, {
    "torneo" : "Los Angeles",
    "fecha" : "20060724",
    "superficie" : "Hard",
    "resultado" : "6-4 6-4",
    "contrincante" : "Tommy Haas",
    "ganador" : false,
    "winnerAces" : 5,
    "winnerPrimerSaqueDentro" : 31,
    "winnerPrimerSaqueGanado" : 27,
    "winnerSegundoSaqueGanado" : 13,
    "winnerDobleFalta" : 1,
    "winnerServingPoints" : 46,
    "winnerServingGames" : 10,
    "loserAces" : 12,
    "loserPrimerSaqueDentro" : 34,
    "loserPrimerSaqueGanado" : 27,
    "loserSegundoSaqueGanado" : 12,
    "loserDobleFalta" : 1,
    "loserServingPoints" : 55,
    "loserServingGames" : 10
  }, {
    "torneo" : "San Jose",
    "fecha" : "20060213",
    "superficie" : "Hard",
    "resultado" : "4-6 7-5 7-5",
    "contrincante" : "Bobby Reynolds",
    "ganador" : true,
    "winnerAces" : 27,
    "winnerPrimerSaqueDentro" : 55,
    "winnerPrimerSaqueGanado" : 46,
    "winnerSegundoSaqueGanado" : 24,
    "winnerDobleFalta" : 3,
    "winnerServingPoints" : 90,
    "winnerServingGames" : 17,
    "loserAces" : 13,
    "loserPrimerSaqueDentro" : 61,