{
  "nombre" : "Aisam Ul Haq Qureshi",
  "mano" : "R",
  "nacionalidad" : "PAK",
  "edad" : 30.1273100616,
  "ganar1Saque" : 0.8161306083202362,
  "ganar2Saque" : 0.5963043868541718,
  "primerSaque" : 0.6168443063894907,
  "segundoSaque" : 0.3250463008880615,
  "ganarPuntoSacando" : 0.6972520541628013,
  "ganarPuntoRestando" : 0.32296454945553155,
  "probAce" : 0.16458852589130402,
  "clay" : {
    "nombre" : "Clay",
    "probVictoria" : 0.5,
    "probGanarPrimerSaque" : 0.824999988079071,
    "probGanarSegundoSaque" : 0.6111111044883728,
    "probPrimerSaque" : 0.6349206566810608,
    "probSegundoSaque" : 0.2857142984867096,
    "probGanarPuntoSacando" : 0.6984127147093648,
    "probGanarPuntoRestando" : 0.412698384196985,
    "probAce" : 0.0
  },
  "grass" : {
    "nombre" : "Grass",
    "probVictoria" : 0.5,
    "probGanarPrimerSaque" : 1.7645021677017212,
    "probGanarSegundoSaque" : 0.6879085004329681,
    "probPrimerSaque" : 0.6183382868766785,
    "probSegundoSaque" : 0.31827208399772644,
    "probGanarPuntoSacando" : 1.3100013195994196,
    "probGanarPuntoRestando" : 0.32322405978117963,
    "probAce" : 0.0
  },
  "hard" : {
    "nombre" : "Hard",
    "probVictoria" : 0.3333333432674408,
    "probGanarPrimerSaque" : 0.7690938313802084,
    "probGanarSegundoSaque" : 0.5302994052569071,
    "probPrimerSaque" : 0.6098228693008423,
    "probSegundoSaque" : 0.34267311294873554,
    "probGanarPuntoSacando" : 0.6507303550081043,
    "probGanarPuntoRestando" : 0.29288026432461484,
    "probAce" : 0.0
  },
  "other" : {
    "nombre" : "Other",
    "probVictoria" : 0.0,
    "probGanarPrimerSaque" : 0.0,
    "probGanarSegundoSaque" : 0.0,
    "probPrimerSaque" : 0.0,
    "probSegundoSaque" : 0.0,
    "probGanarPuntoSacando" : 0.0,
    "probGanarPuntoRestando" : 0.0,
    "probAce" : 0.0
  },
  "partidos" : [ {
    "torneo" : "Estoril Q",
    "fecha" : "20100503",
    "superficie" : "Clay",
    "resultado" : "6-2 7-6(3)",
    "contrincante" : "Goncalo Pereira",
    "ganador" : true,
    "winnerAces" : 6,
    "winnerPrimerSaqueDentro" : 40,
    "winnerPrimerSaqueGanado" : 33,
    "winnerSegundoSaqueGanado" : 11,
    "winnerDobleFalta" : 5,
    "winnerServingPoints" : 63,
    "winnerServingGames" : 10,
    "loserAces" : 1,
    "loserPrimerSaqueDentro" : 49,
    "loserPrimerSaqueGanado" : 28,
    "loserSegundoSaqueGanado" : 9,
    "loserDobleFalta" : 0,
    "loserServingPoints" : 63,
    "loserServingGames" : 10
  }, {
    "torneo" : "Estoril Q",
    "fecha" : "20100503",
    "superficie" : "Clay",
    "resultado" : " W/O",
    "contrincante" : "Federico Delbonis",
    "ganador" : false,
    "winnerAces" : 0,
    "winnerPrimerSaqueDentro" : 0,
    "winnerPrimerSaqueGanado" : 0,
    "winnerSegundoSaqueGanado" : 0,
    "winnerDobleFalta" : 0,
    "winnerServingPoints" : 0,
    "winnerServingGames" : 0,
    "loserAces" : 0,
    "loserPrimerSaqueDentro" : 0,
    "loserPrimerSaqueGanado" : 0,
    "loserSegundoSaqueGanado" : 0,
    "loserDobleFalta" : 0,
    "loserServingPoints" : 0,
    "loserServingGames" : 0
  }, {
    "torneo" : "s-Hertogenbosch Q",
    "fecha" : "20100613",
    "superficie" : "Grass",
    "resultado" : "6-1 7-5",
    "contrincante" : "Tiago Fernandes",
    "ganador" : true,
    "winnerAces" : 17,
    "winnerPrimerSaqueDentro" : 33,
    "winnerPrimerSaqueGanado" : 29,
    "winnerSegundoSaqueGanado" : 13,
    "winnerDobleFalta" : 3,
    "winnerServingPoints" : 53,
    "winnerServingGames" : 10,
    "loserAces" : 1,
    "loserPrimerSaqueDentro" : 34,
    "loserPrimerSaqueGanado" : 21,
    "loserSegundoSaqueGanado" : 13,
    "loserDobleFalta" : 3,
    "loserServingPoints" : 60,
    "loserServingGames" : 9
  }, {
    "torneo" : "s-Hertogenbosch Q",
    "fecha" : "20100613",
    "superficie" : "Grass",
    "resultado" : "7-6(3) 6-4",
    "contrincante" : "Rajeev Ram",
    "ganador" : false,
    "winnerAces" : 9,
    "winnerPrimerSaqueDentro" : 41,
    "winnerPrimerSaqueGanado" : 36,
    "winnerSegundoSaqueGanado" : 12,
    "winnerDobleFalta" : 2,
    "winnerServingPoints" : 61,
    "winnerServingGames" : 11,
    "loserAces" : 15,
    "loserPrimerSaqueDentro" : 35,
    "loserPrimerSaqueGanado" : 31,
    "loserSegundoSaqueGanado" : 11,
    "loserDobleFalta" : 4,
    "loserServingPoints" : 57,
    "loserServingGames" : 11
  }, {
    "torneo" : "Johannesburg Q",
    "fecha" : "20100201",
    "superficie" : "Hard",
    "resultado" : "7-5 6-7(3) 6-2",
    "contrincante" : "Yves Allegro",
    "ganador" : true,
    "winnerAces" : 12,
    "winnerPrimerSaqueDentro" : 59,
    "winnerPrimerSaqueGanado" : 51,
    "winnerSegundoSaqueGanado" : 15,
    "winnerDobleFalta" : 5,
    "winnerServingPoints" : 90,
    "winnerServingGames" : 16,
    "loserAces" : 6,
    "loserPrimerSaqueDentro" : 58,
    "loserPrimerSaqueGanado" : 43,
    "loserSegundoSaqueGanado" : 21,
    "loserDobleFalta" : 11,
    "loserServingPoints" : 103,
    "loserServingGames" : 16
  }, {
    "torneo" : "Johannesburg Q",
    "fecha" : "20100201",
    "superficie" : "Hard",
    "resultado" : "7-6(5) 6-4",
    "contrincante" : "Alexander Sadecky",
    "ganador" : false,
    "winnerAces" : 17,
    "winnerPrimerSaqueDentro" : 45,
    "winnerPrimerSaqueGanado" : 35,
    "winnerSegundoSaqueGanado" : 20,
    "winnerDobleFalta" : 4,
    "winnerServingPoints" : 80,
    "winnerServingGames" : 11,
    "loserAces" : 13,
    "loserPrimerSaqueDentro" : 37,
    "loserPrimerSaqueGanado" : 29,
    "loserSegundoSaqueGanado" : 15,
    "loserDobleFalta" : 4,
    "loserServingPoints" : 69,
    "loserServingGames" : 11
  }, {
    "torneo" : "Chennai Q",
    "fecha" : "20100104",
    "superficie" : "Hard",
    "resultado" : "6-4 6-4",
    "contrincante" : "Donald Young",
    "ganador" : false,
    "winnerAces" : 3,
    "winnerPrimerSaqueDentro" : 27,
    "winnerPrimerSaqueGanado" : 25,
    "winnerSegundoSaqueGanado" : 14,
    "winnerDobleFalta" : 2,
    "winnerServingPoints" : 48,
    "winnerServingGames" : 10,
    "loserAces" : 3,
    "loserPrimerSaqueDentro" : 44,
    "loserPrimerSaqueGanado" : 29,
    "loserSegundoSaqueGanado" : 11,
    "loserDobleFalta" : 2,
    "loserServingPoints" : 69,
    "loserServingGames" : 10
  } ]
}