{
  "nombre" : "Alexander Sadecky",
  "mano" : "L",
  "nacionalidad" : "SUI",
  "edad" : 23.0554414784,
  "ganar1Saque" : 0.7270870837900374,
  "ganar2Saque" : 0.5941006938616434,
  "primerSaque" : 0.5987912813822428,
  "segundoSaque" : 0.3467143012417687,
  "ganarPuntoSacando" : 0.6413566135186043,
  "ganarPuntoRestando" : 0.338782561051086,
  "probAce" : 0.1017301008105278,
  "clay" : {
    "nombre" : "Clay",
    "probVictoria" : 0.4000000059604645,
    "probGanarPrimerSaque" : 0.7232869625091553,
    "probGanarSegundoSaque" : 0.5274081110954285,
    "probPrimerSaque" : 0.590350866317749,
    "probSegundoSaque" : 0.3661079525947571,
    "probGanarPuntoSacando" : 0.6200813886486285,
    "probGanarPuntoRestando" : 0.3903713200393386,
    "probAce" : 0.0
  },
  "grass" : {
    "nombre" : "Grass",
    "probVictoria" : 0.6666666865348816,
    "probGanarPrimerSaque" : 1.1303346753120422,
    "probGanarSegundoSaque" : 0.6922077933947245,
    "probPrimerSaque" : 0.6678549846013387,
    "probSegundoSaque" : 0.29480935136477154,
    "probGanarPuntoSacando" : 0.9589689777552217,
    "probGanarPuntoRestando" : 0.35735876926159627,
    "probAce" : 0.0
  },
  "hard" : {
    "nombre" : "Hard",
    "probVictoria" : 0.4285714328289032,
    "probGanarPrimerSaque" : 0.6699062670980181,
    "probGanarSegundoSaque" : 0.5605042491640363,
    "probPrimerSaque" : 0.5442633203097752,
    "probSegundoSaque" : 0.37898864490645273,
    "probGanarPuntoSacando" : 0.5770301550820813,
    "probGanarPuntoRestando" : 0.2991933232388594,
    "probAce" : 0.0
  },
  "other" : {
    "nombre" : "Other",
    "probVictoria" : 0.6666666865348816,
    "probGanarPrimerSaque" : 0.840373158454895,
    "probGanarSegundoSaque" : 0.6855396032333374,
    "probPrimerSaque" : 0.6710268457730612,
    "probSegundoSaque" : 0.2909896969795227,
    "probGanarPuntoSacando" : 0.7633979112026642,
    "probGanarPuntoRestando" : 0.32659997608868335,
    "probAce" : 0.0
  },
  "partidos" : [ {
    "torneo" : "Gstaad",
    "fecha" : "20100725",
    "superficie" : "Clay",
    "resultado" : "7-5 1-6 6-0",
    "contrincante" : "Yann Marti",
    "ganador" : true,
    "winnerAces" : 3,
    "winnerPrimerSaqueDentro" : 39,
    "winnerPrimerSaqueGanado" : 30,
    "winnerSegundoSaqueGanado" : 18,
    "winnerDobleFalta" : 6,
    "winnerServingPoints" : 75,
    "winnerServingGames" : 13,
    "loserAces" : 1,
    "loserPrimerSaqueDentro" : 35,
    "loserPrimerSaqueGanado" : 23,
    "loserSegundoSaqueGanado" : 23,
    "loserDobleFalta" : 7,
    "loserServingPoints" : 86,
    "loserServingGames" : 12
  }, {
    "torneo" : "Gstaad",
    "fecha" : "20100725",
    "superficie" : "Clay",
    "resultado" : "7-5 6-4",
    "contrincante" : "Mikhail Youzhny",
    "ganador" : false,
    "winnerAces" : 7,
    "winnerPrimerSaqueDentro" : 46,
    "winnerPrimerSaqueGanado" : 34,
    "winnerSegundoSaqueGanado" : 15,
    "winnerDobleFalta" : 5,
    "winnerServingPoints" : 74,
    "winnerServingGames" : 11,
    "loserAces" : 3,
    "loserPrimerSaqueDentro" : 36,
    "loserPrimerSaqueGanado" : 26,
    "loserSegundoSaqueGanado" : 11,
    "loserDobleFalta" : 2,
    "loserServingPoints" : 58,
    "loserServingGames" : 11
  }, {
    "torneo" : "Toyota CH",
    "fecha" : "20101122",
    "superficie" : "Carpet",
    "resultado" : "6-3 6-3",
    "contrincante" : "Jose Checa Calvo",
    "ganador" : true,
    "winnerAces" : 14,
    "winnerPrimerSaqueDentro" : 28,
    "winnerPrimerSaqueGanado" : 26,
    "winnerSegundoSaqueGanado" : 10,
    "winnerDobleFalta" : 1,
    "winnerServingPoints" : 41,
    "winnerServingGames" : 9,
    "loserAces" : 2,
    "loserPrimerSaqueDentro" : 38,
    "loserPrimerSaqueGanado" : 24,
    "loserSegundoSaqueGanado" : 5,
    "loserDobleFalta" : 4,
    "loserServingPoints" : 53,
    "loserServingGames" : 9
  }, {
    "torneo" : "Toyota CH",
    "fecha" : "20101122",
    "superficie" : "Carpet",
    "resultado" : "7-6(3) 6-7(3) 6-2",
    "contrincante" : "Tasuku Iwami",
    "ganador" : true,
    "winnerAces" : 19,
    "winnerPrimerSaqueDentro" : 64,
    "winnerPrimerSaqueGanado" : 49,
    "winnerSegundoSaqueGanado" : 23,
    "winnerDobleFalta" : 5,
    "winnerServingPoints" : 102,
    "winnerServingGames" : 16,
    "loserAces" : 6,
    "loserPrimerSaqueDentro" : 68,
    "loserPrimerSaqueGanado" : 50,
    "loserSegundoSaqueGanado" : 17,
    "loserDobleFalta" : 1,
    "loserServingPoints" : 100,
    "loserServingGames" : 16
  }, {
    "torneo" : "Toyota CH",
    "fecha" : "20101122",
    "superficie" : "Carpet",
    "resultado" : "6-4 7-6(8)",
    "contrincante" : "Yuichi Sugita",
    "ganador" : false,
    "winnerAces" : 6,
    "winnerPrimerSaqueDentro" : 47,
    "winnerPrimerSaqueGanado" : 39,
    "winnerSegundoSaqueGanado" : 14,
    "winnerDobleFalta" : 2,
    "winnerServingPoints" : 66,
    "winnerServingGames" : 11,
    "loserAces" : 13,
    "loserPrimerSaqueDentro" : 52,
    "loserPrimerSaqueGanado" : 43,
    "loserSegundoSaqueGanado" : 10,
    "loserDobleFalta" : 3,
    "loserServingPoints" : 74,
    "loserServingGames" : 11
  }, {
    "torneo" : "Lugano CH",
    "fecha" : "20100607",
    "superficie" : "Clay",
    "resultado" : "7-6(4) 6-3",
    "contrincante" : "Maximo Gonzalez",
    "ganador" : false,
    "winnerAces" : 1,
    "winnerPrimerSaqueDentro" : 57,
    "winnerPrimerSaqueGanado" : 37,
    "winnerSegundoSaqueGanado" : 18,
    "winnerDobleFalta" : 3,
    "winnerServingPoints" : 93,
    "winnerServingGames" : 11,
    "loserAces" : 5,
    "loserPrimerSaqueDentro" : 42,
    "loserPrimerSaqueGanado" : 28,
    "loserSegundoSaqueGanado" : 15,
    "loserDobleFalta" : 6,
    "loserServingPoints" : 82,
    "loserServingGames" : 10
  }, {
    "torneo" : "Leon CH",
    "fecha" : "20100412",
    "superficie" : "Hard",
    "resultado" : "7-6(4) 7-6(9)",
    "contrincante" : "Pierre Ludovic Duclos",
    "ganador" : true,
    "winnerAces" : 3,
    "winnerPrimerSaqueDentro" : 41,
    "winnerPrimerSaqueGanado" : 22,
    "winnerSegundoSaqueGanado" : 32,
    "winnerDobleFalta" : 11,
    "winnerServingPoints" : 94,
    "winnerServingGames" : 12,
    "loserAces" : 4,
    "loserPrimerSaqueDentro" : 53,
    "loserPrimerSaqueGanado" : 31,
    "loserSegundoSaqueGanado" : 23,
    "loserDobleFalta" : 4,
    "loserServingPoints" : 94,
    "loserServingGames" : 12
  }, {
    "torneo" : "Leon CH",
    "fecha" : "20100412",
    "superficie" : "Hard",
    "resultado" : "6-2 1-0 RET",
    "contrincante" : "Prakash Amritraj",
    "ganador" : false,
    "winnerAces" : 1,
    "winnerPrimerSaqueDentro" : 15,
    "winnerPrimerSaqueGanado" : 15,
    "winnerSegundoSaqueGanado" : 5,
    "winnerDobleFalta" : 1,
    "winnerServingPoints" : 21,
    "winnerServingGames" : 5,
    "loserAces" : 2,
    "loserPrimerSaqueDentro" : 14,
    "loserPrimerSaqueGanado" : 9,
    "loserSegundoSaqueGanado" : 9,
    "loserDobleFalta" : 4,
    "loserServingPoints" : 36,
    "loserServingGames" : 4
  }, {
    "torneo" : "Geneva CH",
    "fecha" : "20100823",
    "superficie" : "Clay",
    "resultado" : "7-6(8) 6-7(5) 6-1",
    "contrincante" : "Ilya Belyaev",
    "ganador" : true,
    "winnerAces" : 3,
    "winnerPrimerSaqueDentro" : 79,
    "winnerPrimerSaqueGanado" : 58,
    "winnerSegundoSaqueGanado" : 23,
    "winnerDobleFalta" : 1,
    "winnerServingPoints" : 117,
    "winnerServingGames" : 15,
    "loserAces" : 10,
    "loserPrimerSaqueDentro" : 77,
    "loserPrimerSaqueGanado" : 56,
    "loserSegundoSaqueGanado" : 29,
    "loserDobleFalta" : 7,
    "loserServingPoints" : 141,
    "loserServingGames" : 16
  }, {
    "torneo" : "Geneva CH",
    "fecha" : "20100823",
    "superficie" : "Clay",
    "resultado" : "7-6(1) 4-6 6-3",
    "contrincante" : "Paolo Lorenzi",
    "ganador" : false,
    "winnerAces" : 4,
    "winnerPrimerSaqueDentro" : 72,
    "winnerPrimerSaqueGanado" : 51,
    "winnerSegundoSaqueGanado" : 16,
    "winnerDobleFalta" : 3,
    "winnerServingPoints" : 102,
    "winnerServingGames" : 16,
    "loserAces" : 6,
    "loserPrimerSaqueDentro" : 58,