{
  "nombre" : "Andis Juska",
  "mano" : "R",
  "nacionalidad" : "LAT",
  "edad" : 25.0622861054,
  "ganar1Saque" : 0.7260508049618114,
  "ganar2Saque" : 0.5160172195597128,
  "primerSaque" : 0.6468127220869064,
  "segundoSaque" : 0.292530086230148,
  "ganarPuntoSacando" : 0.6205694592647828,
  "ganarPuntoRestando" : 0.35253601673531276,
  "probAce" : 0.10645376145839691,
  "clay" : {
    "nombre" : "Clay",
    "probVictoria" : 0.5,
    "probGanarPrimerSaque" : 0.7738527258237203,
    "probGanarSegundoSaque" : 0.532828281323115,
    "probPrimerSaque" : 0.6330948770046234,
    "probSegundoSaque" : 0.31392116844654083,
    "probGanarPuntoSacando" : 0.6571882729293752,
    "probGanarPuntoRestando" : 0.3381747466586431,
    "probAce" : 0.0
  },
  "grass" : {
    "nombre" : "Grass",
    "probVictoria" : 0.0,
    "probGanarPrimerSaque" : 0.0,
    "probGanarSegundoSaque" : 0.0,
    "probPrimerSaque" : 0.0,
    "probSegundoSaque" : 0.0,
    "probGanarPuntoSacando" : 0.0,
    "probGanarPuntoRestando" : 0.0,
    "probAce" : 0.0
  },
  "hard" : {
    "nombre" : "Hard",
    "probVictoria" : 0.3333333432674408,
    "probGanarPrimerSaque" : 0.7058096130688986,
    "probGanarSegundoSaque" : 0.5116939435402552,
    "probPrimerSaque" : 0.6595232705275218,
    "probSegundoSaque" : 0.27783463299274447,
    "probGanarPuntoSacando" : 0.6076641633890816,
    "probGanarPuntoRestando" : 0.36339212126554904,
    "probAce" : 0.0
  },
  "other" : {
    "nombre" : "Other",
    "probVictoria" : 0.0,
    "probGanarPrimerSaque" : 0.7428571581840515,
    "probGanarSegundoSaque" : 0.47999998927116394,
    "probPrimerSaque" : 0.5384615659713745,
    "probSegundoSaque" : 0.38461539149284363,
    "probGanarPuntoSacando" : 0.5846154124789189,
    "probGanarPuntoRestando" : 0.275862069241786,
    "probAce" : 0.0
  },
  "partidos" : [ {
    "torneo" : "Bytom CH",
    "fecha" : "20100614",
    "superficie" : "Clay",
    "resultado" : "5-7 6-4 7-5",
    "contrincante" : "Thomas Schoorel",
    "ganador" : false,
    "winnerAces" : 8,
    "winnerPrimerSaqueDentro" : 61,
    "winnerPrimerSaqueGanado" : 48,
    "winnerSegundoSaqueGanado" : 20,
    "winnerDobleFalta" : 2,
    "winnerServingPoints" : 91,
    "winnerServingGames" : 17,
    "loserAces" : 5,
    "loserPrimerSaqueDentro" : 66,
    "loserPrimerSaqueGanado" : 53,
    "loserSegundoSaqueGanado" : 11,
    "loserDobleFalta" : 1,
    "loserServingPoints" : 98,
    "loserServingGames" : 17
  }, {
    "torneo" : "Tampere CH",
    "fecha" : "20100726",
    "superficie" : "Clay",
    "resultado" : "6-4 6-3",
    "contrincante" : "Ivo Minar",
    "ganador" : false,
    "winnerAces" : 6,
    "winnerPrimerSaqueDentro" : 33,
    "winnerPrimerSaqueGanado" : 25,
    "winnerSegundoSaqueGanado" : 12,
    "winnerDobleFalta" : 0,
    "winnerServingPoints" : 48,
    "winnerServingGames" : 10,
    "loserAces" : 4,
    "loserPrimerSaqueDentro" : 46,
    "loserPrimerSaqueGanado" : 30,
    "loserSegundoSaqueGanado" : 7,
    "loserDobleFalta" : 3,
    "loserServingPoints" : 64,
    "loserServingGames" : 9
  }, {
    "torneo" : "Izmir CH",
    "fecha" : "20100920",
    "superficie" : "Hard",
    "resultado" : "6-3 6-0",
    "contrincante" : "George Bastl",
    "ganador" : false,
    "winnerAces" : 1,
    "winnerPrimerSaqueDentro" : 25,
    "winnerPrimerSaqueGanado" : 20,
    "winnerSegundoSaqueGanado" : 12,
    "winnerDobleFalta" : 0,
    "winnerServingPoints" : 41,
    "winnerServingGames" : 8,
    "loserAces" : 2,
    "loserPrimerSaqueDentro" : 37,
    "loserPrimerSaqueGanado" : 21,
    "loserSegundoSaqueGanado" : 8,
    "loserDobleFalta" : 8,
    "loserServingPoints" : 61,
    "loserServingGames" : 7
  }, {
    "torneo" : "Rhodes CH",
    "fecha" : "20100426",
    "superficie" : "Hard",
    "resultado" : "7-5 7-5",
    "contrincante" : "Filip Prpic",
    "ganador" : true,
    "winnerAces" : 5,
    "winnerPrimerSaqueDentro" : 49,
    "winnerPrimerSaqueGanado" : 33,
    "winnerSegundoSaqueGanado" : 17,
    "winnerDobleFalta" : 1,
    "winnerServingPoints" : 78,
    "winnerServingGames" : 12,
    "loserAces" : 2,
    "loserPrimerSaqueDentro" : 52,
    "loserPrimerSaqueGanado" : 33,
    "loserSegundoSaqueGanado" : 11,
    "loserDobleFalta" : 1,
    "loserServingPoints" : 73,
    "loserServingGames" : 12
  }, {
    "torneo" : "Rhodes CH",
    "fecha" : "20100426",
    "superficie" : "Hard",
    "resultado" : "6-2 6-1",
    "contrincante" : "Rainer Schuettler",
    "ganador" : false,
    "winnerAces" : 1,
    "winnerPrimerSaqueDentro" : 34,
    "winnerPrimerSaqueGanado" : 23,
    "winnerSegundoSaqueGanado" : 10,
    "winnerDobleFalta" : 3,
    "winnerServingPoints" : 48,
    "winnerServingGames" : 8,
    "loserAces" : 0,
    "loserPrimerSaqueDentro" : 20,
    "loserPrimerSaqueGanado" : 12,
    "loserSegundoSaqueGanado" : 6,
    "loserDobleFalta" : 6,
    "loserServingPoints" : 42,
    "loserServingGames" : 7
  }, {
    "torneo" : "Busan CH",
    "fecha" : "20100510",
    "superficie" : "Hard",
    "resultado" : "6-4 6-4",
    "contrincante" : "Ivo Klec",
    "ganador" : true,
    "winnerAces" : 8,
    "winnerPrimerSaqueDentro" : 40,
    "winnerPrimerSaqueGanado" : 31,
    "winnerSegundoSaqueGanado" : 14,
    "winnerDobleFalta" : 5,
    "winnerServingPoints" : 65,
    "winnerServingGames" : 10,
    "loserAces" : 5,
    "loserPrimerSaqueDentro" : 27,
    "loserPrimerSaqueGanado" : 22,
    "loserSegundoSaqueGanado" : 15,
    "loserDobleFalta" : 2,
    "loserServingPoints" : 50,
    "loserServingGames" : 10
  }, {
    "torneo" : "Busan CH",
    "fecha" : "20100510",
    "superficie" : "Hard",
    "resultado" : "3-6 6-4 6-4",
    "contrincante" : "Hiroki Kondo",
    "ganador" : false,
    "winnerAces" : 5,
    "winnerPrimerSaqueDentro" : 61,
    "winnerPrimerSaqueGanado" : 39,
    "winnerSegundoSaqueGanado" : 18,
    "winnerDobleFalta" : 0,
    "winnerServingPoints" : 93,
    "winnerServingGames" : 14,
    "loserAces" : 10,
    "loserPrimerSaqueDentro" : 59,
    "loserPrimerSaqueGanado" : 47,
    "loserSegundoSaqueGanado" : 9,
    "loserDobleFalta" : 5,
    "loserServingPoints" : 83,
    "loserServingGames" : 15
  }, {
    "torneo" : "Fergana CH",
    "fecha" : "20100517",
    "superficie" : "Hard",
    "resultado" : "2-6 6-3 6-4",
    "contrincante" : "Vaja Uzakov",
    "ganador" : false,
    "winnerAces" : 11,
    "winnerPrimerSaqueDentro" : 49,
    "winnerPrimerSaqueGanado" : 39,
    "winnerSegundoSaqueGanado" : 13,
    "winnerDobleFalta" : 9,
    "winnerServingPoints" : 78,
    "winnerServingGames" : 14,
    "loserAces" : 23,
    "loserPrimerSaqueDentro" : 51,
    "loserPrimerSaqueGanado" : 43,
    "loserSegundoSaqueGanado" : 11,
    "loserDobleFalta" : 12,
    "loserServingPoints" : 80,
    "loserServingGames" : 13
  }, {
    "torneo" : "St. Remy CH",
    "fecha" : "20100906",
    "superficie" : "Hard",
    "resultado" : "7-6(7) 2-6 6-4",
    "contrincante" : "Josselin Ouanna",
    "ganador" : false,
    "winnerAces" : 7,
    "winnerPrimerSaqueDentro" : 47,
    "winnerPrimerSaqueGanado" : 39,
    "winnerSegundoSaqueGanado" : 24,
    "winnerDobleFalta" : 4,
    "winnerServingPoints" : 87,
    "winnerServingGames" : 15,
    "loserAces" : 10,
    "loserPrimerSaqueDentro" : 77,
    "loserPrimerSaqueGanado" : 54,
    "loserSegundoSaqueGanado" : 16,
    "loserDobleFalta" : 5,
    "loserServingPoints" : 101,
    "loserServingGames" : 15
  }, {
    "torneo" : "Pozoblanco CH",
    "fecha" : "20100705",
    "superficie" : "Hard",
    "resultado" : "6-3 6-3",
    "contrincante" : "Gero Kretschmer",
    "ganador" : false,
    "winnerAces" : 4,
    "winnerPrimerSaqueDentro" : 43,
    "winnerPrimerSaqueGanado" : 28,
    "winnerSegundoSaqueGanado" : 14,
    "winnerDobleFalta" : 4,
    "winnerServingPoints" : 64,
    "winnerServingGames" : 9,
    "loserAces" : 6,
    "loserPrimerSaqueDentro" : 39,
    "loserPrimerSaqueGanado" : 24,
    "loserSegundoSaqueGanado" : 10,
    "loserDobleFalta" : 4,
    "loserServingPoints" : 60,