{
  "nombre" : "Andre Sa",
  "mano" : "R",
  "nacionalidad" : "BRA",
  "edad" : 32.6844626968,
  "ganar1Saque" : 0.6242855687936147,
  "ganar2Saque" : 0.45825882256031036,
  "primerSaque" : 0.580965851744016,
  "segundoSaque" : 0.34166333576043445,
  "ganarPuntoSacando" : 0.5192588351632845,
  "ganarPuntoRestando" : 0.3790312541391338,
  "probAce" : 0.02777777798473835,
  "clay" : {
    "nombre" : "Clay",
    "probVictoria" : 0.0,
    "probGanarPrimerSaque" : 0.5277777910232544,
    "probGanarSegundoSaque" : 0.5925925970077515,
    "probPrimerSaque" : 0.52173912525177,
    "probSegundoSaque" : 0.3913043439388275,
    "probGanarPuntoSacando" : 0.5072463804109084,
    "probGanarPuntoRestando" : 0.3768116193771718,
    "probAce" : 0.0
  },
  "grass" : {
    "nombre" : "Grass",
    "probVictoria" : 0.5,
    "probGanarPrimerSaque" : 1.4041666984558105,
    "probGanarSegundoSaque" : 0.4692082107067108,
    "probPrimerSaque" : 0.5921869277954102,
    "probSegundoSaque" : 0.3534136563539505,
    "probGanarPuntoSacando" : 0.997353752608324,
    "probGanarPuntoRestando" : 0.35751878547452726,
    "probAce" : 0.0
  },
  "hard" : {
    "nombre" : "Hard",
    "probVictoria" : 0.3333333432674408,
    "probGanarPrimerSaque" : 0.6045896410942078,
    "probGanarSegundoSaque" : 0.40618130564689636,
    "probPrimerSaque" : 0.593227376540502,
    "probSegundoSaque" : 0.3172827859719594,
    "probGanarPuntoSacando" : 0.4875334629352558,
    "probGanarPuntoRestando" : 0.3941127781695255,
    "probAce" : 0.0
  },
  "other" : {
    "nombre" : "Other",
    "probVictoria" : 0.0,
    "probGanarPrimerSaque" : 0.0,
    "probGanarSegundoSaque" : 0.0,
    "probPrimerSaque" : 0.0,
    "probSegundoSaque" : 0.0,
    "probGanarPuntoSacando" : 0.0,
    "probGanarPuntoRestando" : 0.0,
    "probAce" : 0.0
  },
  "partidos" : [ {
    "torneo" : "Auckland Q",
    "fecha" : "20100111",
    "superficie" : "Hard",
    "resultado" : "5-7 6-4 6-4",
    "contrincante" : "Michael Venus",
    "ganador" : true,
    "winnerAces" : 3,
    "winnerPrimerSaqueDentro" : 70,
    "winnerPrimerSaqueGanado" : 50,
    "winnerSegundoSaqueGanado" : 18,
    "winnerDobleFalta" : 11,
    "winnerServingPoints" : 118,
    "winnerServingGames" : 16,
    "loserAces" : 3,
    "loserPrimerSaqueDentro" : 55,
    "loserPrimerSaqueGanado" : 37,
    "loserSegundoSaqueGanado" : 19,
    "loserDobleFalta" : 6,
    "loserServingPoints" : 94,
    "loserServingGames" : 16
  }, {
    "torneo" : "Auckland Q",
    "fecha" : "20100111",
    "superficie" : "Hard",
    "resultado" : "6-3 6-3",
    "contrincante" : "Paolo Lorenzi",
    "ganador" : false,
    "winnerAces" : 2,
    "winnerPrimerSaqueDentro" : 34,
    "winnerPrimerSaqueGanado" : 27,
    "winnerSegundoSaqueGanado" : 6,
    "winnerDobleFalta" : 2,
    "winnerServingPoints" : 52,
    "winnerServingGames" : 9,
    "loserAces" : 1,
    "loserPrimerSaqueDentro" : 43,
    "loserPrimerSaqueGanado" : 21,
    "loserSegundoSaqueGanado" : 4,
    "loserDobleFalta" : 2,
    "loserServingPoints" : 56,
    "loserServingGames" : 9
  }, {
    "torneo" : "Estoril Q",
    "fecha" : "20100503",
    "superficie" : "Clay",
    "resultado" : "6-3 6-3",
    "contrincante" : "Federico Delbonis",
    "ganador" : false,
    "winnerAces" : 1,
    "winnerPrimerSaqueDentro" : 43,
    "winnerPrimerSaqueGanado" : 25,
    "winnerSegundoSaqueGanado" : 18,
    "winnerDobleFalta" : 2,
    "winnerServingPoints" : 69,
    "winnerServingGames" : 9,
    "loserAces" : 1,
    "loserPrimerSaqueDentro" : 36,
    "loserPrimerSaqueGanado" : 19,
    "loserSegundoSaqueGanado" : 16,
    "loserDobleFalta" : 6,
    "loserServingPoints" : 69,
    "loserServingGames" : 9
  }, {
    "torneo" : "Atlanta Q",
    "fecha" : "20100719",
    "superficie" : "Hard",
    "resultado" : "6-2 6-2",
    "contrincante" : "Olivier Sajous",
    "ganador" : false,
    "winnerAces" : 4,
    "winnerPrimerSaqueDentro" : 35,
    "winnerPrimerSaqueGanado" : 26,
    "winnerSegundoSaqueGanado" : 11,
    "winnerDobleFalta" : 6,
    "winnerServingPoints" : 63,
    "winnerServingGames" : 8,
    "loserAces" : 0,
    "loserPrimerSaqueDentro" : 18,
    "loserPrimerSaqueGanado" : 11,
    "loserSegundoSaqueGanado" : 7,
    "loserDobleFalta" : 6,
    "loserServingPoints" : 43,
    "loserServingGames" : 8
  }, {
    "torneo" : "Queen's Club Q",
    "fecha" : "20100607",
    "superficie" : "Grass",
    "resultado" : "7-6(5) 3-6 6-1",
    "contrincante" : "Roberto Bautista Agut",
    "ganador" : true,
    "winnerAces" : 4,
    "winnerPrimerSaqueDentro" : 60,
    "winnerPrimerSaqueGanado" : 48,
    "winnerSegundoSaqueGanado" : 15,
    "winnerDobleFalta" : 6,
    "winnerServingPoints" : 99,
    "winnerServingGames" : 14,
    "loserAces" : 3,
    "loserPrimerSaqueDentro" : 61,
    "loserPrimerSaqueGanado" : 41,
    "loserSegundoSaqueGanado" : 20,
    "loserDobleFalta" : 5,
    "loserServingPoints" : 95,
    "loserServingGames" : 14
  }, {
    "torneo" : "Queen's Club Q",
    "fecha" : "20100607",
    "superficie" : "Grass",
    "resultado" : "6-4 7-5",
    "contrincante" : "Frank Dancevic",
    "ganador" : false,
    "winnerAces" : 9,
    "winnerPrimerSaqueDentro" : 50,
    "winnerPrimerSaqueGanado" : 37,
    "winnerSegundoSaqueGanado" : 8,
    "winnerDobleFalta" : 1,
    "winnerServingPoints" : 70,
    "winnerServingGames" : 11,
    "loserAces" : 4,
    "loserPrimerSaqueDentro" : 48,
    "loserPrimerSaqueGanado" : 29,
    "loserSegundoSaqueGanado" : 15,
    "loserDobleFalta" : 4,
    "loserServingPoints" : 83,
    "loserServingGames" : 11
  } ]
}