{
  "nombre" : "Arnau Brugues Davi",
  "mano" : "L",
  "nacionalidad" : "ESP",
  "edad" : 25.3141683778,
  "ganar1Saque" : 0.682872619231542,
  "ganar2Saque" : 0.5345023393630981,
  "primerSaque" : 0.6111574570337931,
  "segundoSaque" : 0.35044832626978556,
  "ganarPuntoSacando" : 0.6046581436646375,
  "ganarPuntoRestando" : 0.33834666066426855,
  "probAce" : 0.051526717841625214,
  "clay" : {
    "nombre" : "Clay",
    "probVictoria" : 0.3333333432674408,
    "probGanarPrimerSaque" : 0.6872729559739431,
    "probGanarSegundoSaque" : 0.5354101161162058,
    "probPrimerSaque" : 0.6453293164571127,
    "probSegundoSaque" : 0.31459885835647583,
    "probGanarPuntoSacando" : 0.6119567981807905,
    "probGanarPuntoRestando" : 0.3334843526483073,
    "probAce" : 0.0
  },
  "grass" : {
    "nombre" : "Grass",
    "probVictoria" : 0.0,
    "probGanarPrimerSaque" : 1.2565523982048035,
    "probGanarSegundoSaque" : 0.5038402527570724,
    "probPrimerSaque" : 0.6050505042076111,
    "probSegundoSaque" : 0.34747473895549774,
    "probGanarPuntoSacando" : 0.935349422399135,
    "probGanarPuntoRestando" : 0.2980676105097962,
    "probAce" : 0.0
  },
  "hard" : {
    "nombre" : "Hard",
    "probVictoria" : 0.5714285969734192,
    "probGanarPrimerSaque" : 0.6946998792035239,
    "probGanarSegundoSaque" : 0.5424848411764417,
    "probPrimerSaque" : 0.5836121354784284,
    "probSegundoSaque" : 0.38202603799956186,
    "probGanarPuntoSacando" : 0.6126786145680325,
    "probGanarPuntoRestando" : 0.3540226532935131,
    "probAce" : 0.0
  },
  "other" : {
    "nombre" : "Other",
    "probVictoria" : 0.0,
    "probGanarPrimerSaque" : 0.0,
    "probGanarSegundoSaque" : 0.0,
    "probPrimerSaque" : 0.0,
    "probSegundoSaque" : 0.0,
    "probGanarPuntoSacando" : 0.0,
    "probGanarPuntoRestando" : 0.0,
    "probAce" : 0.0
  },
  "partidos" : [ {
    "torneo" : "Winnetka CH",
    "fecha" : "20100628",
    "superficie" : "Hard",
    "resultado" : "7-6(4) 6-3",
    "contrincante" : "Noam Okun",
    "ganador" : true,
    "winnerAces" : 3,
    "winnerPrimerSaqueDentro" : 52,
    "winnerPrimerSaqueGanado" : 34,
    "winnerSegundoSaqueGanado" : 23,
    "winnerDobleFalta" : 2,
    "winnerServingPoints" : 90,
    "winnerServingGames" : 11,
    "loserAces" : 6,
    "loserPrimerSaqueDentro" : 41,
    "loserPrimerSaqueGanado" : 27,
    "loserSegundoSaqueGanado" : 14,
    "loserDobleFalta" : 1,
    "loserServingPoints" : 65,
    "loserServingGames" : 10
  }, {
    "torneo" : "Winnetka CH",
    "fecha" : "20100628",
    "superficie" : "Hard",
    "resultado" : "6-2 6-0",
    "contrincante" : "Michael Russell",
    "ganador" : false,
    "winnerAces" : 1,
    "winnerPrimerSaqueDentro" : 34,
    "winnerPrimerSaqueGanado" : 29,
    "winnerSegundoSaqueGanado" : 2,
    "winnerDobleFalta" : 2,
    "winnerServingPoints" : 44,
    "winnerServingGames" : 7,
    "loserAces" : 0,
    "loserPrimerSaqueDentro" : 25,
    "loserPrimerSaqueGanado" : 12,
    "loserSegundoSaqueGanado" : 10,
    "loserDobleFalta" : 4,
    "loserServingPoints" : 50,
    "loserServingGames" : 7
  }, {
    "torneo" : "Bogota CH",
    "fecha" : "20100405",
    "superficie" : "Clay",
    "resultado" : "7-6(5) 6-4",
    "contrincante" : "Carlos Salamanca",
    "ganador" : false,
    "winnerAces" : 11,
    "winnerPrimerSaqueDentro" : 55,
    "winnerPrimerSaqueGanado" : 38,
    "winnerSegundoSaqueGanado" : 6,
    "winnerDobleFalta" : 1,
    "winnerServingPoints" : 68,
    "winnerServingGames" : 11,
    "loserAces" : 1,
    "loserPrimerSaqueDentro" : 55,
    "loserPrimerSaqueGanado" : 33,
    "loserSegundoSaqueGanado" : 11,
    "loserDobleFalta" : 2,
    "loserServingPoints" : 76,
    "loserServingGames" : 11
  }, {
    "torneo" : "Pereira CH",
    "fecha" : "20100412",
    "superficie" : "Clay",
    "resultado" : "6-4 6-2",
    "contrincante" : "Alexandre Sidorenko",
    "ganador" : true,
    "winnerAces" : 7,
    "winnerPrimerSaqueDentro" : 36,
    "winnerPrimerSaqueGanado" : 31,
    "winnerSegundoSaqueGanado" : 9,
    "winnerDobleFalta" : 4,
    "winnerServingPoints" : 55,
    "winnerServingGames" : 9,
    "loserAces" : 5,
    "loserPrimerSaqueDentro" : 26,
    "loserPrimerSaqueGanado" : 18,
    "loserSegundoSaqueGanado" : 17,
    "loserDobleFalta" : 2,
    "loserServingPoints" : 57,
    "loserServingGames" : 9
  }, {
    "torneo" : "Pereira CH",
    "fecha" : "20100412",
    "superficie" : "Clay",
    "resultado" : "6-3 6-4",
    "contrincante" : "Guido Pella",
    "ganador" : true,
    "winnerAces" : 4,
    "winnerPrimerSaqueDentro" : 27,
    "winnerPrimerSaqueGanado" : 21,
    "winnerSegundoSaqueGanado" : 11,
    "winnerDobleFalta" : 3,
    "winnerServingPoints" : 48,
    "winnerServingGames" : 9,
    "loserAces" : 1,
    "loserPrimerSaqueDentro" : 42,
    "loserPrimerSaqueGanado" : 23,
    "loserSegundoSaqueGanado" : 12,
    "loserDobleFalta" : 5,
    "loserServingPoints" : 70,
    "loserServingGames" : 10
  }, {
    "torneo" : "Pereira CH",
    "fecha" : "20100412",
    "superficie" : "Clay",
    "resultado" : "7-6(2) 6-1",
    "contrincante" : "Santiago Giraldo",
    "ganador" : false,
    "winnerAces" : 4,
    "winnerPrimerSaqueDentro" : 21,
    "winnerPrimerSaqueGanado" : 18,
    "winnerSegundoSaqueGanado" : 23,
    "winnerDobleFalta" : 1,
    "winnerServingPoints" : 54,
    "winnerServingGames" : 10,
    "loserAces" : 3,
    "loserPrimerSaqueDentro" : 34,
    "loserPrimerSaqueGanado" : 22,
    "loserSegundoSaqueGanado" : 9,
    "loserDobleFalta" : 3,
    "loserServingPoints" : 56,
    "loserServingGames" : 9
  }, {
    "torneo" : "Rimouski CH",
    "fecha" : "20100322",
    "superficie" : "Hard",
    "resultado" : "6-3 7-6(4)",
    "contrincante" : "Vincent Millot",
    "ganador" : true,
    "winnerAces" : 1,
    "winnerPrimerSaqueDentro" : 52,
    "winnerPrimerSaqueGanado" : 36,
    "winnerSegundoSaqueGanado" : 22,
    "winnerDobleFalta" : 1,
    "winnerServingPoints" : 90,
    "winnerServingGames" : 11,
    "loserAces" : 0,
    "loserPrimerSaqueDentro" : 43,
    "loserPrimerSaqueGanado" : 30,
    "loserSegundoSaqueGanado" : 8,
    "loserDobleFalta" : 1,
    "loserServingPoints" : 62,
    "loserServingGames" : 10
  }, {
    "torneo" : "Rimouski CH",
    "fecha" : "20100322",
    "superficie" : "Hard",
    "resultado" : "7-6(5) 6-3",
    "contrincante" : "Rik De Voest",
    "ganador" : false,
    "winnerAces" : 5,
    "winnerPrimerSaqueDentro" : 36,
    "winnerPrimerSaqueGanado" : 32,
    "winnerSegundoSaqueGanado" : 16,
    "winnerDobleFalta" : 0,
    "winnerServingPoints" : 61,
    "winnerServingGames" : 11,
    "loserAces" : 5,
    "loserPrimerSaqueDentro" : 45,
    "loserPrimerSaqueGanado" : 33,
    "loserSegundoSaqueGanado" : 16,
    "loserDobleFalta" : 1,
    "loserServingPoints" : 77,
    "loserServingGames" : 10
  }, {
    "torneo" : "Manta CH",
    "fecha" : "20100426",
    "superficie" : "Hard",
    "resultado" : "7-6(5) 6-3",
    "contrincante" : "Brian Dabul",
    "ganador" : true,
    "winnerAces" : 7,
    "winnerPrimerSaqueDentro" : 45,
    "winnerPrimerSaqueGanado" : 34,
    "winnerSegundoSaqueGanado" : 19,
    "winnerDobleFalta" : 2,
    "winnerServingPoints" : 80,
    "winnerServingGames" : 11,
    "loserAces" : 7,
    "loserPrimerSaqueDentro" : 45,
    "loserPrimerSaqueGanado" : 29,
    "loserSegundoSaqueGanado" : 15,
    "loserDobleFalta" : 1,
    "loserServingPoints" : 74,
    "loserServingGames" : 10
  }, {
    "torneo" : "Manta CH",
    "fecha" : "20100426",
    "superficie" : "Hard",
    "resultado" : "6-4 6-3",
    "contrincante" : "Facundo Bagnis",
    "ganador" : true,
    "winnerAces" : 3,
    "winnerPrimerSaqueDentro" : 34,
    "winnerPrimerSaqueGanado" : 29,
    "winnerSegundoSaqueGanado" : 9,
    "winnerDobleFalta" : 3,
    "winnerServingPoints" : 53,
    "winnerServingGames" : 9,
    "loserAces" : 4,
    "loserPrimerSaqueDentro" : 42,
    "loserPrimerSaqueGanado" : 28,
    "loserSegundoSaqueGanado" : 13,
    "loserDobleFalta" : 4,
    "loserServingPoints" : 71,