{
  "nombre" : "Artem Sitak",
  "mano" : "U",
  "nacionalidad" : "NZL",
  "edad" : 24.2874743326,
  "ganar1Saque" : 0.6538498380354473,
  "ganar2Saque" : 0.4803891373532159,
  "primerSaque" : 0.5809519163199833,
  "segundoSaque" : 0.3493863684790475,
  "ganarPuntoSacando" : 0.5476967325488263,
  "ganarPuntoRestando" : 0.38296499718546156,
  "probAce" : 0.05327102914452553,
  "clay" : {
    "nombre" : "Clay",
    "probVictoria" : 0.0,
    "probGanarPrimerSaque" : 0.7567567825317383,
    "probGanarSegundoSaque" : 0.36666667461395264,
    "probPrimerSaque" : 0.5,
    "probSegundoSaque" : 0.4054054021835327,
    "probGanarPuntoSacando" : 0.5270270419550371,
    "probGanarPuntoRestando" : 0.44871793727617004,
    "probAce" : 0.0
  },
  "grass" : {
    "nombre" : "Grass",
    "probVictoria" : 0.0,
    "probGanarPrimerSaque" : 0.75,
    "probGanarSegundoSaque" : 0.517241358757019,
    "probPrimerSaque" : 0.6972476840019226,
    "probSegundoSaque" : 0.26605504751205444,
    "probGanarPuntoSacando" : 0.6605504372807403,
    "probGanarPuntoRestando" : 0.2735848866344074,
    "probAce" : 0.0
  },
  "hard" : {
    "nombre" : "Hard",
    "probVictoria" : 0.1666666716337204,
    "probGanarPrimerSaque" : 0.637261745830377,
    "probGanarSegundoSaque" : 0.48679499079783756,
    "probPrimerSaque" : 0.5780065953731537,
    "probSegundoSaque" : 0.35166239241758984,
    "probGanarPuntoSacando" : 0.5395289831498344,
    "probGanarPuntoRestando" : 0.38660059472382374,
    "probAce" : 0.0
  },
  "other" : {
    "nombre" : "Other",
    "probVictoria" : 0.0,
    "probGanarPrimerSaque" : 0.0,
    "probGanarSegundoSaque" : 0.0,
    "probPrimerSaque" : 0.0,
    "probSegundoSaque" : 0.0,
    "probGanarPuntoSacando" : 0.0,
    "probGanarPuntoRestando" : 0.0,
    "probAce" : 0.0
  },
  "partidos" : [ {
    "torneo" : "Carson CH",
    "fecha" : "20100524",
    "superficie" : "Hard",
    "resultado" : "7-6(3) 6-1",
    "contrincante" : "Samuel Groth",
    "ganador" : false,
    "winnerAces" : 7,
    "winnerPrimerSaqueDentro" : 28,
    "winnerPrimerSaqueGanado" : 23,
    "winnerSegundoSaqueGanado" : 19,
    "winnerDobleFalta" : 7,
    "winnerServingPoints" : 60,
    "winnerServingGames" : 9,
    "loserAces" : 2,
    "loserPrimerSaqueDentro" : 34,
    "loserPrimerSaqueGanado" : 20,
    "loserSegundoSaqueGanado" : 14,
    "loserDobleFalta" : 1,
    "loserServingPoints" : 61,
    "loserServingGames" : 10
  }, {
    "torneo" : "Saransk CH",
    "fecha" : "20100726",
    "superficie" : "Clay",
    "resultado" : "6-3 1-6 6-3",
    "contrincante" : "Ivan Sergeyev",
    "ganador" : false,
    "winnerAces" : 4,
    "winnerPrimerSaqueDentro" : 39,
    "winnerPrimerSaqueGanado" : 25,
    "winnerSegundoSaqueGanado" : 18,
    "winnerDobleFalta" : 2,
    "winnerServingPoints" : 78,
    "winnerServingGames" : 12,
    "loserAces" : 7,
    "loserPrimerSaqueDentro" : 37,
    "loserPrimerSaqueGanado" : 28,
    "loserSegundoSaqueGanado" : 11,
    "loserDobleFalta" : 7,
    "loserServingPoints" : 74,
    "loserServingGames" : 13
  }, {
    "torneo" : "Winnetka CH",
    "fecha" : "20100628",
    "superficie" : "Hard",
    "resultado" : "6-1 6-2",
    "contrincante" : "Kevin Kim",
    "ganador" : false,
    "winnerAces" : 0,
    "winnerPrimerSaqueDentro" : 38,
    "winnerPrimerSaqueGanado" : 26,
    "winnerSegundoSaqueGanado" : 11,
    "winnerDobleFalta" : 1,
    "winnerServingPoints" : 55,
    "winnerServingGames" : 8,
    "loserAces" : 1,
    "loserPrimerSaqueDentro" : 22,
    "loserPrimerSaqueGanado" : 11,
    "loserSegundoSaqueGanado" : 5,
    "loserDobleFalta" : 4,
    "loserServingPoints" : 42,
    "loserServingGames" : 7
  }, {
    "torneo" : "Beijing CH",
    "fecha" : "20100802",
    "superficie" : "Hard",
    "resultado" : "5-7 6-0 7-5",
    "contrincante" : "Peng Gao",
    "ganador" : true,
    "winnerAces" : 4,
    "winnerPrimerSaqueDentro" : 56,
    "winnerPrimerSaqueGanado" : 38,
    "winnerSegundoSaqueGanado" : 16,
    "winnerDobleFalta" : 1,
    "winnerServingPoints" : 89,
    "winnerServingGames" : 15,
    "loserAces" : 3,
    "loserPrimerSaqueDentro" : 67,
    "loserPrimerSaqueGanado" : 40,
    "loserSegundoSaqueGanado" : 8,
    "loserDobleFalta" : 1,
    "loserServingPoints" : 95,
    "loserServingGames" : 15
  }, {
    "torneo" : "Beijing CH",
    "fecha" : "20100802",
    "superficie" : "Hard",
    "resultado" : "7-6(5) 6-0",
    "contrincante" : "Yan Bai",
    "ganador" : false,
    "winnerAces" : 3,
    "winnerPrimerSaqueDentro" : 31,
    "winnerPrimerSaqueGanado" : 22,
    "winnerSegundoSaqueGanado" : 15,
    "winnerDobleFalta" : 1,
    "winnerServingPoints" : 55,
    "winnerServingGames" : 9,
    "loserAces" : 1,
    "loserPrimerSaqueDentro" : 44,
    "loserPrimerSaqueGanado" : 20,
    "loserSegundoSaqueGanado" : 12,
    "loserDobleFalta" : 4,
    "loserServingPoints" : 68,
    "loserServingGames" : 9
  }, {
    "torneo" : "Busan CH",
    "fecha" : "20100510",
    "superficie" : "Hard",
    "resultado" : "6-3 3-6 7-6(8)",
    "contrincante" : "Andrej Martin",
    "ganador" : false,
    "winnerAces" : 2,
    "winnerPrimerSaqueDentro" : 80,
    "winnerPrimerSaqueGanado" : 48,
    "winnerSegundoSaqueGanado" : 12,
    "winnerDobleFalta" : 6,
    "winnerServingPoints" : 106,
    "winnerServingGames" : 15,
    "loserAces" : 2,
    "loserPrimerSaqueDentro" : 83,
    "loserPrimerSaqueGanado" : 48,
    "loserSegundoSaqueGanado" : 24,
    "loserDobleFalta" : 7,
    "loserServingPoints" : 135,
    "loserServingGames" : 15
  }, {
    "torneo" : "Aptos CH",
    "fecha" : "20100712",
    "superficie" : "Hard",
    "resultado" : "6-4 6-3",
    "contrincante" : "Takao Suzuki",
    "ganador" : true,
    "winnerAces" : 3,
    "winnerPrimerSaqueDentro" : 30,
    "winnerPrimerSaqueGanado" : 26,
    "winnerSegundoSaqueGanado" : 9,
    "winnerDobleFalta" : 1,
    "winnerServingPoints" : 49,
    "winnerServingGames" : 9,
    "loserAces" : 1,
    "loserPrimerSaqueDentro" : 43,
    "loserPrimerSaqueGanado" : 25,
    "loserSegundoSaqueGanado" : 14,
    "loserDobleFalta" : 2,
    "loserServingPoints" : 75,
    "loserServingGames" : 10
  }, {
    "torneo" : "Aptos CH",
    "fecha" : "20100712",
    "superficie" : "Hard",
    "resultado" : "1-6 6-4 6-4",
    "contrincante" : "Donald Young",
    "ganador" : false,
    "winnerAces" : 2,
    "winnerPrimerSaqueDentro" : 68,
    "winnerPrimerSaqueGanado" : 38,
    "winnerSegundoSaqueGanado" : 11,
    "winnerDobleFalta" : 13,
    "winnerServingPoints" : 101,
    "winnerServingGames" : 14,
    "loserAces" : 7,
    "loserPrimerSaqueDentro" : 65,
    "loserPrimerSaqueGanado" : 41,
    "loserSegundoSaqueGanado" : 11,
    "loserDobleFalta" : 4,
    "loserServingPoints" : 102,
    "loserServingGames" : 13
  }, {
    "torneo" : "Ojai CH",
    "fecha" : "20100531",
    "superficie" : "Hard",
    "resultado" : "6-4 7-6(2)",
    "contrincante" : "Alex Kuznetsov",
    "ganador" : false,
    "winnerAces" : 0,
    "winnerPrimerSaqueDentro" : 49,
    "winnerPrimerSaqueGanado" : 34,
    "winnerSegundoSaqueGanado" : 16,
    "winnerDobleFalta" : 4,
    "winnerServingPoints" : 90,
    "winnerServingGames" : 11,
    "loserAces" : 6,
    "loserPrimerSaqueDentro" : 40,
    "loserPrimerSaqueGanado" : 25,
    "loserSegundoSaqueGanado" : 14,
    "loserDobleFalta" : 10,
    "loserServingPoints" : 72,
    "loserServingGames" : 11
  }, {
    "torneo" : "Fergana CH",
    "fecha" : "20100517",
    "superficie" : "Hard",
    "resultado" : "6-4 6-1",
    "contrincante" : "Pierre Ludovic Duclos",
    "ganador" : false,
    "winnerAces" : 1,
    "winnerPrimerSaqueDentro" : 30,
    "winnerPrimerSaqueGanado" : 22,
    "winnerSegundoSaqueGanado" : 13,
    "winnerDobleFalta" : 3,
    "winnerServingPoints" : 50,
    "winnerServingGames" : 9,
    "loserAces" : 2,
    "loserPrimerSaqueDentro" : 24,
    "loserPrimerSaqueGanado" : 18,
    "loserSegundoSaqueGanado" : 5,
    "loserDobleFalta" : 7,
    "loserServingPoints" : 44,
    "loserServingGames" : 8
  }, {
    "torneo" : "Astana CH",