{
  "nombre" : "Brydan Klein",
  "mano" : "R",
  "nacionalidad" : "AUS",
  "edad" : 20.5667351129,
  "ganar1Saque" : 0.7179748156796331,
  "ganar2Saque" : 0.5514788031578064,
  "primerSaque" : 0.640508094559545,
  "segundoSaque" : 0.31086113595444226,
  "ganarPuntoSacando" : 0.6313020083371343,
  "ganarPuntoRestando" : 0.3521171765209303,
  "probAce" : 0.06972586363554001,
  "clay" : {
    "nombre" : "Clay",
    "probVictoria" : 0.0,
    "probGanarPrimerSaque" : 0.0,
    "probGanarSegundoSaque" : 0.0,
    "probPrimerSaque" : 0.0,
    "probSegundoSaque" : 0.0,
    "probGanarPuntoSacando" : 0.0,
    "probGanarPuntoRestando" : 0.0,
    "probAce" : 0.0
  },
  "grass" : {
    "nombre" : "Grass",
    "probVictoria" : 0.25,
    "probGanarPrimerSaque" : 2.3051828145980835,
    "probGanarSegundoSaque" : 0.6709401806195577,
    "probPrimerSaque" : 0.6434860626856486,
    "probSegundoSaque" : 0.2871559013923009,
    "probGanarPuntoSacando" : 1.6760174454824643,
    "probGanarPuntoRestando" : 0.37274454391935946,
    "probAce" : 0.0
  },
  "hard" : {
    "nombre" : "Hard",
    "probVictoria" : 0.31578946113586426,
    "probGanarPrimerSaque" : 0.7030091630785089,
    "probGanarSegundoSaque" : 0.526553960222947,
    "probPrimerSaque" : 0.6446466728260642,
    "probSegundoSaque" : 0.31053174326294347,
    "probGanarPuntoSacando" : 0.616704237134835,
    "probGanarPuntoRestando" : 0.35346081786787426,
    "probAce" : 0.0
  },
  "other" : {
    "nombre" : "Other",
    "probVictoria" : 0.0,
    "probGanarPrimerSaque" : 0.8510638475418091,
    "probGanarSegundoSaque" : 0.6666666865348816,
    "probPrimerSaque" : 0.5529412031173706,
    "probSegundoSaque" : 0.38823530077934265,
    "probGanarPuntoSacando" : 0.7294118093559039,
    "probGanarPuntoRestando" : 0.2647058887337086,
    "probAce" : 0.0
  },
  "partidos" : [ {
    "torneo" : "Granby CH",
    "fecha" : "20100726",
    "superficie" : "Hard",
    "resultado" : "6-3 6-4",
    "contrincante" : "Erik Chvojka",
    "ganador" : true,
    "winnerAces" : 2,
    "winnerPrimerSaqueDentro" : 48,
    "winnerPrimerSaqueGanado" : 35,
    "winnerSegundoSaqueGanado" : 9,
    "winnerDobleFalta" : 2,
    "winnerServingPoints" : 64,
    "winnerServingGames" : 10,
    "loserAces" : 2,
    "loserPrimerSaqueDentro" : 34,
    "loserPrimerSaqueGanado" : 25,
    "loserSegundoSaqueGanado" : 9,
    "loserDobleFalta" : 1,
    "loserServingPoints" : 48,
    "loserServingGames" : 9
  }, {
    "torneo" : "Granby CH",
    "fecha" : "20100726",
    "superficie" : "Hard",
    "resultado" : "6-3 6-3",
    "contrincante" : "Joseph Sirianni",
    "ganador" : true,
    "winnerAces" : 6,
    "winnerPrimerSaqueDentro" : 43,
    "winnerPrimerSaqueGanado" : 30,
    "winnerSegundoSaqueGanado" : 6,
    "winnerDobleFalta" : 2,
    "winnerServingPoints" : 53,
    "winnerServingGames" : 9,
    "loserAces" : 3,
    "loserPrimerSaqueDentro" : 22,
    "loserPrimerSaqueGanado" : 15,
    "loserSegundoSaqueGanado" : 13,
    "loserDobleFalta" : 4,
    "loserServingPoints" : 54,
    "loserServingGames" : 9
  }, {
    "torneo" : "Granby CH",
    "fecha" : "20100726",
    "superficie" : "Hard",
    "resultado" : "7-6(3) 6-1",
    "contrincante" : "Go Soeda",
    "ganador" : false,
    "winnerAces" : 3,
    "winnerPrimerSaqueDentro" : 33,
    "winnerPrimerSaqueGanado" : 22,
    "winnerSegundoSaqueGanado" : 22,
    "winnerDobleFalta" : 1,
    "winnerServingPoints" : 64,
    "winnerServingGames" : 10,
    "loserAces" : 2,
    "loserPrimerSaqueDentro" : 39,
    "loserPrimerSaqueGanado" : 28,
    "loserSegundoSaqueGanado" : 5,
    "loserDobleFalta" : 3,
    "loserServingPoints" : 58,
    "loserServingGames" : 9
  }, {
    "torneo" : "Binghamton CH",
    "fecha" : "20100809",
    "superficie" : "Hard",
    "resultado" : "6-4 6-2",
    "contrincante" : "Rajeev Ram",
    "ganador" : false,
    "winnerAces" : 5,
    "winnerPrimerSaqueDentro" : 27,
    "winnerPrimerSaqueGanado" : 21,
    "winnerSegundoSaqueGanado" : 14,
    "winnerDobleFalta" : 4,
    "winnerServingPoints" : 51,
    "winnerServingGames" : 9,
    "loserAces" : 3,
    "loserPrimerSaqueDentro" : 42,
    "loserPrimerSaqueGanado" : 28,
    "loserSegundoSaqueGanado" : 10,
    "loserDobleFalta" : 3,
    "loserServingPoints" : 72,
    "loserServingGames" : 9
  }, {
    "torneo" : "Rimouski CH",
    "fecha" : "20100322",
    "superficie" : "Hard",
    "resultado" : "3-6 6-3 6-4",
    "contrincante" : "Lester Cook",
    "ganador" : false,
    "winnerAces" : 4,
    "winnerPrimerSaqueDentro" : 57,
    "winnerPrimerSaqueGanado" : 41,
    "winnerSegundoSaqueGanado" : 21,
    "winnerDobleFalta" : 2,
    "winnerServingPoints" : 93,
    "winnerServingGames" : 14,
    "loserAces" : 8,
    "loserPrimerSaqueDentro" : 50,
    "loserPrimerSaqueGanado" : 40,
    "loserSegundoSaqueGanado" : 19,
    "loserDobleFalta" : 9,
    "loserServingPoints" : 91,
    "loserServingGames" : 14
  }, {
    "torneo" : "Aptos CH",
    "fecha" : "20100712",
    "superficie" : "Hard",
    "resultado" : "7-5 3-6 6-4",
    "contrincante" : "Devin Britton",
    "ganador" : true,
    "winnerAces" : 3,
    "winnerPrimerSaqueDentro" : 57,
    "winnerPrimerSaqueGanado" : 40,
    "winnerSegundoSaqueGanado" : 23,
    "winnerDobleFalta" : 2,
    "winnerServingPoints" : 100,
    "winnerServingGames" : 16,
    "loserAces" : 7,
    "loserPrimerSaqueDentro" : 48,
    "loserPrimerSaqueGanado" : 33,
    "loserSegundoSaqueGanado" : 29,
    "loserDobleFalta" : 5,
    "loserServingPoints" : 105,
    "loserServingGames" : 15
  }, {
    "torneo" : "Aptos CH",
    "fecha" : "20100712",
    "superficie" : "Hard",
    "resultado" : "6-3 6-4",
    "contrincante" : "Peter Polansky",
    "ganador" : true,
    "winnerAces" : 2,
    "winnerPrimerSaqueDentro" : 34,
    "winnerPrimerSaqueGanado" : 29,
    "winnerSegundoSaqueGanado" : 13,
    "winnerDobleFalta" : 0,
    "winnerServingPoints" : 52,
    "winnerServingGames" : 10,
    "loserAces" : 3,
    "loserPrimerSaqueDentro" : 27,
    "loserPrimerSaqueGanado" : 15,
    "loserSegundoSaqueGanado" : 17,
    "loserDobleFalta" : 0,
    "loserServingPoints" : 56,
    "loserServingGames" : 9
  }, {
    "torneo" : "Aptos CH",
    "fecha" : "20100712",
    "superficie" : "Hard",
    "resultado" : "6-1 7-6(4)",
    "contrincante" : "Carsten Ball",
    "ganador" : false,
    "winnerAces" : 11,
    "winnerPrimerSaqueDentro" : 44,
    "winnerPrimerSaqueGanado" : 33,
    "winnerSegundoSaqueGanado" : 5,
    "winnerDobleFalta" : 3,
    "winnerServingPoints" : 57,
    "winnerServingGames" : 9,
    "loserAces" : 5,
    "loserPrimerSaqueDentro" : 37,
    "loserPrimerSaqueGanado" : 26,
    "loserSegundoSaqueGanado" : 10,
    "loserDobleFalta" : 1,
    "loserServingPoints" : 67,
    "loserServingGames" : 10
  }, {
    "torneo" : "Leon CH",
    "fecha" : "20100412",
    "superficie" : "Hard",
    "resultado" : "6-7(3) 7-6(3) 3-1 RET",
    "contrincante" : "Miguel Gallardo Valles",
    "ganador" : true,
    "winnerAces" : 2,
    "winnerPrimerSaqueDentro" : 51,
    "winnerPrimerSaqueGanado" : 34,
    "winnerSegundoSaqueGanado" : 17,
    "winnerDobleFalta" : 8,
    "winnerServingPoints" : 83,
    "winnerServingGames" : 14,
    "loserAces" : 1,
    "loserPrimerSaqueDentro" : 56,
    "loserPrimerSaqueGanado" : 37,
    "loserSegundoSaqueGanado" : 25,
    "loserDobleFalta" : 5,
    "loserServingPoints" : 117,
    "loserServingGames" : 14
  }, {
    "torneo" : "Leon CH",
    "fecha" : "20100412",
    "superficie" : "Hard",
    "resultado" : "7-6(5) 7-6(6)",
    "contrincante" : "Greg Jones",
    "ganador" : false,
    "winnerAces" : 9,
    "winnerPrimerSaqueDentro" : 58,
    "winnerPrimerSaqueGanado" : 45,
    "winnerSegundoSaqueGanado" : 19,
    "winnerDobleFalta" : 7,
    "winnerServingPoints" : 101,
    "winnerServingGames" : 12,
    "loserAces" : 1,
    "loserPrimerSaqueDentro" : 68,
    "loserPrimerSaqueGanado" : 50,
    "loserSegundoSaqueGanado" : 9,
    "loserDobleFalta" : 4,
    "loserServingPoints" : 90,