{
  "nombre" : "Chris Guccione",
  "mano" : "L",
  "nacionalidad" : "AUS",
  "edad" : 24.9308692676,
  "ganar1Saque" : 0.7573450207710266,
  "ganar2Saque" : 0.5764977931976318,
  "primerSaque" : 0.6374168353421348,
  "segundoSaque" : 0.33560739670481,
  "ganarPuntoSacando" : 0.6762213899831162,
  "ganarPuntoRestando" : 0.3009004686982575,
  "probAce" : 0.1531440168619156,
  "clay" : {
    "nombre" : "Clay",
    "probVictoria" : 0.0,
    "probGanarPrimerSaque" : 0.5882353186607361,
    "probGanarSegundoSaque" : 0.6315789222717285,
    "probPrimerSaque" : 0.5964912176132202,
    "probSegundoSaque" : 0.3333333432674408,
    "probGanarPuntoSacando" : 0.5614035151691255,
    "probGanarPuntoRestando" : 0.29824559939535056,
    "probAce" : 0.0
  },
  "grass" : {
    "nombre" : "Grass",
    "probVictoria" : 0.0,
    "probGanarPrimerSaque" : 3.0152642726898193,
    "probGanarSegundoSaque" : 0.5499928668141365,
    "probPrimerSaque" : 0.6642944812774658,
    "probSegundoSaque" : 0.32582755014300346,
    "probGanarPuntoSacando" : 2.182226244331136,
    "probGanarPuntoRestando" : 0.19741111796851799,
    "probAce" : 0.0
  },
  "hard" : {
    "nombre" : "Hard",
    "probVictoria" : 0.4583333432674408,
    "probGanarPrimerSaque" : 0.7653113474016604,
    "probGanarSegundoSaque" : 0.578712513913279,
    "probPrimerSaque" : 0.6345218368198561,
    "probSegundoSaque" : 0.33740711147370545,
    "probGanarPuntoSacando" : 0.6808684795855466,
    "probGanarPuntoRestando" : 0.319014045751382,
    "probAce" : 0.0
  },
  "other" : {
    "nombre" : "Other",
    "probVictoria" : 0.0,
    "probGanarPrimerSaque" : 0.0,
    "probGanarSegundoSaque" : 0.0,
    "probPrimerSaque" : 0.0,
    "probSegundoSaque" : 0.0,
    "probGanarPuntoSacando" : 0.0,
    "probGanarPuntoRestando" : 0.0,
    "probAce" : 0.0
  },
  "partidos" : [ {
    "torneo" : "Newport",
    "fecha" : "20100705",
    "superficie" : "Grass",
    "resultado" : "7-6(0) 6-4",
    "contrincante" : "Sergei Bubka",
    "ganador" : false,
    "winnerAces" : 10,
    "winnerPrimerSaqueDentro" : 38,
    "winnerPrimerSaqueGanado" : 32,
    "winnerSegundoSaqueGanado" : 18,
    "winnerDobleFalta" : 1,
    "winnerServingPoints" : 61,
    "winnerServingGames" : 11,
    "loserAces" : 5,
    "loserPrimerSaqueDentro" : 38,
    "loserPrimerSaqueGanado" : 27,
    "loserSegundoSaqueGanado" : 20,
    "loserDobleFalta" : 2,
    "loserServingPoints" : 69,
    "loserServingGames" : 11
  }, {
    "torneo" : "Queen's Club",
    "fecha" : "20100607",
    "superficie" : "Grass",
    "resultado" : "6-7(4) 7-6(5) 6-4",
    "contrincante" : "Dudi Sela",
    "ganador" : false,
    "winnerAces" : 5,
    "winnerPrimerSaqueDentro" : 63,
    "winnerPrimerSaqueGanado" : 49,
    "winnerSegundoSaqueGanado" : 29,
    "winnerDobleFalta" : 4,
    "winnerServingPoints" : 99,
    "winnerServingGames" : 17,
    "loserAces" : 20,
    "loserPrimerSaqueDentro" : 75,
    "loserPrimerSaqueGanado" : 58,
    "loserSegundoSaqueGanado" : 16,
    "loserDobleFalta" : 0,
    "loserServingPoints" : 104,
    "loserServingGames" : 17
  }, {
    "torneo" : "Nottingham CH",
    "fecha" : "20100531",
    "superficie" : "Grass",
    "resultado" : "7-6(4) 6-2",
    "contrincante" : "Go Soeda",
    "ganador" : false,
    "winnerAces" : 3,
    "winnerPrimerSaqueDentro" : 35,
    "winnerPrimerSaqueGanado" : 29,
    "winnerSegundoSaqueGanado" : 21,
    "winnerDobleFalta" : 3,
    "winnerServingPoints" : 61,
    "winnerServingGames" : 10,
    "loserAces" : 4,
    "loserPrimerSaqueDentro" : 37,
    "loserPrimerSaqueGanado" : 28,
    "loserSegundoSaqueGanado" : 11,
    "loserDobleFalta" : 0,
    "loserServingPoints" : 58,
    "loserServingGames" : 10
  }, {
    "torneo" : "Binghamton CH",
    "fecha" : "20100809",
    "superficie" : "Hard",
    "resultado" : "6-7(5) 7-5 6-3",
    "contrincante" : "John Millman",
    "ganador" : true,
    "winnerAces" : 17,
    "winnerPrimerSaqueDentro" : 71,
    "winnerPrimerSaqueGanado" : 57,
    "winnerSegundoSaqueGanado" : 13,
    "winnerDobleFalta" : 0,
    "winnerServingPoints" : 99,
    "winnerServingGames" : 17,
    "loserAces" : 7,
    "loserPrimerSaqueDentro" : 62,
    "loserPrimerSaqueGanado" : 44,
    "loserSegundoSaqueGanado" : 22,
    "loserDobleFalta" : 1,
    "loserServingPoints" : 98,
    "loserServingGames" : 16
  }, {
    "torneo" : "Binghamton CH",
    "fecha" : "20100809",
    "superficie" : "Hard",
    "resultado" : "6-3 7-6(4)",
    "contrincante" : "Rajeev Ram",
    "ganador" : true,
    "winnerAces" : 20,
    "winnerPrimerSaqueDentro" : 39,
    "winnerPrimerSaqueGanado" : 34,
    "winnerSegundoSaqueGanado" : 16,
    "winnerDobleFalta" : 1,
    "winnerServingPoints" : 62,
    "winnerServingGames" : 11,
    "loserAces" : 10,
    "loserPrimerSaqueDentro" : 43,
    "loserPrimerSaqueGanado" : 30,
    "loserSegundoSaqueGanado" : 20,
    "loserDobleFalta" : 3,
    "loserServingPoints" : 79,
    "loserServingGames" : 10
  }, {
    "torneo" : "Binghamton CH",
    "fecha" : "20100809",
    "superficie" : "Hard",
    "resultado" : "6-4 6-2",
    "contrincante" : "Bradley Klahn",
    "ganador" : true,
    "winnerAces" : 7,
    "winnerPrimerSaqueDentro" : 35,
    "winnerPrimerSaqueGanado" : 24,
    "winnerSegundoSaqueGanado" : 13,
    "winnerDobleFalta" : 1,
    "winnerServingPoints" : 56,
    "winnerServingGames" : 9,
    "loserAces" : 4,
    "loserPrimerSaqueDentro" : 37,
    "loserPrimerSaqueGanado" : 21,
    "loserSegundoSaqueGanado" : 12,
    "loserDobleFalta" : 0,
    "loserServingPoints" : 59,
    "loserServingGames" : 9
  }, {
    "torneo" : "Binghamton CH",
    "fecha" : "20100809",
    "superficie" : "Hard",
    "resultado" : "W/O",
    "contrincante" : "Robert Kendrick",
    "ganador" : false,
    "winnerAces" : 0,
    "winnerPrimerSaqueDentro" : 0,
    "winnerPrimerSaqueGanado" : 0,
    "winnerSegundoSaqueGanado" : 0,
    "winnerDobleFalta" : 0,
    "winnerServingPoints" : 0,
    "winnerServingGames" : 0,
    "loserAces" : 0,
    "loserPrimerSaqueDentro" : 0,
    "loserPrimerSaqueGanado" : 0,
    "loserSegundoSaqueGanado" : 0,
    "loserDobleFalta" : 0,
    "loserServingPoints" : 0,
    "loserServingGames" : 0
  }, {
    "torneo" : "Champaign CH",
    "fecha" : "20101115",
    "superficie" : "Hard",
    "resultado" : "6-4 6-4",
    "contrincante" : "Kei Nishikori",
    "ganador" : false,
    "winnerAces" : 5,
    "winnerPrimerSaqueDentro" : 45,
    "winnerPrimerSaqueGanado" : 36,
    "winnerSegundoSaqueGanado" : 7,
    "winnerDobleFalta" : 5,
    "winnerServingPoints" : 65,
    "winnerServingGames" : 10,
    "loserAces" : 9,
    "loserPrimerSaqueDentro" : 32,
    "loserPrimerSaqueGanado" : 23,
    "loserSegundoSaqueGanado" : 9,
    "loserDobleFalta" : 3,
    "loserServingPoints" : 48,
    "loserServingGames" : 10
  }, {
    "torneo" : "Aptos CH",
    "fecha" : "20100712",
    "superficie" : "Hard",
    "resultado" : "3-6 6-3 6-4",
    "contrincante" : "Izak Van Der Merwe",
    "ganador" : false,
    "winnerAces" : 9,
    "winnerPrimerSaqueDentro" : 55,
    "winnerPrimerSaqueGanado" : 40,
    "winnerSegundoSaqueGanado" : 22,
    "winnerDobleFalta" : 5,
    "winnerServingPoints" : 94,
    "winnerServingGames" : 14,
    "loserAces" : 7,
    "loserPrimerSaqueDentro" : 57,
    "loserPrimerSaqueGanado" : 39,
    "loserSegundoSaqueGanado" : 18,
    "loserDobleFalta" : 3,
    "loserServingPoints" : 90,
    "loserServingGames" : 14
  }, {
    "torneo" : "Tallahassee CH",
    "fecha" : "20100419",
    "superficie" : "Hard",
    "resultado" : "7-6(6) 6-3",
    "contrincante" : "Robert Kendrick",
    "ganador" : false,
    "winnerAces" : 10,
    "winnerPrimerSaqueDentro" : 31,
    "winnerPrimerSaqueGanado" : 23,
    "winnerSegundoSaqueGanado" : 27,
    "winnerDobleFalta" : 4,
    "winnerServingPoints" : 69,
    "winnerServingGames" : 10,
    "loserAces" : 14,
    "loserPrimerSaqueDentro" : 48,
    "loserPrimerSaqueGanado" : 37,
    "loserSegundoSaqueGanado" : 17,
    "loserDobleFalta" : 4,
    "loserServingPoints" : 85,