{
  "nombre" : "Clinton Thomson",
  "mano" : "L",
  "nacionalidad" : "GER",
  "edad" : 25.5414099932,
  "ganar1Saque" : 0.7638912439346314,
  "ganar2Saque" : 0.6468826055526733,
  "primerSaque" : 0.5587650239467621,
  "segundoSaque" : 0.340227997303009,
  "ganarPuntoSacando" : 0.6469232825871946,
  "ganarPuntoRestando" : 0.34149815340150513,
  "probAce" : 0.09000000357627869,
  "clay" : {
    "nombre" : "Clay",
    "probVictoria" : 0.5,
    "probGanarPrimerSaque" : 0.8076923191547394,
    "probGanarSegundoSaque" : 0.6076923310756683,
    "probPrimerSaque" : 0.5016932934522629,
    "probSegundoSaque" : 0.3553459197282791,
    "probGanarPuntoSacando" : 0.6211548099907427,
    "probGanarPuntoRestando" : 0.43384615542302896,
    "probAce" : 0.0
  },
  "grass" : {
    "nombre" : "Grass",
    "probVictoria" : 0.0,
    "probGanarPrimerSaque" : 0.774193525314331,
    "probGanarSegundoSaque" : 0.5769230723381042,
    "probPrimerSaque" : 0.6391752362251282,
    "probSegundoSaque" : 0.2680412232875824,
    "probGanarPuntoSacando" : 0.6494844954790882,
    "probGanarPuntoRestando" : 0.22471908037615052,
    "probAce" : 0.0
  },
  "hard" : {
    "nombre" : "Hard",
    "probVictoria" : 0.5,
    "probGanarPrimerSaque" : 0.7149390280246735,
    "probGanarSegundoSaque" : 0.7210526466369629,
    "probPrimerSaque" : 0.5756316483020782,
    "probSegundoSaque" : 0.36120346188545227,
    "probGanarPuntoSacando" : 0.6719882433042672,
    "probGanarPuntoRestando" : 0.30753968789265873,
    "probAce" : 0.0
  },
  "other" : {
    "nombre" : "Other",
    "probVictoria" : 0.0,
    "probGanarPrimerSaque" : 0.0,
    "probGanarSegundoSaque" : 0.0,
    "probPrimerSaque" : 0.0,
    "probSegundoSaque" : 0.0,
    "probGanarPuntoSacando" : 0.0,
    "probGanarPuntoRestando" : 0.0,
    "probAce" : 0.0
  },
  "partidos" : [ {
    "torneo" : "s-Hertogenbosch Q",
    "fecha" : "20100613",
    "superficie" : "Grass",
    "resultado" : "6-3 6-7(5) 6-3",
    "contrincante" : "Fabrice Martin",
    "ganador" : false,
    "winnerAces" : 12,
    "winnerPrimerSaqueDentro" : 61,
    "winnerPrimerSaqueGanado" : 51,
    "winnerSegundoSaqueGanado" : 18,
    "winnerDobleFalta" : 4,
    "winnerServingPoints" : 89,
    "winnerServingGames" : 16,
    "loserAces" : 3,
    "loserPrimerSaqueDentro" : 62,
    "loserPrimerSaqueGanado" : 48,
    "loserSegundoSaqueGanado" : 15,
    "loserDobleFalta" : 9,
    "loserServingPoints" : 97,
    "loserServingGames" : 14
  }, {
    "torneo" : "Metz Q",
    "fecha" : "20100920",
    "superficie" : "Hard",
    "resultado" : "6-3 7-6(5)",
    "contrincante" : "Colin Fleming",
    "ganador" : true,
    "winnerAces" : 8,
    "winnerPrimerSaqueDentro" : 41,
    "winnerPrimerSaqueGanado" : 33,
    "winnerSegundoSaqueGanado" : 16,
    "winnerDobleFalta" : 4,
    "winnerServingPoints" : 64,
    "winnerServingGames" : 11,
    "loserAces" : 9,
    "loserPrimerSaqueDentro" : 54,
    "loserPrimerSaqueGanado" : 41,
    "loserSegundoSaqueGanado" : 6,
    "loserDobleFalta" : 3,
    "loserServingPoints" : 72,
    "loserServingGames" : 10
  }, {
    "torneo" : "Metz Q",
    "fecha" : "20100920",
    "superficie" : "Hard",
    "resultado" : "6-1 6-4",
    "contrincante" : "Nicolas Mahut",
    "ganador" : false,
    "winnerAces" : 10,
    "winnerPrimerSaqueDentro" : 31,
    "winnerPrimerSaqueGanado" : 26,
    "winnerSegundoSaqueGanado" : 15,
    "winnerDobleFalta" : 2,
    "winnerServingPoints" : 56,
    "winnerServingGames" : 9,
    "loserAces" : 4,
    "loserPrimerSaqueDentro" : 24,
    "loserPrimerSaqueGanado" : 15,
    "loserSegundoSaqueGanado" : 12,
    "loserDobleFalta" : 3,
    "loserServingPoints" : 47,
    "loserServingGames" : 8
  }, {
    "torneo" : "Gstaad Q",
    "fecha" : "20100725",
    "superficie" : "Clay",
    "resultado" : "6-3 6-1",
    "contrincante" : "Clement Reix",
    "ganador" : true,
    "winnerAces" : 11,
    "winnerPrimerSaqueDentro" : 20,
    "winnerPrimerSaqueGanado" : 20,
    "winnerSegundoSaqueGanado" : 8,
    "winnerDobleFalta" : 6,
    "winnerServingPoints" : 39,
    "winnerServingGames" : 8,
    "loserAces" : 5,
    "loserPrimerSaqueDentro" : 20,
    "loserPrimerSaqueGanado" : 7,
    "loserSegundoSaqueGanado" : 15,
    "loserDobleFalta" : 6,
    "loserServingPoints" : 50,
    "loserServingGames" : 8
  }, {
    "torneo" : "Gstaad Q",
    "fecha" : "20100725",
    "superficie" : "Clay",
    "resultado" : "6-4 6-2",
    "contrincante" : "Gerard Granollers",
    "ganador" : false,
    "winnerAces" : 6,
    "winnerPrimerSaqueDentro" : 29,
    "winnerPrimerSaqueGanado" : 24,
    "winnerSegundoSaqueGanado" : 12,
    "winnerDobleFalta" : 3,
    "winnerServingPoints" : 52,
    "winnerServingGames" : 9,
    "loserAces" : 1,
    "loserPrimerSaqueDentro" : 26,
    "loserPrimerSaqueGanado" : 16,
    "loserSegundoSaqueGanado" : 12,
    "loserDobleFalta" : 7,
    "loserServingPoints" : 53,
    "loserServingGames" : 9
  } ]
}