{
  "nombre" : "Colin Fleming",
  "mano" : "R",
  "nacionalidad" : "GBR",
  "edad" : 25.7193702943,
  "ganar1Saque" : 0.6842614412307739,
  "ganar2Saque" : 0.5365687757730484,
  "primerSaque" : 0.6922913566231728,
  "segundoSaque" : 0.2618029862642288,
  "ganarPuntoSacando" : 0.6141835892681053,
  "ganarPuntoRestando" : 0.3566136197430366,
  "probAce" : 0.05916030704975128,
  "clay" : {
    "nombre" : "Clay",
    "probVictoria" : 0.5,
    "probGanarPrimerSaque" : 0.6264550387859344,
    "probGanarSegundoSaque" : 0.533333346247673,
    "probPrimerSaque" : 0.6892911195755005,
    "probSegundoSaque" : 0.262443445622921,
    "probGanarPuntoSacando" : 0.571779736103312,
    "probGanarPuntoRestando" : 0.39789687260880535,
    "probAce" : 0.0
  },
  "grass" : {
    "nombre" : "Grass",
    "probVictoria" : 0.5,
    "probGanarPrimerSaque" : 1.3689516186714172,
    "probGanarSegundoSaque" : 0.6079545319080353,
    "probPrimerSaque" : 0.7118242979049683,
    "probSegundoSaque" : 0.24864865094423294,
    "probGanarPuntoSacando" : 1.125620099021017,
    "probGanarPuntoRestando" : 0.46309522923259555,
    "probAce" : 0.0
  },
  "hard" : {
    "nombre" : "Hard",
    "probVictoria" : 0.25,
    "probGanarPrimerSaque" : 0.7130574584007263,
    "probGanarSegundoSaque" : 0.5024936124682426,
    "probPrimerSaque" : 0.6840250045061111,
    "probSegundoSaque" : 0.2680599242448807,
    "probGanarPuntoSacando" : 0.6224475308874465,
    "probGanarPuntoRestando" : 0.2827311885653727,
    "probAce" : 0.0
  },
  "other" : {
    "nombre" : "Other",
    "probVictoria" : 0.0,
    "probGanarPrimerSaque" : 0.0,
    "probGanarSegundoSaque" : 0.0,
    "probPrimerSaque" : 0.0,
    "probSegundoSaque" : 0.0,
    "probGanarPuntoSacando" : 0.0,
    "probGanarPuntoRestando" : 0.0,
    "probAce" : 0.0
  },
  "partidos" : [ {
    "torneo" : "Estoril Q",
    "fecha" : "20100503",
    "superficie" : "Clay",
    "resultado" : "6-2 7-5",
    "contrincante" : "Rohan Bopanna",
    "ganador" : true,
    "winnerAces" : 0,
    "winnerPrimerSaqueDentro" : 35,
    "winnerPrimerSaqueGanado" : 27,
    "winnerSegundoSaqueGanado" : 11,
    "winnerDobleFalta" : 1,
    "winnerServingPoints" : 51,
    "winnerServingGames" : 10,
    "loserAces" : 1,
    "loserPrimerSaqueDentro" : 41,
    "loserPrimerSaqueGanado" : 25,
    "loserSegundoSaqueGanado" : 10,
    "loserDobleFalta" : 7,
    "loserServingPoints" : 67,
    "loserServingGames" : 10
  }, {
    "torneo" : "Estoril Q",
    "fecha" : "20100503",
    "superficie" : "Clay",
    "resultado" : "6-2 6-0",
    "contrincante" : "Pablo Andujar",
    "ganador" : false,
    "winnerAces" : 0,
    "winnerPrimerSaqueDentro" : 27,
    "winnerPrimerSaqueGanado" : 17,
    "winnerSegundoSaqueGanado" : 13,
    "winnerDobleFalta" : 0,
    "winnerServingPoints" : 44,
    "winnerServingGames" : 7,
    "loserAces" : 1,
    "loserPrimerSaqueDentro" : 27,
    "loserPrimerSaqueGanado" : 13,
    "loserSegundoSaqueGanado" : 3,
    "loserDobleFalta" : 3,
    "loserServingPoints" : 39,
    "loserServingGames" : 7
  }, {
    "torneo" : "Zagreb Q",
    "fecha" : "20100201",
    "superficie" : "Hard",
    "resultado" : "6-4 6-2",
    "contrincante" : "Jerzy Janowicz",
    "ganador" : false,
    "winnerAces" : 4,
    "winnerPrimerSaqueDentro" : 31,
    "winnerPrimerSaqueGanado" : 23,
    "winnerSegundoSaqueGanado" : 14,
    "winnerDobleFalta" : 0,
    "winnerServingPoints" : 47,
    "winnerServingGames" : 9,
    "loserAces" : 3,
    "loserPrimerSaqueDentro" : 49,
    "loserPrimerSaqueGanado" : 31,
    "loserSegundoSaqueGanado" : 8,
    "loserDobleFalta" : 5,
    "loserServingPoints" : 70,
    "loserServingGames" : 9
  }, {
    "torneo" : "San Jose Q",
    "fecha" : "20100208",
    "superficie" : "Hard",
    "resultado" : "6-3 6-7(5) 6-3",
    "contrincante" : "Luka Gregorc",
    "ganador" : true,
    "winnerAces" : 8,
    "winnerPrimerSaqueDentro" : 63,
    "winnerPrimerSaqueGanado" : 50,
    "winnerSegundoSaqueGanado" : 20,
    "winnerDobleFalta" : 4,
    "winnerServingPoints" : 101,
    "winnerServingGames" : 16,
    "loserAces" : 4,
    "loserPrimerSaqueDentro" : 64,
    "loserPrimerSaqueGanado" : 44,
    "loserSegundoSaqueGanado" : 16,
    "loserDobleFalta" : 3,
    "loserServingPoints" : 100,
    "loserServingGames" : 14
  }, {
    "torneo" : "San Jose Q",
    "fecha" : "20100208",
    "superficie" : "Hard",
    "resultado" : "3-6 6-3 6-2",
    "contrincante" : "Ryler Deheart",
    "ganador" : false,
    "winnerAces" : 3,
    "winnerPrimerSaqueDentro" : 47,
    "winnerPrimerSaqueGanado" : 37,
    "winnerSegundoSaqueGanado" : 16,
    "winnerDobleFalta" : 2,
    "winnerServingPoints" : 74,
    "winnerServingGames" : 13,
    "loserAces" : 6,
    "loserPrimerSaqueDentro" : 51,
    "loserPrimerSaqueGanado" : 34,
    "loserSegundoSaqueGanado" : 12,
    "loserDobleFalta" : 3,
    "loserServingPoints" : 77,
    "loserServingGames" : 13
  }, {
    "torneo" : "Eastbourne Q",
    "fecha" : "20100613",
    "superficie" : "Grass",
    "resultado" : "6-3 6-0",
    "contrincante" : "Jack Carpenter",
    "ganador" : true,
    "winnerAces" : 2,
    "winnerPrimerSaqueDentro" : 31,
    "winnerPrimerSaqueGanado" : 25,
    "winnerSegundoSaqueGanado" : 5,
    "winnerDobleFalta" : 1,
    "winnerServingPoints" : 40,
    "winnerServingGames" : 8,
    "loserAces" : 1,
    "loserPrimerSaqueDentro" : 28,
    "loserPrimerSaqueGanado" : 16,
    "loserSegundoSaqueGanado" : 4,
    "loserDobleFalta" : 4,
    "loserServingPoints" : 48,
    "loserServingGames" : 7
  }, {
    "torneo" : "Eastbourne Q",
    "fecha" : "20100613",
    "superficie" : "Grass",
    "resultado" : "6-2 7-6(4)",
    "contrincante" : "Andrey Kuznetsov",
    "ganador" : false,
    "winnerAces" : 6,
    "winnerPrimerSaqueDentro" : 42,
    "winnerPrimerSaqueGanado" : 35,
    "winnerSegundoSaqueGanado" : 11,
    "winnerDobleFalta" : 3,
    "winnerServingPoints" : 70,
    "winnerServingGames" : 10,
    "loserAces" : 2,
    "loserPrimerSaqueDentro" : 48,
    "loserPrimerSaqueGanado" : 27,
    "loserSegundoSaqueGanado" : 13,
    "loserDobleFalta" : 4,
    "loserServingPoints" : 74,
    "loserServingGames" : 10
  }, {
    "torneo" : "Metz Q",
    "fecha" : "20100920",
    "superficie" : "Hard",
    "resultado" : "6-3 7-6(5)",
    "contrincante" : "Clinton Thomson",
    "ganador" : false,
    "winnerAces" : 8,
    "winnerPrimerSaqueDentro" : 41,
    "winnerPrimerSaqueGanado" : 33,
    "winnerSegundoSaqueGanado" : 16,
    "winnerDobleFalta" : 4,
    "winnerServingPoints" : 64,
    "winnerServingGames" : 11,
    "loserAces" : 9,
    "loserPrimerSaqueDentro" : 54,
    "loserPrimerSaqueGanado" : 41,
    "loserSegundoSaqueGanado" : 6,
    "loserDobleFalta" : 3,
    "loserServingPoints" : 72,
    "loserServingGames" : 10
  } ]
}