{
  "nombre" : "Daniel Evans",
  "mano" : "R",
  "nacionalidad" : "GBR",
  "edad" : 19.6386036961,
  "ganar1Saque" : 0.700637761503458,
  "ganar2Saque" : 0.5286628380417824,
  "primerSaque" : 0.5904904883354902,
  "segundoSaque" : 0.3559229886159301,
  "ganarPuntoSacando" : 0.6018831912224722,
  "ganarPuntoRestando" : 0.3703199096368861,
  "probAce" : 0.08680851012468338,
  "clay" : {
    "nombre" : "Clay",
    "probVictoria" : 0.0,
    "probGanarPrimerSaque" : 0.0,
    "probGanarSegundoSaque" : 0.0,
    "probPrimerSaque" : 0.0,
    "probSegundoSaque" : 0.0,
    "probGanarPuntoSacando" : 0.0,
    "probGanarPuntoRestando" : 0.0,
    "probAce" : 0.0
  },
  "grass" : {
    "nombre" : "Grass",
    "probVictoria" : 0.6000000238418579,
    "probGanarPrimerSaque" : 1.247188150882721,
    "probGanarSegundoSaque" : 0.5272064626216888,
    "probPrimerSaque" : 0.6000285983085633,
    "probSegundoSaque" : 0.3497273921966553,
    "probGanarPuntoSacando" : 0.9327270993231146,
    "probGanarPuntoRestando" : 0.3838513767410712,
    "probAce" : 0.0
  },
  "hard" : {
    "nombre" : "Hard",
    "probVictoria" : 0.4000000059604645,
    "probGanarPrimerSaque" : 0.6741366982460022,
    "probGanarSegundoSaque" : 0.5374297231435776,
    "probPrimerSaque" : 0.5829727321863174,
    "probSegundoSaque" : 0.3620288148522377,
    "probGanarPuntoSacando" : 0.5875683585795706,
    "probGanarPuntoRestando" : 0.3650721488289598,
    "probAce" : 0.0
  },
  "other" : {
    "nombre" : "Other",
    "probVictoria" : 0.0,
    "probGanarPrimerSaque" : 0.7272727489471436,
    "probGanarSegundoSaque" : 0.4482758641242981,
    "probPrimerSaque" : 0.617977499961853,
    "probSegundoSaque" : 0.3258427083492279,
    "probGanarPuntoSacando" : 0.5955056168385919,
    "probGanarPuntoRestando" : 0.35514018219522314,
    "probAce" : 0.0
  },
  "partidos" : [ {
    "torneo" : "Auckland",
    "fecha" : "20100111",
    "superficie" : "Hard",
    "resultado" : "1-6 6-2 6-4",
    "contrincante" : "Michael Lammer",
    "ganador" : false,
    "winnerAces" : 1,
    "winnerPrimerSaqueDentro" : 56,
    "winnerPrimerSaqueGanado" : 34,
    "winnerSegundoSaqueGanado" : 20,
    "winnerDobleFalta" : 4,
    "winnerServingPoints" : 98,
    "winnerServingGames" : 13,
    "loserAces" : 5,
    "loserPrimerSaqueDentro" : 35,
    "loserPrimerSaqueGanado" : 21,
    "loserSegundoSaqueGanado" : 18,
    "loserDobleFalta" : 3,
    "loserServingPoints" : 67,
    "loserServingGames" : 12
  }, {
    "torneo" : "Jersey CH",
    "fecha" : "20100322",
    "superficie" : "Hard",
    "resultado" : "6-2 6-2",
    "contrincante" : "Tobias Kamke",
    "ganador" : false,
    "winnerAces" : 1,
    "winnerPrimerSaqueDentro" : 22,
    "winnerPrimerSaqueGanado" : 20,
    "winnerSegundoSaqueGanado" : 12,
    "winnerDobleFalta" : 2,
    "winnerServingPoints" : 47,
    "winnerServingGames" : 8,
    "loserAces" : 3,
    "loserPrimerSaqueDentro" : 27,
    "loserPrimerSaqueGanado" : 14,
    "loserSegundoSaqueGanado" : 9,
    "loserDobleFalta" : 6,
    "loserServingPoints" : 51,
    "loserServingGames" : 8
  }, {
    "torneo" : "Loughborough CH",
    "fecha" : "20101108",
    "superficie" : "Carpet",
    "resultado" : "3-6 7-5 6-3",
    "contrincante" : "Stefano Galvani",
    "ganador" : false,
    "winnerAces" : 10,
    "winnerPrimerSaqueDentro" : 60,
    "winnerPrimerSaqueGanado" : 46,
    "winnerSegundoSaqueGanado" : 23,
    "winnerDobleFalta" : 8,
    "winnerServingPoints" : 107,
    "winnerServingGames" : 15,
    "loserAces" : 11,
    "loserPrimerSaqueDentro" : 55,
    "loserPrimerSaqueGanado" : 40,
    "loserSegundoSaqueGanado" : 13,
    "loserDobleFalta" : 5,
    "loserServingPoints" : 89,
    "loserServingGames" : 15
  }, {
    "torneo" : "Baton Rouge CH",
    "fecha" : "20100412",
    "superficie" : "Hard",
    "resultado" : "6-4 6-3",
    "contrincante" : "Alexander Domijan",
    "ganador" : false,
    "winnerAces" : 4,
    "winnerPrimerSaqueDentro" : 42,
    "winnerPrimerSaqueGanado" : 32,
    "winnerSegundoSaqueGanado" : 12,
    "winnerDobleFalta" : 1,
    "winnerServingPoints" : 64,
    "winnerServingGames" : 9,
    "loserAces" : 4,
    "loserPrimerSaqueDentro" : 53,
    "loserPrimerSaqueGanado" : 32,
    "loserSegundoSaqueGanado" : 6,
    "loserDobleFalta" : 3,
    "loserServingPoints" : 67,
    "loserServingGames" : 10
  }, {
    "torneo" : "Auckland Q",
    "fecha" : "20100111",
    "superficie" : "Hard",
    "resultado" : "6-2 6-4",
    "contrincante" : "Marcus Daniell",
    "ganador" : true,
    "winnerAces" : 2,
    "winnerPrimerSaqueDentro" : 30,
    "winnerPrimerSaqueGanado" : 23,
    "winnerSegundoSaqueGanado" : 18,
    "winnerDobleFalta" : 6,
    "winnerServingPoints" : 60,
    "winnerServingGames" : 9,
    "loserAces" : 3,
    "loserPrimerSaqueDentro" : 25,
    "loserPrimerSaqueGanado" : 13,
    "loserSegundoSaqueGanado" : 13,
    "loserDobleFalta" : 4,
    "loserServingPoints" : 50,
    "loserServingGames" : 9
  }, {
    "torneo" : "Auckland Q",
    "fecha" : "20100111",
    "superficie" : "Hard",
    "resultado" : "6-4 2-6 6-4",
    "contrincante" : "Tsung Hua Yang",
    "ganador" : true,
    "winnerAces" : 7,
    "winnerPrimerSaqueDentro" : 52,
    "winnerPrimerSaqueGanado" : 40,
    "winnerSegundoSaqueGanado" : 12,
    "winnerDobleFalta" : 2,
    "winnerServingPoints" : 76,
    "winnerServingGames" : 14,
    "loserAces" : 5,
    "loserPrimerSaqueDentro" : 62,
    "loserPrimerSaqueGanado" : 45,
    "loserSegundoSaqueGanado" : 16,
    "loserDobleFalta" : 2,
    "loserServingPoints" : 94,
    "loserServingGames" : 14
  }, {
    "torneo" : "Wimbledon Q",
    "fecha" : "20100621",
    "superficie" : "Grass",
    "resultado" : "4-6 6-1 12-10",
    "contrincante" : "Tim Smyczek",
    "ganador" : true,
    "winnerAces" : 9,
    "winnerPrimerSaqueDentro" : 76,
    "winnerPrimerSaqueGanado" : 54,
    "winnerSegundoSaqueGanado" : 26,
    "winnerDobleFalta" : 5,
    "winnerServingPoints" : 124,
    "winnerServingGames" : 20,
    "loserAces" : 7,
    "loserPrimerSaqueDentro" : 77,
    "loserPrimerSaqueGanado" : 45,
    "loserSegundoSaqueGanado" : 22,
    "loserDobleFalta" : 1,
    "loserServingPoints" : 115,
    "loserServingGames" : 19
  }, {
    "torneo" : "Wimbledon Q",
    "fecha" : "20100621",
    "superficie" : "Grass",
    "resultado" : "7-5 6-3",
    "contrincante" : "Ricardas Berankis",
    "ganador" : false,
    "winnerAces" : 4,
    "winnerPrimerSaqueDentro" : 43,
    "winnerPrimerSaqueGanado" : 29,
    "winnerSegundoSaqueGanado" : 19,
    "winnerDobleFalta" : 2,
    "winnerServingPoints" : 77,
    "winnerServingGames" : 11,
    "loserAces" : 7,
    "loserPrimerSaqueDentro" : 39,
    "loserPrimerSaqueGanado" : 24,
    "loserSegundoSaqueGanado" : 12,
    "loserDobleFalta" : 5,
    "loserServingPoints" : 66,
    "loserServingGames" : 10
  }, {
    "torneo" : "Doha Q",
    "fecha" : "20100104",
    "superficie" : "Hard",
    "resultado" : "4-6 7-6(4) 7-5",
    "contrincante" : "Ivan Sergeyev",
    "ganador" : true,
    "winnerAces" : 5,
    "winnerPrimerSaqueDentro" : 68,
    "winnerPrimerSaqueGanado" : 46,
    "winnerSegundoSaqueGanado" : 23,
    "winnerDobleFalta" : 6,
    "winnerServingPoints" : 116,
    "winnerServingGames" : 17,
    "loserAces" : 5,
    "loserPrimerSaqueDentro" : 56,
    "loserPrimerSaqueGanado" : 41,
    "loserSegundoSaqueGanado" : 25,
    "loserDobleFalta" : 5,
    "loserServingPoints" : 112,
    "loserServingGames" : 17
  }, {
    "torneo" : "Doha Q",
    "fecha" : "20100104",
    "superficie" : "Hard",
    "resultado" : "6-3 6-3",
    "contrincante" : "Steve Darcis",
    "ganador" : false,
    "winnerAces" : 7,
    "winnerPrimerSaqueDentro" : 42,
    "winnerPrimerSaqueGanado" : 30,
    "winnerSegundoSaqueGanado" : 13,
    "winnerDobleFalta" : 3,
    "winnerServingPoints" : 64,
    "winnerServingGames" : 9,
    "loserAces" : 5,
    "loserPrimerSaqueDentro" : 26,
    "loserPrimerSaqueGanado" : 17,
    "loserSegundoSaqueGanado" : 12,
    "loserDobleFalta" : 0,
    "loserServingPoints" : 47,