{
  "nombre" : "Daniel Yoo",
  "mano" : "U",
  "nacionalidad" : "KOR",
  "edad" : 24.8706365503,
  "ganar1Saque" : 0.6046478992158716,
  "ganar2Saque" : 0.5937369032339617,
  "primerSaque" : 0.6542625345967032,
  "segundoSaque" : 0.309628428383307,
  "ganarPuntoSacando" : 0.5794362913010513,
  "ganarPuntoRestando" : 0.3254106591555396,
  "probAce" : 0.04028436169028282,
  "clay" : {
    "nombre" : "Clay",
    "probVictoria" : 0.0,
    "probGanarPrimerSaque" : 0.6606514155864716,
    "probGanarSegundoSaque" : 0.574648916721344,
    "probPrimerSaque" : 0.6260344684123993,
    "probSegundoSaque" : 0.34172414243221283,
    "probGanarPuntoSacando" : 0.6099619660287772,
    "probGanarPuntoRestando" : 0.34605237184693716,
    "probAce" : 0.0
  },
  "grass" : {
    "nombre" : "Grass",
    "probVictoria" : 0.0,
    "probGanarPrimerSaque" : 0.0,
    "probGanarSegundoSaque" : 0.0,
    "probPrimerSaque" : 0.0,
    "probSegundoSaque" : 0.0,
    "probGanarPuntoSacando" : 0.0,
    "probGanarPuntoRestando" : 0.0,
    "probAce" : 0.0
  },
  "hard" : {
    "nombre" : "Hard",
    "probVictoria" : 0.2857142984867096,
    "probGanarPrimerSaque" : 0.5507751660687583,
    "probGanarSegundoSaque" : 0.609165860073907,
    "probPrimerSaque" : 0.6247929547514234,
    "probSegundoSaque" : 0.3344101033040455,
    "probGanarPuntoSacando" : 0.5478316616084185,
    "probGanarPuntoRestando" : 0.313734639508946,
    "probAce" : 0.0
  },
  "other" : {
    "nombre" : "Other",
    "probVictoria" : 0.5,
    "probGanarPrimerSaque" : 0.7371989488601685,
    "probGanarSegundoSaque" : 0.5588235408067703,
    "probPrimerSaque" : 0.7856341302394867,
    "probSegundoSaque" : 0.1907968521118164,
    "probGanarPuntoSacando" : 0.6857904274731332,
    "probGanarPuntoRestando" : 0.34563501522721984,
    "probAce" : 0.0
  },
  "partidos" : [ {
    "torneo" : "Binghamton CH",
    "fecha" : "20100809",
    "superficie" : "Hard",
    "resultado" : "6-1 6-1",
    "contrincante" : "Marinko Matosevic",
    "ganador" : false,
    "winnerAces" : 2,
    "winnerPrimerSaqueDentro" : 26,
    "winnerPrimerSaqueGanado" : 22,
    "winnerSegundoSaqueGanado" : 8,
    "winnerDobleFalta" : 2,
    "winnerServingPoints" : 41,
    "winnerServingGames" : 7,
    "loserAces" : 2,
    "loserPrimerSaqueDentro" : 25,
    "loserPrimerSaqueGanado" : 7,
    "loserSegundoSaqueGanado" : 12,
    "loserDobleFalta" : 1,
    "loserServingPoints" : 47,
    "loserServingGames" : 7
  }, {
    "torneo" : "Champaign CH",
    "fecha" : "20101115",
    "superficie" : "Hard",
    "resultado" : "6-3 6-4",
    "contrincante" : "Dennis Bloemke",
    "ganador" : false,
    "winnerAces" : 7,
    "winnerPrimerSaqueDentro" : 33,
    "winnerPrimerSaqueGanado" : 27,
    "winnerSegundoSaqueGanado" : 9,
    "winnerDobleFalta" : 0,
    "winnerServingPoints" : 45,
    "winnerServingGames" : 10,
    "loserAces" : 2,
    "loserPrimerSaqueDentro" : 41,
    "loserPrimerSaqueGanado" : 26,
    "loserSegundoSaqueGanado" : 6,
    "loserDobleFalta" : 3,
    "loserServingPoints" : 56,
    "loserServingGames" : 9
  }, {
    "torneo" : "Toyota CH",
    "fecha" : "20101122",
    "superficie" : "Carpet",
    "resultado" : "7-6(4) 4-6 6-3",
    "contrincante" : "Vishnu Vardhan",
    "ganador" : true,
    "winnerAces" : 11,
    "winnerPrimerSaqueDentro" : 81,
    "winnerPrimerSaqueGanado" : 61,
    "winnerSegundoSaqueGanado" : 11,
    "winnerDobleFalta" : 1,
    "winnerServingPoints" : 99,
    "winnerServingGames" : 16,
    "loserAces" : 11,
    "loserPrimerSaqueDentro" : 65,
    "loserPrimerSaqueGanado" : 47,
    "loserSegundoSaqueGanado" : 17,
    "loserDobleFalta" : 3,
    "loserServingPoints" : 97,
    "loserServingGames" : 15
  }, {
    "torneo" : "Toyota CH",
    "fecha" : "20101122",
    "superficie" : "Carpet",
    "resultado" : "6-4 3-6 6-3",
    "contrincante" : "Takao Suzuki",
    "ganador" : false,
    "winnerAces" : 9,
    "winnerPrimerSaqueDentro" : 73,
    "winnerPrimerSaqueGanado" : 53,
    "winnerSegundoSaqueGanado" : 8,
    "winnerDobleFalta" : 5,
    "winnerServingPoints" : 94,
    "winnerServingGames" : 14,
    "loserAces" : 9,
    "loserPrimerSaqueDentro" : 61,
    "loserPrimerSaqueGanado" : 44,
    "loserSegundoSaqueGanado" : 8,
    "loserDobleFalta" : 3,
    "loserServingPoints" : 81,
    "loserServingGames" : 14
  }, {
    "torneo" : "Cali CH",
    "fecha" : "20100927",
    "superficie" : "Clay",
    "resultado" : "6-4 4-6 7-6(5)",
    "contrincante" : "Robert Farah",
    "ganador" : false,
    "winnerAces" : 7,
    "winnerPrimerSaqueDentro" : 62,
    "winnerPrimerSaqueGanado" : 47,
    "winnerSegundoSaqueGanado" : 27,
    "winnerDobleFalta" : 9,
    "winnerServingPoints" : 119,
    "winnerServingGames" : 16,
    "loserAces" : 2,
    "loserPrimerSaqueDentro" : 71,
    "loserPrimerSaqueGanado" : 45,
    "loserSegundoSaqueGanado" : 26,
    "loserDobleFalta" : 4,
    "loserServingPoints" : 116,
    "loserServingGames" : 16
  }, {
    "torneo" : "Astana CH",
    "fecha" : "20100823",
    "superficie" : "Hard",
    "resultado" : "6-4 6-2",
    "contrincante" : "Samuel Groth",
    "ganador" : false,
    "winnerAces" : 17,
    "winnerPrimerSaqueDentro" : 33,
    "winnerPrimerSaqueGanado" : 28,
    "winnerSegundoSaqueGanado" : 11,
    "winnerDobleFalta" : 3,
    "winnerServingPoints" : 51,
    "winnerServingGames" : 9,
    "loserAces" : 1,
    "loserPrimerSaqueDentro" : 39,
    "loserPrimerSaqueGanado" : 22,
    "loserSegundoSaqueGanado" : 11,
    "loserDobleFalta" : 3,
    "loserServingPoints" : 60,
    "loserServingGames" : 9
  }, {
    "torneo" : "Quito CH",
    "fecha" : "20101004",
    "superficie" : "Clay",
    "resultado" : "6-3 4-6 7-5",
    "contrincante" : "Greg Ouellette",
    "ganador" : false,
    "winnerAces" : 11,
    "winnerPrimerSaqueDentro" : 51,
    "winnerPrimerSaqueGanado" : 46,
    "winnerSegundoSaqueGanado" : 13,
    "winnerDobleFalta" : 5,
    "winnerServingPoints" : 86,
    "winnerServingGames" : 15,
    "loserAces" : 2,
    "loserPrimerSaqueDentro" : 64,
    "loserPrimerSaqueGanado" : 44,
    "loserSegundoSaqueGanado" : 17,
    "loserDobleFalta" : 3,
    "loserServingPoints" : 100,
    "loserServingGames" : 16
  }, {
    "torneo" : "Seoul CH",
    "fecha" : "20101018",
    "superficie" : "Hard",
    "resultado" : "3-6 6-2 6-3",
    "contrincante" : "Dudi Sela",
    "ganador" : false,
    "winnerAces" : 1,
    "winnerPrimerSaqueDentro" : 43,
    "winnerPrimerSaqueGanado" : 27,
    "winnerSegundoSaqueGanado" : 26,
    "winnerDobleFalta" : 3,
    "winnerServingPoints" : 82,
    "winnerServingGames" : 13,
    "loserAces" : 0,
    "loserPrimerSaqueDentro" : 50,
    "loserPrimerSaqueGanado" : 30,
    "loserSegundoSaqueGanado" : 15,
    "loserDobleFalta" : 2,
    "loserServingPoints" : 73,
    "loserServingGames" : 13
  }, {
    "torneo" : "Tulsa CH",
    "fecha" : "20100913",
    "superficie" : "Hard",
    "resultado" : "7-5 2-6 7-5",
    "contrincante" : "Artem Sitak",
    "ganador" : true,
    "winnerAces" : 0,
    "winnerPrimerSaqueDentro" : 65,
    "winnerPrimerSaqueGanado" : 39,
    "winnerSegundoSaqueGanado" : 16,
    "winnerDobleFalta" : 6,
    "winnerServingPoints" : 95,
    "winnerServingGames" : 16,
    "loserAces" : 5,
    "loserPrimerSaqueDentro" : 62,
    "loserPrimerSaqueGanado" : 37,
    "loserSegundoSaqueGanado" : 17,
    "loserDobleFalta" : 6,
    "loserServingPoints" : 99,
    "loserServingGames" : 16
  }, {
    "torneo" : "Tulsa CH",
    "fecha" : "20100913",
    "superficie" : "Hard",
    "resultado" : "6-4 6-3",
    "contrincante" : "Blake Strode",
    "ganador" : true,
    "winnerAces" : 2,
    "winnerPrimerSaqueDentro" : 37,
    "winnerPrimerSaqueGanado" : 23,
    "winnerSegundoSaqueGanado" : 17,
    "winnerDobleFalta" : 0,
    "winnerServingPoints" : 60,
    "winnerServingGames" : 10,
    "loserAces" : 5,
    "loserPrimerSaqueDentro" : 35,
    "loserPrimerSaqueGanado" : 24,
    "loserSegundoSaqueGanado" : 13,
    "loserDobleFalta" : 5,
    "loserServingPoints" : 61,