{
  "nombre" : "Daniel Cox",
  "mano" : "R",
  "nacionalidad" : "GBR",
  "edad" : 20.1122518823,
  "ganar1Saque" : 0.6326944380998611,
  "ganar2Saque" : 0.5667056143283844,
  "primerSaque" : 0.6373828848203024,
  "segundoSaque" : 0.3098382328947385,
  "ganarPuntoSacando" : 0.5788556722808835,
  "ganarPuntoRestando" : 0.3560540247292477,
  "probAce" : 0.0398230105638504,
  "clay" : {
    "nombre" : "Clay",
    "probVictoria" : 0.0,
    "probGanarPrimerSaque" : 0.0,
    "probGanarSegundoSaque" : 0.0,
    "probPrimerSaque" : 0.0,
    "probSegundoSaque" : 0.0,
    "probGanarPuntoSacando" : 0.0,
    "probGanarPuntoRestando" : 0.0,
    "probAce" : 0.0
  },
  "grass" : {
    "nombre" : "Grass",
    "probVictoria" : 0.5,
    "probGanarPrimerSaque" : 1.372753381729126,
    "probGanarSegundoSaque" : 0.5743691921234131,
    "probPrimerSaque" : 0.650611013174057,
    "probSegundoSaque" : 0.2852032668888569,
    "probGanarPuntoSacando" : 1.0569404385188106,
    "probGanarPuntoRestando" : 0.37670238940438594,
    "probAce" : 0.0
  },
  "hard" : {
    "nombre" : "Hard",
    "probVictoria" : 0.0,
    "probGanarPrimerSaque" : 0.5679012537002563,
    "probGanarSegundoSaque" : 0.5789473652839661,
    "probPrimerSaque" : 0.6532257795333862,
    "probSegundoSaque" : 0.30645161867141724,
    "probGanarPuntoSacando" : 0.548387096363161,
    "probGanarPuntoRestando" : 0.3495145780018044,
    "probAce" : 0.0
  },
  "other" : {
    "nombre" : "Other",
    "probVictoria" : 0.0,
    "probGanarPrimerSaque" : 0.48275861144065857,
    "probGanarSegundoSaque" : 0.523809552192688,
    "probPrimerSaque" : 0.5686274766921997,
    "probSegundoSaque" : 0.4117647111415863,
    "probGanarPuntoSacando" : 0.4901961000267576,
    "probGanarPuntoRestando" : 0.28000001275613773,
    "probAce" : 0.0
  },
  "partidos" : [ {
    "torneo" : "Loughborough CH",
    "fecha" : "20101108",
    "superficie" : "Carpet",
    "resultado" : "6-2 6-1",
    "contrincante" : "Frederik Nielsen",
    "ganador" : false,
    "winnerAces" : 6,
    "winnerPrimerSaqueDentro" : 37,
    "winnerPrimerSaqueGanado" : 27,
    "winnerSegundoSaqueGanado" : 9,
    "winnerDobleFalta" : 0,
    "winnerServingPoints" : 50,
    "winnerServingGames" : 8,
    "loserAces" : 2,
    "loserPrimerSaqueDentro" : 29,
    "loserPrimerSaqueGanado" : 14,
    "loserSegundoSaqueGanado" : 11,
    "loserDobleFalta" : 1,
    "loserServingPoints" : 51,
    "loserServingGames" : 7
  }, {
    "torneo" : "Sacramento CH",
    "fecha" : "20101004",
    "superficie" : "Hard",
    "resultado" : "6-1 5-7 6-4",
    "contrincante" : "Carsten Ball",
    "ganador" : false,
    "winnerAces" : 6,
    "winnerPrimerSaqueDentro" : 65,
    "winnerPrimerSaqueGanado" : 46,
    "winnerSegundoSaqueGanado" : 21,
    "winnerDobleFalta" : 4,
    "winnerServingPoints" : 103,
    "winnerServingGames" : 15,
    "loserAces" : 3,
    "loserPrimerSaqueDentro" : 81,
    "loserPrimerSaqueGanado" : 46,
    "loserSegundoSaqueGanado" : 22,
    "loserDobleFalta" : 5,
    "loserServingPoints" : 124,
    "loserServingGames" : 14
  }, {
    "torneo" : "Wimbledon Q",
    "fecha" : "20100621",
    "superficie" : "Grass",
    "resultado" : "6-4 7-6(5)",
    "contrincante" : "Sebastien De Chaunac",
    "ganador" : false,
    "winnerAces" : 5,
    "winnerPrimerSaqueDentro" : 36,
    "winnerPrimerSaqueGanado" : 28,
    "winnerSegundoSaqueGanado" : 17,
    "winnerDobleFalta" : 3,
    "winnerServingPoints" : 70,
    "winnerServingGames" : 11,
    "loserAces" : 2,
    "loserPrimerSaqueDentro" : 38,
    "loserPrimerSaqueGanado" : 31,
    "loserSegundoSaqueGanado" : 13,
    "loserDobleFalta" : 12,
    "loserServingPoints" : 75,
    "loserServingGames" : 11
  }, {
    "torneo" : "Queen's Club Q",
    "fecha" : "20100607",
    "superficie" : "Grass",
    "resultado" : "6-3 7-6(5)",
    "contrincante" : "Marcus Willis",
    "ganador" : true,
    "winnerAces" : 0,
    "winnerPrimerSaqueDentro" : 42,
    "winnerPrimerSaqueGanado" : 31,
    "winnerSegundoSaqueGanado" : 14,
    "winnerDobleFalta" : 2,
    "winnerServingPoints" : 61,
    "winnerServingGames" : 11,
    "loserAces" : 3,
    "loserPrimerSaqueDentro" : 40,
    "loserPrimerSaqueGanado" : 28,
    "loserSegundoSaqueGanado" : 11,
    "loserDobleFalta" : 4,
    "loserServingPoints" : 61,
    "loserServingGames" : 10
  }, {
    "torneo" : "Queen's Club Q",
    "fecha" : "20100607",
    "superficie" : "Grass",
    "resultado" : "3-6 7-6(2) 6-4",
    "contrincante" : "Grega Zemlja",
    "ganador" : true,
    "winnerAces" : 6,
    "winnerPrimerSaqueDentro" : 68,
    "winnerPrimerSaqueGanado" : 46,
    "winnerSegundoSaqueGanado" : 11,
    "winnerDobleFalta" : 4,
    "winnerServingPoints" : 91,
    "winnerServingGames" : 15,
    "loserAces" : 8,
    "loserPrimerSaqueDentro" : 83,
    "loserPrimerSaqueGanado" : 55,
    "loserSegundoSaqueGanado" : 2,
    "loserDobleFalta" : 2,
    "loserServingPoints" : 91,
    "loserServingGames" : 16
  }, {
    "torneo" : "Queen's Club Q",
    "fecha" : "20100607",
    "superficie" : "Grass",
    "resultado" : "6-4 6-3",
    "contrincante" : "Frank Dancevic",
    "ganador" : false,
    "winnerAces" : 5,
    "winnerPrimerSaqueDentro" : 41,
    "winnerPrimerSaqueGanado" : 28,
    "winnerSegundoSaqueGanado" : 10,
    "winnerDobleFalta" : 1,
    "winnerServingPoints" : 65,
    "winnerServingGames" : 10,
    "loserAces" : 5,
    "loserPrimerSaqueDentro" : 33,
    "loserPrimerSaqueGanado" : 17,
    "loserSegundoSaqueGanado" : 6,
    "loserDobleFalta" : 1,
    "loserServingPoints" : 50,
    "loserServingGames" : 9
  } ]
}