{
  "nombre" : "Daniel Smethurst",
  "mano" : "U",
  "nacionalidad" : "GBR",
  "edad" : 19.8986995209,
  "ganar1Saque" : 0.5640342467361026,
  "ganar2Saque" : 0.4347190575467216,
  "primerSaque" : 0.592664854394065,
  "segundoSaque" : 0.3193918930159675,
  "ganarPuntoSacando" : 0.47312901743508307,
  "ganarPuntoRestando" : 0.37035209053544976,
  "probAce" : 0.040453072637319565,
  "clay" : {
    "nombre" : "Clay",
    "probVictoria" : 0.25,
    "probGanarPrimerSaque" : 0.5871088802814484,
    "probGanarSegundoSaque" : 0.5206413194537163,
    "probPrimerSaque" : 0.5927296429872513,
    "probSegundoSaque" : 0.3203677609562874,
    "probGanarPuntoSacando" : 0.514793530778582,
    "probGanarPuntoRestando" : 0.4106065990597667,
    "probAce" : 0.0
  },
  "grass" : {
    "nombre" : "Grass",
    "probVictoria" : 0.3333333432674408,
    "probGanarPrimerSaque" : 1.3659874498844147,
    "probGanarSegundoSaque" : 0.3480639805396398,
    "probPrimerSaque" : 0.5698757668336233,
    "probSegundoSaque" : 0.3644585907459259,
    "probGanarPuntoSacando" : 0.9052980533248808,
    "probGanarPuntoRestando" : 0.30680510038270226,
    "probAce" : 0.0
  },
  "hard" : {
    "nombre" : "Hard",
    "probVictoria" : 0.5,
    "probGanarPrimerSaque" : 0.6809426248073578,
    "probGanarSegundoSaque" : 0.3928571492433548,
    "probPrimerSaque" : 0.6267189085483551,
    "probSegundoSaque" : 0.24984011054039001,
    "probGanarPuntoSacando" : 0.5249110921968616,
    "probGanarPuntoRestando" : 0.38516355871593727,
    "probAce" : 0.0
  },
  "other" : {
    "nombre" : "Other",
    "probVictoria" : 0.0,
    "probGanarPrimerSaque" : 0.0,
    "probGanarSegundoSaque" : 0.0,
    "probPrimerSaque" : 0.0,
    "probSegundoSaque" : 0.0,
    "probGanarPuntoSacando" : 0.0,
    "probGanarPuntoRestando" : 0.0,
    "probAce" : 0.0
  },
  "partidos" : [ {
    "torneo" : "Alphen aan den Rijn CH",
    "fecha" : "20100906",
    "superficie" : "Clay",
    "resultado" : "7-6(5) 6-1",
    "contrincante" : "Andreas Beck",
    "ganador" : false,
    "winnerAces" : 4,
    "winnerPrimerSaqueDentro" : 55,
    "winnerPrimerSaqueGanado" : 38,
    "winnerSegundoSaqueGanado" : 9,
    "winnerDobleFalta" : 3,
    "winnerServingPoints" : 75,
    "winnerServingGames" : 10,
    "loserAces" : 4,
    "loserPrimerSaqueDentro" : 36,
    "loserPrimerSaqueGanado" : 22,
    "loserSegundoSaqueGanado" : 10,
    "loserDobleFalta" : 6,
    "loserServingPoints" : 58,
    "loserServingGames" : 9
  }, {
    "torneo" : "Jersey CH",
    "fecha" : "20100322",
    "superficie" : "Hard",
    "resultado" : "6-3 6-7(6) 6-1",
    "contrincante" : "Adrian Menendez Maceiras",
    "ganador" : true,
    "winnerAces" : 6,
    "winnerPrimerSaqueDentro" : 61,
    "winnerPrimerSaqueGanado" : 48,
    "winnerSegundoSaqueGanado" : 17,
    "winnerDobleFalta" : 10,
    "winnerServingPoints" : 106,
    "winnerServingGames" : 15,
    "loserAces" : 1,
    "loserPrimerSaqueDentro" : 65,
    "loserPrimerSaqueGanado" : 39,
    "loserSegundoSaqueGanado" : 15,
    "loserDobleFalta" : 3,
    "loserServingPoints" : 107,
    "loserServingGames" : 13
  }, {
    "torneo" : "Jersey CH",
    "fecha" : "20100322",
    "superficie" : "Hard",
    "resultado" : "6-2 6-1",
    "contrincante" : "Conor Niland",
    "ganador" : false,
    "winnerAces" : 2,
    "winnerPrimerSaqueDentro" : 31,
    "winnerPrimerSaqueGanado" : 22,
    "winnerSegundoSaqueGanado" : 7,
    "winnerDobleFalta" : 0,
    "winnerServingPoints" : 40,
    "winnerServingGames" : 7,
    "loserAces" : 1,
    "loserPrimerSaqueDentro" : 40,
    "loserPrimerSaqueGanado" : 23,
    "loserSegundoSaqueGanado" : 3,
    "loserDobleFalta" : 9,
    "loserServingPoints" : 59,
    "loserServingGames" : 8
  }, {
    "torneo" : "San Remo CH",
    "fecha" : "20100503",
    "superficie" : "Clay",
    "resultado" : "4-6 6-3 6-2",
    "contrincante" : "Albert Ramos",
    "ganador" : false,
    "winnerAces" : 0,
    "winnerPrimerSaqueDentro" : 69,
    "winnerPrimerSaqueGanado" : 43,
    "winnerSegundoSaqueGanado" : 17,
    "winnerDobleFalta" : 2,
    "winnerServingPoints" : 101,
    "winnerServingGames" : 14,
    "loserAces" : 2,
    "loserPrimerSaqueDentro" : 55,
    "loserPrimerSaqueGanado" : 34,
    "loserSegundoSaqueGanado" : 13,
    "loserDobleFalta" : 8,
    "loserServingPoints" : 91,
    "loserServingGames" : 13
  }, {
    "torneo" : "Wimbledon Q",
    "fecha" : "20100621",
    "superficie" : "Grass",
    "resultado" : "6-0 RET",
    "contrincante" : "Ryler Deheart",
    "ganador" : false,
    "winnerAces" : 2,
    "winnerPrimerSaqueDentro" : 8,
    "winnerPrimerSaqueGanado" : 7,
    "winnerSegundoSaqueGanado" : 5,
    "winnerDobleFalta" : 0,
    "winnerServingPoints" : 14,
    "winnerServingGames" : 3,
    "loserAces" : 0,
    "loserPrimerSaqueDentro" : 8,
    "loserPrimerSaqueGanado" : 2,
    "loserSegundoSaqueGanado" : 2,
    "loserDobleFalta" : 0,
    "loserServingPoints" : 17,
    "loserServingGames" : 3
  }, {
    "torneo" : "Bucharest Q",
    "fecha" : "20100920",
    "superficie" : "Clay",
    "resultado" : "4-6 7-6(7) 6-2",
    "contrincante" : "Razvan Sabau",
    "ganador" : true,
    "winnerAces" : 4,
    "winnerPrimerSaqueDentro" : 59,
    "winnerPrimerSaqueGanado" : 40,
    "winnerSegundoSaqueGanado" : 14,
    "winnerDobleFalta" : 6,
    "winnerServingPoints" : 96,
    "winnerServingGames" : 15,
    "loserAces" : 2,
    "loserPrimerSaqueDentro" : 50,
    "loserPrimerSaqueGanado" : 25,
    "loserSegundoSaqueGanado" : 23,
    "loserDobleFalta" : 4,
    "loserServingPoints" : 91,
    "loserServingGames" : 15
  }, {
    "torneo" : "Bucharest Q",
    "fecha" : "20100920",
    "superficie" : "Clay",
    "resultado" : "6-0 7-6(0)",
    "contrincante" : "Axel Michon",
    "ganador" : false,
    "winnerAces" : 1,
    "winnerPrimerSaqueDentro" : 41,
    "winnerPrimerSaqueGanado" : 25,
    "winnerSegundoSaqueGanado" : 14,
    "winnerDobleFalta" : 3,
    "winnerServingPoints" : 64,
    "winnerServingGames" : 9,
    "loserAces" : 1,
    "loserPrimerSaqueDentro" : 34,
    "loserPrimerSaqueGanado" : 15,
    "loserSegundoSaqueGanado" : 13,
    "loserDobleFalta" : 6,
    "loserServingPoints" : 64,
    "loserServingGames" : 9
  }, {
    "torneo" : "Queen's Club Q",
    "fecha" : "20100607",
    "superficie" : "Grass",
    "resultado" : "6-1 4-6 6-4",
    "contrincante" : "Arnau Brugues Davi",
    "ganador" : true,
    "winnerAces" : 7,
    "winnerPrimerSaqueDentro" : 58,
    "winnerPrimerSaqueGanado" : 41,
    "winnerSegundoSaqueGanado" : 11,
    "winnerDobleFalta" : 8,
    "winnerServingPoints" : 90,
    "winnerServingGames" : 13,
    "loserAces" : 3,
    "loserPrimerSaqueDentro" : 64,
    "loserPrimerSaqueGanado" : 35,
    "loserSegundoSaqueGanado" : 15,
    "loserDobleFalta" : 4,
    "loserServingPoints" : 99,
    "loserServingGames" : 14
  }, {
    "torneo" : "Queen's Club Q",
    "fecha" : "20100607",
    "superficie" : "Grass",
    "resultado" : "6-1 6-0",
    "contrincante" : "Alex Bogdanovic",
    "ganador" : false,
    "winnerAces" : 3,
    "winnerPrimerSaqueDentro" : 32,
    "winnerPrimerSaqueGanado" : 24,
    "winnerSegundoSaqueGanado" : 9,
    "winnerDobleFalta" : 3,
    "winnerServingPoints" : 46,
    "winnerServingGames" : 7,
    "loserAces" : 0,
    "loserPrimerSaqueDentro" : 22,
    "loserPrimerSaqueGanado" : 9,
    "loserSegundoSaqueGanado" : 4,
    "loserDobleFalta" : 4,
    "loserServingPoints" : 37,
    "loserServingGames" : 6
  } ]
}