{
  "nombre" : "David Goffin",
  "mano" : "R",
  "nacionalidad" : "BEL",
  "edad" : 19.7481177276,
  "ganar1Saque" : 0.709033340215683,
  "ganar2Saque" : 0.5603693902492524,
  "primerSaque" : 0.5850793316960334,
  "segundoSaque" : 0.36308849304914476,
  "ganarPuntoSacando" : 0.6183044303000673,
  "ganarPuntoRestando" : 0.41134623375438517,
  "probAce" : 0.06152758002281189,
  "clay" : {
    "nombre" : "Clay",
    "probVictoria" : 0.5714285969734192,
    "probGanarPrimerSaque" : 0.7093917770045144,
    "probGanarSegundoSaque" : 0.5814771886382785,
    "probPrimerSaque" : 0.5828039241688592,
    "probSegundoSaque" : 0.3719890373093741,
    "probGanarPuntoSacando" : 0.6297394510302659,
    "probGanarPuntoRestando" : 0.43133127742394717,
    "probAce" : 0.0
  },
  "grass" : {
    "nombre" : "Grass",
    "probVictoria" : 0.0,
    "probGanarPrimerSaque" : 0.0,
    "probGanarSegundoSaque" : 0.0,
    "probPrimerSaque" : 0.0,
    "probSegundoSaque" : 0.0,
    "probGanarPuntoSacando" : 0.0,
    "probGanarPuntoRestando" : 0.0,
    "probAce" : 0.0
  },
  "hard" : {
    "nombre" : "Hard",
    "probVictoria" : 0.20000000298023224,
    "probGanarPrimerSaque" : 0.7185863852500916,
    "probGanarSegundoSaque" : 0.5173414349555969,
    "probPrimerSaque" : 0.5693359017372132,
    "probSegundoSaque" : 0.35643684267997744,
    "probGanarPuntoSacando" : 0.5935165752855472,
    "probGanarPuntoRestando" : 0.36432403107837763,
    "probAce" : 0.0
  },
  "other" : {
    "nombre" : "Other",
    "probVictoria" : 0.0,
    "probGanarPrimerSaque" : 0.65625,
    "probGanarSegundoSaque" : 0.47999998927116394,
    "probPrimerSaque" : 0.695652186870575,
    "probSegundoSaque" : 0.27173912525177,
    "probGanarPuntoSacando" : 0.5869565248392199,
    "probGanarPuntoRestando" : 0.36666663576055425,
    "probAce" : 0.0
  },
  "partidos" : [ {
    "torneo" : "Alphen aan den Rijn CH",
    "fecha" : "20100906",
    "superficie" : "Clay",
    "resultado" : "6-2 6-4",
    "contrincante" : "Dennis Bloemke",
    "ganador" : false,
    "winnerAces" : 3,
    "winnerPrimerSaqueDentro" : 28,
    "winnerPrimerSaqueGanado" : 20,
    "winnerSegundoSaqueGanado" : 14,
    "winnerDobleFalta" : 2,
    "winnerServingPoints" : 49,
    "winnerServingGames" : 9,
    "loserAces" : 2,
    "loserPrimerSaqueDentro" : 47,
    "loserPrimerSaqueGanado" : 25,
    "loserSegundoSaqueGanado" : 6,
    "loserDobleFalta" : 3,
    "loserServingPoints" : 61,
    "loserServingGames" : 9
  }, {
    "torneo" : "Todi CH",
    "fecha" : "20100913",
    "superficie" : "Clay",
    "resultado" : "6-1 6-3",
    "contrincante" : "Diego Junqueira",
    "ganador" : true,
    "winnerAces" : 3,
    "winnerPrimerSaqueDentro" : 29,
    "winnerPrimerSaqueGanado" : 20,
    "winnerSegundoSaqueGanado" : 9,
    "winnerDobleFalta" : 2,
    "winnerServingPoints" : 44,
    "winnerServingGames" : 8,
    "loserAces" : 0,
    "loserPrimerSaqueDentro" : 33,
    "loserPrimerSaqueGanado" : 14,
    "loserSegundoSaqueGanado" : 5,
    "loserDobleFalta" : 2,
    "loserServingPoints" : 46,
    "loserServingGames" : 8
  }, {
    "torneo" : "Todi CH",
    "fecha" : "20100913",
    "superficie" : "Clay",
    "resultado" : "7-6(5) 4-6 7-6(5)",
    "contrincante" : "Janez Semrajc",
    "ganador" : false,
    "winnerAces" : 4,
    "winnerPrimerSaqueDentro" : 76,
    "winnerPrimerSaqueGanado" : 53,
    "winnerSegundoSaqueGanado" : 14,
    "winnerDobleFalta" : 1,
    "winnerServingPoints" : 111,
    "winnerServingGames" : 17,
    "loserAces" : 3,
    "loserPrimerSaqueDentro" : 77,
    "loserPrimerSaqueGanado" : 54,
    "loserSegundoSaqueGanado" : 17,
    "loserDobleFalta" : 6,
    "loserServingPoints" : 120,
    "loserServingGames" : 17
  }, {
    "torneo" : "Como CH",
    "fecha" : "20100830",
    "superficie" : "Clay",
    "resultado" : "6-4 6-2",
    "contrincante" : "Julian Reister",
    "ganador" : false,
    "winnerAces" : 4,
    "winnerPrimerSaqueDentro" : 32,
    "winnerPrimerSaqueGanado" : 24,
    "winnerSegundoSaqueGanado" : 10,
    "winnerDobleFalta" : 1,
    "winnerServingPoints" : 54,
    "winnerServingGames" : 9,
    "loserAces" : 2,
    "loserPrimerSaqueDentro" : 28,
    "loserPrimerSaqueGanado" : 17,
    "loserSegundoSaqueGanado" : 12,
    "loserDobleFalta" : 5,
    "loserServingPoints" : 58,
    "loserServingGames" : 9
  }, {
    "torneo" : "Fergana CH",
    "fecha" : "20100517",
    "superficie" : "Hard",
    "resultado" : "7-5 4-6 6-4",
    "contrincante" : "Evgeny Donskoy",
    "ganador" : false,
    "winnerAces" : 12,
    "winnerPrimerSaqueDentro" : 43,
    "winnerPrimerSaqueGanado" : 39,
    "winnerSegundoSaqueGanado" : 28,
    "winnerDobleFalta" : 4,
    "winnerServingPoints" : 101,
    "winnerServingGames" : 16,
    "loserAces" : 8,
    "loserPrimerSaqueDentro" : 61,
    "loserPrimerSaqueGanado" : 47,
    "loserSegundoSaqueGanado" : 21,
    "loserDobleFalta" : 6,
    "loserServingPoints" : 106,
    "loserServingGames" : 16
  }, {
    "torneo" : "Geneva CH",
    "fecha" : "20100823",
    "superficie" : "Clay",
    "resultado" : "7-6(5) 6-2",
    "contrincante" : "Julian Reister",
    "ganador" : true,
    "winnerAces" : 6,
    "winnerPrimerSaqueDentro" : 39,
    "winnerPrimerSaqueGanado" : 31,
    "winnerSegundoSaqueGanado" : 17,
    "winnerDobleFalta" : 4,
    "winnerServingPoints" : 68,
    "winnerServingGames" : 10,
    "loserAces" : 3,
    "loserPrimerSaqueDentro" : 36,
    "loserPrimerSaqueGanado" : 21,
    "loserSegundoSaqueGanado" : 13,
    "loserDobleFalta" : 3,
    "loserServingPoints" : 60,
    "loserServingGames" : 10
  }, {
    "torneo" : "Geneva CH",
    "fecha" : "20100823",
    "superficie" : "Clay",
    "resultado" : "6-4 7-6(4)",
    "contrincante" : "Goran Tosic",
    "ganador" : true,
    "winnerAces" : 10,
    "winnerPrimerSaqueDentro" : 38,
    "winnerPrimerSaqueGanado" : 28,
    "winnerSegundoSaqueGanado" : 18,
    "winnerDobleFalta" : 2,
    "winnerServingPoints" : 75,
    "winnerServingGames" : 11,
    "loserAces" : 1,
    "loserPrimerSaqueDentro" : 34,
    "loserPrimerSaqueGanado" : 21,
    "loserSegundoSaqueGanado" : 16,
    "loserDobleFalta" : 2,
    "loserServingPoints" : 68,
    "loserServingGames" : 11
  }, {
    "torneo" : "Geneva CH",
    "fecha" : "20100823",
    "superficie" : "Clay",
    "resultado" : "3-6 6-2 6-2",
    "contrincante" : "Jonathan Eysseric",
    "ganador" : true,
    "winnerAces" : 4,
    "winnerPrimerSaqueDentro" : 45,
    "winnerPrimerSaqueGanado" : 30,
    "winnerSegundoSaqueGanado" : 14,
    "winnerDobleFalta" : 4,
    "winnerServingPoints" : 68,
    "winnerServingGames" : 12,
    "loserAces" : 2,
    "loserPrimerSaqueDentro" : 67,
    "loserPrimerSaqueGanado" : 38,
    "loserSegundoSaqueGanado" : 16,
    "loserDobleFalta" : 5,
    "loserServingPoints" : 105,
    "loserServingGames" : 13
  }, {
    "torneo" : "Geneva CH",
    "fecha" : "20100823",
    "superficie" : "Clay",
    "resultado" : "6-3 7-5",
    "contrincante" : "Grigor Dimitrov",
    "ganador" : false,
    "winnerAces" : 7,
    "winnerPrimerSaqueDentro" : 44,
    "winnerPrimerSaqueGanado" : 33,
    "winnerSegundoSaqueGanado" : 17,
    "winnerDobleFalta" : 4,
    "winnerServingPoints" : 73,
    "winnerServingGames" : 11,
    "loserAces" : 1,
    "loserPrimerSaqueDentro" : 31,
    "loserPrimerSaqueGanado" : 27,
    "loserSegundoSaqueGanado" : 11,
    "loserDobleFalta" : 2,
    "loserServingPoints" : 53,
    "loserServingGames" : 10
  }, {
    "torneo" : "Loughborough CH",
    "fecha" : "20101108",
    "superficie" : "Carpet",
    "resultado" : "3-6 6-1 7-5",
    "contrincante" : "Matthew Ebden",
    "ganador" : false,
    "winnerAces" : 23,
    "winnerPrimerSaqueDentro" : 60,
    "winnerPrimerSaqueGanado" : 44,
    "winnerSegundoSaqueGanado" : 13,
    "winnerDobleFalta" : 3,
    "winnerServingPoints" : 90,
    "winnerServingGames" : 14,
    "loserAces" : 7,
    "loserPrimerSaqueDentro" : 64,
    "loserPrimerSaqueGanado" : 42,
    "loserSegundoSaqueGanado" : 12,
    "loserDobleFalta" : 3,
    "loserServingPoints" : 92,