{
  "nombre" : "Dayne Kelly",
  "mano" : "U",
  "nacionalidad" : "AUS",
  "edad" : 19.8357289528,
  "ganar1Saque" : 0.7288150820467207,
  "ganar2Saque" : 0.5337802916765213,
  "primerSaque" : 0.610852332578765,
  "segundoSaque" : 0.34538620875941384,
  "ganarPuntoSacando" : 0.6295587441394712,
  "ganarPuntoRestando" : 0.3384986689591392,
  "probAce" : 0.09791216999292374,
  "clay" : {
    "nombre" : "Clay",
    "probVictoria" : 0.5,
    "probGanarPrimerSaque" : 0.6354166567325592,
    "probGanarSegundoSaque" : 0.46541501581668854,
    "probPrimerSaque" : 0.5400000065565109,
    "probSegundoSaque" : 0.36374999582767487,
    "probGanarPuntoSacando" : 0.5124197088631559,
    "probGanarPuntoRestando" : 0.33967390493498045,
    "probAce" : 0.0
  },
  "grass" : {
    "nombre" : "Grass",
    "probVictoria" : 0.0,
    "probGanarPrimerSaque" : 0.8292682766914368,
    "probGanarSegundoSaque" : 0.5555555820465088,
    "probPrimerSaque" : 0.6307692527770996,
    "probSegundoSaque" : 0.2769230902194977,
    "probGanarPuntoSacando" : 0.6769230998094216,
    "probGanarPuntoRestando" : 0.2972972965759598,
    "probAce" : 0.0
  },
  "hard" : {
    "nombre" : "Hard",
    "probVictoria" : 0.4000000059604645,
    "probGanarPrimerSaque" : 0.7345713257789612,
    "probGanarSegundoSaque" : 0.5414439757664998,
    "probPrimerSaque" : 0.6189715147018433,
    "probSegundoSaque" : 0.3475019117196401,
    "probGanarPuntoSacando" : 0.642831542841886,
    "probGanarPuntoRestando" : 0.34108872898790565,
    "probAce" : 0.0
  },
  "other" : {
    "nombre" : "Other",
    "probVictoria" : 0.0,
    "probGanarPrimerSaque" : 0.0,
    "probGanarSegundoSaque" : 0.0,
    "probPrimerSaque" : 0.0,
    "probSegundoSaque" : 0.0,
    "probGanarPuntoSacando" : 0.0,
    "probGanarPuntoRestando" : 0.0,
    "probAce" : 0.0
  },
  "partidos" : [ {
    "torneo" : "Carson CH",
    "fecha" : "20100524",
    "superficie" : "Hard",
    "resultado" : "6-7(5) 6-1 6-0",
    "contrincante" : "Kevin Kim",
    "ganador" : true,
    "winnerAces" : 10,
    "winnerPrimerSaqueDentro" : 53,
    "winnerPrimerSaqueGanado" : 42,
    "winnerSegundoSaqueGanado" : 20,
    "winnerDobleFalta" : 4,
    "winnerServingPoints" : 91,
    "winnerServingGames" : 12,
    "loserAces" : 5,
    "loserPrimerSaqueDentro" : 51,
    "loserPrimerSaqueGanado" : 32,
    "loserSegundoSaqueGanado" : 17,
    "loserDobleFalta" : 8,
    "loserServingPoints" : 91,
    "loserServingGames" : 13
  }, {
    "torneo" : "Carson CH",
    "fecha" : "20100524",
    "superficie" : "Hard",
    "resultado" : "6-7(2) 6-4 7-6(4)",
    "contrincante" : "Samuel Groth",
    "ganador" : true,
    "winnerAces" : 7,
    "winnerPrimerSaqueDentro" : 66,
    "winnerPrimerSaqueGanado" : 47,
    "winnerSegundoSaqueGanado" : 29,
    "winnerDobleFalta" : 4,
    "winnerServingPoints" : 118,
    "winnerServingGames" : 17,
    "loserAces" : 19,
    "loserPrimerSaqueDentro" : 64,
    "loserPrimerSaqueGanado" : 48,
    "loserSegundoSaqueGanado" : 23,
    "loserDobleFalta" : 13,
    "loserServingPoints" : 119,
    "loserServingGames" : 17
  }, {
    "torneo" : "Carson CH",
    "fecha" : "20100524",
    "superficie" : "Hard",
    "resultado" : "6-4 6-4",
    "contrincante" : "Peter Polansky",
    "ganador" : false,
    "winnerAces" : 5,
    "winnerPrimerSaqueDentro" : 31,
    "winnerPrimerSaqueGanado" : 29,
    "winnerSegundoSaqueGanado" : 13,
    "winnerDobleFalta" : 3,
    "winnerServingPoints" : 51,
    "winnerServingGames" : 10,
    "loserAces" : 9,
    "loserPrimerSaqueDentro" : 32,
    "loserPrimerSaqueGanado" : 27,
    "loserSegundoSaqueGanado" : 9,
    "loserDobleFalta" : 0,
    "loserServingPoints" : 50,
    "loserServingGames" : 10
  }, {
    "torneo" : "Binghamton CH",
    "fecha" : "20100809",
    "superficie" : "Hard",
    "resultado" : "6-4 3-6 6-3",
    "contrincante" : "Alex Bogomolov Jr",
    "ganador" : false,
    "winnerAces" : 2,
    "winnerPrimerSaqueDentro" : 65,
    "winnerPrimerSaqueGanado" : 49,
    "winnerSegundoSaqueGanado" : 10,
    "winnerDobleFalta" : 3,
    "winnerServingPoints" : 85,
    "winnerServingGames" : 14,
    "loserAces" : 18,
    "loserPrimerSaqueDentro" : 60,
    "loserPrimerSaqueGanado" : 48,
    "loserSegundoSaqueGanado" : 14,
    "loserDobleFalta" : 5,
    "loserServingPoints" : 98,
    "loserServingGames" : 14
  }, {
    "torneo" : "Sarasota CH",
    "fecha" : "20100510",
    "superficie" : "Clay",
    "resultado" : "2-6 6-3 6-4",
    "contrincante" : "Michael Ryderstedt",
    "ganador" : true,
    "winnerAces" : 4,
    "winnerPrimerSaqueDentro" : 48,
    "winnerPrimerSaqueGanado" : 37,
    "winnerSegundoSaqueGanado" : 12,
    "winnerDobleFalta" : 9,
    "winnerServingPoints" : 80,
    "winnerServingGames" : 14,
    "loserAces" : 12,
    "loserPrimerSaqueDentro" : 51,
    "loserPrimerSaqueGanado" : 36,
    "loserSegundoSaqueGanado" : 14,
    "loserDobleFalta" : 4,
    "loserServingPoints" : 80,
    "loserServingGames" : 13
  }, {
    "torneo" : "Sarasota CH",
    "fecha" : "20100510",
    "superficie" : "Clay",
    "resultado" : "6-1 6-1",
    "contrincante" : "Jesse Levine",
    "ganador" : false,
    "winnerAces" : 2,
    "winnerPrimerSaqueDentro" : 33,
    "winnerPrimerSaqueGanado" : 22,
    "winnerSegundoSaqueGanado" : 10,
    "winnerDobleFalta" : 0,
    "winnerServingPoints" : 46,
    "winnerServingGames" : 7,
    "loserAces" : 2,
    "loserPrimerSaqueDentro" : 24,
    "loserPrimerSaqueGanado" : 12,
    "loserSegundoSaqueGanado" : 9,
    "loserDobleFalta" : 4,
    "loserServingPoints" : 50,
    "loserServingGames" : 7
  }, {
    "torneo" : "Aptos CH",
    "fecha" : "20100712",
    "superficie" : "Hard",
    "resultado" : "1-6 6-3 6-4",
    "contrincante" : "Alex Kuznetsov",
    "ganador" : false,
    "winnerAces" : 3,
    "winnerPrimerSaqueDentro" : 58,
    "winnerPrimerSaqueGanado" : 43,
    "winnerSegundoSaqueGanado" : 12,
    "winnerDobleFalta" : 4,
    "winnerServingPoints" : 85,
    "winnerServingGames" : 13,
    "loserAces" : 11,
    "loserPrimerSaqueDentro" : 41,
    "loserPrimerSaqueGanado" : 34,
    "loserSegundoSaqueGanado" : 20,
    "loserDobleFalta" : 6,
    "loserServingPoints" : 85,
    "loserServingGames" : 13
  }, {
    "torneo" : "Tallahassee CH",
    "fecha" : "20100419",
    "superficie" : "Hard",
    "resultado" : "7-6(6) 6-3",
    "contrincante" : "Santiago Gonzalez",
    "ganador" : false,
    "winnerAces" : 6,
    "winnerPrimerSaqueDentro" : 36,
    "winnerPrimerSaqueGanado" : 33,
    "winnerSegundoSaqueGanado" : 15,
    "winnerDobleFalta" : 5,
    "winnerServingPoints" : 69,
    "winnerServingGames" : 11,
    "loserAces" : 2,
    "loserPrimerSaqueDentro" : 50,
    "loserPrimerSaqueGanado" : 38,
    "loserSegundoSaqueGanado" : 7,
    "loserDobleFalta" : 1,
    "loserServingPoints" : 69,
    "loserServingGames" : 10
  }, {
    "torneo" : "Ojai CH",
    "fecha" : "20100531",
    "superficie" : "Hard",
    "resultado" : "6-4 7-6(3)",
    "contrincante" : "Michael Ryderstedt",
    "ganador" : true,
    "winnerAces" : 8,
    "winnerPrimerSaqueDentro" : 39,
    "winnerPrimerSaqueGanado" : 34,
    "winnerSegundoSaqueGanado" : 16,
    "winnerDobleFalta" : 1,
    "winnerServingPoints" : 63,
    "winnerServingGames" : 11,
    "loserAces" : 7,
    "loserPrimerSaqueDentro" : 39,
    "loserPrimerSaqueGanado" : 30,
    "loserSegundoSaqueGanado" : 16,
    "loserDobleFalta" : 2,
    "loserServingPoints" : 65,
    "loserServingGames" : 11
  }, {
    "torneo" : "Ojai CH",
    "fecha" : "20100531",
    "superficie" : "Hard",
    "resultado" : "7-5 2-6 7-5",
    "contrincante" : "Donald Young",
    "ganador" : false,
    "winnerAces" : 1,
    "winnerPrimerSaqueDentro" : 79,
    "winnerPrimerSaqueGanado" : 48,
    "winnerSegundoSaqueGanado" : 19,
    "winnerDobleFalta" : 3,
    "winnerServingPoints" : 111,
    "winnerServingGames" : 16,
    "loserAces" : 14,
    "loserPrimerSaqueDentro" : 57,
    "loserPrimerSaqueGanado" : 41,
    "loserSegundoSaqueGanado" : 16,
    "loserDobleFalta" : 3,
    "loserServingPoints" : 92,