{
  "nombre" : "Dmitry Tursunov",
  "mano" : "R",
  "nacionalidad" : "RUS",
  "edad" : 27.523613963,
  "ganar1Saque" : 0.7161532012479646,
  "ganar2Saque" : 0.6015466770955494,
  "primerSaque" : 0.6217628195881844,
  "segundoSaque" : 0.3486349167568343,
  "ganarPuntoSacando" : 0.654997609359596,
  "ganarPuntoRestando" : 0.33926395274757815,
  "probAce" : 0.07248208671808243,
  "clay" : {
    "nombre" : "Clay",
    "probVictoria" : 0.0,
    "probGanarPrimerSaque" : 0.4000000059604645,
    "probGanarSegundoSaque" : 0.5,
    "probPrimerSaque" : 0.6153846383094788,
    "probSegundoSaque" : 0.3692307770252228,
    "probGanarPuntoSacando" : 0.43076924750438117,
    "probGanarPuntoRestando" : 0.23437499441206455,
    "probAce" : 0.0
  },
  "grass" : {
    "nombre" : "Grass",
    "probVictoria" : 0.5,
    "probGanarPrimerSaque" : 1.2276187092065811,
    "probGanarSegundoSaque" : 0.5552880678858075,
    "probPrimerSaque" : 0.6196268839495522,
    "probSegundoSaque" : 0.35250576053346905,
    "probGanarPuntoSacando" : 0.9564077981490926,
    "probGanarPuntoRestando" : 0.3272868881197234,
    "probAce" : 0.0
  },
  "hard" : {
    "nombre" : "Hard",
    "probVictoria" : 0.550000011920929,
    "probGanarPrimerSaque" : 0.737090739607811,
    "probGanarSegundoSaque" : 0.6228145241737366,
    "probPrimerSaque" : 0.6228293061256409,
    "probSegundoSaque" : 0.3462503284215927,
    "probGanarPuntoSacando" : 0.6747314474424626,
    "probGanarPuntoRestando" : 0.348700373284103,
    "probAce" : 0.0
  },
  "other" : {
    "nombre" : "Other",
    "probVictoria" : 0.0,
    "probGanarPrimerSaque" : 0.0,
    "probGanarSegundoSaque" : 0.0,
    "probPrimerSaque" : 0.0,
    "probSegundoSaque" : 0.0,
    "probGanarPuntoSacando" : 0.0,
    "probGanarPuntoRestando" : 0.0,
    "probAce" : 0.0
  },
  "partidos" : [ {
    "torneo" : "Wimbledon",
    "fecha" : "20100621",
    "superficie" : "Grass",
    "resultado" : "6-2 6-2 6-3",
    "contrincante" : "Rainer Schuettler",
    "ganador" : false,
    "winnerAces" : 2,
    "winnerPrimerSaqueDentro" : 37,
    "winnerPrimerSaqueGanado" : 34,
    "winnerSegundoSaqueGanado" : 14,
    "winnerDobleFalta" : 0,
    "winnerServingPoints" : 59,
    "winnerServingGames" : 12,
    "loserAces" : 4,
    "loserPrimerSaqueDentro" : 60,
    "loserPrimerSaqueGanado" : 33,
    "loserSegundoSaqueGanado" : 15,
    "loserDobleFalta" : 1,
    "loserServingPoints" : 87,
    "loserServingGames" : 13
  }, {
    "torneo" : "Valencia",
    "fecha" : "20101031",
    "superficie" : "Hard",
    "resultado" : "6-4 3-6 1-1 RET",
    "contrincante" : "Pablo Andujar",
    "ganador" : false,
    "winnerAces" : 1,
    "winnerPrimerSaqueDentro" : 41,
    "winnerPrimerSaqueGanado" : 30,
    "winnerSegundoSaqueGanado" : 9,
    "winnerDobleFalta" : 4,
    "winnerServingPoints" : 63,
    "winnerServingGames" : 10,
    "loserAces" : 5,
    "loserPrimerSaqueDentro" : 38,
    "loserPrimerSaqueGanado" : 25,
    "loserSegundoSaqueGanado" : 18,
    "loserDobleFalta" : 3,
    "loserServingPoints" : 67,
    "loserServingGames" : 11
  }, {
    "torneo" : "US Open",
    "fecha" : "20100830",
    "superficie" : "Hard",
    "resultado" : "6-4 6-2 3-6 4-6 6-2",
    "contrincante" : "Jurgen Melzer",
    "ganador" : false,
    "winnerAces" : 11,
    "winnerPrimerSaqueDentro" : 86,
    "winnerPrimerSaqueGanado" : 62,
    "winnerSegundoSaqueGanado" : 37,
    "winnerDobleFalta" : 8,
    "winnerServingPoints" : 156,
    "winnerServingGames" : 22,
    "loserAces" : 8,
    "loserPrimerSaqueDentro" : 75,
    "loserPrimerSaqueGanado" : 50,
    "loserSegundoSaqueGanado" : 35,
    "loserDobleFalta" : 7,
    "loserServingPoints" : 137,
    "loserServingGames" : 23
  }, {
    "torneo" : "St. Petersburg",
    "fecha" : "20101025",
    "superficie" : "Hard",
    "resultado" : "3-6 6-3 6-2",
    "contrincante" : "Michal Przysiezny",
    "ganador" : true,
    "winnerAces" : 9,
    "winnerPrimerSaqueDentro" : 35,
    "winnerPrimerSaqueGanado" : 30,
    "winnerSegundoSaqueGanado" : 19,
    "winnerDobleFalta" : 3,
    "winnerServingPoints" : 60,
    "winnerServingGames" : 13,
    "loserAces" : 15,
    "loserPrimerSaqueDentro" : 44,
    "loserPrimerSaqueGanado" : 30,
    "loserSegundoSaqueGanado" : 21,
    "loserDobleFalta" : 3,
    "loserServingPoints" : 78,
    "loserServingGames" : 13
  }, {
    "torneo" : "St. Petersburg",
    "fecha" : "20101025",
    "superficie" : "Hard",
    "resultado" : "6-1 6-4",
    "contrincante" : "Yen Hsun Lu",
    "ganador" : true,
    "winnerAces" : 5,
    "winnerPrimerSaqueDentro" : 31,
    "winnerPrimerSaqueGanado" : 27,
    "winnerSegundoSaqueGanado" : 10,
    "winnerDobleFalta" : 1,
    "winnerServingPoints" : 44,
    "winnerServingGames" : 9,
    "loserAces" : 4,
    "loserPrimerSaqueDentro" : 36,
    "loserPrimerSaqueGanado" : 19,
    "loserSegundoSaqueGanado" : 9,
    "loserDobleFalta" : 2,
    "loserServingPoints" : 51,
    "loserServingGames" : 8
  }, {
    "torneo" : "St. Petersburg",
    "fecha" : "20101025",
    "superficie" : "Hard",
    "resultado" : "6-4 6-2",
    "contrincante" : "Alexandr Dolgopolov",
    "ganador" : true,
    "winnerAces" : 6,
    "winnerPrimerSaqueDentro" : 30,
    "winnerPrimerSaqueGanado" : 27,
    "winnerSegundoSaqueGanado" : 10,
    "winnerDobleFalta" : 0,
    "winnerServingPoints" : 51,
    "winnerServingGames" : 9,
    "loserAces" : 5,
    "loserPrimerSaqueDentro" : 36,
    "loserPrimerSaqueGanado" : 23,
    "loserSegundoSaqueGanado" : 6,
    "loserDobleFalta" : 1,
    "loserServingPoints" : 54,
    "loserServingGames" : 9
  }, {
    "torneo" : "St. Petersburg",
    "fecha" : "20101025",
    "superficie" : "Hard",
    "resultado" : "7-5 4-6 7-6(8)",
    "contrincante" : "Mikhail Youzhny",
    "ganador" : false,
    "winnerAces" : 7,
    "winnerPrimerSaqueDentro" : 71,
    "winnerPrimerSaqueGanado" : 54,
    "winnerSegundoSaqueGanado" : 21,
    "winnerDobleFalta" : 2,
    "winnerServingPoints" : 117,
    "winnerServingGames" : 17,
    "loserAces" : 14,
    "loserPrimerSaqueDentro" : 76,
    "loserPrimerSaqueGanado" : 55,
    "loserSegundoSaqueGanado" : 23,
    "loserDobleFalta" : 2,
    "loserServingPoints" : 116,
    "loserServingGames" : 17
  }, {
    "torneo" : "Moscow",
    "fecha" : "20101018",
    "superficie" : "Hard",
    "resultado" : "5-7 6-4 6-3",
    "contrincante" : "Viktor Troicki",
    "ganador" : false,
    "winnerAces" : 15,
    "winnerPrimerSaqueDentro" : 43,
    "winnerPrimerSaqueGanado" : 35,
    "winnerSegundoSaqueGanado" : 20,
    "winnerDobleFalta" : 5,
    "winnerServingPoints" : 82,
    "winnerServingGames" : 15,
    "loserAces" : 6,
    "loserPrimerSaqueDentro" : 57,
    "loserPrimerSaqueGanado" : 35,
    "loserSegundoSaqueGanado" : 20,
    "loserDobleFalta" : 3,
    "loserServingPoints" : 93,
    "loserServingGames" : 16
  }, {
    "torneo" : "Tokyo",
    "fecha" : "20101004",
    "superficie" : "Hard",
    "resultado" : "6-3 6-4",
    "contrincante" : "Ernests Gulbis",
    "ganador" : true,
    "winnerAces" : 7,
    "winnerPrimerSaqueDentro" : 33,
    "winnerPrimerSaqueGanado" : 26,
    "winnerSegundoSaqueGanado" : 15,
    "winnerDobleFalta" : 2,
    "winnerServingPoints" : 55,
    "winnerServingGames" : 10,
    "loserAces" : 11,
    "loserPrimerSaqueDentro" : 37,
    "loserPrimerSaqueGanado" : 29,
    "loserSegundoSaqueGanado" : 8,
    "loserDobleFalta" : 4,
    "loserServingPoints" : 58,
    "loserServingGames" : 9
  }, {
    "torneo" : "Tokyo",
    "fecha" : "20101004",
    "superficie" : "Hard",
    "resultado" : "7-6(2) 1-6 6-4",
    "contrincante" : "Richard Gasquet",
    "ganador" : true,
    "winnerAces" : 6,
    "winnerPrimerSaqueDentro" : 51,
    "winnerPrimerSaqueGanado" : 38,
    "winnerSegundoSaqueGanado" : 23,
    "winnerDobleFalta" : 1,
    "winnerServingPoints" : 83,
    "winnerServingGames" : 15,
    "loserAces" : 6,
    "loserPrimerSaqueDentro" : 61,
    "loserPrimerSaqueGanado" : 44,
    "loserSegundoSaqueGanado" : 18,
    "loserDobleFalta" : 4,
    "loserServingPoints" : 94,