{
  "nombre" : "Dominik Hrbaty",
  "mano" : "R",
  "nacionalidad" : "SVK",
  "edad" : 32.076659822,
  "ganar1Saque" : 0.7066247202455997,
  "ganar2Saque" : 0.5492655510703722,
  "primerSaque" : 0.5948405265808105,
  "segundoSaque" : 0.3439055948207776,
  "ganarPuntoSacando" : 0.609224516741329,
  "ganarPuntoRestando" : 0.3899501094783282,
  "probAce" : 0.06079545617103577,
  "clay" : {
    "nombre" : "Clay",
    "probVictoria" : 0.0,
    "probGanarPrimerSaque" : 0.6527519524097443,
    "probGanarSegundoSaque" : 0.4436662644147873,
    "probPrimerSaque" : 0.5508347377181053,
    "probSegundoSaque" : 0.37587694823741913,
    "probGanarPuntoSacando" : 0.5263223720047288,
    "probGanarPuntoRestando" : 0.45906679257084676,
    "probAce" : 0.0
  },
  "grass" : {
    "nombre" : "Grass",
    "probVictoria" : 0.0,
    "probGanarPrimerSaque" : 0.6875,
    "probGanarSegundoSaque" : 0.5555555820465088,
    "probPrimerSaque" : 0.5245901346206665,
    "probSegundoSaque" : 0.44262295961380005,
    "probGanarPuntoSacando" : 0.6065573735071013,
    "probGanarPuntoRestando" : 0.3066666577155134,
    "probAce" : 0.0
  },
  "hard" : {
    "nombre" : "Hard",
    "probVictoria" : 0.5,
    "probGanarPrimerSaque" : 0.7071580979973078,
    "probGanarSegundoSaque" : 0.5632500760257244,
    "probPrimerSaque" : 0.6176817398518324,
    "probSegundoSaque" : 0.319574979133904,
    "probGanarPuntoSacando" : 0.6167992756143804,
    "probGanarPuntoRestando" : 0.3906208470109724,
    "probAce" : 0.0
  },
  "other" : {
    "nombre" : "Other",
    "probVictoria" : 0.3333333432674408,
    "probGanarPrimerSaque" : 0.7819853027661642,
    "probGanarSegundoSaque" : 0.6133837898572286,
    "probPrimerSaque" : 0.5551119049390157,
    "probSegundoSaque" : 0.39813461899757385,
    "probGanarPuntoSacando" : 0.678298672526934,
    "probGanarPuntoRestando" : 0.3219784157684726,
    "probAce" : 0.0
  },
  "partidos" : [ {
    "torneo" : "Johannesburg",
    "fecha" : "20100201",
    "superficie" : "Hard",
    "resultado" : "6-2 6-1",
    "contrincante" : "Gael Monfils",
    "ganador" : false,
    "winnerAces" : 7,
    "winnerPrimerSaqueDentro" : 25,
    "winnerPrimerSaqueGanado" : 23,
    "winnerSegundoSaqueGanado" : 10,
    "winnerDobleFalta" : 4,
    "winnerServingPoints" : 49,
    "winnerServingGames" : 8,
    "loserAces" : 0,
    "loserPrimerSaqueDentro" : 22,
    "loserPrimerSaqueGanado" : 9,
    "loserSegundoSaqueGanado" : 11,
    "loserDobleFalta" : 3,
    "loserServingPoints" : 46,
    "loserServingGames" : 7
  }, {
    "torneo" : "Belgrade CH",
    "fecha" : "20100215",
    "superficie" : "Carpet",
    "resultado" : "6-3 6-2",
    "contrincante" : "Dustin Brown",
    "ganador" : true,
    "winnerAces" : 7,
    "winnerPrimerSaqueDentro" : 32,
    "winnerPrimerSaqueGanado" : 25,
    "winnerSegundoSaqueGanado" : 16,
    "winnerDobleFalta" : 0,
    "winnerServingPoints" : 55,
    "winnerServingGames" : 9,
    "loserAces" : 7,
    "loserPrimerSaqueDentro" : 26,
    "loserPrimerSaqueGanado" : 16,
    "loserSegundoSaqueGanado" : 7,
    "loserDobleFalta" : 1,
    "loserServingPoints" : 41,
    "loserServingGames" : 8
  }, {
    "torneo" : "Belgrade CH",
    "fecha" : "20100215",
    "superficie" : "Carpet",
    "resultado" : "7-6(2) 6-4",
    "contrincante" : "Ilija Bozoljac",
    "ganador" : false,
    "winnerAces" : 14,
    "winnerPrimerSaqueDentro" : 42,
    "winnerPrimerSaqueGanado" : 38,
    "winnerSegundoSaqueGanado" : 14,
    "winnerDobleFalta" : 3,
    "winnerServingPoints" : 67,
    "winnerServingGames" : 11,
    "loserAces" : 4,
    "loserPrimerSaqueDentro" : 35,
    "loserPrimerSaqueGanado" : 28,
    "loserSegundoSaqueGanado" : 18,
    "loserDobleFalta" : 5,
    "loserServingPoints" : 69,
    "loserServingGames" : 11
  }, {
    "torneo" : "Heilbronn CH",
    "fecha" : "20100125",
    "superficie" : "Hard",
    "resultado" : "6-4 6-3",
    "contrincante" : "Alexandre Sidorenko",
    "ganador" : true,
    "winnerAces" : 1,
    "winnerPrimerSaqueDentro" : 34,
    "winnerPrimerSaqueGanado" : 28,
    "winnerSegundoSaqueGanado" : 10,
    "winnerDobleFalta" : 4,
    "winnerServingPoints" : 54,
    "winnerServingGames" : 9,
    "loserAces" : 5,
    "loserPrimerSaqueDentro" : 36,
    "loserPrimerSaqueGanado" : 24,
    "loserSegundoSaqueGanado" : 7,
    "loserDobleFalta" : 4,
    "loserServingPoints" : 53,
    "loserServingGames" : 10
  }, {
    "torneo" : "Heilbronn CH",
    "fecha" : "20100125",
    "superficie" : "Hard",
    "resultado" : "6-4 6-3",
    "contrincante" : "Laurent Recouderc",
    "ganador" : true,
    "winnerAces" : 13,
    "winnerPrimerSaqueDentro" : 42,
    "winnerPrimerSaqueGanado" : 33,
    "winnerSegundoSaqueGanado" : 9,
    "winnerDobleFalta" : 3,
    "winnerServingPoints" : 64,
    "winnerServingGames" : 10,
    "loserAces" : 5,
    "loserPrimerSaqueDentro" : 29,
    "loserPrimerSaqueGanado" : 19,
    "loserSegundoSaqueGanado" : 14,
    "loserDobleFalta" : 3,
    "loserServingPoints" : 60,
    "loserServingGames" : 9
  }, {
    "torneo" : "Heilbronn CH",
    "fecha" : "20100125",
    "superficie" : "Hard",
    "resultado" : "7-6(5) 6-3",
    "contrincante" : "Andrey Golubev",
    "ganador" : false,
    "winnerAces" : 12,
    "winnerPrimerSaqueDentro" : 44,
    "winnerPrimerSaqueGanado" : 28,
    "winnerSegundoSaqueGanado" : 19,
    "winnerDobleFalta" : 0,
    "winnerServingPoints" : 71,
    "winnerServingGames" : 11,
    "loserAces" : 0,
    "loserPrimerSaqueDentro" : 39,
    "loserPrimerSaqueGanado" : 26,
    "loserSegundoSaqueGanado" : 13,
    "loserDobleFalta" : 6,
    "loserServingPoints" : 67,
    "loserServingGames" : 10
  }, {
    "torneo" : "Cherbourg CH",
    "fecha" : "20100301",
    "superficie" : "Hard",
    "resultado" : "6-4 7-5",
    "contrincante" : "Jonathan Eysseric",
    "ganador" : true,
    "winnerAces" : 0,
    "winnerPrimerSaqueDentro" : 46,
    "winnerPrimerSaqueGanado" : 30,
    "winnerSegundoSaqueGanado" : 10,
    "winnerDobleFalta" : 0,
    "winnerServingPoints" : 63,
    "winnerServingGames" : 11,
    "loserAces" : 0,
    "loserPrimerSaqueDentro" : 40,
    "loserPrimerSaqueGanado" : 28,
    "loserSegundoSaqueGanado" : 15,
    "loserDobleFalta" : 1,
    "loserServingPoints" : 74,
    "loserServingGames" : 11
  }, {
    "torneo" : "Cherbourg CH",
    "fecha" : "20100301",
    "superficie" : "Hard",
    "resultado" : "6-3 6-7(1) 6-1",
    "contrincante" : "Laurent Recouderc",
    "ganador" : false,
    "winnerAces" : 10,
    "winnerPrimerSaqueDentro" : 59,
    "winnerPrimerSaqueGanado" : 45,
    "winnerSegundoSaqueGanado" : 25,
    "winnerDobleFalta" : 3,
    "winnerServingPoints" : 116,
    "winnerServingGames" : 15,
    "loserAces" : 1,
    "loserPrimerSaqueDentro" : 42,
    "loserPrimerSaqueGanado" : 32,
    "loserSegundoSaqueGanado" : 19,
    "loserDobleFalta" : 10,
    "loserServingPoints" : 90,
    "loserServingGames" : 13
  }, {
    "torneo" : "Sarajevo CH",
    "fecha" : "20100308",
    "superficie" : "Hard",
    "resultado" : "6-3 6-4",
    "contrincante" : "Jan Minar",
    "ganador" : false,
    "winnerAces" : 9,
    "winnerPrimerSaqueDentro" : 32,
    "winnerPrimerSaqueGanado" : 30,
    "winnerSegundoSaqueGanado" : 10,
    "winnerDobleFalta" : 0,
    "winnerServingPoints" : 49,
    "winnerServingGames" : 10,
    "loserAces" : 3,
    "loserPrimerSaqueDentro" : 45,
    "loserPrimerSaqueGanado" : 31,
    "loserSegundoSaqueGanado" : 9,
    "loserDobleFalta" : 8,
    "loserServingPoints" : 70,
    "loserServingGames" : 9
  }, {
    "torneo" : "Tunis CH",
    "fecha" : "20100426",
    "superficie" : "Clay",
    "resultado" : "6-7(1) 6-2 6-3",
    "contrincante" : "Reda El Amrani",
    "ganador" : false,
    "winnerAces" : 13,
    "winnerPrimerSaqueDentro" : 55,
    "winnerPrimerSaqueGanado" : 43,
    "winnerSegundoSaqueGanado" : 21,
    "winnerDobleFalta" : 8,
    "winnerServingPoints" : 103,
    "winnerServingGames" : 14,
    "loserAces" : 3,
    "loserPrimerSaqueDentro" : 48,
    "loserPrimerSaqueGanado" : 34,