{
  "nombre" : "Dusan Lajovic",
  "mano" : "R",
  "nacionalidad" : "SRB",
  "edad" : 19.8412046543,
  "ganar1Saque" : 0.6990983337163925,
  "ganar2Saque" : 0.5067873373627663,
  "primerSaque" : 0.5697409808635712,
  "segundoSaque" : 0.3828885480761528,
  "ganarPuntoSacando" : 0.5923480381578747,
  "ganarPuntoRestando" : 0.3253846321720806,
  "probAce" : 0.01904761977493763,
  "clay" : {
    "nombre" : "Clay",
    "probVictoria" : 0.0,
    "probGanarPrimerSaque" : 0.6965602040290833,
    "probGanarSegundoSaque" : 0.5326923131942749,
    "probPrimerSaque" : 0.5596154034137726,
    "probSegundoSaque" : 0.4000000059604645,
    "probGanarPuntoSacando" : 0.6028827480325187,
    "probGanarPuntoRestando" : 0.34051724727233434,
    "probAce" : 0.0
  },
  "grass" : {
    "nombre" : "Grass",
    "probVictoria" : 0.0,
    "probGanarPrimerSaque" : 0.0,
    "probGanarSegundoSaque" : 0.0,
    "probPrimerSaque" : 0.0,
    "probSegundoSaque" : 0.0,
    "probGanarPuntoSacando" : 0.0,
    "probGanarPuntoRestando" : 0.0,
    "probAce" : 0.0
  },
  "hard" : {
    "nombre" : "Hard",
    "probVictoria" : 0.0,
    "probGanarPrimerSaque" : 0.6101694703102112,
    "probGanarSegundoSaque" : 0.4117647111415863,
    "probPrimerSaque" : 0.6020408272743225,
    "probSegundoSaque" : 0.3469387888908386,
    "probGanarPuntoSacando" : 0.5102040828745427,
    "probGanarPuntoRestando" : 0.35820897171894717,
    "probAce" : 0.0
  },
  "other" : {
    "nombre" : "Other",
    "probVictoria" : 0.0,
    "probGanarPrimerSaque" : 0.7931034564971924,
    "probGanarSegundoSaque" : 0.550000011920929,
    "probPrimerSaque" : 0.557692289352417,
    "probSegundoSaque" : 0.38461539149284363,
    "probGanarPuntoSacando" : 0.653846152253271,
    "probGanarPuntoRestando" : 0.26229506242470646,
    "probAce" : 0.0
  },
  "partidos" : [ {
    "torneo" : "Belgrade",
    "fecha" : "20100503",
    "superficie" : "Clay",
    "resultado" : "7-6(4) 6-4",
    "contrincante" : "Ivo Karlovic",
    "ganador" : false,
    "winnerAces" : 10,
    "winnerPrimerSaqueDentro" : 41,
    "winnerPrimerSaqueGanado" : 33,
    "winnerSegundoSaqueGanado" : 15,
    "winnerDobleFalta" : 2,
    "winnerServingPoints" : 64,
    "winnerServingGames" : 11,
    "loserAces" : 4,
    "loserPrimerSaqueDentro" : 37,
    "loserPrimerSaqueGanado" : 28,
    "loserSegundoSaqueGanado" : 16,
    "loserDobleFalta" : 2,
    "loserServingPoints" : 65,
    "loserServingGames" : 11
  }, {
    "torneo" : "Belgrade CH",
    "fecha" : "20100215",
    "superficie" : "Carpet",
    "resultado" : "6-4 6-3",
    "contrincante" : "Stefan Koubek",
    "ganador" : false,
    "winnerAces" : 3,
    "winnerPrimerSaqueDentro" : 39,
    "winnerPrimerSaqueGanado" : 34,
    "winnerSegundoSaqueGanado" : 11,
    "winnerDobleFalta" : 1,
    "winnerServingPoints" : 61,
    "winnerServingGames" : 10,
    "loserAces" : 1,
    "loserPrimerSaqueDentro" : 29,
    "loserPrimerSaqueGanado" : 23,
    "loserSegundoSaqueGanado" : 11,
    "loserDobleFalta" : 3,
    "loserServingPoints" : 52,
    "loserServingGames" : 9
  }, {
    "torneo" : "Zagreb Q",
    "fecha" : "20100201",
    "superficie" : "Hard",
    "resultado" : "6-1 7-5",
    "contrincante" : "Ante Pavic",
    "ganador" : false,
    "winnerAces" : 3,
    "winnerPrimerSaqueDentro" : 40,
    "winnerPrimerSaqueGanado" : 30,
    "winnerSegundoSaqueGanado" : 13,
    "winnerDobleFalta" : 3,
    "winnerServingPoints" : 67,
    "winnerServingGames" : 10,
    "loserAces" : 1,
    "loserPrimerSaqueDentro" : 59,
    "loserPrimerSaqueGanado" : 36,
    "loserSegundoSaqueGanado" : 14,
    "loserDobleFalta" : 5,
    "loserServingPoints" : 98,
    "loserServingGames" : 9
  }, {
    "torneo" : "Umag Q",
    "fecha" : "20100726",
    "superficie" : "Clay",
    "resultado" : "5-7 7-5 6-1",
    "contrincante" : "Goran Tosic",
    "ganador" : false,
    "winnerAces" : 2,
    "winnerPrimerSaqueDentro" : 84,
    "winnerPrimerSaqueGanado" : 51,
    "winnerSegundoSaqueGanado" : 15,
    "winnerDobleFalta" : 2,
    "winnerServingPoints" : 116,
    "winnerServingGames" : 16,
    "loserAces" : 0,
    "loserPrimerSaqueDentro" : 55,
    "loserPrimerSaqueGanado" : 35,
    "loserSegundoSaqueGanado" : 18,
    "loserDobleFalta" : 5,
    "loserServingPoints" : 100,
    "loserServingGames" : 15
  } ]
}