{
  "nombre" : "Eric Butorac",
  "mano" : "L",
  "nacionalidad" : "USA",
  "edad" : 28.9472963723,
  "ganar1Saque" : 0.7221169918775558,
  "ganar2Saque" : 0.4813021197915077,
  "primerSaque" : 0.6183911710977554,
  "segundoSaque" : 0.3108704462647438,
  "ganarPuntoSacando" : 0.5961733770445032,
  "ganarPuntoRestando" : 0.289556125731416,
  "probAce" : 0.055016182363033295,
  "clay" : {
    "nombre" : "Clay",
    "probVictoria" : 0.0,
    "probGanarPrimerSaque" : 0.6176470518112183,
    "probGanarSegundoSaque" : 0.4583333432674408,
    "probPrimerSaque" : 0.7083333134651184,
    "probSegundoSaque" : 0.25,
    "probGanarPuntoSacando" : 0.5520833185782621,
    "probGanarPuntoRestando" : 0.3456790170020875,
    "probAce" : 0.0
  },
  "grass" : {
    "nombre" : "Grass",
    "probVictoria" : 0.0,
    "probGanarPrimerSaque" : 0.8888888955116272,
    "probGanarSegundoSaque" : 0.4285714328289032,
    "probPrimerSaque" : 0.6136363744735718,
    "probSegundoSaque" : 0.3181818127632141,
    "probGanarPuntoSacando" : 0.681818194547601,
    "probGanarPuntoRestando" : 0.14893619567155836,
    "probAce" : 0.0
  },
  "hard" : {
    "nombre" : "Hard",
    "probVictoria" : 0.3333333432674408,
    "probGanarPrimerSaque" : 0.690966010093689,
    "probGanarSegundoSaque" : 0.5191518515348434,
    "probPrimerSaque" : 0.5757974982261658,
    "probSegundoSaque" : 0.33764998614788055,
    "probGanarPuntoSacando" : 0.5731481154506481,
    "probGanarPuntoRestando" : 0.331804645126009,
    "probAce" : 0.0
  },
  "other" : {
    "nombre" : "Other",
    "probVictoria" : 0.0,
    "probGanarPrimerSaque" : 0.0,
    "probGanarSegundoSaque" : 0.0,
    "probPrimerSaque" : 0.0,
    "probSegundoSaque" : 0.0,
    "probGanarPuntoSacando" : 0.0,
    "probGanarPuntoRestando" : 0.0,
    "probAce" : 0.0
  },
  "partidos" : [ {
    "torneo" : "Munich Q",
    "fecha" : "20100502",
    "superficie" : "Clay",
    "resultado" : "4-6 6-3 6-3",
    "contrincante" : "David Thurner",
    "ganador" : false,
    "winnerAces" : 3,
    "winnerPrimerSaqueDentro" : 49,
    "winnerPrimerSaqueGanado" : 38,
    "winnerSegundoSaqueGanado" : 15,
    "winnerDobleFalta" : 1,
    "winnerServingPoints" : 81,
    "winnerServingGames" : 14,
    "loserAces" : 2,
    "loserPrimerSaqueDentro" : 68,
    "loserPrimerSaqueGanado" : 42,
    "loserSegundoSaqueGanado" : 11,
    "loserDobleFalta" : 4,
    "loserServingPoints" : 96,
    "loserServingGames" : 14
  }, {
    "torneo" : "s-Hertogenbosch Q",
    "fecha" : "20100613",
    "superficie" : "Grass",
    "resultado" : "6-3 6-4",
    "contrincante" : "Scott Lipsky",
    "ganador" : false,
    "winnerAces" : 7,
    "winnerPrimerSaqueDentro" : 32,
    "winnerPrimerSaqueGanado" : 28,
    "winnerSegundoSaqueGanado" : 12,
    "winnerDobleFalta" : 0,
    "winnerServingPoints" : 47,
    "winnerServingGames" : 10,
    "loserAces" : 7,
    "loserPrimerSaqueDentro" : 27,
    "loserPrimerSaqueGanado" : 24,
    "loserSegundoSaqueGanado" : 6,
    "loserDobleFalta" : 3,
    "loserServingPoints" : 44,
    "loserServingGames" : 9
  }, {
    "torneo" : "Johannesburg Q",
    "fecha" : "20100201",
    "superficie" : "Hard",
    "resultado" : "6-7(4) 6-2 7-5",
    "contrincante" : "Nicolaas Scholtz",
    "ganador" : true,
    "winnerAces" : 7,
    "winnerPrimerSaqueDentro" : 52,
    "winnerPrimerSaqueGanado" : 38,
    "winnerSegundoSaqueGanado" : 32,
    "winnerDobleFalta" : 7,
    "winnerServingPoints" : 102,
    "winnerServingGames" : 16,
    "loserAces" : 15,
    "loserPrimerSaqueDentro" : 54,
    "loserPrimerSaqueGanado" : 44,
    "loserSegundoSaqueGanado" : 15,
    "loserDobleFalta" : 4,
    "loserServingPoints" : 89,
    "loserServingGames" : 16
  }, {
    "torneo" : "Johannesburg Q",
    "fecha" : "20100201",
    "superficie" : "Hard",
    "resultado" : " W/O",
    "contrincante" : "Fritz Wolmarans",
    "ganador" : false,
    "winnerAces" : 0,
    "winnerPrimerSaqueDentro" : 0,
    "winnerPrimerSaqueGanado" : 0,
    "winnerSegundoSaqueGanado" : 0,
    "winnerDobleFalta" : 0,
    "winnerServingPoints" : 0,
    "winnerServingGames" : 0,
    "loserAces" : 0,
    "loserPrimerSaqueDentro" : 0,
    "loserPrimerSaqueGanado" : 0,
    "loserSegundoSaqueGanado" : 0,
    "loserDobleFalta" : 0,
    "loserServingPoints" : 0,
    "loserServingGames" : 0
  }, {
    "torneo" : "Metz Q",
    "fecha" : "20100920",
    "superficie" : "Hard",
    "resultado" : "6-4 6-3",
    "contrincante" : "Denis Matsukevitch",
    "ganador" : false,
    "winnerAces" : 2,
    "winnerPrimerSaqueDentro" : 39,
    "winnerPrimerSaqueGanado" : 29,
    "winnerSegundoSaqueGanado" : 4,
    "winnerDobleFalta" : 1,
    "winnerServingPoints" : 49,
    "winnerServingGames" : 9,
    "loserAces" : 1,
    "loserPrimerSaqueDentro" : 43,
    "loserPrimerSaqueGanado" : 28,
    "loserSegundoSaqueGanado" : 5,
    "loserDobleFalta" : 7,
    "loserServingPoints" : 67,
    "loserServingGames" : 10
  } ]
}