{
  "nombre" : "Fritz Wolmarans",
  "mano" : "U",
  "nacionalidad" : "RSA",
  "edad" : 23.9069130732,
  "ganar1Saque" : 0.6991507439386278,
  "ganar2Saque" : 0.5854782252794221,
  "primerSaque" : 0.6956627709524972,
  "segundoSaque" : 0.27352772582144963,
  "ganarPuntoSacando" : 0.6465176713205043,
  "ganarPuntoRestando" : 0.33495263790725066,
  "probAce" : 0.12217514216899872,
  "clay" : {
    "nombre" : "Clay",
    "probVictoria" : 0.3333333432674408,
    "probGanarPrimerSaque" : 0.6470218499501547,
    "probGanarSegundoSaque" : 0.5874082346757253,
    "probPrimerSaque" : 0.6566326022148132,
    "probSegundoSaque" : 0.31457700332005817,
    "probGanarPuntoSacando" : 0.6096407632124277,
    "probGanarPuntoRestando" : 0.3123654555248733,
    "probAce" : 0.0
  },
  "grass" : {
    "nombre" : "Grass",
    "probVictoria" : 0.5,
    "probGanarPrimerSaque" : 1.4969696998596191,
    "probGanarSegundoSaque" : 0.715106725692749,
    "probPrimerSaque" : 0.612500011920929,
    "probSegundoSaque" : 0.37215909361839294,
    "probGanarPuntoSacando" : 1.1830274298835164,
    "probGanarPuntoRestando" : 0.27560241266441743,
    "probAce" : 0.0
  },
  "hard" : {
    "nombre" : "Hard",
    "probVictoria" : 0.47058823704719543,
    "probGanarPrimerSaque" : 0.7027581483125687,
    "probGanarSegundoSaque" : 0.5689127859659493,
    "probPrimerSaque" : 0.713376272469759,
    "probSegundoSaque" : 0.25350206531584263,
    "probGanarPuntoSacando" : 0.6455515545179283,
    "probGanarPuntoRestando" : 0.3466065127593006,
    "probAce" : 0.0
  },
  "other" : {
    "nombre" : "Other",
    "probVictoria" : 0.0,
    "probGanarPrimerSaque" : 0.0,
    "probGanarSegundoSaque" : 0.0,
    "probPrimerSaque" : 0.0,
    "probSegundoSaque" : 0.0,
    "probGanarPuntoSacando" : 0.0,
    "probGanarPuntoRestando" : 0.0,
    "probAce" : 0.0
  },
  "partidos" : [ {
    "torneo" : "Johannesburg",
    "fecha" : "20100201",
    "superficie" : "Hard",
    "resultado" : "6-4 7-5",
    "contrincante" : "Bjorn Phau",
    "ganador" : false,
    "winnerAces" : 1,
    "winnerPrimerSaqueDentro" : 42,
    "winnerPrimerSaqueGanado" : 32,
    "winnerSegundoSaqueGanado" : 21,
    "winnerDobleFalta" : 3,
    "winnerServingPoints" : 77,
    "winnerServingGames" : 11,
    "loserAces" : 15,
    "loserPrimerSaqueDentro" : 47,
    "loserPrimerSaqueGanado" : 34,
    "loserSegundoSaqueGanado" : 9,
    "loserDobleFalta" : 2,
    "loserServingPoints" : 66,
    "loserServingGames" : 11
  }, {
    "torneo" : "Winnetka CH",
    "fecha" : "20100628",
    "superficie" : "Hard",
    "resultado" : "7-6(8) 6-4",
    "contrincante" : "Izak Van Der Merwe",
    "ganador" : true,
    "winnerAces" : 3,
    "winnerPrimerSaqueDentro" : 41,
    "winnerPrimerSaqueGanado" : 28,
    "winnerSegundoSaqueGanado" : 16,
    "winnerDobleFalta" : 3,
    "winnerServingPoints" : 67,
    "winnerServingGames" : 11,
    "loserAces" : 1,
    "loserPrimerSaqueDentro" : 38,
    "loserPrimerSaqueGanado" : 22,
    "loserSegundoSaqueGanado" : 20,
    "loserDobleFalta" : 2,
    "loserServingPoints" : 71,
    "loserServingGames" : 11
  }, {
    "torneo" : "Winnetka CH",
    "fecha" : "20100628",
    "superficie" : "Hard",
    "resultado" : "6-2 6-3",
    "contrincante" : "Lester Cook",
    "ganador" : false,
    "winnerAces" : 2,
    "winnerPrimerSaqueDentro" : 33,
    "winnerPrimerSaqueGanado" : 22,
    "winnerSegundoSaqueGanado" : 15,
    "winnerDobleFalta" : 1,
    "winnerServingPoints" : 54,
    "winnerServingGames" : 8,
    "loserAces" : 3,
    "loserPrimerSaqueDentro" : 38,
    "loserPrimerSaqueGanado" : 19,
    "loserSegundoSaqueGanado" : 9,
    "loserDobleFalta" : 4,
    "loserServingPoints" : 56,
    "loserServingGames" : 9
  }, {
    "torneo" : "Champaign CH",
    "fecha" : "20101115",
    "superficie" : "Hard",
    "resultado" : "1-6 6-3 6-4",
    "contrincante" : "Carsten Ball",
    "ganador" : true,
    "winnerAces" : 11,
    "winnerPrimerSaqueDentro" : 62,
    "winnerPrimerSaqueGanado" : 44,
    "winnerSegundoSaqueGanado" : 4,
    "winnerDobleFalta" : 5,
    "winnerServingPoints" : 77,
    "winnerServingGames" : 13,
    "loserAces" : 4,
    "loserPrimerSaqueDentro" : 54,
    "loserPrimerSaqueGanado" : 39,
    "loserSegundoSaqueGanado" : 5,
    "loserDobleFalta" : 2,
    "loserServingPoints" : 67,
    "loserServingGames" : 13
  }, {
    "torneo" : "Champaign CH",
    "fecha" : "20101115",
    "superficie" : "Hard",
    "resultado" : "6-3 7-6(3)",
    "contrincante" : "Nicholas Monroe",
    "ganador" : true,
    "winnerAces" : 3,
    "winnerPrimerSaqueDentro" : 43,
    "winnerPrimerSaqueGanado" : 33,
    "winnerSegundoSaqueGanado" : 14,
    "winnerDobleFalta" : 0,
    "winnerServingPoints" : 69,
    "winnerServingGames" : 11,
    "loserAces" : 1,
    "loserPrimerSaqueDentro" : 50,
    "loserPrimerSaqueGanado" : 34,
    "loserSegundoSaqueGanado" : 2,
    "loserDobleFalta" : 0,
    "loserServingPoints" : 59,
    "loserServingGames" : 10
  }, {
    "torneo" : "Champaign CH",
    "fecha" : "20101115",
    "superficie" : "Hard",
    "resultado" : "6-2 6-1",
    "contrincante" : "Alex Bogomolov Jr",
    "ganador" : false,
    "winnerAces" : 1,
    "winnerPrimerSaqueDentro" : 31,
    "winnerPrimerSaqueGanado" : 25,
    "winnerSegundoSaqueGanado" : 4,
    "winnerDobleFalta" : 0,
    "winnerServingPoints" : 38,
    "winnerServingGames" : 7,
    "loserAces" : 4,
    "loserPrimerSaqueDentro" : 32,
    "loserPrimerSaqueGanado" : 18,
    "loserSegundoSaqueGanado" : 1,
    "loserDobleFalta" : 0,
    "loserServingPoints" : 42,
    "loserServingGames" : 8
  }, {
    "torneo" : "Savannah CH",
    "fecha" : "20100503",
    "superficie" : "Clay",
    "resultado" : "7-6(5) 6-3",
    "contrincante" : "Ryler Deheart",
    "ganador" : false,
    "winnerAces" : 4,
    "winnerPrimerSaqueDentro" : 40,
    "winnerPrimerSaqueGanado" : 31,
    "winnerSegundoSaqueGanado" : 19,
    "winnerDobleFalta" : 2,
    "winnerServingPoints" : 66,
    "winnerServingGames" : 11,
    "loserAces" : 3,
    "loserPrimerSaqueDentro" : 46,
    "loserPrimerSaqueGanado" : 34,
    "loserSegundoSaqueGanado" : 13,
    "loserDobleFalta" : 3,
    "loserServingPoints" : 68,
    "loserServingGames" : 10
  }, {
    "torneo" : "Charlottesville CH",
    "fecha" : "20101101",
    "superficie" : "Hard",
    "resultado" : "6-3 6-7(2) 6-3",
    "contrincante" : "Izak Van Der Merwe",
    "ganador" : false,
    "winnerAces" : 15,
    "winnerPrimerSaqueDentro" : 65,
    "winnerPrimerSaqueGanado" : 54,
    "winnerSegundoSaqueGanado" : 15,
    "winnerDobleFalta" : 3,
    "winnerServingPoints" : 98,
    "winnerServingGames" : 16,
    "loserAces" : 9,
    "loserPrimerSaqueDentro" : 65,
    "loserPrimerSaqueGanado" : 49,
    "loserSegundoSaqueGanado" : 10,
    "loserDobleFalta" : 1,
    "loserServingPoints" : 81,
    "loserServingGames" : 14
  }, {
    "torneo" : "Sacramento CH",
    "fecha" : "20101004",
    "superficie" : "Hard",
    "resultado" : "7-6(2) 7-5",
    "contrincante" : "Ryan Sweeting",
    "ganador" : false,
    "winnerAces" : 4,
    "winnerPrimerSaqueDentro" : 54,
    "winnerPrimerSaqueGanado" : 39,
    "winnerSegundoSaqueGanado" : 11,
    "winnerDobleFalta" : 2,
    "winnerServingPoints" : 73,
    "winnerServingGames" : 12,
    "loserAces" : 11,
    "loserPrimerSaqueDentro" : 59,
    "loserPrimerSaqueGanado" : 40,
    "loserSegundoSaqueGanado" : 10,
    "loserDobleFalta" : 6,
    "loserServingPoints" : 82,
    "loserServingGames" : 12
  }, {
    "torneo" : "Baton Rouge CH",
    "fecha" : "20100412",
    "superficie" : "Hard",
    "resultado" : "6-4 6-4",
    "contrincante" : "Robert Kendrick",
    "ganador" : false,
    "winnerAces" : 9,
    "winnerPrimerSaqueDentro" : 37,
    "winnerPrimerSaqueGanado" : 28,
    "winnerSegundoSaqueGanado" : 16,
    "winnerDobleFalta" : 1,
    "winnerServingPoints" : 63,
    "winnerServingGames" : 10,
    "loserAces" : 4,
    "loserPrimerSaqueDentro" : 43,
    "loserPrimerSaqueGanado" : 29,
    "loserSegundoSaqueGanado" : 9,
    "loserDobleFalta" : 3,