{
  "nombre" : "George Bastl",
  "mano" : "R",
  "nacionalidad" : "SUI",
  "edad" : 35.356605065,
  "ganar1Saque" : 0.6548918315342495,
  "ganar2Saque" : 0.5320023053458759,
  "primerSaque" : 0.6049042365380696,
  "segundoSaque" : 0.3623465746641159,
  "ganarPuntoSacando" : 0.5889160564247344,
  "ganarPuntoRestando" : 0.3509089159806856,
  "probAce" : 0.03944315388798714,
  "clay" : {
    "nombre" : "Clay",
    "probVictoria" : 0.25,
    "probGanarPrimerSaque" : 0.6399593353271484,
    "probGanarSegundoSaque" : 0.5024777874350548,
    "probPrimerSaque" : 0.6041589379310608,
    "probSegundoSaque" : 0.36974335461854935,
    "probGanarPuntoSacando" : 0.5724249750978612,
    "probGanarPuntoRestando" : 0.36300466433824785,
    "probAce" : 0.0
  },
  "grass" : {
    "nombre" : "Grass",
    "probVictoria" : 0.0,
    "probGanarPrimerSaque" : 0.5333333611488342,
    "probGanarSegundoSaque" : 0.4545454680919647,
    "probPrimerSaque" : 0.6617646813392639,
    "probSegundoSaque" : 0.3235294222831726,
    "probGanarPuntoSacando" : 0.5000000144814845,
    "probGanarPuntoRestando" : 0.39682535829558485,
    "probAce" : 0.0
  },
  "hard" : {
    "nombre" : "Hard",
    "probVictoria" : 0.2222222238779068,
    "probGanarPrimerSaque" : 0.6750349932246738,
    "probGanarSegundoSaque" : 0.5537306285566754,
    "probPrimerSaque" : 0.5989176531632742,
    "probSegundoSaque" : 0.36337213383780587,
    "probGanarPuntoSacando" : 0.6055006540151969,
    "probGanarPuntoRestando" : 0.3404312008978912,
    "probAce" : 0.0
  },
  "other" : {
    "nombre" : "Other",
    "probVictoria" : 0.0,
    "probGanarPrimerSaque" : 0.0,
    "probGanarSegundoSaque" : 0.0,
    "probPrimerSaque" : 0.0,
    "probSegundoSaque" : 0.0,
    "probGanarPuntoSacando" : 0.0,
    "probGanarPuntoRestando" : 0.0,
    "probAce" : 0.0
  },
  "partidos" : [ {
    "torneo" : "Istanbul CH",
    "fecha" : "20100809",
    "superficie" : "Hard",
    "resultado" : "6-4 6-7(3) 7-6(9)",
    "contrincante" : "Dustin Brown",
    "ganador" : false,
    "winnerAces" : 22,
    "winnerPrimerSaqueDentro" : 82,
    "winnerPrimerSaqueGanado" : 63,
    "winnerSegundoSaqueGanado" : 28,
    "winnerDobleFalta" : 6,
    "winnerServingPoints" : 142,
    "winnerServingGames" : 17,
    "loserAces" : 2,
    "loserPrimerSaqueDentro" : 82,
    "loserPrimerSaqueGanado" : 56,
    "loserSegundoSaqueGanado" : 26,
    "loserDobleFalta" : 4,
    "loserServingPoints" : 124,
    "loserServingGames" : 17
  }, {
    "torneo" : "Izmir CH",
    "fecha" : "20100920",
    "superficie" : "Hard",
    "resultado" : "6-3 6-0",
    "contrincante" : "Andis Juska",
    "ganador" : true,
    "winnerAces" : 1,
    "winnerPrimerSaqueDentro" : 25,
    "winnerPrimerSaqueGanado" : 20,
    "winnerSegundoSaqueGanado" : 12,
    "winnerDobleFalta" : 0,
    "winnerServingPoints" : 41,
    "winnerServingGames" : 8,
    "loserAces" : 2,
    "loserPrimerSaqueDentro" : 37,
    "loserPrimerSaqueGanado" : 21,
    "loserSegundoSaqueGanado" : 8,
    "loserDobleFalta" : 8,
    "loserServingPoints" : 61,
    "loserServingGames" : 7
  }, {
    "torneo" : "Izmir CH",
    "fecha" : "20100920",
    "superficie" : "Hard",
    "resultado" : "6-3 6-2",
    "contrincante" : "Stephane Bohli",
    "ganador" : false,
    "winnerAces" : 3,
    "winnerPrimerSaqueDentro" : 30,
    "winnerPrimerSaqueGanado" : 27,
    "winnerSegundoSaqueGanado" : 9,
    "winnerDobleFalta" : 4,
    "winnerServingPoints" : 49,
    "winnerServingGames" : 9,
    "loserAces" : 0,
    "loserPrimerSaqueDentro" : 24,
    "loserPrimerSaqueGanado" : 15,
    "loserSegundoSaqueGanado" : 12,
    "loserDobleFalta" : 3,
    "loserServingPoints" : 51,
    "loserServingGames" : 8
  }, {
    "torneo" : "Recanati CH",
    "fecha" : "20100719",
    "superficie" : "Hard",
    "resultado" : "7-6(2) 6-3",
    "contrincante" : "Stephane Bohli",
    "ganador" : false,
    "winnerAces" : 8,
    "winnerPrimerSaqueDentro" : 28,
    "winnerPrimerSaqueGanado" : 24,
    "winnerSegundoSaqueGanado" : 19,
    "winnerDobleFalta" : 2,
    "winnerServingPoints" : 55,
    "winnerServingGames" : 10,
    "loserAces" : 4,
    "loserPrimerSaqueDentro" : 51,
    "loserPrimerSaqueGanado" : 30,
    "loserSegundoSaqueGanado" : 13,
    "loserDobleFalta" : 2,
    "loserServingPoints" : 73,
    "loserServingGames" : 11
  }, {
    "torneo" : "St. Remy CH",
    "fecha" : "20100906",
    "superficie" : "Hard",
    "resultado" : "4-6 6-4 6-4",
    "contrincante" : "Conor Niland",
    "ganador" : false,
    "winnerAces" : 2,
    "winnerPrimerSaqueDentro" : 70,
    "winnerPrimerSaqueGanado" : 47,
    "winnerSegundoSaqueGanado" : 18,
    "winnerDobleFalta" : 3,
    "winnerServingPoints" : 105,
    "winnerServingGames" : 15,
    "loserAces" : 0,
    "loserPrimerSaqueDentro" : 58,
    "loserPrimerSaqueGanado" : 37,
    "loserSegundoSaqueGanado" : 18,
    "loserDobleFalta" : 5,
    "loserServingPoints" : 93,
    "loserServingGames" : 15
  }, {
    "torneo" : "Pozoblanco CH",
    "fecha" : "20100705",
    "superficie" : "Hard",
    "resultado" : "6-4 6-3",
    "contrincante" : "Stephane Bohli",
    "ganador" : false,
    "winnerAces" : 10,
    "winnerPrimerSaqueDentro" : 23,
    "winnerPrimerSaqueGanado" : 19,
    "winnerSegundoSaqueGanado" : 15,
    "winnerDobleFalta" : 1,
    "winnerServingPoints" : 45,
    "winnerServingGames" : 9,
    "loserAces" : 5,
    "loserPrimerSaqueDentro" : 33,
    "loserPrimerSaqueGanado" : 20,
    "loserSegundoSaqueGanado" : 13,
    "loserDobleFalta" : 1,
    "loserServingPoints" : 59,
    "loserServingGames" : 10
  }, {
    "torneo" : "Casablanca Q",
    "fecha" : "20100405",
    "superficie" : "Clay",
    "resultado" : "6-2 6-4",
    "contrincante" : "Talal Ouahabi",
    "ganador" : false,
    "winnerAces" : 1,
    "winnerPrimerSaqueDentro" : 42,
    "winnerPrimerSaqueGanado" : 28,
    "winnerSegundoSaqueGanado" : 14,
    "winnerDobleFalta" : 7,
    "winnerServingPoints" : 69,
    "winnerServingGames" : 9,
    "loserAces" : 2,
    "loserPrimerSaqueDentro" : 24,
    "loserPrimerSaqueGanado" : 14,
    "loserSegundoSaqueGanado" : 12,
    "loserDobleFalta" : 1,
    "loserServingPoints" : 49,
    "loserServingGames" : 9
  }, {
    "torneo" : "Johannesburg Q",
    "fecha" : "20100201",
    "superficie" : "Hard",
    "resultado" : "6-4 6-0",
    "contrincante" : "James Cerretani",
    "ganador" : true,
    "winnerAces" : 0,
    "winnerPrimerSaqueDentro" : 27,
    "winnerPrimerSaqueGanado" : 22,
    "winnerSegundoSaqueGanado" : 8,
    "winnerDobleFalta" : 4,
    "winnerServingPoints" : 46,
    "winnerServingGames" : 8,
    "loserAces" : 2,
    "loserPrimerSaqueDentro" : 30,
    "loserPrimerSaqueGanado" : 13,
    "loserSegundoSaqueGanado" : 5,
    "loserDobleFalta" : 3,
    "loserServingPoints" : 44,
    "loserServingGames" : 8
  }, {
    "torneo" : "Johannesburg Q",
    "fecha" : "20100201",
    "superficie" : "Hard",
    "resultado" : "6-2 6-2",
    "contrincante" : "Filip Prpic",
    "ganador" : false,
    "winnerAces" : 5,
    "winnerPrimerSaqueDentro" : 22,
    "winnerPrimerSaqueGanado" : 20,
    "winnerSegundoSaqueGanado" : 12,
    "winnerDobleFalta" : 0,
    "winnerServingPoints" : 36,
    "winnerServingGames" : 8,
    "loserAces" : 4,
    "loserPrimerSaqueDentro" : 22,
    "loserPrimerSaqueGanado" : 17,
    "loserSegundoSaqueGanado" : 4,
    "loserDobleFalta" : 2,
    "loserServingPoints" : 42,
    "loserServingGames" : 8
  }, {
    "torneo" : "Eastbourne Q",
    "fecha" : "20100613",
    "superficie" : "Grass",
    "resultado" : "6-4 6-2",
    "contrincante" : "Marcus Willis",
    "ganador" : false,
    "winnerAces" : 7,
    "winnerPrimerSaqueDentro" : 41,
    "winnerPrimerSaqueGanado" : 27,
    "winnerSegundoSaqueGanado" : 11,
    "winnerDobleFalta" : 3,
    "winnerServingPoints" : 63,
    "winnerServingGames" : 9,
    "loserAces" : 4,
    "loserPrimerSaqueDentro" : 45,
    "loserPrimerSaqueGanado" : 24,
    "loserSegundoSaqueGanado" : 10,
    "loserDobleFalta" : 1,
    "loserServingPoints" : 68,