{
  "nombre" : "Haydn Lewis",
  "mano" : "U",
  "nacionalidad" : "BAR",
  "edad" : 24.2546201232,
  "ganar1Saque" : 0.727604329586029,
  "ganar2Saque" : 0.5768382400274277,
  "primerSaque" : 0.631793275475502,
  "segundoSaque" : 0.3338484987616539,
  "ganarPuntoSacando" : 0.6522721031007853,
  "ganarPuntoRestando" : 0.32065231504243696,
  "probAce" : 0.06959707289934158,
  "clay" : {
    "nombre" : "Clay",
    "probVictoria" : 0.0,
    "probGanarPrimerSaque" : 0.761904776096344,
    "probGanarSegundoSaque" : 0.625,
    "probPrimerSaque" : 0.5163934230804443,
    "probSegundoSaque" : 0.4590163826942444,
    "probGanarPuntoSacando" : 0.6803278545736333,
    "probGanarPuntoRestando" : 0.3309859270608466,
    "probAce" : 0.0
  },
  "grass" : {
    "nombre" : "Grass",
    "probVictoria" : 0.0,
    "probGanarPrimerSaque" : 0.699999988079071,
    "probGanarSegundoSaque" : 0.4117647111415863,
    "probPrimerSaque" : 0.6557376980781555,
    "probSegundoSaque" : 0.2786885201931,
    "probGanarPuntoSacando" : 0.5737704788534943,
    "probGanarPuntoRestando" : 0.29090906184826126,
    "probAce" : 0.0
  },
  "hard" : {
    "nombre" : "Hard",
    "probVictoria" : 0.5,
    "probGanarPrimerSaque" : 0.7242562770843506,
    "probGanarSegundoSaque" : 0.6352941244840622,
    "probPrimerSaque" : 0.6775209903717041,
    "probSegundoSaque" : 0.2988445460796356,
    "probGanarPuntoSacando" : 0.6805530143916116,
    "probGanarPuntoRestando" : 0.33035713563032,
    "probAce" : 0.0
  },
  "other" : {
    "nombre" : "Other",
    "probVictoria" : 0.0,
    "probGanarPrimerSaque" : 0.0,
    "probGanarSegundoSaque" : 0.0,
    "probPrimerSaque" : 0.0,
    "probSegundoSaque" : 0.0,
    "probGanarPuntoSacando" : 0.0,
    "probGanarPuntoRestando" : 0.0,
    "probAce" : 0.0
  },
  "partidos" : [ {
    "torneo" : "Houston Q",
    "fecha" : "20100405",
    "superficie" : "Clay",
    "resultado" : "6-7(9) 7-6(12) 6-3",
    "contrincante" : "Fritz Wolmarans",
    "ganador" : false,
    "winnerAces" : 14,
    "winnerPrimerSaqueDentro" : 89,
    "winnerPrimerSaqueGanado" : 60,
    "winnerSegundoSaqueGanado" : 35,
    "winnerDobleFalta" : 6,
    "winnerServingPoints" : 142,
    "winnerServingGames" : 17,
    "loserAces" : 8,
    "loserPrimerSaqueDentro" : 63,
    "loserPrimerSaqueGanado" : 48,
    "loserSegundoSaqueGanado" : 35,
    "loserDobleFalta" : 3,
    "loserServingPoints" : 122,
    "loserServingGames" : 16
  }, {
    "torneo" : "Atlanta Q",
    "fecha" : "20100719",
    "superficie" : "Hard",
    "resultado" : "6-0 6-3",
    "contrincante" : "Niko Karagiannis",
    "ganador" : true,
    "winnerAces" : 4,
    "winnerPrimerSaqueDentro" : 23,
    "winnerPrimerSaqueGanado" : 20,
    "winnerSegundoSaqueGanado" : 8,
    "winnerDobleFalta" : 1,
    "winnerServingPoints" : 34,
    "winnerServingGames" : 7,
    "loserAces" : 2,
    "loserPrimerSaqueDentro" : 23,
    "loserPrimerSaqueGanado" : 12,
    "loserSegundoSaqueGanado" : 5,
    "loserDobleFalta" : 4,
    "loserServingPoints" : 40,
    "loserServingGames" : 8
  }, {
    "torneo" : "Atlanta Q",
    "fecha" : "20100719",
    "superficie" : "Hard",
    "resultado" : "6-2 6-2",
    "contrincante" : "Gilles Muller",
    "ganador" : false,
    "winnerAces" : 4,
    "winnerPrimerSaqueDentro" : 17,
    "winnerPrimerSaqueGanado" : 16,
    "winnerSegundoSaqueGanado" : 16,
    "winnerDobleFalta" : 0,
    "winnerServingPoints" : 35,
    "winnerServingGames" : 8,
    "loserAces" : 3,
    "loserPrimerSaqueDentro" : 38,
    "loserPrimerSaqueGanado" : 22,
    "loserSegundoSaqueGanado" : 8,
    "loserDobleFalta" : 1,
    "loserServingPoints" : 56,
    "loserServingGames" : 8
  }, {
    "torneo" : "Eastbourne Q",
    "fecha" : "20100613",
    "superficie" : "Grass",
    "resultado" : "6-2 6-4",
    "contrincante" : "Kei Nishikori",
    "ganador" : false,
    "winnerAces" : 4,
    "winnerPrimerSaqueDentro" : 33,
    "winnerPrimerSaqueGanado" : 24,
    "winnerSegundoSaqueGanado" : 15,
    "winnerDobleFalta" : 3,
    "winnerServingPoints" : 55,
    "winnerServingGames" : 9,
    "loserAces" : 4,
    "loserPrimerSaqueDentro" : 40,
    "loserPrimerSaqueGanado" : 28,
    "loserSegundoSaqueGanado" : 7,
    "loserDobleFalta" : 4,
    "loserServingPoints" : 61,
    "loserServingGames" : 9
  } ]
}