{
  "nombre" : "Henri Kontinen",
  "mano" : "R",
  "nacionalidad" : "FIN",
  "edad" : 19.9863107461,
  "ganar1Saque" : 0.7012660544026982,
  "ganar2Saque" : 0.5693339732560244,
  "primerSaque" : 0.6119052185253664,
  "segundoSaque" : 0.3404628018086607,
  "ganarPuntoSacando" : 0.6229453979633077,
  "ganarPuntoRestando" : 0.35533792454242685,
  "probAce" : 0.0947580635547638,
  "clay" : {
    "nombre" : "Clay",
    "probVictoria" : 0.3333333432674408,
    "probGanarPrimerSaque" : 0.7111701567967733,
    "probGanarSegundoSaque" : 0.7159872651100159,
    "probPrimerSaque" : 0.6152249177296957,
    "probSegundoSaque" : 0.3586563964684804,
    "probGanarPuntoSacando" : 0.6943230136287906,
    "probGanarPuntoRestando" : 0.34878963377689604,
    "probAce" : 0.0
  },
  "grass" : {
    "nombre" : "Grass",
    "probVictoria" : 0.5,
    "probGanarPrimerSaque" : 1.363721787929535,
    "probGanarSegundoSaque" : 0.4618055522441864,
    "probPrimerSaque" : 0.5261597782373428,
    "probSegundoSaque" : 0.3855670094490051,
    "probGanarPuntoSacando" : 0.895592539240174,
    "probGanarPuntoRestando" : 0.29052685223898134,
    "probAce" : 0.0
  },
  "hard" : {
    "nombre" : "Hard",
    "probVictoria" : 0.4285714328289032,
    "probGanarPrimerSaque" : 0.6774455883673259,
    "probGanarSegundoSaque" : 0.55288165807724,
    "probPrimerSaque" : 0.6265456889356885,
    "probSegundoSaque" : 0.3307446464896202,
    "probGanarPuntoSacando" : 0.607313261431401,
    "probGanarPuntoRestando" : 0.36291166995355645,
    "probAce" : 0.0
  },
  "other" : {
    "nombre" : "Other",
    "probVictoria" : 0.3333333432674408,
    "probGanarPrimerSaque" : 0.8154609004656473,
    "probGanarSegundoSaque" : 0.5711437662442526,
    "probPrimerSaque" : 0.5974269509315491,
    "probSegundoSaque" : 0.33755112687746686,
    "probGanarPuntoSacando" : 0.6799685412738751,
    "probGanarPuntoRestando" : 0.3697494515916498,
    "probAce" : 0.0
  },
  "partidos" : [ {
    "torneo" : "s-Hertogenbosch",
    "fecha" : "20100613",
    "superficie" : "Grass",
    "resultado" : "7-5 2-6 7-6(5)",
    "contrincante" : "Dustin Brown",
    "ganador" : true,
    "winnerAces" : 9,
    "winnerPrimerSaqueDentro" : 56,
    "winnerPrimerSaqueGanado" : 41,
    "winnerSegundoSaqueGanado" : 22,
    "winnerDobleFalta" : 5,
    "winnerServingPoints" : 97,
    "winnerServingGames" : 16,
    "loserAces" : 14,
    "loserPrimerSaqueDentro" : 59,
    "loserPrimerSaqueGanado" : 48,
    "loserSegundoSaqueGanado" : 16,
    "loserDobleFalta" : 1,
    "loserServingPoints" : 94,
    "loserServingGames" : 16
  }, {
    "torneo" : "s-Hertogenbosch",
    "fecha" : "20100613",
    "superficie" : "Grass",
    "resultado" : "6-2 6-1",
    "contrincante" : "Benjamin Becker",
    "ganador" : false,
    "winnerAces" : 5,
    "winnerPrimerSaqueDentro" : 26,
    "winnerPrimerSaqueGanado" : 22,
    "winnerSegundoSaqueGanado" : 9,
    "winnerDobleFalta" : 1,
    "winnerServingPoints" : 42,
    "winnerServingGames" : 7,
    "loserAces" : 2,
    "loserPrimerSaqueDentro" : 19,
    "loserPrimerSaqueGanado" : 12,
    "loserSegundoSaqueGanado" : 5,
    "loserDobleFalta" : 5,
    "loserServingPoints" : 40,
    "loserServingGames" : 8
  }, {
    "torneo" : "Oberstaufen CH",
    "fecha" : "20100705",
    "superficie" : "Clay",
    "resultado" : "6-3 3-6 6-3",
    "contrincante" : "Andreas Haider Maurer",
    "ganador" : false,
    "winnerAces" : 9,
    "winnerPrimerSaqueDentro" : 56,
    "winnerPrimerSaqueGanado" : 47,
    "winnerSegundoSaqueGanado" : 14,
    "winnerDobleFalta" : 6,
    "winnerServingPoints" : 87,
    "winnerServingGames" : 14,
    "loserAces" : 3,
    "loserPrimerSaqueDentro" : 50,
    "loserPrimerSaqueGanado" : 34,
    "loserSegundoSaqueGanado" : 23,
    "loserDobleFalta" : 2,
    "loserServingPoints" : 86,
    "loserServingGames" : 13
  }, {
    "torneo" : "Rhodes CH",
    "fecha" : "20100426",
    "superficie" : "Hard",
    "resultado" : "6-3 6-1",
    "contrincante" : "Bjorn Phau",
    "ganador" : true,
    "winnerAces" : 1,
    "winnerPrimerSaqueDentro" : 21,
    "winnerPrimerSaqueGanado" : 15,
    "winnerSegundoSaqueGanado" : 14,
    "winnerDobleFalta" : 2,
    "winnerServingPoints" : 40,
    "winnerServingGames" : 8,
    "loserAces" : 1,
    "loserPrimerSaqueDentro" : 25,
    "loserPrimerSaqueGanado" : 16,
    "loserSegundoSaqueGanado" : 8,
    "loserDobleFalta" : 9,
    "loserServingPoints" : 53,
    "loserServingGames" : 8
  }, {
    "torneo" : "Rhodes CH",
    "fecha" : "20100426",
    "superficie" : "Hard",
    "resultado" : "6-4 6-1",
    "contrincante" : "Adrian Mannarino",
    "ganador" : true,
    "winnerAces" : 9,
    "winnerPrimerSaqueDentro" : 37,
    "winnerPrimerSaqueGanado" : 29,
    "winnerSegundoSaqueGanado" : 8,
    "winnerDobleFalta" : 1,
    "winnerServingPoints" : 52,
    "winnerServingGames" : 9,
    "loserAces" : 2,
    "loserPrimerSaqueDentro" : 24,
    "loserPrimerSaqueGanado" : 16,
    "loserSegundoSaqueGanado" : 10,
    "loserDobleFalta" : 5,
    "loserServingPoints" : 49,
    "loserServingGames" : 8
  }, {
    "torneo" : "Rhodes CH",
    "fecha" : "20100426",
    "superficie" : "Hard",
    "resultado" : "6-2 6-4",
    "contrincante" : "Rainer Schuettler",
    "ganador" : false,
    "winnerAces" : 1,
    "winnerPrimerSaqueDentro" : 31,
    "winnerPrimerSaqueGanado" : 20,
    "winnerSegundoSaqueGanado" : 10,
    "winnerDobleFalta" : 3,
    "winnerServingPoints" : 49,
    "winnerServingGames" : 9,
    "loserAces" : 3,
    "loserPrimerSaqueDentro" : 41,
    "loserPrimerSaqueGanado" : 24,
    "loserSegundoSaqueGanado" : 11,
    "loserDobleFalta" : 4,
    "loserServingPoints" : 72,
    "loserServingGames" : 9
  }, {
    "torneo" : "Helsinki CH",
    "fecha" : "20101122",
    "superficie" : "Hard",
    "resultado" : "7-6(5) 6-2",
    "contrincante" : "Ryan Harrison",
    "ganador" : true,
    "winnerAces" : 9,
    "winnerPrimerSaqueDentro" : 41,
    "winnerPrimerSaqueGanado" : 30,
    "winnerSegundoSaqueGanado" : 15,
    "winnerDobleFalta" : 4,
    "winnerServingPoints" : 71,
    "winnerServingGames" : 10,
    "loserAces" : 4,
    "loserPrimerSaqueDentro" : 51,
    "loserPrimerSaqueGanado" : 30,
    "loserSegundoSaqueGanado" : 21,
    "loserDobleFalta" : 5,
    "loserServingPoints" : 97,
    "loserServingGames" : 10
  }, {
    "torneo" : "Helsinki CH",
    "fecha" : "20101122",
    "superficie" : "Hard",
    "resultado" : "6-3 6-1",
    "contrincante" : "Dustin Brown",
    "ganador" : true,
    "winnerAces" : 9,
    "winnerPrimerSaqueDentro" : 22,
    "winnerPrimerSaqueGanado" : 21,
    "winnerSegundoSaqueGanado" : 11,
    "winnerDobleFalta" : 1,
    "winnerServingPoints" : 37,
    "winnerServingGames" : 8,
    "loserAces" : 3,
    "loserPrimerSaqueDentro" : 36,
    "loserPrimerSaqueGanado" : 21,
    "loserSegundoSaqueGanado" : 6,
    "loserDobleFalta" : 2,
    "loserServingPoints" : 53,
    "loserServingGames" : 8
  }, {
    "torneo" : "Helsinki CH",
    "fecha" : "20101122",
    "superficie" : "Hard",
    "resultado" : "7-6(4) 5-7 6-3",
    "contrincante" : "Adrian Mannarino",
    "ganador" : false,
    "winnerAces" : 8,
    "winnerPrimerSaqueDentro" : 72,
    "winnerPrimerSaqueGanado" : 50,
    "winnerSegundoSaqueGanado" : 21,
    "winnerDobleFalta" : 3,
    "winnerServingPoints" : 110,
    "winnerServingGames" : 17,
    "loserAces" : 19,
    "loserPrimerSaqueDentro" : 63,
    "loserPrimerSaqueGanado" : 49,
    "loserSegundoSaqueGanado" : 17,
    "loserDobleFalta" : 7,
    "loserServingPoints" : 107,
    "loserServingGames" : 16
  }, {
    "torneo" : "Salzburg CH",
    "fecha" : "20101115",
    "superficie" : "Hard",
    "resultado" : "6-2 7-5",
    "contrincante" : "Matthias Bachinger",
    "ganador" : false,
    "winnerAces" : 6,
    "winnerPrimerSaqueDentro" : 37,
    "winnerPrimerSaqueGanado" : 27,
    "winnerSegundoSaqueGanado" : 18,
    "winnerDobleFalta" : 1,
    "winnerServingPoints" : 62,
    "winnerServingGames" : 10,
    "loserAces" : 5,
    "loserPrimerSaqueDentro" : 35,