{
  "nombre" : "Hiroki Moriya",
  "mano" : "R",
  "nacionalidad" : "JPN",
  "edad" : 19.794661191,
  "ganar1Saque" : 0.639765294889609,
  "ganar2Saque" : 0.45918067668875057,
  "primerSaque" : 0.661988839507103,
  "segundoSaque" : 0.2962562044461568,
  "ganarPuntoSacando" : 0.5595526095517189,
  "ganarPuntoRestando" : 0.3592211525088121,
  "probAce" : 0.03474903479218483,
  "clay" : {
    "nombre" : "Clay",
    "probVictoria" : 0.0,
    "probGanarPrimerSaque" : 0.4950372278690338,
    "probGanarSegundoSaque" : 0.2651515230536461,
    "probPrimerSaque" : 0.7193094789981842,
    "probSegundoSaque" : 0.23721227794885635,
    "probGanarPuntoSacando" : 0.4189821672483442,
    "probGanarPuntoRestando" : 0.408070171847167,
    "probAce" : 0.0
  },
  "grass" : {
    "nombre" : "Grass",
    "probVictoria" : 0.0,
    "probGanarPrimerSaque" : 0.0,
    "probGanarSegundoSaque" : 0.0,
    "probPrimerSaque" : 0.0,
    "probSegundoSaque" : 0.0,
    "probGanarPuntoSacando" : 0.0,
    "probGanarPuntoRestando" : 0.0,
    "probAce" : 0.0
  },
  "hard" : {
    "nombre" : "Hard",
    "probVictoria" : 0.1666666716337204,
    "probGanarPrimerSaque" : 0.6214719464381536,
    "probGanarSegundoSaque" : 0.5074378276864687,
    "probPrimerSaque" : 0.6568181812763214,
    "probSegundoSaque" : 0.31869365523258847,
    "probGanarPuntoSacando" : 0.5699112896824485,
    "probGanarPuntoRestando" : 0.3394345030828608,
    "probAce" : 0.0
  },
  "other" : {
    "nombre" : "Other",
    "probVictoria" : 0.5,
    "probGanarPrimerSaque" : 0.7395693510770798,
    "probGanarSegundoSaque" : 0.48380952700972557,
    "probPrimerSaque" : 0.6410845071077347,
    "probSegundoSaque" : 0.2921219915151596,
    "probGanarPuntoSacando" : 0.6154578554513253,
    "probGanarPuntoRestando" : 0.36447661697856165,
    "probAce" : 0.0
  },
  "partidos" : [ {
    "torneo" : "Beijing CH",
    "fecha" : "20100802",
    "superficie" : "Hard",
    "resultado" : "6-3 6-4",
    "contrincante" : "Jose Rubin Statham",
    "ganador" : false,
    "winnerAces" : 3,
    "winnerPrimerSaqueDentro" : 46,
    "winnerPrimerSaqueGanado" : 35,
    "winnerSegundoSaqueGanado" : 3,
    "winnerDobleFalta" : 1,
    "winnerServingPoints" : 57,
    "winnerServingGames" : 10,
    "loserAces" : 1,
    "loserPrimerSaqueDentro" : 38,
    "loserPrimerSaqueGanado" : 25,
    "loserSegundoSaqueGanado" : 6,
    "loserDobleFalta" : 4,
    "loserServingPoints" : 56,
    "loserServingGames" : 9
  }, {
    "torneo" : "Toyota CH",
    "fecha" : "20101122",
    "superficie" : "Carpet",
    "resultado" : "6-1 7-6(8)",
    "contrincante" : "Arata Onozawa",
    "ganador" : true,
    "winnerAces" : 7,
    "winnerPrimerSaqueDentro" : 46,
    "winnerPrimerSaqueGanado" : 36,
    "winnerSegundoSaqueGanado" : 16,
    "winnerDobleFalta" : 2,
    "winnerServingPoints" : 69,
    "winnerServingGames" : 10,
    "loserAces" : 9,
    "loserPrimerSaqueDentro" : 51,
    "loserPrimerSaqueGanado" : 38,
    "loserSegundoSaqueGanado" : 11,
    "loserDobleFalta" : 3,
    "loserServingPoints" : 82,
    "loserServingGames" : 9
  }, {
    "torneo" : "Toyota CH",
    "fecha" : "20101122",
    "superficie" : "Carpet",
    "resultado" : "6-1 6-4",
    "contrincante" : "Tatsuma Ito",
    "ganador" : false,
    "winnerAces" : 8,
    "winnerPrimerSaqueDentro" : 36,
    "winnerPrimerSaqueGanado" : 29,
    "winnerSegundoSaqueGanado" : 8,
    "winnerDobleFalta" : 1,
    "winnerServingPoints" : 53,
    "winnerServingGames" : 9,
    "loserAces" : 0,
    "loserPrimerSaqueDentro" : 33,
    "loserPrimerSaqueGanado" : 23,
    "loserSegundoSaqueGanado" : 6,
    "loserDobleFalta" : 5,
    "loserServingPoints" : 56,
    "loserServingGames" : 8
  }, {
    "torneo" : "Astana CH",
    "fecha" : "20100823",
    "superficie" : "Hard",
    "resultado" : "4-6 6-2 6-4",
    "contrincante" : "Amir Weintraub",
    "ganador" : false,
    "winnerAces" : 3,
    "winnerPrimerSaqueDentro" : 53,
    "winnerPrimerSaqueGanado" : 32,
    "winnerSegundoSaqueGanado" : 13,
    "winnerDobleFalta" : 1,
    "winnerServingPoints" : 80,
    "winnerServingGames" : 14,
    "loserAces" : 1,
    "loserPrimerSaqueDentro" : 62,
    "loserPrimerSaqueGanado" : 33,
    "loserSegundoSaqueGanado" : 10,
    "loserDobleFalta" : 0,
    "loserServingPoints" : 84,
    "loserServingGames" : 14
  }, {
    "torneo" : "Karshi CH",
    "fecha" : "20100816",
    "superficie" : "Hard",
    "resultado" : "6-1 6-4",
    "contrincante" : "Vishnu Vardhan",
    "ganador" : false,
    "winnerAces" : 12,
    "winnerPrimerSaqueDentro" : 29,
    "winnerPrimerSaqueGanado" : 25,
    "winnerSegundoSaqueGanado" : 11,
    "winnerDobleFalta" : 2,
    "winnerServingPoints" : 47,
    "winnerServingGames" : 9,
    "loserAces" : 1,
    "loserPrimerSaqueDentro" : 25,
    "loserPrimerSaqueGanado" : 12,
    "loserSegundoSaqueGanado" : 15,
    "loserDobleFalta" : 1,
    "loserServingPoints" : 48,
    "loserServingGames" : 8
  }, {
    "torneo" : "Burnie CH",
    "fecha" : "20100201",
    "superficie" : "Hard",
    "resultado" : "6-2 6-4",
    "contrincante" : "John Millman",
    "ganador" : false,
    "winnerAces" : 3,
    "winnerPrimerSaqueDentro" : 39,
    "winnerPrimerSaqueGanado" : 25,
    "winnerSegundoSaqueGanado" : 8,
    "winnerDobleFalta" : 4,
    "winnerServingPoints" : 57,
    "winnerServingGames" : 9,
    "loserAces" : 0,
    "loserPrimerSaqueDentro" : 28,
    "loserPrimerSaqueGanado" : 17,
    "loserSegundoSaqueGanado" : 5,
    "loserDobleFalta" : 1,
    "loserServingPoints" : 50,
    "loserServingGames" : 9
  }, {
    "torneo" : "Kyoto CH",
    "fecha" : "20100308",
    "superficie" : "Carpet",
    "resultado" : "4-6 6-3 6-2",
    "contrincante" : "Hiroki Kondo",
    "ganador" : true,
    "winnerAces" : 4,
    "winnerPrimerSaqueDentro" : 59,
    "winnerPrimerSaqueGanado" : 41,
    "winnerSegundoSaqueGanado" : 16,
    "winnerDobleFalta" : 4,
    "winnerServingPoints" : 88,
    "winnerServingGames" : 14,
    "loserAces" : 9,
    "loserPrimerSaqueDentro" : 57,
    "loserPrimerSaqueGanado" : 32,
    "loserSegundoSaqueGanado" : 21,
    "loserDobleFalta" : 3,
    "loserServingPoints" : 95,
    "loserServingGames" : 13
  }, {
    "torneo" : "Kyoto CH",
    "fecha" : "20100308",
    "superficie" : "Carpet",
    "resultado" : "6-1 6-4",
    "contrincante" : "Tatsuma Ito",
    "ganador" : false,
    "winnerAces" : 5,
    "winnerPrimerSaqueDentro" : 38,
    "winnerPrimerSaqueGanado" : 31,
    "winnerSegundoSaqueGanado" : 11,
    "winnerDobleFalta" : 3,
    "winnerServingPoints" : 61,
    "winnerServingGames" : 9,
    "loserAces" : 4,
    "loserPrimerSaqueDentro" : 37,
    "loserPrimerSaqueGanado" : 29,
    "loserSegundoSaqueGanado" : 3,
    "loserDobleFalta" : 6,
    "loserServingPoints" : 58,
    "loserServingGames" : 8
  }, {
    "torneo" : "Tokyo Q",
    "fecha" : "20101004",
    "superficie" : "Hard",
    "resultado" : "6-3 1-6 7-6(6)",
    "contrincante" : "Ricardo Mello",
    "ganador" : true,
    "winnerAces" : 1,
    "winnerPrimerSaqueDentro" : 59,
    "winnerPrimerSaqueGanado" : 46,
    "winnerSegundoSaqueGanado" : 15,
    "winnerDobleFalta" : 2,
    "winnerServingPoints" : 89,
    "winnerServingGames" : 14,
    "loserAces" : 4,
    "loserPrimerSaqueDentro" : 65,
    "loserPrimerSaqueGanado" : 45,
    "loserSegundoSaqueGanado" : 19,
    "loserDobleFalta" : 1,
    "loserServingPoints" : 93,
    "loserServingGames" : 14
  }, {
    "torneo" : "Tokyo Q",
    "fecha" : "20101004",
    "superficie" : "Hard",
    "resultado" : "4-6 6-4 6-3",
    "contrincante" : "Rajeev Ram",
    "ganador" : false,
    "winnerAces" : 9,
    "winnerPrimerSaqueDentro" : 53,
    "winnerPrimerSaqueGanado" : 45,
    "winnerSegundoSaqueGanado" : 16,
    "winnerDobleFalta" : 11,
    "winnerServingPoints" : 87,
    "winnerServingGames" : 15,
    "loserAces" : 6,
    "loserPrimerSaqueDentro" : 64,
    "loserPrimerSaqueGanado" : 43,
    "loserSegundoSaqueGanado" : 12,
    "loserDobleFalta" : 1,
    "loserServingPoints" : 82,