{
  "nombre" : "Jan Mertl",
  "mano" : "R",
  "nacionalidad" : "CZE",
  "edad" : 28.4435318275,
  "ganar1Saque" : 0.686560682952404,
  "ganar2Saque" : 0.4716104567050934,
  "primerSaque" : 0.6321264654397964,
  "segundoSaque" : 0.3270501084625721,
  "ganarPuntoSacando" : 0.5882334288421198,
  "ganarPuntoRestando" : 0.3144344913538576,
  "probAce" : 0.07775768637657166,
  "clay" : {
    "nombre" : "Clay",
    "probVictoria" : 0.20000000298023224,
    "probGanarPrimerSaque" : 0.6390560269355774,
    "probGanarSegundoSaque" : 0.47791005969047545,
    "probPrimerSaque" : 0.6522443294525146,
    "probSegundoSaque" : 0.31300230622291564,
    "probGanarPuntoSacando" : 0.5664076206214339,
    "probGanarPuntoRestando" : 0.33945624520244455,
    "probAce" : 0.0
  },
  "grass" : {
    "nombre" : "Grass",
    "probVictoria" : 0.0,
    "probGanarPrimerSaque" : 0.0,
    "probGanarSegundoSaque" : 0.0,
    "probPrimerSaque" : 0.0,
    "probSegundoSaque" : 0.0,
    "probGanarPuntoSacando" : 0.0,
    "probGanarPuntoRestando" : 0.0,
    "probAce" : 0.0
  },
  "hard" : {
    "nombre" : "Hard",
    "probVictoria" : 0.0,
    "probGanarPrimerSaque" : 0.7319360077381134,
    "probGanarSegundoSaque" : 0.4166666716337204,
    "probPrimerSaque" : 0.6037773787975311,
    "probSegundoSaque" : 0.3296162337064743,
    "probGanarPuntoSacando" : 0.5792665032145667,
    "probGanarPuntoRestando" : 0.28629032707502766,
    "probAce" : 0.0
  },
  "other" : {
    "nombre" : "Other",
    "probVictoria" : 0.0,
    "probGanarPrimerSaque" : 0.8333333134651184,
    "probGanarSegundoSaque" : 0.550000011920929,
    "probPrimerSaque" : 0.5882353186607361,
    "probSegundoSaque" : 0.3921568691730499,
    "probGanarPuntoSacando" : 0.7058823699168126,
    "probGanarPuntoRestando" : 0.24561405066858266,
    "probAce" : 0.0
  },
  "partidos" : [ {
    "torneo" : "Bytom CH",
    "fecha" : "20100614",
    "superficie" : "Clay",
    "resultado" : "7-6(2) 6-2",
    "contrincante" : "Jorge Aguilar",
    "ganador" : false,
    "winnerAces" : 0,
    "winnerPrimerSaqueDentro" : 36,
    "winnerPrimerSaqueGanado" : 26,
    "winnerSegundoSaqueGanado" : 17,
    "winnerDobleFalta" : 4,
    "winnerServingPoints" : 66,
    "winnerServingGames" : 10,
    "loserAces" : 3,
    "loserPrimerSaqueDentro" : 40,
    "loserPrimerSaqueGanado" : 26,
    "loserSegundoSaqueGanado" : 11,
    "loserDobleFalta" : 1,
    "loserServingPoints" : 65,
    "loserServingGames" : 10
  }, {
    "torneo" : "Ostrava CH",
    "fecha" : "20100426",
    "superficie" : "Clay",
    "resultado" : "3-6 6-1 6-4",
    "contrincante" : "Roberto Bautista Agut",
    "ganador" : false,
    "winnerAces" : 1,
    "winnerPrimerSaqueDentro" : 68,
    "winnerPrimerSaqueGanado" : 41,
    "winnerSegundoSaqueGanado" : 13,
    "winnerDobleFalta" : 2,
    "winnerServingPoints" : 91,
    "winnerServingGames" : 13,
    "loserAces" : 4,
    "loserPrimerSaqueDentro" : 59,
    "loserPrimerSaqueGanado" : 36,
    "loserSegundoSaqueGanado" : 11,
    "loserDobleFalta" : 4,
    "loserServingPoints" : 90,
    "loserServingGames" : 13
  }, {
    "torneo" : "San Benedetto CH",
    "fecha" : "20100705",
    "superficie" : "Clay",
    "resultado" : "3-6 6-3 6-2",
    "contrincante" : "Benoit Paire",
    "ganador" : true,
    "winnerAces" : 3,
    "winnerPrimerSaqueDentro" : 48,
    "winnerPrimerSaqueGanado" : 34,
    "winnerSegundoSaqueGanado" : 11,
    "winnerDobleFalta" : 0,
    "winnerServingPoints" : 69,
    "winnerServingGames" : 13,
    "loserAces" : 2,
    "loserPrimerSaqueDentro" : 63,
    "loserPrimerSaqueGanado" : 36,
    "loserSegundoSaqueGanado" : 12,
    "loserDobleFalta" : 5,
    "loserServingPoints" : 87,
    "loserServingGames" : 13
  }, {
    "torneo" : "San Benedetto CH",
    "fecha" : "20100705",
    "superficie" : "Clay",
    "resultado" : "6-3 6-4",
    "contrincante" : "Daniel Gimeno Traver",
    "ganador" : false,
    "winnerAces" : 5,
    "winnerPrimerSaqueDentro" : 36,
    "winnerPrimerSaqueGanado" : 28,
    "winnerSegundoSaqueGanado" : 14,
    "winnerDobleFalta" : 2,
    "winnerServingPoints" : 57,
    "winnerServingGames" : 9,
    "loserAces" : 4,
    "loserPrimerSaqueDentro" : 41,
    "loserPrimerSaqueGanado" : 25,
    "loserSegundoSaqueGanado" : 11,
    "loserDobleFalta" : 2,
    "loserServingPoints" : 63,
    "loserServingGames" : 10
  }, {
    "torneo" : "Heilbronn CH",
    "fecha" : "20100125",
    "superficie" : "Hard",
    "resultado" : "6-1 7-5",
    "contrincante" : "Dieter Kindlmann",
    "ganador" : false,
    "winnerAces" : 5,
    "winnerPrimerSaqueDentro" : 35,
    "winnerPrimerSaqueGanado" : 28,
    "winnerSegundoSaqueGanado" : 14,
    "winnerDobleFalta" : 1,
    "winnerServingPoints" : 62,
    "winnerServingGames" : 10,
    "loserAces" : 10,
    "loserPrimerSaqueDentro" : 49,
    "loserPrimerSaqueGanado" : 32,
    "loserSegundoSaqueGanado" : 9,
    "loserDobleFalta" : 3,
    "loserServingPoints" : 79,
    "loserServingGames" : 9
  }, {
    "torneo" : "Ortisei CH",
    "fecha" : "20101108",
    "superficie" : "Carpet",
    "resultado" : "6-3 6-4",
    "contrincante" : "Simone Bolelli",
    "ganador" : false,
    "winnerAces" : 13,
    "winnerPrimerSaqueDentro" : 35,
    "winnerPrimerSaqueGanado" : 32,
    "winnerSegundoSaqueGanado" : 11,
    "winnerDobleFalta" : 1,
    "winnerServingPoints" : 57,
    "winnerServingGames" : 10,
    "loserAces" : 12,
    "loserPrimerSaqueDentro" : 30,
    "loserPrimerSaqueGanado" : 25,
    "loserSegundoSaqueGanado" : 11,
    "loserDobleFalta" : 1,
    "loserServingPoints" : 51,
    "loserServingGames" : 9
  }, {
    "torneo" : "Kazan CH",
    "fecha" : "20100201",
    "superficie" : "Hard",
    "resultado" : "6-3 7-6(4)",
    "contrincante" : "Yuri Schukin",
    "ganador" : false,
    "winnerAces" : 5,
    "winnerPrimerSaqueDentro" : 36,
    "winnerPrimerSaqueGanado" : 26,
    "winnerSegundoSaqueGanado" : 22,
    "winnerDobleFalta" : 1,
    "winnerServingPoints" : 64,
    "winnerServingGames" : 11,
    "loserAces" : 4,
    "loserPrimerSaqueDentro" : 37,
    "loserPrimerSaqueGanado" : 30,
    "loserSegundoSaqueGanado" : 10,
    "loserDobleFalta" : 6,
    "loserServingPoints" : 63,
    "loserServingGames" : 10
  }, {
    "torneo" : "Barcelona Q",
    "fecha" : "20100419",
    "superficie" : "Clay",
    "resultado" : "7-5 6-2",
    "contrincante" : "Albert Ramos",
    "ganador" : false,
    "winnerAces" : 4,
    "winnerPrimerSaqueDentro" : 39,
    "winnerPrimerSaqueGanado" : 30,
    "winnerSegundoSaqueGanado" : 10,
    "winnerDobleFalta" : 0,
    "winnerServingPoints" : 52,
    "winnerServingGames" : 10,
    "loserAces" : 3,
    "loserPrimerSaqueDentro" : 47,
    "loserPrimerSaqueGanado" : 29,
    "loserSegundoSaqueGanado" : 9,
    "loserDobleFalta" : 6,
    "loserServingPoints" : 73,
    "loserServingGames" : 10
  } ]
}