{
  "nombre" : "Jose Checa Calvo",
  "mano" : "L",
  "nacionalidad" : "ESP",
  "edad" : 25.6399726215,
  "ganar1Saque" : 0.6367977112531662,
  "ganar2Saque" : 0.49375251680612564,
  "primerSaque" : 0.6265034824609756,
  "segundoSaque" : 0.3231838122010231,
  "ganarPuntoSacando" : 0.5585288043885408,
  "ganarPuntoRestando" : 0.29207382551300276,
  "probAce" : 0.05588822439312935,
  "clay" : {
    "nombre" : "Clay",
    "probVictoria" : 0.4285714328289032,
    "probGanarPrimerSaque" : 0.6366576055685679,
    "probGanarSegundoSaque" : 0.5270235538482666,
    "probPrimerSaque" : 0.5991744597752889,
    "probSegundoSaque" : 0.3463205521305402,
    "probGanarPuntoSacando" : 0.5639880650329068,
    "probGanarPuntoRestando" : 0.3182591028124651,
    "probAce" : 0.0
  },
  "grass" : {
    "nombre" : "Grass",
    "probVictoria" : 0.0,
    "probGanarPrimerSaque" : 0.0,
    "probGanarSegundoSaque" : 0.0,
    "probPrimerSaque" : 0.0,
    "probSegundoSaque" : 0.0,
    "probGanarPuntoSacando" : 0.0,
    "probGanarPuntoRestando" : 0.0,
    "probAce" : 0.0
  },
  "hard" : {
    "nombre" : "Hard",
    "probVictoria" : 0.0,
    "probGanarPrimerSaque" : 0.6428571343421936,
    "probGanarSegundoSaque" : 0.3333333432674408,
    "probPrimerSaque" : 0.699999988079071,
    "probSegundoSaque" : 0.30000001192092896,
    "probGanarPuntoSacando" : 0.5499999933299566,
    "probGanarPuntoRestando" : 0.30508474523549345,
    "probAce" : 0.0
  },
  "other" : {
    "nombre" : "Other",
    "probVictoria" : 0.0,
    "probGanarPrimerSaque" : 0.6315789222717285,
    "probGanarSegundoSaque" : 0.4545454680919647,
    "probPrimerSaque" : 0.7169811129570007,
    "probSegundoSaque" : 0.2075471729040146,
    "probGanarPuntoSacando" : 0.5471697854693862,
    "probGanarPuntoRestando" : 0.12195124199373808,
    "probAce" : 0.0
  },
  "partidos" : [ {
    "torneo" : "Toyota CH",
    "fecha" : "20101122",
    "superficie" : "Carpet",
    "resultado" : "6-3 6-3",
    "contrincante" : "Alexander Sadecky",
    "ganador" : false,
    "winnerAces" : 14,
    "winnerPrimerSaqueDentro" : 28,
    "winnerPrimerSaqueGanado" : 26,
    "winnerSegundoSaqueGanado" : 10,
    "winnerDobleFalta" : 1,
    "winnerServingPoints" : 41,
    "winnerServingGames" : 9,
    "loserAces" : 2,
    "loserPrimerSaqueDentro" : 38,
    "loserPrimerSaqueGanado" : 24,
    "loserSegundoSaqueGanado" : 5,
    "loserDobleFalta" : 4,
    "loserServingPoints" : 53,
    "loserServingGames" : 9
  }, {
    "torneo" : "Cairo CH",
    "fecha" : "20100503",
    "superficie" : "Clay",
    "resultado" : "6-2 6-4",
    "contrincante" : "Gabriel Trujillo Soler",
    "ganador" : false,
    "winnerAces" : 0,
    "winnerPrimerSaqueDentro" : 0,
    "winnerPrimerSaqueGanado" : 0,
    "winnerSegundoSaqueGanado" : 0,
    "winnerDobleFalta" : 0,
    "winnerServingPoints" : 0,
    "winnerServingGames" : 0,
    "loserAces" : 0,
    "loserPrimerSaqueDentro" : 0,
    "loserPrimerSaqueGanado" : 0,
    "loserSegundoSaqueGanado" : 0,
    "loserDobleFalta" : 0,
    "loserServingPoints" : 0,
    "loserServingGames" : 0
  }, {
    "torneo" : "Tarragona CH",
    "fecha" : "20101004",
    "superficie" : "Clay",
    "resultado" : "1-6 6-2 6-1",
    "contrincante" : "Matteo Trevisan",
    "ganador" : true,
    "winnerAces" : 5,
    "winnerPrimerSaqueDentro" : 45,
    "winnerPrimerSaqueGanado" : 30,
    "winnerSegundoSaqueGanado" : 10,
    "winnerDobleFalta" : 4,
    "winnerServingPoints" : 63,
    "winnerServingGames" : 11,
    "loserAces" : 1,
    "loserPrimerSaqueDentro" : 42,
    "loserPrimerSaqueGanado" : 26,
    "loserSegundoSaqueGanado" : 6,
    "loserDobleFalta" : 3,
    "loserServingPoints" : 56,
    "loserServingGames" : 11
  }, {
    "torneo" : "Tarragona CH",
    "fecha" : "20101004",
    "superficie" : "Clay",
    "resultado" : "6-3 2-6 6-3",
    "contrincante" : "Daniel Munoz De La Nava",
    "ganador" : true,
    "winnerAces" : 5,
    "winnerPrimerSaqueDentro" : 54,
    "winnerPrimerSaqueGanado" : 37,
    "winnerSegundoSaqueGanado" : 23,
    "winnerDobleFalta" : 4,
    "winnerServingPoints" : 95,
    "winnerServingGames" : 13,
    "loserAces" : 3,
    "loserPrimerSaqueDentro" : 37,
    "loserPrimerSaqueGanado" : 28,
    "loserSegundoSaqueGanado" : 17,
    "loserDobleFalta" : 5,
    "loserServingPoints" : 69,
    "loserServingGames" : 13
  }, {
    "torneo" : "Tarragona CH",
    "fecha" : "20101004",
    "superficie" : "Clay",
    "resultado" : "6-1 6-1",
    "contrincante" : "Marcel Granollers",
    "ganador" : false,
    "winnerAces" : 5,
    "winnerPrimerSaqueDentro" : 23,
    "winnerPrimerSaqueGanado" : 22,
    "winnerSegundoSaqueGanado" : 6,
    "winnerDobleFalta" : 1,
    "winnerServingPoints" : 30,
    "winnerServingGames" : 7,
    "loserAces" : 0,
    "loserPrimerSaqueDentro" : 16,
    "loserPrimerSaqueGanado" : 7,
    "loserSegundoSaqueGanado" : 6,
    "loserDobleFalta" : 4,
    "loserServingPoints" : 38,
    "loserServingGames" : 7
  }, {
    "torneo" : "Bordeaux CH",
    "fecha" : "20100510",
    "superficie" : "Clay",
    "resultado" : "6-2 6-2",
    "contrincante" : "Benoit Paire",
    "ganador" : false,
    "winnerAces" : 6,
    "winnerPrimerSaqueDentro" : 32,
    "winnerPrimerSaqueGanado" : 27,
    "winnerSegundoSaqueGanado" : 5,
    "winnerDobleFalta" : 0,
    "winnerServingPoints" : 37,
    "winnerServingGames" : 8,
    "loserAces" : 0,
    "loserPrimerSaqueDentro" : 35,
    "loserPrimerSaqueGanado" : 20,
    "loserSegundoSaqueGanado" : 7,
    "loserDobleFalta" : 0,
    "loserServingPoints" : 52,
    "loserServingGames" : 8
  }, {
    "torneo" : "Casablanca Q",
    "fecha" : "20100405",
    "superficie" : "Clay",
    "resultado" : "6-1 6-4",
    "contrincante" : "David Skoch",
    "ganador" : true,
    "winnerAces" : 10,
    "winnerPrimerSaqueDentro" : 29,
    "winnerPrimerSaqueGanado" : 24,
    "winnerSegundoSaqueGanado" : 9,
    "winnerDobleFalta" : 3,
    "winnerServingPoints" : 49,
    "winnerServingGames" : 8,
    "loserAces" : 3,
    "loserPrimerSaqueDentro" : 40,
    "loserPrimerSaqueGanado" : 22,
    "loserSegundoSaqueGanado" : 9,
    "loserDobleFalta" : 9,
    "loserServingPoints" : 64,
    "loserServingGames" : 9
  }, {
    "torneo" : "Casablanca Q",
    "fecha" : "20100405",
    "superficie" : "Clay",
    "resultado" : "7-6(4) 2-6 6-2",
    "contrincante" : "Ivan Dodig",
    "ganador" : false,
    "winnerAces" : 3,
    "winnerPrimerSaqueDentro" : 53,
    "winnerPrimerSaqueGanado" : 35,
    "winnerSegundoSaqueGanado" : 17,
    "winnerDobleFalta" : 5,
    "winnerServingPoints" : 89,
    "winnerServingGames" : 14,
    "loserAces" : 3,
    "loserPrimerSaqueDentro" : 57,
    "loserPrimerSaqueGanado" : 36,
    "loserSegundoSaqueGanado" : 16,
    "loserDobleFalta" : 5,
    "loserServingPoints" : 91,
    "loserServingGames" : 14
  }, {
    "torneo" : "Australian Open Q",
    "fecha" : "20100118",
    "superficie" : "Hard",
    "resultado" : "6-3 6-2",
    "contrincante" : "Jesse Witten",
    "ganador" : false,
    "winnerAces" : 2,
    "winnerPrimerSaqueDentro" : 39,
    "winnerPrimerSaqueGanado" : 29,
    "winnerSegundoSaqueGanado" : 12,
    "winnerDobleFalta" : 3,
    "winnerServingPoints" : 59,
    "winnerServingGames" : 9,
    "loserAces" : 3,
    "loserPrimerSaqueDentro" : 42,
    "loserPrimerSaqueGanado" : 27,
    "loserSegundoSaqueGanado" : 6,
    "loserDobleFalta" : 0,
    "loserServingPoints" : 60,
    "loserServingGames" : 8
  } ]
}