{
  "nombre" : "Jose Rubin Statham",
  "mano" : "R",
  "nacionalidad" : "NZL",
  "edad" : 22.7159479808,
  "ganar1Saque" : 0.6649320721626282,
  "ganar2Saque" : 0.548096670916206,
  "primerSaque" : 0.6627657664449591,
  "segundoSaque" : 0.30169982659189326,
  "ganarPuntoSacando" : 0.6060548850117125,
  "ganarPuntoRestando" : 0.3966375361228391,
  "probAce" : 0.05949656665325165,
  "clay" : {
    "nombre" : "Clay",
    "probVictoria" : 0.3333333432674408,
    "probGanarPrimerSaque" : 0.6010496417681376,
    "probGanarSegundoSaque" : 0.5070788462956747,
    "probPrimerSaque" : 0.6258029739061991,
    "probSegundoSaque" : 0.33401264250278473,
    "probGanarPuntoSacando" : 0.5455093986922378,
    "probGanarPuntoRestando" : 0.3840215227008608,
    "probAce" : 0.0
  },
  "grass" : {
    "nombre" : "Grass",
    "probVictoria" : 0.0,
    "probGanarPrimerSaque" : 0.0,
    "probGanarSegundoSaque" : 0.0,
    "probPrimerSaque" : 0.0,
    "probSegundoSaque" : 0.0,
    "probGanarPuntoSacando" : 0.0,
    "probGanarPuntoRestando" : 0.0,
    "probAce" : 0.0
  },
  "hard" : {
    "nombre" : "Hard",
    "probVictoria" : 0.3333333432674408,
    "probGanarPrimerSaque" : 0.6959117452303568,
    "probGanarSegundoSaque" : 0.5660346920291582,
    "probPrimerSaque" : 0.6735146790742874,
    "probSegundoSaque" : 0.2930924780666828,
    "probGanarPuntoSacando" : 0.6346072863113886,
    "probGanarPuntoRestando" : 0.407908780469066,
    "probAce" : 0.0
  },
  "other" : {
    "nombre" : "Other",
    "probVictoria" : 0.0,
    "probGanarPrimerSaque" : 0.6764705777168274,
    "probGanarSegundoSaque" : 0.5789473652839661,
    "probPrimerSaque" : 0.7555555701255798,
    "probSegundoSaque" : 0.21111111342906952,
    "probGanarPuntoSacando" : 0.6333333359219422,
    "probGanarPuntoRestando" : 0.3370786844999851,
    "probAce" : 0.0
  },
  "partidos" : [ {
    "torneo" : "Auckland",
    "fecha" : "20100111",
    "superficie" : "Hard",
    "resultado" : "6-2 7-5",
    "contrincante" : "Daniel King Turner",
    "ganador" : true,
    "winnerAces" : 1,
    "winnerPrimerSaqueDentro" : 48,
    "winnerPrimerSaqueGanado" : 33,
    "winnerSegundoSaqueGanado" : 10,
    "winnerDobleFalta" : 4,
    "winnerServingPoints" : 73,
    "winnerServingGames" : 10,
    "loserAces" : 10,
    "loserPrimerSaqueDentro" : 47,
    "loserPrimerSaqueGanado" : 29,
    "loserSegundoSaqueGanado" : 10,
    "loserDobleFalta" : 3,
    "loserServingPoints" : 75,
    "loserServingGames" : 10
  }, {
    "torneo" : "Auckland",
    "fecha" : "20100111",
    "superficie" : "Hard",
    "resultado" : "7-6(6) 6-2",
    "contrincante" : "Albert Montanes",
    "ganador" : false,
    "winnerAces" : 1,
    "winnerPrimerSaqueDentro" : 36,
    "winnerPrimerSaqueGanado" : 29,
    "winnerSegundoSaqueGanado" : 21,
    "winnerDobleFalta" : 0,
    "winnerServingPoints" : 68,
    "winnerServingGames" : 10,
    "loserAces" : 5,
    "loserPrimerSaqueDentro" : 43,
    "loserPrimerSaqueGanado" : 31,
    "loserSegundoSaqueGanado" : 14,
    "loserDobleFalta" : 3,
    "loserServingPoints" : 70,
    "loserServingGames" : 10
  }, {
    "torneo" : "Carson CH",
    "fecha" : "20100524",
    "superficie" : "Hard",
    "resultado" : "7-5 1-6 6-4",
    "contrincante" : "Victor Estrella",
    "ganador" : false,
    "winnerAces" : 3,
    "winnerPrimerSaqueDentro" : 52,
    "winnerPrimerSaqueGanado" : 31,
    "winnerSegundoSaqueGanado" : 14,
    "winnerDobleFalta" : 3,
    "winnerServingPoints" : 79,
    "winnerServingGames" : 14,
    "loserAces" : 2,
    "loserPrimerSaqueDentro" : 56,
    "loserPrimerSaqueGanado" : 39,
    "loserSegundoSaqueGanado" : 17,
    "loserDobleFalta" : 4,
    "loserServingPoints" : 95,
    "loserServingGames" : 15
  }, {
    "torneo" : "Beijing CH",
    "fecha" : "20100802",
    "superficie" : "Hard",
    "resultado" : "6-3 6-4",
    "contrincante" : "Hiroki Moriya",
    "ganador" : true,
    "winnerAces" : 3,
    "winnerPrimerSaqueDentro" : 46,
    "winnerPrimerSaqueGanado" : 35,
    "winnerSegundoSaqueGanado" : 3,
    "winnerDobleFalta" : 1,
    "winnerServingPoints" : 57,
    "winnerServingGames" : 10,
    "loserAces" : 1,
    "loserPrimerSaqueDentro" : 38,
    "loserPrimerSaqueGanado" : 25,
    "loserSegundoSaqueGanado" : 6,
    "loserDobleFalta" : 4,
    "loserServingPoints" : 56,
    "loserServingGames" : 9
  }, {
    "torneo" : "Beijing CH",
    "fecha" : "20100802",
    "superficie" : "Hard",
    "resultado" : "6-4 6-1",
    "contrincante" : "Conor Niland",
    "ganador" : false,
    "winnerAces" : 2,
    "winnerPrimerSaqueDentro" : 32,
    "winnerPrimerSaqueGanado" : 23,
    "winnerSegundoSaqueGanado" : 12,
    "winnerDobleFalta" : 3,
    "winnerServingPoints" : 48,
    "winnerServingGames" : 9,
    "loserAces" : 0,
    "loserPrimerSaqueDentro" : 26,
    "loserPrimerSaqueGanado" : 11,
    "loserSegundoSaqueGanado" : 12,
    "loserDobleFalta" : 1,
    "loserServingPoints" : 47,
    "loserServingGames" : 8
  }, {
    "torneo" : "Savannah CH",
    "fecha" : "20100503",
    "superficie" : "Clay",
    "resultado" : "6-3 6-4",
    "contrincante" : "Nicholas Monroe",
    "ganador" : true,
    "winnerAces" : 6,
    "winnerPrimerSaqueDentro" : 50,
    "winnerPrimerSaqueGanado" : 35,
    "winnerSegundoSaqueGanado" : 10,
    "winnerDobleFalta" : 4,
    "winnerServingPoints" : 73,
    "winnerServingGames" : 10,
    "loserAces" : 1,
    "loserPrimerSaqueDentro" : 42,
    "loserPrimerSaqueGanado" : 26,
    "loserSegundoSaqueGanado" : 6,
    "loserDobleFalta" : 6,
    "loserServingPoints" : 64,
    "loserServingGames" : 9
  }, {
    "torneo" : "Savannah CH",
    "fecha" : "20100503",
    "superficie" : "Clay",
    "resultado" : "7-6(5) 6-3",
    "contrincante" : "Joseph Sirianni",
    "ganador" : false,
    "winnerAces" : 9,
    "winnerPrimerSaqueDentro" : 46,
    "winnerPrimerSaqueGanado" : 35,
    "winnerSegundoSaqueGanado" : 14,
    "winnerDobleFalta" : 3,
    "winnerServingPoints" : 77,
    "winnerServingGames" : 11,
    "loserAces" : 4,
    "loserPrimerSaqueDentro" : 39,
    "loserPrimerSaqueGanado" : 25,
    "loserSegundoSaqueGanado" : 16,
    "loserDobleFalta" : 2,
    "loserServingPoints" : 68,
    "loserServingGames" : 10
  }, {
    "torneo" : "Sarasota CH",
    "fecha" : "20100510",
    "superficie" : "Clay",
    "resultado" : "6-2 6-3",
    "contrincante" : "Ryan Sweeting",
    "ganador" : false,
    "winnerAces" : 2,
    "winnerPrimerSaqueDentro" : 30,
    "winnerPrimerSaqueGanado" : 23,
    "winnerSegundoSaqueGanado" : 5,
    "winnerDobleFalta" : 1,
    "winnerServingPoints" : 39,
    "winnerServingGames" : 8,
    "loserAces" : 2,
    "loserPrimerSaqueDentro" : 36,
    "loserPrimerSaqueGanado" : 18,
    "loserSegundoSaqueGanado" : 10,
    "loserDobleFalta" : 3,
    "loserServingPoints" : 62,
    "loserServingGames" : 9
  }, {
    "torneo" : "Ojai CH",
    "fecha" : "20100531",
    "superficie" : "Hard",
    "resultado" : "2-6 7-6(6) 7-6(5)",
    "contrincante" : "Brian Dabul",
    "ganador" : false,
    "winnerAces" : 8,
    "winnerPrimerSaqueDentro" : 72,
    "winnerPrimerSaqueGanado" : 47,
    "winnerSegundoSaqueGanado" : 26,
    "winnerDobleFalta" : 4,
    "winnerServingPoints" : 118,
    "winnerServingGames" : 16,
    "loserAces" : 11,
    "loserPrimerSaqueDentro" : 74,
    "loserPrimerSaqueGanado" : 51,
    "loserSegundoSaqueGanado" : 21,
    "loserDobleFalta" : 2,
    "loserServingPoints" : 109,
    "loserServingGames" : 16
  }, {
    "torneo" : "Astana CH",
    "fecha" : "20100823",
    "superficie" : "Hard",
    "resultado" : "6-0 6-0",
    "contrincante" : "Gilad Ben Zvi",
    "ganador" : true,
    "winnerAces" : 4,
    "winnerPrimerSaqueDentro" : 22,
    "winnerPrimerSaqueGanado" : 20,
    "winnerSegundoSaqueGanado" : 4,
    "winnerDobleFalta" : 1,
    "winnerServingPoints" : 27,
    "winnerServingGames" : 6,
    "loserAces" : 2,
    "loserPrimerSaqueDentro" : 20,
    "loserPrimerSaqueGanado" : 6,
    "loserSegundoSaqueGanado" : 2,
    "loserDobleFalta" : 1,
    "loserServingPoints" : 32,