{
  "nombre" : "Joshua Milton",
  "mano" : "R",
  "nacionalidad" : "GBR",
  "edad" : 20.4353182752,
  "ganar1Saque" : 0.6813414593537649,
  "ganar2Saque" : 0.5747525443633398,
  "primerSaque" : 0.5236718654632568,
  "segundoSaque" : 0.4372221181790034,
  "ganarPuntoSacando" : 0.6080938779125549,
  "ganarPuntoRestando" : 0.3585355051026258,
  "probAce" : 0.04545454680919647,
  "clay" : {
    "nombre" : "Clay",
    "probVictoria" : 0.0,
    "probGanarPrimerSaque" : 0.0,
    "probGanarSegundoSaque" : 0.0,
    "probPrimerSaque" : 0.0,
    "probSegundoSaque" : 0.0,
    "probGanarPuntoSacando" : 0.0,
    "probGanarPuntoRestando" : 0.0,
    "probAce" : 0.0
  },
  "grass" : {
    "nombre" : "Grass",
    "probVictoria" : 0.3333333432674408,
    "probGanarPrimerSaque" : 2.0706839561462402,
    "probGanarSegundoSaque" : 0.5600892007350922,
    "probPrimerSaque" : 0.49256765842437744,
    "probSegundoSaque" : 0.47239530086517334,
    "probGanarPuntoSacando" : 1.2845354541084681,
    "probGanarPuntoRestando" : 0.3687635218999277,
    "probAce" : 0.0
  },
  "hard" : {
    "nombre" : "Hard",
    "probVictoria" : 0.0,
    "probGanarPrimerSaque" : 0.6097561120986938,
    "probGanarSegundoSaque" : 0.6363636255264282,
    "probPrimerSaque" : 0.5540540814399719,
    "probSegundoSaque" : 0.44594594836235046,
    "probGanarPuntoSacando" : 0.6216216430799371,
    "probGanarPuntoRestando" : 0.2857142465455186,
    "probAce" : 0.0
  },
  "other" : {
    "nombre" : "Other",
    "probVictoria" : 0.5,
    "probGanarPrimerSaque" : 0.7038043439388275,
    "probGanarSegundoSaque" : 0.5659420192241669,
    "probPrimerSaque" : 0.5551370680332184,
    "probSegundoSaque" : 0.38010042905807495,
    "probGanarPuntoSacando" : 0.6058226842923427,
    "probGanarPuntoRestando" : 0.3796041091852263,
    "probAce" : 0.0
  },
  "partidos" : [ {
    "torneo" : "Jersey CH",
    "fecha" : "20100322",
    "superficie" : "Hard",
    "resultado" : "7-6(3) 6-4",
    "contrincante" : "Sebastien De Chaunac",
    "ganador" : false,
    "winnerAces" : 6,
    "winnerPrimerSaqueDentro" : 36,
    "winnerPrimerSaqueGanado" : 33,
    "winnerSegundoSaqueGanado" : 17,
    "winnerDobleFalta" : 4,
    "winnerServingPoints" : 70,
    "winnerServingGames" : 11,
    "loserAces" : 5,
    "loserPrimerSaqueDentro" : 41,
    "loserPrimerSaqueGanado" : 25,
    "loserSegundoSaqueGanado" : 21,
    "loserDobleFalta" : 0,
    "loserServingPoints" : 74,
    "loserServingGames" : 11
  }, {
    "torneo" : "Loughborough CH",
    "fecha" : "20101108",
    "superficie" : "Carpet",
    "resultado" : "7-5 7-6(0)",
    "contrincante" : "Rameez Junaid",
    "ganador" : true,
    "winnerAces" : 3,
    "winnerPrimerSaqueDentro" : 46,
    "winnerPrimerSaqueGanado" : 36,
    "winnerSegundoSaqueGanado" : 17,
    "winnerDobleFalta" : 5,
    "winnerServingPoints" : 81,
    "winnerServingGames" : 12,
    "loserAces" : 5,
    "loserPrimerSaqueDentro" : 48,
    "loserPrimerSaqueGanado" : 29,
    "loserSegundoSaqueGanado" : 14,
    "loserDobleFalta" : 1,
    "loserServingPoints" : 70,
    "loserServingGames" : 12
  }, {
    "torneo" : "Loughborough CH",
    "fecha" : "20101108",
    "superficie" : "Carpet",
    "resultado" : "6-1 1-6 6-1",
    "contrincante" : "Conor Niland",
    "ganador" : false,
    "winnerAces" : 9,
    "winnerPrimerSaqueDentro" : 54,
    "winnerPrimerSaqueGanado" : 36,
    "winnerSegundoSaqueGanado" : 16,
    "winnerDobleFalta" : 7,
    "winnerServingPoints" : 83,
    "winnerServingGames" : 11,
    "loserAces" : 3,
    "loserPrimerSaqueDentro" : 32,
    "loserPrimerSaqueGanado" : 20,
    "loserSegundoSaqueGanado" : 13,
    "loserDobleFalta" : 4,
    "loserServingPoints" : 59,
    "loserServingGames" : 10
  }, {
    "torneo" : "Wimbledon Q",
    "fecha" : "20100621",
    "superficie" : "Grass",
    "resultado" : "6-1 6-4",
    "contrincante" : "Edouard Roger Vasselin",
    "ganador" : false,
    "winnerAces" : 4,
    "winnerPrimerSaqueDentro" : 39,
    "winnerPrimerSaqueGanado" : 30,
    "winnerSegundoSaqueGanado" : 7,
    "winnerDobleFalta" : 3,
    "winnerServingPoints" : 55,
    "winnerServingGames" : 9,
    "loserAces" : 1,
    "loserPrimerSaqueDentro" : 19,
    "loserPrimerSaqueGanado" : 13,
    "loserSegundoSaqueGanado" : 10,
    "loserDobleFalta" : 2,
    "loserServingPoints" : 47,
    "loserServingGames" : 8
  }, {
    "torneo" : "Queen's Club Q",
    "fecha" : "20100607",
    "superficie" : "Grass",
    "resultado" : "6-4 6-1",
    "contrincante" : "Jack Carpenter",
    "ganador" : true,
    "winnerAces" : 3,
    "winnerPrimerSaqueDentro" : 27,
    "winnerPrimerSaqueGanado" : 21,
    "winnerSegundoSaqueGanado" : 16,
    "winnerDobleFalta" : 2,
    "winnerServingPoints" : 52,
    "winnerServingGames" : 8,
    "loserAces" : 0,
    "loserPrimerSaqueDentro" : 32,
    "loserPrimerSaqueGanado" : 17,
    "loserSegundoSaqueGanado" : 12,
    "loserDobleFalta" : 1,
    "loserServingPoints" : 56,
    "loserServingGames" : 9
  }, {
    "torneo" : "Queen's Club Q",
    "fecha" : "20100607",
    "superficie" : "Grass",
    "resultado" : "7-6(4) 6-4",
    "contrincante" : "Ilija Bozoljac",
    "ganador" : false,
    "winnerAces" : 14,
    "winnerPrimerSaqueDentro" : 43,
    "winnerPrimerSaqueGanado" : 33,
    "winnerSegundoSaqueGanado" : 12,
    "winnerDobleFalta" : 2,
    "winnerServingPoints" : 64,
    "winnerServingGames" : 11,
    "loserAces" : 3,
    "loserPrimerSaqueDentro" : 46,
    "loserPrimerSaqueGanado" : 28,
    "loserSegundoSaqueGanado" : 21,
    "loserDobleFalta" : 2,
    "loserServingPoints" : 83,
    "loserServingGames" : 11
  } ]
}