{
  "nombre" : "Juho Paukku",
  "mano" : "U",
  "nacionalidad" : "FIN",
  "edad" : 24.0191649555,
  "ganar1Saque" : 0.6584672994083829,
  "ganar2Saque" : 0.5013444572687149,
  "primerSaque" : 0.5904261271158854,
  "segundoSaque" : 0.3683697846200731,
  "ganarPuntoSacando" : 0.5734564471666916,
  "ganarPuntoRestando" : 0.3792707840192693,
  "probAce" : 0.057866185903549194,
  "clay" : {
    "nombre" : "Clay",
    "probVictoria" : 0.3333333432674408,
    "probGanarPrimerSaque" : 0.6598470211029053,
    "probGanarSegundoSaque" : 0.527777781089147,
    "probPrimerSaque" : 0.5674001375834147,
    "probSegundoSaque" : 0.3736964464187622,
    "probGanarPuntoSacando" : 0.5716259718495884,
    "probGanarPuntoRestando" : 0.4174528937706783,
    "probAce" : 0.0
  },
  "grass" : {
    "nombre" : "Grass",
    "probVictoria" : 0.0,
    "probGanarPrimerSaque" : 0.0,
    "probGanarSegundoSaque" : 0.0,
    "probPrimerSaque" : 0.0,
    "probSegundoSaque" : 0.0,
    "probGanarPuntoSacando" : 0.0,
    "probGanarPuntoRestando" : 0.0,
    "probAce" : 0.0
  },
  "hard" : {
    "nombre" : "Hard",
    "probVictoria" : 0.0,
    "probGanarPrimerSaque" : 0.6120300889015198,
    "probGanarSegundoSaque" : 0.37714286148548126,
    "probPrimerSaque" : 0.5904656648635864,
    "probSegundoSaque" : 0.38778366645177204,
    "probGanarPuntoSacando" : 0.5076325949627085,
    "probGanarPuntoRestando" : 0.2903696818317317,
    "probAce" : 0.0
  },
  "other" : {
    "nombre" : "Other",
    "probVictoria" : 0.6666666865348816,
    "probGanarPrimerSaque" : 0.7035247882207235,
    "probGanarSegundoSaque" : 0.5991127292315165,
    "probPrimerSaque" : 0.6134125789006551,
    "probSegundoSaque" : 0.34362924098968506,
    "probGanarPuntoSacando" : 0.6374236070760959,
    "probGanarPuntoRestando" : 0.4299897764553977,
    "probAce" : 0.0
  },
  "partidos" : [ {
    "torneo" : "Tampere CH",
    "fecha" : "20100726",
    "superficie" : "Clay",
    "resultado" : "6-4 4-6 6-1",
    "contrincante" : "Dieter Kindlmann",
    "ganador" : false,
    "winnerAces" : 4,
    "winnerPrimerSaqueDentro" : 66,
    "winnerPrimerSaqueGanado" : 45,
    "winnerSegundoSaqueGanado" : 14,
    "winnerDobleFalta" : 2,
    "winnerServingPoints" : 97,
    "winnerServingGames" : 14,
    "loserAces" : 2,
    "loserPrimerSaqueDentro" : 38,
    "loserPrimerSaqueGanado" : 25,
    "loserSegundoSaqueGanado" : 16,
    "loserDobleFalta" : 3,
    "loserServingPoints" : 75,
    "loserServingGames" : 13
  }, {
    "torneo" : "Toyota CH",
    "fecha" : "20101122",
    "superficie" : "Carpet",
    "resultado" : "6-2 6-1",
    "contrincante" : "Junn Mitsuhashi",
    "ganador" : true,
    "winnerAces" : 6,
    "winnerPrimerSaqueDentro" : 21,
    "winnerPrimerSaqueGanado" : 16,
    "winnerSegundoSaqueGanado" : 8,
    "winnerDobleFalta" : 2,
    "winnerServingPoints" : 35,
    "winnerServingGames" : 7,
    "loserAces" : 2,
    "loserPrimerSaqueDentro" : 23,
    "loserPrimerSaqueGanado" : 9,
    "loserSegundoSaqueGanado" : 14,
    "loserDobleFalta" : 3,
    "loserServingPoints" : 53,
    "loserServingGames" : 8
  }, {
    "torneo" : "Toyota CH",
    "fecha" : "20101122",
    "superficie" : "Carpet",
    "resultado" : "7-6(5) 6-2",
    "contrincante" : "Conor Niland",
    "ganador" : true,
    "winnerAces" : 5,
    "winnerPrimerSaqueDentro" : 41,
    "winnerPrimerSaqueGanado" : 32,
    "winnerSegundoSaqueGanado" : 11,
    "winnerDobleFalta" : 2,
    "winnerServingPoints" : 62,
    "winnerServingGames" : 10,
    "loserAces" : 10,
    "loserPrimerSaqueDentro" : 40,
    "loserPrimerSaqueGanado" : 23,
    "loserSegundoSaqueGanado" : 13,
    "loserDobleFalta" : 2,
    "loserServingPoints" : 65,
    "loserServingGames" : 10
  }, {
    "torneo" : "Toyota CH",
    "fecha" : "20101122",
    "superficie" : "Carpet",
    "resultado" : "6-3 6-2",
    "contrincante" : "Hiroki Kondo",
    "ganador" : false,
    "winnerAces" : 2,
    "winnerPrimerSaqueDentro" : 30,
    "winnerPrimerSaqueGanado" : 25,
    "winnerSegundoSaqueGanado" : 14,
    "winnerDobleFalta" : 0,
    "winnerServingPoints" : 54,
    "winnerServingGames" : 9,
    "loserAces" : 2,
    "loserPrimerSaqueDentro" : 44,
    "loserPrimerSaqueGanado" : 25,
    "loserSegundoSaqueGanado" : 16,
    "loserDobleFalta" : 3,
    "loserServingPoints" : 76,
    "loserServingGames" : 8
  }, {
    "torneo" : "Rimouski CH",
    "fecha" : "20100322",
    "superficie" : "Hard",
    "resultado" : "6-2 6-4",
    "contrincante" : "Tim Smyczek",
    "ganador" : false,
    "winnerAces" : 2,
    "winnerPrimerSaqueDentro" : 35,
    "winnerPrimerSaqueGanado" : 28,
    "winnerSegundoSaqueGanado" : 9,
    "winnerDobleFalta" : 2,
    "winnerServingPoints" : 49,
    "winnerServingGames" : 9,
    "loserAces" : 4,
    "loserPrimerSaqueDentro" : 35,
    "loserPrimerSaqueGanado" : 20,
    "loserSegundoSaqueGanado" : 12,
    "loserDobleFalta" : 2,
    "loserServingPoints" : 58,
    "loserServingGames" : 9
  }, {
    "torneo" : "Ramat Hasharon CH",
    "fecha" : "20100503",
    "superficie" : "Hard",
    "resultado" : "6-2 6-1",
    "contrincante" : "Harel Levy",
    "ganador" : false,
    "winnerAces" : 5,
    "winnerPrimerSaqueDentro" : 23,
    "winnerPrimerSaqueGanado" : 18,
    "winnerSegundoSaqueGanado" : 7,
    "winnerDobleFalta" : 0,
    "winnerServingPoints" : 37,
    "winnerServingGames" : 7,
    "loserAces" : 1,
    "loserPrimerSaqueDentro" : 38,
    "loserPrimerSaqueGanado" : 22,
    "loserSegundoSaqueGanado" : 6,
    "loserDobleFalta" : 2,
    "loserServingPoints" : 65,
    "loserServingGames" : 8
  }, {
    "torneo" : "Dallas CH",
    "fecha" : "20100201",
    "superficie" : "Hard",
    "resultado" : "6-3 6-4",
    "contrincante" : "Ryan Harrison",
    "ganador" : false,
    "winnerAces" : 5,
    "winnerPrimerSaqueDentro" : 31,
    "winnerPrimerSaqueGanado" : 23,
    "winnerSegundoSaqueGanado" : 14,
    "winnerDobleFalta" : 3,
    "winnerServingPoints" : 53,
    "winnerServingGames" : 10,
    "loserAces" : 3,
    "loserPrimerSaqueDentro" : 35,
    "loserPrimerSaqueGanado" : 24,
    "loserSegundoSaqueGanado" : 8,
    "loserDobleFalta" : 0,
    "loserServingPoints" : 60,
    "loserServingGames" : 9
  }, {
    "torneo" : "Bastad Q",
    "fecha" : "20100712",
    "superficie" : "Clay",
    "resultado" : "6-3 6-4",
    "contrincante" : "Erik Chvojka",
    "ganador" : true,
    "winnerAces" : 4,
    "winnerPrimerSaqueDentro" : 32,
    "winnerPrimerSaqueGanado" : 22,
    "winnerSegundoSaqueGanado" : 9,
    "winnerDobleFalta" : 5,
    "winnerServingPoints" : 54,
    "winnerServingGames" : 9,
    "loserAces" : 1,
    "loserPrimerSaqueDentro" : 32,
    "loserPrimerSaqueGanado" : 23,
    "loserSegundoSaqueGanado" : 3,
    "loserDobleFalta" : 6,
    "loserServingPoints" : 55,
    "loserServingGames" : 10
  }, {
    "torneo" : "Bastad Q",
    "fecha" : "20100712",
    "superficie" : "Clay",
    "resultado" : "3-6 6-1 6-3",
    "contrincante" : "Simone Vagnozzi",
    "ganador" : false,
    "winnerAces" : 2,
    "winnerPrimerSaqueDentro" : 47,
    "winnerPrimerSaqueGanado" : 35,
    "winnerSegundoSaqueGanado" : 17,
    "winnerDobleFalta" : 5,
    "winnerServingPoints" : 78,
    "winnerServingGames" : 13,
    "loserAces" : 5,
    "loserPrimerSaqueDentro" : 41,
    "loserPrimerSaqueGanado" : 26,
    "loserSegundoSaqueGanado" : 14,
    "loserDobleFalta" : 3,
    "loserServingPoints" : 68,
    "loserServingGames" : 12
  } ]
}