{
  "nombre" : "Jurgen Zopp",
  "mano" : "R",
  "nacionalidad" : "EST",
  "edad" : 22.3244353183,
  "ganar1Saque" : 0.7109263819806716,
  "ganar2Saque" : 0.5254259863320518,
  "primerSaque" : 0.575824968955096,
  "segundoSaque" : 0.38953958714709563,
  "ganarPuntoSacando" : 0.6140433836255219,
  "ganarPuntoRestando" : 0.3749657539092764,
  "probAce" : 0.05756578966975212,
  "clay" : {
    "nombre" : "Clay",
    "probVictoria" : 0.6000000238418579,
    "probGanarPrimerSaque" : 0.6971211234728495,
    "probGanarSegundoSaque" : 0.5329847998089261,
    "probPrimerSaque" : 0.582549641529719,
    "probSegundoSaque" : 0.3814666171868642,
    "probGanarPuntoSacando" : 0.6094235691770326,
    "probGanarPuntoRestando" : 0.38904026990714663,
    "probAce" : 0.0
  },
  "grass" : {
    "nombre" : "Grass",
    "probVictoria" : 0.0,
    "probGanarPrimerSaque" : 0.0,
    "probGanarSegundoSaque" : 0.0,
    "probPrimerSaque" : 0.0,
    "probSegundoSaque" : 0.0,
    "probGanarPuntoSacando" : 0.0,
    "probGanarPuntoRestando" : 0.0,
    "probAce" : 0.0
  },
  "hard" : {
    "nombre" : "Hard",
    "probVictoria" : 0.5,
    "probGanarPrimerSaque" : 0.7203020751476288,
    "probGanarSegundoSaque" : 0.5106013665596644,
    "probPrimerSaque" : 0.5604193955659866,
    "probSegundoSaque" : 0.40085723996162415,
    "probGanarPuntoSacando" : 0.6083495080989005,
    "probGanarPuntoRestando" : 0.36635997360249495,
    "probAce" : 0.0
  },
  "other" : {
    "nombre" : "Other",
    "probVictoria" : 0.5,
    "probGanarPrimerSaque" : 0.7449229657649994,
    "probGanarSegundoSaque" : 0.5358851850032806,
    "probPrimerSaque" : 0.5917806625366211,
    "probSegundoSaque" : 0.3919149935245514,
    "probGanarPuntoSacando" : 0.6508524450296198,
    "probGanarPuntoRestando" : 0.33744777283920496,
    "probAce" : 0.0
  },
  "partidos" : [ {
    "torneo" : "Tampere CH",
    "fecha" : "20100726",
    "superficie" : "Clay",
    "resultado" : "6-4 6-1",
    "contrincante" : "Joao Sousa",
    "ganador" : true,
    "winnerAces" : 4,
    "winnerPrimerSaqueDentro" : 27,
    "winnerPrimerSaqueGanado" : 18,
    "winnerSegundoSaqueGanado" : 11,
    "winnerDobleFalta" : 1,
    "winnerServingPoints" : 49,
    "winnerServingGames" : 8,
    "loserAces" : 1,
    "loserPrimerSaqueDentro" : 37,
    "loserPrimerSaqueGanado" : 19,
    "loserSegundoSaqueGanado" : 11,
    "loserDobleFalta" : 3,
    "loserServingPoints" : 67,
    "loserServingGames" : 9
  }, {
    "torneo" : "Tampere CH",
    "fecha" : "20100726",
    "superficie" : "Clay",
    "resultado" : "6-3 4-6 7-5",
    "contrincante" : "Oscar Hernandez",
    "ganador" : false,
    "winnerAces" : 2,
    "winnerPrimerSaqueDentro" : 76,
    "winnerPrimerSaqueGanado" : 47,
    "winnerSegundoSaqueGanado" : 12,
    "winnerDobleFalta" : 7,
    "winnerServingPoints" : 106,
    "winnerServingGames" : 15,
    "loserAces" : 4,
    "loserPrimerSaqueDentro" : 52,
    "loserPrimerSaqueGanado" : 36,
    "loserSegundoSaqueGanado" : 18,
    "loserDobleFalta" : 6,
    "loserServingPoints" : 92,
    "loserServingGames" : 16
  }, {
    "torneo" : "Helsinki CH",
    "fecha" : "20101122",
    "superficie" : "Hard",
    "resultado" : "6-4 6-4",
    "contrincante" : "Ruben Bemelmans",
    "ganador" : true,
    "winnerAces" : 11,
    "winnerPrimerSaqueDentro" : 42,
    "winnerPrimerSaqueGanado" : 34,
    "winnerSegundoSaqueGanado" : 9,
    "winnerDobleFalta" : 2,
    "winnerServingPoints" : 64,
    "winnerServingGames" : 10,
    "loserAces" : 6,
    "loserPrimerSaqueDentro" : 31,
    "loserPrimerSaqueGanado" : 23,
    "loserSegundoSaqueGanado" : 15,
    "loserDobleFalta" : 2,
    "loserServingPoints" : 63,
    "loserServingGames" : 10
  }, {
    "torneo" : "Helsinki CH",
    "fecha" : "20101122",
    "superficie" : "Hard",
    "resultado" : "6-4 7-5",
    "contrincante" : "Blaz Kavcic",
    "ganador" : true,
    "winnerAces" : 6,
    "winnerPrimerSaqueDentro" : 27,
    "winnerPrimerSaqueGanado" : 23,
    "winnerSegundoSaqueGanado" : 19,
    "winnerDobleFalta" : 2,
    "winnerServingPoints" : 60,
    "winnerServingGames" : 11,
    "loserAces" : 10,
    "loserPrimerSaqueDentro" : 43,
    "loserPrimerSaqueGanado" : 27,
    "loserSegundoSaqueGanado" : 8,
    "loserDobleFalta" : 1,
    "loserServingPoints" : 62,
    "loserServingGames" : 11
  }, {
    "torneo" : "Helsinki CH",
    "fecha" : "20101122",
    "superficie" : "Hard",
    "resultado" : "6-3 6-2",
    "contrincante" : "Michal Przysiezny",
    "ganador" : false,
    "winnerAces" : 9,
    "winnerPrimerSaqueDentro" : 37,
    "winnerPrimerSaqueGanado" : 34,
    "winnerSegundoSaqueGanado" : 7,
    "winnerDobleFalta" : 1,
    "winnerServingPoints" : 56,
    "winnerServingGames" : 9,
    "loserAces" : 5,
    "loserPrimerSaqueDentro" : 26,
    "loserPrimerSaqueGanado" : 19,
    "loserSegundoSaqueGanado" : 10,
    "loserDobleFalta" : 4,
    "loserServingPoints" : 53,
    "loserServingGames" : 8
  }, {
    "torneo" : "Brasov CH",
    "fecha" : "20100906",
    "superficie" : "Clay",
    "resultado" : "7-6(8) 7-6(4)",
    "contrincante" : "Philipp Oswald",
    "ganador" : true,
    "winnerAces" : 2,
    "winnerPrimerSaqueDentro" : 55,
    "winnerPrimerSaqueGanado" : 37,
    "winnerSegundoSaqueGanado" : 19,
    "winnerDobleFalta" : 3,
    "winnerServingPoints" : 83,
    "winnerServingGames" : 12,
    "loserAces" : 6,
    "loserPrimerSaqueDentro" : 55,
    "loserPrimerSaqueGanado" : 38,
    "loserSegundoSaqueGanado" : 18,
    "loserDobleFalta" : 0,
    "loserServingPoints" : 85,
    "loserServingGames" : 12
  }, {
    "torneo" : "Brasov CH",
    "fecha" : "20100906",
    "superficie" : "Clay",
    "resultado" : "6-3 6-2",
    "contrincante" : "Andreas Haider Maurer",
    "ganador" : false,
    "winnerAces" : 8,
    "winnerPrimerSaqueDentro" : 34,
    "winnerPrimerSaqueGanado" : 24,
    "winnerSegundoSaqueGanado" : 16,
    "winnerDobleFalta" : 2,
    "winnerServingPoints" : 57,
    "winnerServingGames" : 9,
    "loserAces" : 2,
    "loserPrimerSaqueDentro" : 24,
    "loserPrimerSaqueGanado" : 15,
    "loserSegundoSaqueGanado" : 13,
    "loserDobleFalta" : 2,
    "loserServingPoints" : 50,
    "loserServingGames" : 8
  }, {
    "torneo" : "Loughborough CH",
    "fecha" : "20101108",
    "superficie" : "Carpet",
    "resultado" : "6-4 3-6 6-4",
    "contrincante" : "Flavio Cipolla",
    "ganador" : true,
    "winnerAces" : 5,
    "winnerPrimerSaqueDentro" : 51,
    "winnerPrimerSaqueGanado" : 35,
    "winnerSegundoSaqueGanado" : 20,
    "winnerDobleFalta" : 3,
    "winnerServingPoints" : 92,
    "winnerServingGames" : 15,
    "loserAces" : 0,
    "loserPrimerSaqueDentro" : 62,
    "loserPrimerSaqueGanado" : 36,
    "loserSegundoSaqueGanado" : 17,
    "loserDobleFalta" : 0,
    "loserServingPoints" : 87,
    "loserServingGames" : 14
  }, {
    "torneo" : "Loughborough CH",
    "fecha" : "20101108",
    "superficie" : "Carpet",
    "resultado" : "6-3 3-6 7-6(4)",
    "contrincante" : "Matthias Bachinger",
    "ganador" : false,
    "winnerAces" : 8,
    "winnerPrimerSaqueDentro" : 62,
    "winnerPrimerSaqueGanado" : 47,
    "winnerSegundoSaqueGanado" : 16,
    "winnerDobleFalta" : 0,
    "winnerServingPoints" : 88,
    "winnerServingGames" : 15,
    "loserAces" : 2,
    "loserPrimerSaqueDentro" : 56,
    "loserPrimerSaqueGanado" : 45,
    "loserSegundoSaqueGanado" : 18,
    "loserDobleFalta" : 0,
    "loserServingPoints" : 89,
    "loserServingGames" : 15
  }, {
    "torneo" : "Karshi CH",
    "fecha" : "20100816",
    "superficie" : "Hard",
    "resultado" : "6-3 6-3",
    "contrincante" : "Konstantin Kravchuk",
    "ganador" : false,
    "winnerAces" : 9,
    "winnerPrimerSaqueDentro" : 27,
    "winnerPrimerSaqueGanado" : 27,
    "winnerSegundoSaqueGanado" : 9,
    "winnerDobleFalta" : 0,
    "winnerServingPoints" : 42,
    "winnerServingGames" : 9,
    "loserAces" : 2,
    "loserPrimerSaqueDentro" : 34,
    "loserPrimerSaqueGanado" : 22,
    "loserSegundoSaqueGanado" : 12,
    "loserDobleFalta" : 3,
    "loserServingPoints" : 59,