{
  "nombre" : "Kaden Hensel",
  "mano" : "U",
  "nacionalidad" : "AUS",
  "edad" : 24.1587953457,
  "ganar1Saque" : 0.6918654875321821,
  "ganar2Saque" : 0.6101491505449469,
  "primerSaque" : 0.6498122323643077,
  "segundoSaque" : 0.3083030188625509,
  "ganarPuntoSacando" : 0.6376934820185356,
  "ganarPuntoRestando" : 0.3398906271228558,
  "probAce" : 0.09102564305067062,
  "clay" : {
    "nombre" : "Clay",
    "probVictoria" : 0.0,
    "probGanarPrimerSaque" : 0.5384615659713745,
    "probGanarSegundoSaque" : 0.5652173757553101,
    "probPrimerSaque" : 0.5909090638160706,
    "probSegundoSaque" : 0.3484848439693451,
    "probGanarPuntoSacando" : 0.5151515088479321,
    "probGanarPuntoRestando" : 0.3584905678726358,
    "probAce" : 0.0
  },
  "grass" : {
    "nombre" : "Grass",
    "probVictoria" : 0.0,
    "probGanarPrimerSaque" : 1.3091236352920532,
    "probGanarSegundoSaque" : 0.7210648059844971,
    "probPrimerSaque" : 0.6882724761962891,
    "probSegundoSaque" : 0.2586376443505287,
    "probGanarPuntoSacando" : 1.0875282689534504,
    "probGanarPuntoRestando" : 0.2636363522153132,
    "probAce" : 0.0
  },
  "hard" : {
    "nombre" : "Hard",
    "probVictoria" : 0.25,
    "probGanarPrimerSaque" : 0.720366895198822,
    "probGanarSegundoSaque" : 0.5880367085337639,
    "probPrimerSaque" : 0.6475600674748421,
    "probSegundoSaque" : 0.3156966343522072,
    "probGanarPuntoSacando" : 0.6521220450212508,
    "probGanarPuntoRestando" : 0.3566292032560189,
    "probAce" : 0.0
  },
  "other" : {
    "nombre" : "Other",
    "probVictoria" : 0.0,
    "probGanarPrimerSaque" : 0.0,
    "probGanarSegundoSaque" : 0.0,
    "probPrimerSaque" : 0.0,
    "probSegundoSaque" : 0.0,
    "probGanarPuntoSacando" : 0.0,
    "probGanarPuntoRestando" : 0.0,
    "probAce" : 0.0
  },
  "partidos" : [ {
    "torneo" : "Beijing CH",
    "fecha" : "20100802",
    "superficie" : "Hard",
    "resultado" : "6-4 5-7 6-2",
    "contrincante" : "Tiago Fernandes",
    "ganador" : false,
    "winnerAces" : 1,
    "winnerPrimerSaqueDentro" : 58,
    "winnerPrimerSaqueGanado" : 45,
    "winnerSegundoSaqueGanado" : 19,
    "winnerDobleFalta" : 7,
    "winnerServingPoints" : 98,
    "winnerServingGames" : 15,
    "loserAces" : 9,
    "loserPrimerSaqueDentro" : 59,
    "loserPrimerSaqueGanado" : 44,
    "loserSegundoSaqueGanado" : 10,
    "loserDobleFalta" : 4,
    "loserServingPoints" : 81,
    "loserServingGames" : 15
  }, {
    "torneo" : "Savannah CH",
    "fecha" : "20100503",
    "superficie" : "Clay",
    "resultado" : "6-4 6-4",
    "contrincante" : "Tim Smyczek",
    "ganador" : false,
    "winnerAces" : 0,
    "winnerPrimerSaqueDentro" : 38,
    "winnerPrimerSaqueGanado" : 26,
    "winnerSegundoSaqueGanado" : 8,
    "winnerDobleFalta" : 2,
    "winnerServingPoints" : 53,
    "winnerServingGames" : 10,
    "loserAces" : 3,
    "loserPrimerSaqueDentro" : 39,
    "loserPrimerSaqueGanado" : 21,
    "loserSegundoSaqueGanado" : 13,
    "loserDobleFalta" : 4,
    "loserServingPoints" : 66,
    "loserServingGames" : 10
  }, {
    "torneo" : "Rimouski CH",
    "fecha" : "20100322",
    "superficie" : "Hard",
    "resultado" : "6-4 2-6 6-4",
    "contrincante" : "Goran Tosic",
    "ganador" : false,
    "winnerAces" : 4,
    "winnerPrimerSaqueDentro" : 59,
    "winnerPrimerSaqueGanado" : 45,
    "winnerSegundoSaqueGanado" : 11,
    "winnerDobleFalta" : 5,
    "winnerServingPoints" : 89,
    "winnerServingGames" : 14,
    "loserAces" : 6,
    "loserPrimerSaqueDentro" : 52,
    "loserPrimerSaqueGanado" : 40,
    "loserSegundoSaqueGanado" : 11,
    "loserDobleFalta" : 5,
    "loserServingPoints" : 78,
    "loserServingGames" : 14
  }, {
    "torneo" : "Leon CH",
    "fecha" : "20100412",
    "superficie" : "Hard",
    "resultado" : "6-4 6-1",
    "contrincante" : "Santiago Gonzalez",
    "ganador" : false,
    "winnerAces" : 5,
    "winnerPrimerSaqueDentro" : 26,
    "winnerPrimerSaqueGanado" : 22,
    "winnerSegundoSaqueGanado" : 13,
    "winnerDobleFalta" : 4,
    "winnerServingPoints" : 47,
    "winnerServingGames" : 8,
    "loserAces" : 2,
    "loserPrimerSaqueDentro" : 28,
    "loserPrimerSaqueGanado" : 19,
    "loserSegundoSaqueGanado" : 11,
    "loserDobleFalta" : 3,
    "loserServingPoints" : 55,
    "loserServingGames" : 9
  }, {
    "torneo" : "Burnie CH",
    "fecha" : "20100201",
    "superficie" : "Hard",
    "resultado" : "2-6 6-4 6-4",
    "contrincante" : "Pierre Ludovic Duclos",
    "ganador" : false,
    "winnerAces" : 9,
    "winnerPrimerSaqueDentro" : 51,
    "winnerPrimerSaqueGanado" : 35,
    "winnerSegundoSaqueGanado" : 23,
    "winnerDobleFalta" : 6,
    "winnerServingPoints" : 93,
    "winnerServingGames" : 14,
    "loserAces" : 5,
    "loserPrimerSaqueDentro" : 58,
    "loserPrimerSaqueGanado" : 41,
    "loserSegundoSaqueGanado" : 14,
    "loserDobleFalta" : 1,
    "loserServingPoints" : 78,
    "loserServingGames" : 14
  }, {
    "torneo" : "Australian Open Q",
    "fecha" : "20100118",
    "superficie" : "Hard",
    "resultado" : "6-4 6-4",
    "contrincante" : "Kevin Kim",
    "ganador" : false,
    "winnerAces" : 3,
    "winnerPrimerSaqueDentro" : 36,
    "winnerPrimerSaqueGanado" : 25,
    "winnerSegundoSaqueGanado" : 13,
    "winnerDobleFalta" : 3,
    "winnerServingPoints" : 57,
    "winnerServingGames" : 10,
    "loserAces" : 7,
    "loserPrimerSaqueDentro" : 34,
    "loserPrimerSaqueGanado" : 23,
    "loserSegundoSaqueGanado" : 10,
    "loserDobleFalta" : 1,
    "loserServingPoints" : 56,
    "loserServingGames" : 10
  }, {
    "torneo" : "Brisbane Q",
    "fecha" : "20100103",
    "superficie" : "Hard",
    "resultado" : "6-0 6-4",
    "contrincante" : "Andrew Mcleod",
    "ganador" : true,
    "winnerAces" : 8,
    "winnerPrimerSaqueDentro" : 33,
    "winnerPrimerSaqueGanado" : 25,
    "winnerSegundoSaqueGanado" : 10,
    "winnerDobleFalta" : 2,
    "winnerServingPoints" : 48,
    "winnerServingGames" : 8,
    "loserAces" : 3,
    "loserPrimerSaqueDentro" : 33,
    "loserPrimerSaqueGanado" : 17,
    "loserSegundoSaqueGanado" : 9,
    "loserDobleFalta" : 3,
    "loserServingPoints" : 58,
    "loserServingGames" : 8
  }, {
    "torneo" : "Brisbane Q",
    "fecha" : "20100103",
    "superficie" : "Hard",
    "resultado" : "7-6(7) 2-6 6-1",
    "contrincante" : "Greg Jones",
    "ganador" : true,
    "winnerAces" : 7,
    "winnerPrimerSaqueDentro" : 62,
    "winnerPrimerSaqueGanado" : 44,
    "winnerSegundoSaqueGanado" : 19,
    "winnerDobleFalta" : 0,
    "winnerServingPoints" : 93,
    "winnerServingGames" : 14,
    "loserAces" : 8,
    "loserPrimerSaqueDentro" : 47,
    "loserPrimerSaqueGanado" : 36,
    "loserSegundoSaqueGanado" : 17,
    "loserDobleFalta" : 2,
    "loserServingPoints" : 79,
    "loserServingGames" : 13
  }, {
    "torneo" : "Brisbane Q",
    "fecha" : "20100103",
    "superficie" : "Hard",
    "resultado" : "7-6(1) 6-3",
    "contrincante" : "Alexandr Dolgopolov",
    "ganador" : false,
    "winnerAces" : 6,
    "winnerPrimerSaqueDentro" : 49,
    "winnerPrimerSaqueGanado" : 38,
    "winnerSegundoSaqueGanado" : 16,
    "winnerDobleFalta" : 0,
    "winnerServingPoints" : 76,
    "winnerServingGames" : 11,
    "loserAces" : 5,
    "loserPrimerSaqueDentro" : 32,
    "loserPrimerSaqueGanado" : 23,
    "loserSegundoSaqueGanado" : 12,
    "loserDobleFalta" : 3,
    "loserServingPoints" : 56,
    "loserServingGames" : 10
  }, {
    "torneo" : "Eastbourne Q",
    "fecha" : "20100613",
    "superficie" : "Grass",
    "resultado" : "6-4 6-7(4) 6-2",
    "contrincante" : "Oliver Golding",
    "ganador" : false,
    "winnerAces" : 12,
    "winnerPrimerSaqueDentro" : 67,
    "winnerPrimerSaqueGanado" : 52,
    "winnerSegundoSaqueGanado" : 22,
    "winnerDobleFalta" : 7,
    "winnerServingPoints" : 110,
    "winnerServingGames" : 15,
    "loserAces" : 14,
    "loserPrimerSaqueDentro" : 68,
    "loserPrimerSaqueGanado" : 46,
    "loserSegundoSaqueGanado" : 13,
    "loserDobleFalta" : 5,
    "loserServingPoints" : 89,