{
  "nombre" : "Laurent Rochette",
  "mano" : "R",
  "nacionalidad" : "FRA",
  "edad" : 22.6611909651,
  "ganar1Saque" : 0.6659290293852488,
  "ganar2Saque" : 0.5148829805354277,
  "primerSaque" : 0.5694727500279745,
  "segundoSaque" : 0.37538162618875504,
  "ganarPuntoSacando" : 0.5725060462177793,
  "ganarPuntoRestando" : 0.31029091395742464,
  "probAce" : 0.05889281630516052,
  "clay" : {
    "nombre" : "Clay",
    "probVictoria" : 0.2222222238779068,
    "probGanarPrimerSaque" : 0.6389743288358053,
    "probGanarSegundoSaque" : 0.5145416574345695,
    "probPrimerSaque" : 0.5898071461253696,
    "probSegundoSaque" : 0.35977204309569466,
    "probGanarPuntoSacando" : 0.5619893286910999,
    "probGanarPuntoRestando" : 0.3088663372960803,
    "probAce" : 0.0
  },
  "grass" : {
    "nombre" : "Grass",
    "probVictoria" : 0.0,
    "probGanarPrimerSaque" : 0.0,
    "probGanarSegundoSaque" : 0.0,
    "probPrimerSaque" : 0.0,
    "probSegundoSaque" : 0.0,
    "probGanarPuntoSacando" : 0.0,
    "probGanarPuntoRestando" : 0.0,
    "probAce" : 0.0
  },
  "hard" : {
    "nombre" : "Hard",
    "probVictoria" : 0.0,
    "probGanarPrimerSaque" : 0.7055555582046509,
    "probGanarSegundoSaque" : 0.5099715292453766,
    "probPrimerSaque" : 0.5186567306518555,
    "probSegundoSaque" : 0.4190298467874527,
    "probGanarPuntoSacando" : 0.5796344308773222,
    "probGanarPuntoRestando" : 0.2932755453177693,
    "probAce" : 0.0
  },
  "other" : {
    "nombre" : "Other",
    "probVictoria" : 0.0,
    "probGanarPrimerSaque" : 0.8292682766914368,
    "probGanarSegundoSaque" : 0.5277777910232544,
    "probPrimerSaque" : 0.488095223903656,
    "probSegundoSaque" : 0.4285714328289032,
    "probGanarPuntoSacando" : 0.6309523693020154,
    "probGanarPuntoRestando" : 0.357142841188834,
    "probAce" : 0.0
  },
  "partidos" : [ {
    "torneo" : "Tarragona CH",
    "fecha" : "20101004",
    "superficie" : "Clay",
    "resultado" : "6-3 6-1",
    "contrincante" : "Albert Ramos",
    "ganador" : false,
    "winnerAces" : 1,
    "winnerPrimerSaqueDentro" : 30,
    "winnerPrimerSaqueGanado" : 25,
    "winnerSegundoSaqueGanado" : 7,
    "winnerDobleFalta" : 1,
    "winnerServingPoints" : 43,
    "winnerServingGames" : 8,
    "loserAces" : 1,
    "loserPrimerSaqueDentro" : 36,
    "loserPrimerSaqueGanado" : 21,
    "loserSegundoSaqueGanado" : 8,
    "loserDobleFalta" : 3,
    "loserServingPoints" : 54,
    "loserServingGames" : 8
  }, {
    "torneo" : "San Sebastian CH",
    "fecha" : "20100816",
    "superficie" : "Clay",
    "resultado" : "6-4 6-0",
    "contrincante" : "Benoit Paire",
    "ganador" : false,
    "winnerAces" : 3,
    "winnerPrimerSaqueDentro" : 25,
    "winnerPrimerSaqueGanado" : 20,
    "winnerSegundoSaqueGanado" : 14,
    "winnerDobleFalta" : 2,
    "winnerServingPoints" : 47,
    "winnerServingGames" : 8,
    "loserAces" : 2,
    "loserPrimerSaqueDentro" : 30,
    "loserPrimerSaqueGanado" : 20,
    "loserSegundoSaqueGanado" : 10,
    "loserDobleFalta" : 4,
    "loserServingPoints" : 58,
    "loserServingGames" : 8
  }, {
    "torneo" : "Bordeaux CH",
    "fecha" : "20100510",
    "superficie" : "Clay",
    "resultado" : "7-6(3) 6-1",
    "contrincante" : "Albert Ramos",
    "ganador" : false,
    "winnerAces" : 1,
    "winnerPrimerSaqueDentro" : 54,
    "winnerPrimerSaqueGanado" : 40,
    "winnerSegundoSaqueGanado" : 6,
    "winnerDobleFalta" : 1,
    "winnerServingPoints" : 68,
    "winnerServingGames" : 10,
    "loserAces" : 4,
    "loserPrimerSaqueDentro" : 46,
    "loserPrimerSaqueGanado" : 25,
    "loserSegundoSaqueGanado" : 15,
    "loserDobleFalta" : 2,
    "loserServingPoints" : 75,
    "loserServingGames" : 9
  }, {
    "torneo" : "Rennes CH",
    "fecha" : "20101011",
    "superficie" : "Hard",
    "resultado" : "1-6 6-0 6-4",
    "contrincante" : "Grigor Dimitrov",
    "ganador" : false,
    "winnerAces" : 8,
    "winnerPrimerSaqueDentro" : 45,
    "winnerPrimerSaqueGanado" : 26,
    "winnerSegundoSaqueGanado" : 23,
    "winnerDobleFalta" : 7,
    "winnerServingPoints" : 81,
    "winnerServingGames" : 12,
    "loserAces" : 3,
    "loserPrimerSaqueDentro" : 30,
    "loserPrimerSaqueGanado" : 24,
    "loserSegundoSaqueGanado" : 13,
    "loserDobleFalta" : 3,
    "loserServingPoints" : 60,
    "loserServingGames" : 11
  }, {
    "torneo" : "Geneva CH",
    "fecha" : "20100823",
    "superficie" : "Clay",
    "resultado" : "6-3 6-4",
    "contrincante" : "Alex Satschko",
    "ganador" : true,
    "winnerAces" : 5,
    "winnerPrimerSaqueDentro" : 39,
    "winnerPrimerSaqueGanado" : 30,
    "winnerSegundoSaqueGanado" : 12,
    "winnerDobleFalta" : 2,
    "winnerServingPoints" : 58,
    "winnerServingGames" : 10,
    "loserAces" : 2,
    "loserPrimerSaqueDentro" : 31,
    "loserPrimerSaqueGanado" : 22,
    "loserSegundoSaqueGanado" : 8,
    "loserDobleFalta" : 1,
    "loserServingPoints" : 53,
    "loserServingGames" : 9
  }, {
    "torneo" : "Geneva CH",
    "fecha" : "20100823",
    "superficie" : "Clay",
    "resultado" : "3-6 6-3 7-5",
    "contrincante" : "Augustin Gensse",
    "ganador" : true,
    "winnerAces" : 5,
    "winnerPrimerSaqueDentro" : 69,
    "winnerPrimerSaqueGanado" : 44,
    "winnerSegundoSaqueGanado" : 20,
    "winnerDobleFalta" : 8,
    "winnerServingPoints" : 111,
    "winnerServingGames" : 15,
    "loserAces" : 4,
    "loserPrimerSaqueDentro" : 63,
    "loserPrimerSaqueGanado" : 37,
    "loserSegundoSaqueGanado" : 19,
    "loserDobleFalta" : 3,
    "loserServingPoints" : 99,
    "loserServingGames" : 15
  }, {
    "torneo" : "Geneva CH",
    "fecha" : "20100823",
    "superficie" : "Clay",
    "resultado" : "6-1 6-4",
    "contrincante" : "Grigor Dimitrov",
    "ganador" : false,
    "winnerAces" : 7,
    "winnerPrimerSaqueDentro" : 37,
    "winnerPrimerSaqueGanado" : 28,
    "winnerSegundoSaqueGanado" : 11,
    "winnerDobleFalta" : 4,
    "winnerServingPoints" : 57,
    "winnerServingGames" : 9,
    "loserAces" : 0,
    "loserPrimerSaqueDentro" : 24,
    "loserPrimerSaqueGanado" : 17,
    "loserSegundoSaqueGanado" : 7,
    "loserDobleFalta" : 3,
    "loserServingPoints" : 47,
    "loserServingGames" : 8
  }, {
    "torneo" : "Seville CH",
    "fecha" : "20100906",
    "superficie" : "Clay",
    "resultado" : "6-4 6-4",
    "contrincante" : "Albert Ramos",
    "ganador" : false,
    "winnerAces" : 4,
    "winnerPrimerSaqueDentro" : 41,
    "winnerPrimerSaqueGanado" : 30,
    "winnerSegundoSaqueGanado" : 12,
    "winnerDobleFalta" : 1,
    "winnerServingPoints" : 62,
    "winnerServingGames" : 10,
    "loserAces" : 2,
    "loserPrimerSaqueDentro" : 48,
    "loserPrimerSaqueGanado" : 27,
    "loserSegundoSaqueGanado" : 19,
    "loserDobleFalta" : 5,
    "loserServingPoints" : 84,
    "loserServingGames" : 10
  }, {
    "torneo" : "Szczecin CH",
    "fecha" : "20100913",
    "superficie" : "Clay",
    "resultado" : "6-2 6-0",
    "contrincante" : "Ivan Sergeyev",
    "ganador" : false,
    "winnerAces" : 2,
    "winnerPrimerSaqueDentro" : 20,
    "winnerPrimerSaqueGanado" : 19,
    "winnerSegundoSaqueGanado" : 9,
    "winnerDobleFalta" : 0,
    "winnerServingPoints" : 30,
    "winnerServingGames" : 7,
    "loserAces" : 2,
    "loserPrimerSaqueDentro" : 40,
    "loserPrimerSaqueGanado" : 23,
    "loserSegundoSaqueGanado" : 5,
    "loserDobleFalta" : 1,
    "loserServingPoints" : 63,
    "loserServingGames" : 7
  }, {
    "torneo" : "Kyoto CH",
    "fecha" : "20100308",
    "superficie" : "Carpet",
    "resultado" : "6-3 0-6 6-4",
    "contrincante" : "Joseph Sirianni",
    "ganador" : false,
    "winnerAces" : 3,
    "winnerPrimerSaqueDentro" : 37,
    "winnerPrimerSaqueGanado" : 28,
    "winnerSegundoSaqueGanado" : 17,
    "winnerDobleFalta" : 5,
    "winnerServingPoints" : 70,
    "winnerServingGames" : 13,
    "loserAces" : 20,
    "loserPrimerSaqueDentro" : 41,
    "loserPrimerSaqueGanado" : 34,
    "loserSegundoSaqueGanado" : 19,
    "loserDobleFalta" : 7,
    "loserServingPoints" : 84,