{
  "nombre" : "Marc Fornell Mestres",
  "mano" : "R",
  "nacionalidad" : "ESP",
  "edad" : 28.8213552361,
  "ganar1Saque" : 0.6278615519404411,
  "ganar2Saque" : 0.48074517399072647,
  "primerSaque" : 0.5798759609460831,
  "segundoSaque" : 0.3888838440179825,
  "ganarPuntoSacando" : 0.5510358520271699,
  "ganarPuntoRestando" : 0.33998812161258335,
  "probAce" : 0.02222222276031971,
  "clay" : {
    "nombre" : "Clay",
    "probVictoria" : 0.0,
    "probGanarPrimerSaque" : 0.6216216087341309,
    "probGanarSegundoSaque" : 0.5199999809265137,
    "probPrimerSaque" : 0.560606062412262,
    "probSegundoSaque" : 0.3787878751754761,
    "probGanarPuntoSacando" : 0.545454530249259,
    "probGanarPuntoRestando" : 0.3090909156383894,
    "probAce" : 0.0
  },
  "grass" : {
    "nombre" : "Grass",
    "probVictoria" : 0.0,
    "probGanarPrimerSaque" : 0.0,
    "probGanarSegundoSaque" : 0.0,
    "probPrimerSaque" : 0.0,
    "probSegundoSaque" : 0.0,
    "probGanarPuntoSacando" : 0.0,
    "probGanarPuntoRestando" : 0.0,
    "probAce" : 0.0
  },
  "hard" : {
    "nombre" : "Hard",
    "probVictoria" : 0.5,
    "probGanarPrimerSaque" : 0.7115789651870728,
    "probGanarSegundoSaque" : 0.5172798335552216,
    "probPrimerSaque" : 0.57332643866539,
    "probSegundoSaque" : 0.39449620246887207,
    "probGanarPuntoSacando" : 0.6120319638911731,
    "probGanarPuntoRestando" : 0.44967319984072296,
    "probAce" : 0.0
  },
  "other" : {
    "nombre" : "Other",
    "probVictoria" : 0.0,
    "probGanarPrimerSaque" : 0.46666666865348816,
    "probGanarSegundoSaque" : 0.3684210479259491,
    "probPrimerSaque" : 0.6122449040412903,
    "probSegundoSaque" : 0.3877550959587097,
    "probGanarPuntoSacando" : 0.42857142856075825,
    "probGanarPuntoRestando" : 0.15151517113049806,
    "probAce" : 0.0
  },
  "partidos" : [ {
    "torneo" : "Toyota CH",
    "fecha" : "20101122",
    "superficie" : "Carpet",
    "resultado" : "6-1 6-1",
    "contrincante" : "Hiroyasu Ehara",
    "ganador" : false,
    "winnerAces" : 1,
    "winnerPrimerSaqueDentro" : 25,
    "winnerPrimerSaqueGanado" : 21,
    "winnerSegundoSaqueGanado" : 7,
    "winnerDobleFalta" : 0,
    "winnerServingPoints" : 33,
    "winnerServingGames" : 7,
    "loserAces" : 1,
    "loserPrimerSaqueDentro" : 30,
    "loserPrimerSaqueGanado" : 14,
    "loserSegundoSaqueGanado" : 7,
    "loserDobleFalta" : 0,
    "loserServingPoints" : 49,
    "loserServingGames" : 7
  }, {
    "torneo" : "San Sebastian CH",
    "fecha" : "20100816",
    "superficie" : "Clay",
    "resultado" : "6-2 6-4",
    "contrincante" : "Santiago Ventura",
    "ganador" : false,
    "winnerAces" : 1,
    "winnerPrimerSaqueDentro" : 39,
    "winnerPrimerSaqueGanado" : 26,
    "winnerSegundoSaqueGanado" : 12,
    "winnerDobleFalta" : 0,
    "winnerServingPoints" : 55,
    "winnerServingGames" : 9,
    "loserAces" : 1,
    "loserPrimerSaqueDentro" : 37,
    "loserPrimerSaqueGanado" : 23,
    "loserSegundoSaqueGanado" : 13,
    "loserDobleFalta" : 4,
    "loserServingPoints" : 66,
    "loserServingGames" : 9
  }, {
    "torneo" : "Pozoblanco CH",
    "fecha" : "20100705",
    "superficie" : "Hard",
    "resultado" : "6-3 7-6(1)",
    "contrincante" : "David Canudas Fernandez",
    "ganador" : true,
    "winnerAces" : 4,
    "winnerPrimerSaqueDentro" : 38,
    "winnerPrimerSaqueGanado" : 29,
    "winnerSegundoSaqueGanado" : 12,
    "winnerDobleFalta" : 2,
    "winnerServingPoints" : 63,
    "winnerServingGames" : 10,
    "loserAces" : 3,
    "loserPrimerSaqueDentro" : 47,
    "loserPrimerSaqueGanado" : 28,
    "loserSegundoSaqueGanado" : 19,
    "loserDobleFalta" : 6,
    "loserServingPoints" : 90,
    "loserServingGames" : 11
  }, {
    "torneo" : "Pozoblanco CH",
    "fecha" : "20100705",
    "superficie" : "Hard",
    "resultado" : "6-3 4-6 6-4",
    "contrincante" : "Gero Kretschmer",
    "ganador" : false,
    "winnerAces" : 10,
    "winnerPrimerSaqueDentro" : 61,
    "winnerPrimerSaqueGanado" : 42,
    "winnerSegundoSaqueGanado" : 17,
    "winnerDobleFalta" : 8,
    "winnerServingPoints" : 102,
    "winnerServingGames" : 15,
    "loserAces" : 0,
    "loserPrimerSaqueDentro" : 50,
    "loserPrimerSaqueGanado" : 33,
    "loserSegundoSaqueGanado" : 20,
    "loserDobleFalta" : 3,
    "loserServingPoints" : 92,
    "loserServingGames" : 14
  } ]
}