{
  "nombre" : "Marius Copil",
  "mano" : "R",
  "nacionalidad" : "ROU",
  "edad" : 19.9260780287,
  "ganar1Saque" : 0.7583818542105811,
  "ganar2Saque" : 0.5577483762587819,
  "primerSaque" : 0.5401141132627215,
  "segundoSaque" : 0.3996215047580855,
  "ganarPuntoSacando" : 0.6325009880983998,
  "ganarPuntoRestando" : 0.33618509802421237,
  "probAce" : 0.11323459446430206,
  "clay" : {
    "nombre" : "Clay",
    "probVictoria" : 0.30000001192092896,
    "probGanarPrimerSaque" : 0.694839882850647,
    "probGanarSegundoSaque" : 0.5305395126342773,
    "probPrimerSaque" : 0.5283131271600723,
    "probSegundoSaque" : 0.4004108220338821,
    "probGanarPuntoSacando" : 0.5795267937597097,
    "probGanarPuntoRestando" : 0.33142887086394157,
    "probAce" : 0.0
  },
  "grass" : {
    "nombre" : "Grass",
    "probVictoria" : 0.0,
    "probGanarPrimerSaque" : 0.0,
    "probGanarSegundoSaque" : 0.0,
    "probPrimerSaque" : 0.0,
    "probSegundoSaque" : 0.0,
    "probGanarPuntoSacando" : 0.0,
    "probGanarPuntoRestando" : 0.0,
    "probAce" : 0.0
  },
  "hard" : {
    "nombre" : "Hard",
    "probVictoria" : 0.46666666865348816,
    "probGanarPrimerSaque" : 0.7937707662582397,
    "probGanarSegundoSaque" : 0.5644716044267019,
    "probPrimerSaque" : 0.5451046288013458,
    "probSegundoSaque" : 0.40195538798967995,
    "probGanarPuntoSacando" : 0.6595805216610497,
    "probGanarPuntoRestando" : 0.3515616769094825,
    "probAce" : 0.0
  },
  "other" : {
    "nombre" : "Other",
    "probVictoria" : 0.3333333432674408,
    "probGanarPrimerSaque" : 0.7932438651720682,
    "probGanarSegundoSaque" : 0.6148284475008646,
    "probPrimerSaque" : 0.5544981559117635,
    "probSegundoSaque" : 0.38532103101412457,
    "probGanarPuntoSacando" : 0.6767585917140782,
    "probGanarPuntoRestando" : 0.2751562941320977,
    "probAce" : 0.0
  },
  "partidos" : [ {
    "torneo" : "Bucharest",
    "fecha" : "20100920",
    "superficie" : "Clay",
    "resultado" : "7-6(4) 6-4",
    "contrincante" : "Simone Vagnozzi",
    "ganador" : false,
    "winnerAces" : 0,
    "winnerPrimerSaqueDentro" : 54,
    "winnerPrimerSaqueGanado" : 34,
    "winnerSegundoSaqueGanado" : 10,
    "winnerDobleFalta" : 2,
    "winnerServingPoints" : 70,
    "winnerServingGames" : 11,
    "loserAces" : 4,
    "loserPrimerSaqueDentro" : 43,
    "loserPrimerSaqueGanado" : 28,
    "loserSegundoSaqueGanado" : 17,
    "loserDobleFalta" : 3,
    "loserServingPoints" : 86,
    "loserServingGames" : 11
  }, {
    "torneo" : "Bytom CH",
    "fecha" : "20100614",
    "superficie" : "Clay",
    "resultado" : "7-6(4) 6-4",
    "contrincante" : "Grzegorz Panfil",
    "ganador" : true,
    "winnerAces" : 9,
    "winnerPrimerSaqueDentro" : 31,
    "winnerPrimerSaqueGanado" : 27,
    "winnerSegundoSaqueGanado" : 21,
    "winnerDobleFalta" : 4,
    "winnerServingPoints" : 70,
    "winnerServingGames" : 11,
    "loserAces" : 3,
    "loserPrimerSaqueDentro" : 55,
    "loserPrimerSaqueGanado" : 33,
    "loserSegundoSaqueGanado" : 13,
    "loserDobleFalta" : 1,
    "loserServingPoints" : 75,
    "loserServingGames" : 11
  }, {
    "torneo" : "Bytom CH",
    "fecha" : "20100614",
    "superficie" : "Clay",
    "resultado" : "6-3 6-2",
    "contrincante" : "Jorge Aguilar",
    "ganador" : true,
    "winnerAces" : 11,
    "winnerPrimerSaqueDentro" : 33,
    "winnerPrimerSaqueGanado" : 27,
    "winnerSegundoSaqueGanado" : 13,
    "winnerDobleFalta" : 3,
    "winnerServingPoints" : 55,
    "winnerServingGames" : 9,
    "loserAces" : 0,
    "loserPrimerSaqueDentro" : 38,
    "loserPrimerSaqueGanado" : 22,
    "loserSegundoSaqueGanado" : 9,
    "loserDobleFalta" : 2,
    "loserServingPoints" : 56,
    "loserServingGames" : 8
  }, {
    "torneo" : "Bytom CH",
    "fecha" : "20100614",
    "superficie" : "Clay",
    "resultado" : "7-6(4) 7-6(6)",
    "contrincante" : "Facundo Bagnis",
    "ganador" : false,
    "winnerAces" : 0,
    "winnerPrimerSaqueDentro" : 60,
    "winnerPrimerSaqueGanado" : 40,
    "winnerSegundoSaqueGanado" : 23,
    "winnerDobleFalta" : 6,
    "winnerServingPoints" : 100,
    "winnerServingGames" : 12,
    "loserAces" : 4,
    "loserPrimerSaqueDentro" : 55,
    "loserPrimerSaqueGanado" : 39,
    "loserSegundoSaqueGanado" : 27,
    "loserDobleFalta" : 6,
    "loserServingPoints" : 112,
    "loserServingGames" : 12
  }, {
    "torneo" : "Granby CH",
    "fecha" : "20100726",
    "superficie" : "Hard",
    "resultado" : "6-2 3-6 6-3",
    "contrincante" : "Frederik Nielsen",
    "ganador" : false,
    "winnerAces" : 4,
    "winnerPrimerSaqueDentro" : 51,
    "winnerPrimerSaqueGanado" : 37,
    "winnerSegundoSaqueGanado" : 15,
    "winnerDobleFalta" : 2,
    "winnerServingPoints" : 78,
    "winnerServingGames" : 13,
    "loserAces" : 6,
    "loserPrimerSaqueDentro" : 49,
    "loserPrimerSaqueGanado" : 34,
    "loserSegundoSaqueGanado" : 16,
    "loserDobleFalta" : 5,
    "loserServingPoints" : 75,
    "loserServingGames" : 13
  }, {
    "torneo" : "Arad CH",
    "fecha" : "20100628",
    "superficie" : "Clay",
    "resultado" : "6-4 6-3",
    "contrincante" : "Inigo Cervantes Huegun",
    "ganador" : false,
    "winnerAces" : 5,
    "winnerPrimerSaqueDentro" : 31,
    "winnerPrimerSaqueGanado" : 22,
    "winnerSegundoSaqueGanado" : 12,
    "winnerDobleFalta" : 2,
    "winnerServingPoints" : 53,
    "winnerServingGames" : 9,
    "loserAces" : 5,
    "loserPrimerSaqueDentro" : 30,
    "loserPrimerSaqueGanado" : 18,
    "loserSegundoSaqueGanado" : 9,
    "loserDobleFalta" : 1,
    "loserServingPoints" : 54,
    "loserServingGames" : 10
  }, {
    "torneo" : "Recanati CH",
    "fecha" : "20100719",
    "superficie" : "Hard",
    "resultado" : "6-2 6-2",
    "contrincante" : "Andrea Stoppini",
    "ganador" : false,
    "winnerAces" : 4,
    "winnerPrimerSaqueDentro" : 32,
    "winnerPrimerSaqueGanado" : 26,
    "winnerSegundoSaqueGanado" : 6,
    "winnerDobleFalta" : 0,
    "winnerServingPoints" : 43,
    "winnerServingGames" : 8,
    "loserAces" : 4,
    "loserPrimerSaqueDentro" : 31,
    "loserPrimerSaqueGanado" : 22,
    "loserSegundoSaqueGanado" : 10,
    "loserDobleFalta" : 5,
    "loserServingPoints" : 60,
    "loserServingGames" : 8
  }, {
    "torneo" : "Furth CH",
    "fecha" : "20100531",
    "superficie" : "Clay",
    "resultado" : "7-5 6-2",
    "contrincante" : "Dieter Kindlmann",
    "ganador" : false,
    "winnerAces" : 1,
    "winnerPrimerSaqueDentro" : 35,
    "winnerPrimerSaqueGanado" : 32,
    "winnerSegundoSaqueGanado" : 8,
    "winnerDobleFalta" : 0,
    "winnerServingPoints" : 45,
    "winnerServingGames" : 10,
    "loserAces" : 6,
    "loserPrimerSaqueDentro" : 27,
    "loserPrimerSaqueGanado" : 18,
    "loserSegundoSaqueGanado" : 16,
    "loserDobleFalta" : 5,
    "loserServingPoints" : 59,
    "loserServingGames" : 10
  }, {
    "torneo" : "Brasov CH",
    "fecha" : "20100906",
    "superficie" : "Clay",
    "resultado" : "2-6 7-6(6) 6-2",
    "contrincante" : "Victor Mugurel Anagnastopol",
    "ganador" : true,
    "winnerAces" : 10,
    "winnerPrimerSaqueDentro" : 44,
    "winnerPrimerSaqueGanado" : 35,
    "winnerSegundoSaqueGanado" : 14,
    "winnerDobleFalta" : 9,
    "winnerServingPoints" : 87,
    "winnerServingGames" : 14,
    "loserAces" : 8,
    "loserPrimerSaqueDentro" : 67,
    "loserPrimerSaqueGanado" : 43,
    "loserSegundoSaqueGanado" : 21,
    "loserDobleFalta" : 5,
    "loserServingPoints" : 114,
    "loserServingGames" : 14
  }, {
    "torneo" : "Brasov CH",
    "fecha" : "20100906",
    "superficie" : "Clay",
    "resultado" : "6-4 6-4",
    "contrincante" : "Eric Prodon",
    "ganador" : false,
    "winnerAces" : 4,
    "winnerPrimerSaqueDentro" : 34,
    "winnerPrimerSaqueGanado" : 26,
    "winnerSegundoSaqueGanado" : 15,
    "winnerDobleFalta" : 2,
    "winnerServingPoints" : 62,
    "winnerServingGames" : 10,
    "loserAces" : 3,
    "loserPrimerSaqueDentro" : 35,
    "loserPrimerSaqueGanado" : 26,
    "loserSegundoSaqueGanado" : 11,
    "loserDobleFalta" : 4,