{
  "nombre" : "Mario Ancic",
  "mano" : "R",
  "nacionalidad" : "CRO",
  "edad" : 26.0917180014,
  "ganar1Saque" : 0.7295222073793411,
  "ganar2Saque" : 0.5131567880511284,
  "primerSaque" : 0.6048991739749908,
  "segundoSaque" : 0.3495285972952843,
  "ganarPuntoSacando" : 0.6206503529602398,
  "ganarPuntoRestando" : 0.3247590839869009,
  "probAce" : 0.12946979701519012,
  "clay" : {
    "nombre" : "Clay",
    "probVictoria" : 0.25,
    "probGanarPrimerSaque" : 0.7027447670698166,
    "probGanarSegundoSaque" : 0.5539930462837219,
    "probPrimerSaque" : 0.5916377604007721,
    "probSegundoSaque" : 0.3613971620798111,
    "probGanarPuntoSacando" : 0.6159818548614351,
    "probGanarPuntoRestando" : 0.39785382091901444,
    "probAce" : 0.0
  },
  "grass" : {
    "nombre" : "Grass",
    "probVictoria" : 0.0,
    "probGanarPrimerSaque" : 0.0,
    "probGanarSegundoSaque" : 0.0,
    "probPrimerSaque" : 0.0,
    "probSegundoSaque" : 0.0,
    "probGanarPuntoSacando" : 0.0,
    "probGanarPuntoRestando" : 0.0,
    "probAce" : 0.0
  },
  "hard" : {
    "nombre" : "Hard",
    "probVictoria" : 0.4000000059604645,
    "probGanarPrimerSaque" : 0.7154532492160797,
    "probGanarSegundoSaque" : 0.42311913669109347,
    "probPrimerSaque" : 0.6202719211578369,
    "probSegundoSaque" : 0.3423718959093094,
    "probGanarPuntoSacando" : 0.5886396624143143,
    "probGanarPuntoRestando" : 0.2790611991432545,
    "probAce" : 0.0
  },
  "other" : {
    "nombre" : "Other",
    "probVictoria" : 0.0,
    "probGanarPrimerSaque" : 0.9069767594337463,
    "probGanarSegundoSaque" : 0.800000011920929,
    "probPrimerSaque" : 0.5810810923576355,
    "probSegundoSaque" : 0.3378378450870514,
    "probGanarPuntoSacando" : 0.7972973262117318,
    "probGanarPuntoRestando" : 0.2608695604766791,
    "probAce" : 0.0
  },
  "partidos" : [ {
    "torneo" : "Munich",
    "fecha" : "20100502",
    "superficie" : "Clay",
    "resultado" : "7-6(7) 7-5",
    "contrincante" : "Daniel Koellerer",
    "ganador" : false,
    "winnerAces" : 0,
    "winnerPrimerSaqueDentro" : 36,
    "winnerPrimerSaqueGanado" : 24,
    "winnerSegundoSaqueGanado" : 17,
    "winnerDobleFalta" : 1,
    "winnerServingPoints" : 68,
    "winnerServingGames" : 12,
    "loserAces" : 3,
    "loserPrimerSaqueDentro" : 52,
    "loserPrimerSaqueGanado" : 33,
    "loserSegundoSaqueGanado" : 13,
    "loserDobleFalta" : 2,
    "loserServingPoints" : 86,
    "loserServingGames" : 12
  }, {
    "torneo" : "Indian Wells Masters",
    "fecha" : "20100311",
    "superficie" : "Hard",
    "resultado" : "4-6 6-3 6-4",
    "contrincante" : "Bobby Reynolds",
    "ganador" : true,
    "winnerAces" : 12,
    "winnerPrimerSaqueDentro" : 51,
    "winnerPrimerSaqueGanado" : 41,
    "winnerSegundoSaqueGanado" : 17,
    "winnerDobleFalta" : 2,
    "winnerServingPoints" : 80,
    "winnerServingGames" : 15,
    "loserAces" : 8,
    "loserPrimerSaqueDentro" : 46,
    "loserPrimerSaqueGanado" : 33,
    "loserSegundoSaqueGanado" : 21,
    "loserDobleFalta" : 1,
    "loserServingPoints" : 84,
    "loserServingGames" : 14
  }, {
    "torneo" : "Indian Wells Masters",
    "fecha" : "20100311",
    "superficie" : "Hard",
    "resultado" : "4-6 7-6(5) 6-3",
    "contrincante" : "Julien Benneteau",
    "ganador" : true,
    "winnerAces" : 11,
    "winnerPrimerSaqueDentro" : 57,
    "winnerPrimerSaqueGanado" : 42,
    "winnerSegundoSaqueGanado" : 12,
    "winnerDobleFalta" : 4,
    "winnerServingPoints" : 95,
    "winnerServingGames" : 15,
    "loserAces" : 9,
    "loserPrimerSaqueDentro" : 87,
    "loserPrimerSaqueGanado" : 55,
    "loserSegundoSaqueGanado" : 13,
    "loserDobleFalta" : 4,
    "loserServingPoints" : 124,
    "loserServingGames" : 16
  }, {
    "torneo" : "Indian Wells Masters",
    "fecha" : "20100311",
    "superficie" : "Hard",
    "resultado" : "6-2 6-2",
    "contrincante" : "Rafael Nadal",
    "ganador" : false,
    "winnerAces" : 5,
    "winnerPrimerSaqueDentro" : 24,
    "winnerPrimerSaqueGanado" : 23,
    "winnerSegundoSaqueGanado" : 9,
    "winnerDobleFalta" : 3,
    "winnerServingPoints" : 37,
    "winnerServingGames" : 8,
    "loserAces" : 2,
    "loserPrimerSaqueDentro" : 31,
    "loserPrimerSaqueGanado" : 15,
    "loserSegundoSaqueGanado" : 9,
    "loserDobleFalta" : 2,
    "loserServingPoints" : 52,
    "loserServingGames" : 8
  }, {
    "torneo" : "Miami Masters",
    "fecha" : "20100324",
    "superficie" : "Hard",
    "resultado" : "6-4 6-4",
    "contrincante" : "Jeremy Chardy",
    "ganador" : false,
    "winnerAces" : 9,
    "winnerPrimerSaqueDentro" : 27,
    "winnerPrimerSaqueGanado" : 23,
    "winnerSegundoSaqueGanado" : 18,
    "winnerDobleFalta" : 3,
    "winnerServingPoints" : 53,
    "winnerServingGames" : 10,
    "loserAces" : 12,
    "loserPrimerSaqueDentro" : 38,
    "loserPrimerSaqueGanado" : 30,
    "loserSegundoSaqueGanado" : 12,
    "loserDobleFalta" : 3,
    "loserServingPoints" : 69,
    "loserServingGames" : 10
  }, {
    "torneo" : "Ostrava CH",
    "fecha" : "20100426",
    "superficie" : "Clay",
    "resultado" : "4-6 6-4 7-5",
    "contrincante" : "Ivo Minar",
    "ganador" : false,
    "winnerAces" : 3,
    "winnerPrimerSaqueDentro" : 66,
    "winnerPrimerSaqueGanado" : 41,
    "winnerSegundoSaqueGanado" : 33,
    "winnerDobleFalta" : 1,
    "winnerServingPoints" : 131,
    "winnerServingGames" : 16,
    "loserAces" : 4,
    "loserPrimerSaqueDentro" : 43,
    "loserPrimerSaqueGanado" : 31,
    "loserSegundoSaqueGanado" : 21,
    "loserDobleFalta" : 4,
    "loserServingPoints" : 87,
    "loserServingGames" : 16
  }, {
    "torneo" : "Belgrade CH",
    "fecha" : "20100215",
    "superficie" : "Carpet",
    "resultado" : "7-6(5) 7-6(7)",
    "contrincante" : "Gilles Muller",
    "ganador" : false,
    "winnerAces" : 19,
    "winnerPrimerSaqueDentro" : 64,
    "winnerPrimerSaqueGanado" : 50,
    "winnerSegundoSaqueGanado" : 18,
    "winnerDobleFalta" : 2,
    "winnerServingPoints" : 92,
    "winnerServingGames" : 12,
    "loserAces" : 16,
    "loserPrimerSaqueDentro" : 43,
    "loserPrimerSaqueGanado" : 39,
    "loserSegundoSaqueGanado" : 20,
    "loserDobleFalta" : 6,
    "loserServingPoints" : 74,
    "loserServingGames" : 12
  }, {
    "torneo" : "Heilbronn CH",
    "fecha" : "20100125",
    "superficie" : "Hard",
    "resultado" : "6-3 6-7(5) 6-2",
    "contrincante" : "Mikhail Kukushkin",
    "ganador" : false,
    "winnerAces" : 7,
    "winnerPrimerSaqueDentro" : 48,
    "winnerPrimerSaqueGanado" : 42,
    "winnerSegundoSaqueGanado" : 20,
    "winnerDobleFalta" : 0,
    "winnerServingPoints" : 80,
    "winnerServingGames" : 14,
    "loserAces" : 17,
    "loserPrimerSaqueDentro" : 76,
    "loserPrimerSaqueGanado" : 58,
    "loserSegundoSaqueGanado" : 6,
    "loserDobleFalta" : 4,
    "loserServingPoints" : 106,
    "loserServingGames" : 15
  }, {
    "torneo" : "Rome2 CH",
    "fecha" : "20100419",
    "superficie" : "Clay",
    "resultado" : "6-4 6-4",
    "contrincante" : "Julian Reister",
    "ganador" : true,
    "winnerAces" : 12,
    "winnerPrimerSaqueDentro" : 39,
    "winnerPrimerSaqueGanado" : 32,
    "winnerSegundoSaqueGanado" : 13,
    "winnerDobleFalta" : 3,
    "winnerServingPoints" : 60,
    "winnerServingGames" : 10,
    "loserAces" : 5,
    "loserPrimerSaqueDentro" : 40,
    "loserPrimerSaqueGanado" : 29,
    "loserSegundoSaqueGanado" : 9,
    "loserDobleFalta" : 1,
    "loserServingPoints" : 58,
    "loserServingGames" : 10
  }, {
    "torneo" : "Rome2 CH",
    "fecha" : "20100419",
    "superficie" : "Clay",
    "resultado" : "4-6 6-4 7-5",
    "contrincante" : "Rui Machado",
    "ganador" : false,
    "winnerAces" : 6,
    "winnerPrimerSaqueDentro" : 76,
    "winnerPrimerSaqueGanado" : 49,
    "winnerSegundoSaqueGanado" : 16,
    "winnerDobleFalta" : 2,
    "winnerServingPoints" : 111,
    "winnerServingGames" : 16,
    "loserAces" : 16,
    "loserPrimerSaqueDentro" : 63,
    "loserPrimerSaqueGanado" : 40,
    "loserSegundoSaqueGanado" : 18,
    "loserDobleFalta" : 7,