{
  "nombre" : "Marko Djokovic",
  "mano" : "U",
  "nacionalidad" : "SRB",
  "edad" : 18.7022587269,
  "ganar1Saque" : 0.6135053634643555,
  "ganar2Saque" : 0.525708624294826,
  "primerSaque" : 0.6134659818240574,
  "segundoSaque" : 0.33913259846823557,
  "ganarPuntoSacando" : 0.5546496019462518,
  "ganarPuntoRestando" : 0.33079636135081414,
  "probAce" : 0.03999999910593033,
  "clay" : {
    "nombre" : "Clay",
    "probVictoria" : 0.20000000298023224,
    "probGanarPrimerSaque" : 0.589199709892273,
    "probGanarSegundoSaque" : 0.49916666746139526,
    "probPrimerSaque" : 0.6203999876976013,
    "probSegundoSaque" : 0.3372856378555298,
    "probGanarPuntoSacando" : 0.5339012405995323,
    "probGanarPuntoRestando" : 0.34229619407668793,
    "probAce" : 0.0
  },
  "grass" : {
    "nombre" : "Grass",
    "probVictoria" : 0.0,
    "probGanarPrimerSaque" : 0.0,
    "probGanarSegundoSaque" : 0.0,
    "probPrimerSaque" : 0.0,
    "probSegundoSaque" : 0.0,
    "probGanarPuntoSacando" : 0.0,
    "probGanarPuntoRestando" : 0.0,
    "probAce" : 0.0
  },
  "hard" : {
    "nombre" : "Hard",
    "probVictoria" : 0.0,
    "probGanarPrimerSaque" : 0.6865671873092651,
    "probGanarSegundoSaque" : 0.5555555820465088,
    "probPrimerSaque" : 0.5583333373069763,
    "probSegundoSaque" : 0.375,
    "probGanarPuntoSacando" : 0.5916666922432867,
    "probGanarPuntoRestando" : 0.35964912178456,
    "probAce" : 0.0
  },
  "other" : {
    "nombre" : "Other",
    "probVictoria" : 0.0,
    "probGanarPrimerSaque" : 0.6619718074798584,
    "probGanarSegundoSaque" : 0.6285714507102966,
    "probPrimerSaque" : 0.6339285969734192,
    "probSegundoSaque" : 0.3125,
    "probGanarPuntoSacando" : 0.6160714374986327,
    "probGanarPuntoRestando" : 0.24444443728769916,
    "probAce" : 0.0
  },
  "partidos" : [ {
    "torneo" : "Belgrade",
    "fecha" : "20100503",
    "superficie" : "Clay",
    "resultado" : "6-7(5) 7-5 6-0",
    "contrincante" : "Alessio Di Mauro",
    "ganador" : false,
    "winnerAces" : 6,
    "winnerPrimerSaqueDentro" : 48,
    "winnerPrimerSaqueGanado" : 37,
    "winnerSegundoSaqueGanado" : 23,
    "winnerDobleFalta" : 4,
    "winnerServingPoints" : 96,
    "winnerServingGames" : 15,
    "loserAces" : 2,
    "loserPrimerSaqueDentro" : 63,
    "loserPrimerSaqueGanado" : 34,
    "loserSegundoSaqueGanado" : 21,
    "loserDobleFalta" : 4,
    "loserServingPoints" : 107,
    "loserServingGames" : 15
  }, {
    "torneo" : "Helsinki CH",
    "fecha" : "20101122",
    "superficie" : "Hard",
    "resultado" : "6-7(7) 7-5 6-3",
    "contrincante" : "Dustin Brown",
    "ganador" : false,
    "winnerAces" : 19,
    "winnerPrimerSaqueDentro" : 54,
    "winnerPrimerSaqueGanado" : 40,
    "winnerSegundoSaqueGanado" : 33,
    "winnerDobleFalta" : 5,
    "winnerServingPoints" : 114,
    "winnerServingGames" : 17,
    "loserAces" : 10,
    "loserPrimerSaqueDentro" : 67,
    "loserPrimerSaqueGanado" : 46,
    "loserSegundoSaqueGanado" : 25,
    "loserDobleFalta" : 8,
    "loserServingPoints" : 120,
    "loserServingGames" : 16
  }, {
    "torneo" : "Geneva CH",
    "fecha" : "20100823",
    "superficie" : "Clay",
    "resultado" : "3-6 6-3 7-5",
    "contrincante" : "Clement Reix",
    "ganador" : true,
    "winnerAces" : 4,
    "winnerPrimerSaqueDentro" : 72,
    "winnerPrimerSaqueGanado" : 47,
    "winnerSegundoSaqueGanado" : 16,
    "winnerDobleFalta" : 4,
    "winnerServingPoints" : 106,
    "winnerServingGames" : 15,
    "loserAces" : 11,
    "loserPrimerSaqueDentro" : 55,
    "loserPrimerSaqueGanado" : 39,
    "loserSegundoSaqueGanado" : 20,
    "loserDobleFalta" : 2,
    "loserServingPoints" : 94,
    "loserServingGames" : 15
  }, {
    "torneo" : "Geneva CH",
    "fecha" : "20100823",
    "superficie" : "Clay",
    "resultado" : "6-1 6-2",
    "contrincante" : "Jonathan Eysseric",
    "ganador" : false,
    "winnerAces" : 6,
    "winnerPrimerSaqueDentro" : 34,
    "winnerPrimerSaqueGanado" : 29,
    "winnerSegundoSaqueGanado" : 7,
    "winnerDobleFalta" : 3,
    "winnerServingPoints" : 50,
    "winnerServingGames" : 8,
    "loserAces" : 0,
    "loserPrimerSaqueDentro" : 29,
    "loserPrimerSaqueGanado" : 16,
    "loserSegundoSaqueGanado" : 7,
    "loserDobleFalta" : 4,
    "loserServingPoints" : 49,
    "loserServingGames" : 7
  }, {
    "torneo" : "Rijeka CH",
    "fecha" : "20100906",
    "superficie" : "Clay",
    "resultado" : "7-6(3) 6-2",
    "contrincante" : "Ivo Minar",
    "ganador" : false,
    "winnerAces" : 7,
    "winnerPrimerSaqueDentro" : 30,
    "winnerPrimerSaqueGanado" : 20,
    "winnerSegundoSaqueGanado" : 23,
    "winnerDobleFalta" : 1,
    "winnerServingPoints" : 65,
    "winnerServingGames" : 10,
    "loserAces" : 2,
    "loserPrimerSaqueDentro" : 49,
    "loserPrimerSaqueGanado" : 27,
    "loserSegundoSaqueGanado" : 13,
    "loserDobleFalta" : 2,
    "loserServingPoints" : 77,
    "loserServingGames" : 10
  }, {
    "torneo" : "Banja Luka CH",
    "fecha" : "20100913",
    "superficie" : "Clay",
    "resultado" : "6-4 3-6 6-2",
    "contrincante" : "Franco Skugor",
    "ganador" : false,
    "winnerAces" : 9,
    "winnerPrimerSaqueDentro" : 55,
    "winnerPrimerSaqueGanado" : 41,
    "winnerSegundoSaqueGanado" : 12,
    "winnerDobleFalta" : 0,
    "winnerServingPoints" : 81,
    "winnerServingGames" : 13,
    "loserAces" : 1,
    "loserPrimerSaqueDentro" : 63,
    "loserPrimerSaqueGanado" : 41,
    "loserSegundoSaqueGanado" : 19,
    "loserDobleFalta" : 3,
    "loserServingPoints" : 104,
    "loserServingGames" : 14
  }, {
    "torneo" : "Aachen CH",
    "fecha" : "20101108",
    "superficie" : "Carpet",
    "resultado" : "7-5 6-7(5) 6-2",
    "contrincante" : "Julian Reister",
    "ganador" : false,
    "winnerAces" : 4,
    "winnerPrimerSaqueDentro" : 66,
    "winnerPrimerSaqueGanado" : 51,
    "winnerSegundoSaqueGanado" : 17,
    "winnerDobleFalta" : 1,
    "winnerServingPoints" : 90,
    "winnerServingGames" : 16,
    "loserAces" : 8,
    "loserPrimerSaqueDentro" : 71,
    "loserPrimerSaqueGanado" : 47,
    "loserSegundoSaqueGanado" : 22,
    "loserDobleFalta" : 6,
    "loserServingPoints" : 112,
    "loserServingGames" : 16
  } ]
}