{
  "nombre" : "Martin Slanar",
  "mano" : "R",
  "nacionalidad" : "AUT",
  "edad" : 29.1197809719,
  "ganar1Saque" : 0.6713991335460118,
  "ganar2Saque" : 0.5012702132974353,
  "primerSaque" : 0.5543769321271351,
  "segundoSaque" : 0.3857791892119816,
  "ganarPuntoSacando" : 0.5655878083500564,
  "ganarPuntoRestando" : 0.35640020864063543,
  "probAce" : 0.060414787381887436,
  "clay" : {
    "nombre" : "Clay",
    "probVictoria" : 0.1666666716337204,
    "probGanarPrimerSaque" : 0.7107454419136048,
    "probGanarSegundoSaque" : 0.5136471092700958,
    "probPrimerSaque" : 0.5594296932220459,
    "probSegundoSaque" : 0.36700449585914613,
    "probGanarPuntoSacando" : 0.5861229029158747,
    "probGanarPuntoRestando" : 0.3871232308998132,
    "probAce" : 0.0
  },
  "grass" : {
    "nombre" : "Grass",
    "probVictoria" : 0.0,
    "probGanarPrimerSaque" : 0.0,
    "probGanarSegundoSaque" : 0.0,
    "probPrimerSaque" : 0.0,
    "probSegundoSaque" : 0.0,
    "probGanarPuntoSacando" : 0.0,
    "probGanarPuntoRestando" : 0.0,
    "probAce" : 0.0
  },
  "hard" : {
    "nombre" : "Hard",
    "probVictoria" : 0.375,
    "probGanarPrimerSaque" : 0.6663386449217796,
    "probGanarSegundoSaque" : 0.5145267620682716,
    "probPrimerSaque" : 0.5396337173879147,
    "probSegundoSaque" : 0.40897106379270554,
    "probGanarPuntoSacando" : 0.5700053572312429,
    "probGanarPuntoRestando" : 0.3348733489671271,
    "probAce" : 0.0
  },
  "other" : {
    "nombre" : "Other",
    "probVictoria" : 0.0,
    "probGanarPrimerSaque" : 0.5151515007019043,
    "probGanarSegundoSaque" : 0.3333333432674408,
    "probPrimerSaque" : 0.6470588445663452,
    "probSegundoSaque" : 0.29411765933036804,
    "probGanarPuntoSacando" : 0.43137255751937875,
    "probGanarPuntoRestando" : 0.37499997473281366,
    "probAce" : 0.0
  },
  "partidos" : [ {
    "torneo" : "Bytom CH",
    "fecha" : "20100614",
    "superficie" : "Clay",
    "resultado" : "6-2 4-6 7-6(4)",
    "contrincante" : "Martin Klizan",
    "ganador" : false,
    "winnerAces" : 3,
    "winnerPrimerSaqueDentro" : 60,
    "winnerPrimerSaqueGanado" : 40,
    "winnerSegundoSaqueGanado" : 28,
    "winnerDobleFalta" : 6,
    "winnerServingPoints" : 119,
    "winnerServingGames" : 15,
    "loserAces" : 2,
    "loserPrimerSaqueDentro" : 53,
    "loserPrimerSaqueGanado" : 34,
    "loserSegundoSaqueGanado" : 18,
    "loserDobleFalta" : 2,
    "loserServingPoints" : 93,
    "loserServingGames" : 15
  }, {
    "torneo" : "Noumea CH",
    "fecha" : "20100104",
    "superficie" : "Hard",
    "resultado" : "7-6(4) 6-3",
    "contrincante" : "Josselin Ouanna",
    "ganador" : false,
    "winnerAces" : 6,
    "winnerPrimerSaqueDentro" : 44,
    "winnerPrimerSaqueGanado" : 37,
    "winnerSegundoSaqueGanado" : 9,
    "winnerDobleFalta" : 5,
    "winnerServingPoints" : 61,
    "winnerServingGames" : 11,
    "loserAces" : 4,
    "loserPrimerSaqueDentro" : 32,
    "loserPrimerSaqueGanado" : 24,
    "loserSegundoSaqueGanado" : 16,
    "loserDobleFalta" : 2,
    "loserServingPoints" : 60,
    "loserServingGames" : 10
  }, {
    "torneo" : "Belgrade CH",
    "fecha" : "20100215",
    "superficie" : "Carpet",
    "resultado" : "6-3 6-2",
    "contrincante" : "Karol Beck",
    "ganador" : false,
    "winnerAces" : 3,
    "winnerPrimerSaqueDentro" : 32,
    "winnerPrimerSaqueGanado" : 24,
    "winnerSegundoSaqueGanado" : 11,
    "winnerDobleFalta" : 1,
    "winnerServingPoints" : 56,
    "winnerServingGames" : 9,
    "loserAces" : 2,
    "loserPrimerSaqueDentro" : 33,
    "loserPrimerSaqueGanado" : 17,
    "loserSegundoSaqueGanado" : 5,
    "loserDobleFalta" : 3,
    "loserServingPoints" : 51,
    "loserServingGames" : 8
  }, {
    "torneo" : "Oberstaufen CH",
    "fecha" : "20100705",
    "superficie" : "Clay",
    "resultado" : "6-3 7-6(8)",
    "contrincante" : "Dieter Kindlmann",
    "ganador" : true,
    "winnerAces" : 12,
    "winnerPrimerSaqueDentro" : 38,
    "winnerPrimerSaqueGanado" : 36,
    "winnerSegundoSaqueGanado" : 12,
    "winnerDobleFalta" : 6,
    "winnerServingPoints" : 68,
    "winnerServingGames" : 11,
    "loserAces" : 5,
    "loserPrimerSaqueDentro" : 49,
    "loserPrimerSaqueGanado" : 33,
    "loserSegundoSaqueGanado" : 15,
    "loserDobleFalta" : 6,
    "loserServingPoints" : 78,
    "loserServingGames" : 10
  }, {
    "torneo" : "Oberstaufen CH",
    "fecha" : "20100705",
    "superficie" : "Clay",
    "resultado" : "6-2 6-4",
    "contrincante" : "Martin Fischer",
    "ganador" : false,
    "winnerAces" : 5,
    "winnerPrimerSaqueDentro" : 43,
    "winnerPrimerSaqueGanado" : 28,
    "winnerSegundoSaqueGanado" : 13,
    "winnerDobleFalta" : 2,
    "winnerServingPoints" : 68,
    "winnerServingGames" : 9,
    "loserAces" : 0,
    "loserPrimerSaqueDentro" : 41,
    "loserPrimerSaqueGanado" : 22,
    "loserSegundoSaqueGanado" : 16,
    "loserDobleFalta" : 9,
    "loserServingPoints" : 76,
    "loserServingGames" : 9
  }, {
    "torneo" : "Pereira CH",
    "fecha" : "20100412",
    "superficie" : "Clay",
    "resultado" : "6-4 6-4",
    "contrincante" : "Joao Souza",
    "ganador" : false,
    "winnerAces" : 7,
    "winnerPrimerSaqueDentro" : 36,
    "winnerPrimerSaqueGanado" : 30,
    "winnerSegundoSaqueGanado" : 13,
    "winnerDobleFalta" : 2,
    "winnerServingPoints" : 62,
    "winnerServingGames" : 10,
    "loserAces" : 5,
    "loserPrimerSaqueDentro" : 34,
    "loserPrimerSaqueGanado" : 27,
    "loserSegundoSaqueGanado" : 12,
    "loserDobleFalta" : 5,
    "loserServingPoints" : 57,
    "loserServingGames" : 10
  }, {
    "torneo" : "Rimouski CH",
    "fecha" : "20100322",
    "superficie" : "Hard",
    "resultado" : "3-6 7-5 6-4",
    "contrincante" : "Michael Lammer",
    "ganador" : true,
    "winnerAces" : 11,
    "winnerPrimerSaqueDentro" : 53,
    "winnerPrimerSaqueGanado" : 36,
    "winnerSegundoSaqueGanado" : 25,
    "winnerDobleFalta" : 3,
    "winnerServingPoints" : 103,
    "winnerServingGames" : 16,
    "loserAces" : 0,
    "loserPrimerSaqueDentro" : 60,
    "loserPrimerSaqueGanado" : 39,
    "loserSegundoSaqueGanado" : 18,
    "loserDobleFalta" : 2,
    "loserServingPoints" : 95,
    "loserServingGames" : 15
  }, {
    "torneo" : "Rimouski CH",
    "fecha" : "20100322",
    "superficie" : "Hard",
    "resultado" : "6-3 7-6(5)",
    "contrincante" : "Pierre Ludovic Duclos",
    "ganador" : true,
    "winnerAces" : 9,
    "winnerPrimerSaqueDentro" : 42,
    "winnerPrimerSaqueGanado" : 30,
    "winnerSegundoSaqueGanado" : 18,
    "winnerDobleFalta" : 3,
    "winnerServingPoints" : 76,
    "winnerServingGames" : 11,
    "loserAces" : 2,
    "loserPrimerSaqueDentro" : 45,
    "loserPrimerSaqueGanado" : 32,
    "loserSegundoSaqueGanado" : 14,
    "loserDobleFalta" : 4,
    "loserServingPoints" : 78,
    "loserServingGames" : 10
  }, {
    "torneo" : "Rimouski CH",
    "fecha" : "20100322",
    "superficie" : "Hard",
    "resultado" : "7-5 6-0",
    "contrincante" : "Tim Smyczek",
    "ganador" : false,
    "winnerAces" : 6,
    "winnerPrimerSaqueDentro" : 26,
    "winnerPrimerSaqueGanado" : 25,
    "winnerSegundoSaqueGanado" : 11,
    "winnerDobleFalta" : 1,
    "winnerServingPoints" : 41,
    "winnerServingGames" : 9,
    "loserAces" : 2,
    "loserPrimerSaqueDentro" : 32,
    "loserPrimerSaqueGanado" : 24,
    "loserSegundoSaqueGanado" : 12,
    "loserDobleFalta" : 3,
    "loserServingPoints" : 68,
    "loserServingGames" : 9
  }, {
    "torneo" : "Cairo CH",
    "fecha" : "20100503",
    "superficie" : "Clay",
    "resultado" : "6-2 6-2",
    "contrincante" : "Jonathan Dasnieres De Veigy",
    "ganador" : false,
    "winnerAces" : 0,
    "winnerPrimerSaqueDentro" : 0,
    "winnerPrimerSaqueGanado" : 0,
    "winnerSegundoSaqueGanado" : 0,
    "winnerDobleFalta" : 0,
    "winnerServingPoints" : 0,
    "winnerServingGames" : 0,
    "loserAces" : 0,
    "loserPrimerSaqueDentro" : 0,
    "loserPrimerSaqueGanado" : 0,
    "loserSegundoSaqueGanado" : 0,
    "loserDobleFalta" : 0,
    "loserServingPoints" : 0,