{
  "nombre" : "Matteo Viola",
  "mano" : "R",
  "nacionalidad" : "ITA",
  "edad" : 23.1868583162,
  "ganar1Saque" : 0.6054377283739008,
  "ganar2Saque" : 0.5473711697951608,
  "primerSaque" : 0.6595981587534365,
  "segundoSaque" : 0.2830371523033018,
  "ganarPuntoSacando" : 0.5542719880270376,
  "ganarPuntoRestando" : 0.42367612633851376,
  "probAce" : 0.010353228077292442,
  "clay" : {
    "nombre" : "Clay",
    "probVictoria" : 0.380952388048172,
    "probGanarPrimerSaque" : 0.6038779094815254,
    "probGanarSegundoSaque" : 0.5569575354456902,
    "probPrimerSaque" : 0.6811758160591126,
    "probSegundoSaque" : 0.2670272085815668,
    "probGanarPuntoSacando" : 0.5600698437796807,
    "probGanarPuntoRestando" : 0.42409262435278183,
    "probAce" : 0.0
  },
  "grass" : {
    "nombre" : "Grass",
    "probVictoria" : 0.0,
    "probGanarPrimerSaque" : 0.0,
    "probGanarSegundoSaque" : 0.0,
    "probPrimerSaque" : 0.0,
    "probSegundoSaque" : 0.0,
    "probGanarPuntoSacando" : 0.0,
    "probGanarPuntoRestando" : 0.0,
    "probAce" : 0.0
  },
  "hard" : {
    "nombre" : "Hard",
    "probVictoria" : 0.5,
    "probGanarPrimerSaque" : 0.7293103337287903,
    "probGanarSegundoSaque" : 0.530748650431633,
    "probPrimerSaque" : 0.5486206710338593,
    "probSegundoSaque" : 0.3596551716327667,
    "probGanarPuntoSacando" : 0.591001221647065,
    "probGanarPuntoRestando" : 0.4785714233088902,
    "probAce" : 0.0
  },
  "other" : {
    "nombre" : "Other",
    "probVictoria" : 0.0,
    "probGanarPrimerSaque" : 0.3888888955116272,
    "probGanarSegundoSaque" : 0.3888888955116272,
    "probPrimerSaque" : 0.44999998807907104,
    "probSegundoSaque" : 0.44999998807907104,
    "probGanarPuntoSacando" : 0.3499999966886307,
    "probGanarPuntoRestando" : 0.30555557211240136,
    "probAce" : 0.0
  },
  "partidos" : [ {
    "torneo" : "Todi CH",
    "fecha" : "20100913",
    "superficie" : "Clay",
    "resultado" : "6-4 6-2",
    "contrincante" : "Maximo Gonzalez",
    "ganador" : false,
    "winnerAces" : 0,
    "winnerPrimerSaqueDentro" : 56,
    "winnerPrimerSaqueGanado" : 34,
    "winnerSegundoSaqueGanado" : 8,
    "winnerDobleFalta" : 1,
    "winnerServingPoints" : 70,
    "winnerServingGames" : 9,
    "loserAces" : 0,
    "loserPrimerSaqueDentro" : 50,
    "loserPrimerSaqueGanado" : 26,
    "loserSegundoSaqueGanado" : 7,
    "loserDobleFalta" : 9,
    "loserServingPoints" : 69,
    "loserServingGames" : 9
  }, {
    "torneo" : "Tampere CH",
    "fecha" : "20100726",
    "superficie" : "Clay",
    "resultado" : "6-3 6-4",
    "contrincante" : "Patrik Rosenholm",
    "ganador" : true,
    "winnerAces" : 1,
    "winnerPrimerSaqueDentro" : 47,
    "winnerPrimerSaqueGanado" : 33,
    "winnerSegundoSaqueGanado" : 5,
    "winnerDobleFalta" : 1,
    "winnerServingPoints" : 56,
    "winnerServingGames" : 10,
    "loserAces" : 1,
    "loserPrimerSaqueDentro" : 29,
    "loserPrimerSaqueGanado" : 16,
    "loserSegundoSaqueGanado" : 12,
    "loserDobleFalta" : 1,
    "loserServingPoints" : 45,
    "loserServingGames" : 9
  }, {
    "torneo" : "Tampere CH",
    "fecha" : "20100726",
    "superficie" : "Clay",
    "resultado" : "6-7(1) 6-4 6-2",
    "contrincante" : "Daniele Giorgini",
    "ganador" : true,
    "winnerAces" : 0,
    "winnerPrimerSaqueDentro" : 80,
    "winnerPrimerSaqueGanado" : 46,
    "winnerSegundoSaqueGanado" : 11,
    "winnerDobleFalta" : 3,
    "winnerServingPoints" : 102,
    "winnerServingGames" : 15,
    "loserAces" : 4,
    "loserPrimerSaqueDentro" : 85,
    "loserPrimerSaqueGanado" : 52,
    "loserSegundoSaqueGanado" : 16,
    "loserDobleFalta" : 11,
    "loserServingPoints" : 129,
    "loserServingGames" : 15
  }, {
    "torneo" : "Tampere CH",
    "fecha" : "20100726",
    "superficie" : "Clay",
    "resultado" : "6-3 7-5",
    "contrincante" : "Simon Stadler",
    "ganador" : false,
    "winnerAces" : 1,
    "winnerPrimerSaqueDentro" : 46,
    "winnerPrimerSaqueGanado" : 29,
    "winnerSegundoSaqueGanado" : 6,
    "winnerDobleFalta" : 0,
    "winnerServingPoints" : 61,
    "winnerServingGames" : 10,
    "loserAces" : 0,
    "loserPrimerSaqueDentro" : 44,
    "loserPrimerSaqueGanado" : 21,
    "loserSegundoSaqueGanado" : 12,
    "loserDobleFalta" : 4,
    "loserServingPoints" : 69,
    "loserServingGames" : 11
  }, {
    "torneo" : "Alessandria CH",
    "fecha" : "20100524",
    "superficie" : "Clay",
    "resultado" : "7-5 6-1",
    "contrincante" : "Lukas Rosol",
    "ganador" : false,
    "winnerAces" : 3,
    "winnerPrimerSaqueDentro" : 37,
    "winnerPrimerSaqueGanado" : 26,
    "winnerSegundoSaqueGanado" : 9,
    "winnerDobleFalta" : 2,
    "winnerServingPoints" : 58,
    "winnerServingGames" : 9,
    "loserAces" : 1,
    "loserPrimerSaqueDentro" : 45,
    "loserPrimerSaqueGanado" : 21,
    "loserSegundoSaqueGanado" : 10,
    "loserDobleFalta" : 4,
    "loserServingPoints" : 67,
    "loserServingGames" : 10
  }, {
    "torneo" : "Rome CH",
    "fecha" : "20100412",
    "superficie" : "Clay",
    "resultado" : "6-3 6-4",
    "contrincante" : "Kristof Vliegen",
    "ganador" : true,
    "winnerAces" : 0,
    "winnerPrimerSaqueDentro" : 60,
    "winnerPrimerSaqueGanado" : 36,
    "winnerSegundoSaqueGanado" : 13,
    "winnerDobleFalta" : 3,
    "winnerServingPoints" : 83,
    "winnerServingGames" : 10,
    "loserAces" : 1,
    "loserPrimerSaqueDentro" : 42,
    "loserPrimerSaqueGanado" : 27,
    "loserSegundoSaqueGanado" : 10,
    "loserDobleFalta" : 1,
    "loserServingPoints" : 70,
    "loserServingGames" : 9
  }, {
    "torneo" : "Rome CH",
    "fecha" : "20100412",
    "superficie" : "Clay",
    "resultado" : "7-6(6) 4-6 7-6(2)",
    "contrincante" : "Filippo Volandri",
    "ganador" : false,
    "winnerAces" : 0,
    "winnerPrimerSaqueDentro" : 110,
    "winnerPrimerSaqueGanado" : 57,
    "winnerSegundoSaqueGanado" : 8,
    "winnerDobleFalta" : 3,
    "winnerServingPoints" : 131,
    "winnerServingGames" : 17,
    "loserAces" : 0,
    "loserPrimerSaqueDentro" : 86,
    "loserPrimerSaqueGanado" : 46,
    "loserSegundoSaqueGanado" : 13,
    "loserDobleFalta" : 4,
    "loserServingPoints" : 121,
    "loserServingGames" : 17
  }, {
    "torneo" : "Furth CH",
    "fecha" : "20100531",
    "superficie" : "Clay",
    "resultado" : "4-6 6-4 6-0",
    "contrincante" : "Dustin Brown",
    "ganador" : true,
    "winnerAces" : 0,
    "winnerPrimerSaqueDentro" : 51,
    "winnerPrimerSaqueGanado" : 32,
    "winnerSegundoSaqueGanado" : 14,
    "winnerDobleFalta" : 6,
    "winnerServingPoints" : 74,
    "winnerServingGames" : 13,
    "loserAces" : 5,
    "loserPrimerSaqueDentro" : 60,
    "loserPrimerSaqueGanado" : 33,
    "loserSegundoSaqueGanado" : 20,
    "loserDobleFalta" : 1,
    "loserServingPoints" : 105,
    "loserServingGames" : 13
  }, {
    "torneo" : "Furth CH",
    "fecha" : "20100531",
    "superficie" : "Clay",
    "resultado" : "6-2 6-4",
    "contrincante" : "Tobias Kamke",
    "ganador" : false,
    "winnerAces" : 1,
    "winnerPrimerSaqueDentro" : 31,
    "winnerPrimerSaqueGanado" : 22,
    "winnerSegundoSaqueGanado" : 14,
    "winnerDobleFalta" : 3,
    "winnerServingPoints" : 55,
    "winnerServingGames" : 9,
    "loserAces" : 1,
    "loserPrimerSaqueDentro" : 39,
    "loserPrimerSaqueGanado" : 26,
    "loserSegundoSaqueGanado" : 7,
    "loserDobleFalta" : 5,
    "loserServingPoints" : 62,
    "loserServingGames" : 9
  }, {
    "torneo" : "Palermo CH",
    "fecha" : "20101004",
    "superficie" : "Clay",
    "resultado" : "6-3 6-2",
    "contrincante" : "Antonio Veic",
    "ganador" : true,
    "winnerAces" : 0,
    "winnerPrimerSaqueDentro" : 33,
    "winnerPrimerSaqueGanado" : 19,
    "winnerSegundoSaqueGanado" : 17,
    "winnerDobleFalta" : 2,
    "winnerServingPoints" : 57,
    "winnerServingGames" : 9,
    "loserAces" : 4,
    "loserPrimerSaqueDentro" : 40,
    "loserPrimerSaqueGanado" : 21,
    "loserSegundoSaqueGanado" : 5,
    "loserDobleFalta" : 0,
    "loserServingPoints" : 57,