{
  "nombre" : "Matwe Middelkoop",
  "mano" : "R",
  "nacionalidad" : "NED",
  "edad" : 27.0088980151,
  "ganar1Saque" : 0.6936622758706411,
  "ganar2Saque" : 0.5858746791879336,
  "primerSaque" : 0.5798846135536829,
  "segundoSaque" : 0.3862675651907921,
  "ganarPuntoSacando" : 0.6285484666168744,
  "ganarPuntoRestando" : 0.3433064246594528,
  "probAce" : 0.07217694818973541,
  "clay" : {
    "nombre" : "Clay",
    "probVictoria" : 0.0,
    "probGanarPrimerSaque" : 0.7022529641787211,
    "probGanarSegundoSaque" : 0.5482259591420492,
    "probPrimerSaque" : 0.5599728226661682,
    "probSegundoSaque" : 0.3921087980270386,
    "probGanarPuntoSacando" : 0.6082067964632513,
    "probGanarPuntoRestando" : 0.2822392311030673,
    "probAce" : 0.0
  },
  "grass" : {
    "nombre" : "Grass",
    "probVictoria" : 0.0,
    "probGanarPrimerSaque" : 0.0,
    "probGanarSegundoSaque" : 0.0,
    "probPrimerSaque" : 0.0,
    "probSegundoSaque" : 0.0,
    "probGanarPuntoSacando" : 0.0,
    "probGanarPuntoRestando" : 0.0,
    "probAce" : 0.0
  },
  "hard" : {
    "nombre" : "Hard",
    "probVictoria" : 0.375,
    "probGanarPrimerSaque" : 0.693815216422081,
    "probGanarSegundoSaque" : 0.5732272826135159,
    "probPrimerSaque" : 0.578315369784832,
    "probSegundoSaque" : 0.391599677503109,
    "probGanarPuntoSacando" : 0.6257196224549153,
    "probGanarPuntoRestando" : 0.33411992706399773,
    "probAce" : 0.0
  },
  "other" : {
    "nombre" : "Other",
    "probVictoria" : 0.5,
    "probGanarPrimerSaque" : 0.6666666865348816,
    "probGanarSegundoSaque" : 0.800000011920929,
    "probPrimerSaque" : 0.6521739363670349,
    "probSegundoSaque" : 0.32608696818351746,
    "probGanarPuntoSacando" : 0.6956522156362954,
    "probGanarPuntoRestando" : 0.5999999860922496,
    "probAce" : 0.0
  },
  "partidos" : [ {
    "torneo" : "Alphen aan den Rijn CH",
    "fecha" : "20100906",
    "superficie" : "Clay",
    "resultado" : "7-6(7) 2-6 6-4",
    "contrincante" : "Rameez Junaid",
    "ganador" : false,
    "winnerAces" : 5,
    "winnerPrimerSaqueDentro" : 56,
    "winnerPrimerSaqueGanado" : 38,
    "winnerSegundoSaqueGanado" : 23,
    "winnerDobleFalta" : 7,
    "winnerServingPoints" : 98,
    "winnerServingGames" : 15,
    "loserAces" : 3,
    "loserPrimerSaqueDentro" : 62,
    "loserPrimerSaqueGanado" : 45,
    "loserSegundoSaqueGanado" : 23,
    "loserDobleFalta" : 5,
    "loserServingPoints" : 109,
    "loserServingGames" : 15
  }, {
    "torneo" : "Ramat Hasharon CH",
    "fecha" : "20100503",
    "superficie" : "Hard",
    "resultado" : "6-4 5-7 6-3",
    "contrincante" : "Ruben Bemelmans",
    "ganador" : false,
    "winnerAces" : 9,
    "winnerPrimerSaqueDentro" : 43,
    "winnerPrimerSaqueGanado" : 31,
    "winnerSegundoSaqueGanado" : 28,
    "winnerDobleFalta" : 3,
    "winnerServingPoints" : 89,
    "winnerServingGames" : 15,
    "loserAces" : 4,
    "loserPrimerSaqueDentro" : 49,
    "loserPrimerSaqueGanado" : 31,
    "loserSegundoSaqueGanado" : 28,
    "loserDobleFalta" : 3,
    "loserServingPoints" : 94,
    "loserServingGames" : 16
  }, {
    "torneo" : "Tarragona CH",
    "fecha" : "20101004",
    "superficie" : "Clay",
    "resultado" : "6-3 6-3",
    "contrincante" : "Jan Hajek",
    "ganador" : false,
    "winnerAces" : 6,
    "winnerPrimerSaqueDentro" : 31,
    "winnerPrimerSaqueGanado" : 26,
    "winnerSegundoSaqueGanado" : 11,
    "winnerDobleFalta" : 1,
    "winnerServingPoints" : 48,
    "winnerServingGames" : 9,
    "loserAces" : 4,
    "loserPrimerSaqueDentro" : 33,
    "loserPrimerSaqueGanado" : 22,
    "loserSegundoSaqueGanado" : 11,
    "loserDobleFalta" : 4,
    "loserServingPoints" : 54,
    "loserServingGames" : 9
  }, {
    "torneo" : "Sarajevo CH",
    "fecha" : "20100308",
    "superficie" : "Hard",
    "resultado" : "6-3 6-4",
    "contrincante" : "Jan Hernych",
    "ganador" : true,
    "winnerAces" : 4,
    "winnerPrimerSaqueDentro" : 39,
    "winnerPrimerSaqueGanado" : 28,
    "winnerSegundoSaqueGanado" : 16,
    "winnerDobleFalta" : 0,
    "winnerServingPoints" : 62,
    "winnerServingGames" : 10,
    "loserAces" : 4,
    "loserPrimerSaqueDentro" : 46,
    "loserPrimerSaqueGanado" : 31,
    "loserSegundoSaqueGanado" : 8,
    "loserDobleFalta" : 1,
    "loserServingPoints" : 65,
    "loserServingGames" : 9
  }, {
    "torneo" : "Sarajevo CH",
    "fecha" : "20100308",
    "superficie" : "Hard",
    "resultado" : "6-3 6-3",
    "contrincante" : "Konstantin Kravchuk",
    "ganador" : true,
    "winnerAces" : 7,
    "winnerPrimerSaqueDentro" : 31,
    "winnerPrimerSaqueGanado" : 23,
    "winnerSegundoSaqueGanado" : 14,
    "winnerDobleFalta" : 1,
    "winnerServingPoints" : 52,
    "winnerServingGames" : 9,
    "loserAces" : 6,
    "loserPrimerSaqueDentro" : 32,
    "loserPrimerSaqueGanado" : 21,
    "loserSegundoSaqueGanado" : 8,
    "loserDobleFalta" : 3,
    "loserServingPoints" : 52,
    "loserServingGames" : 9
  }, {
    "torneo" : "Sarajevo CH",
    "fecha" : "20100308",
    "superficie" : "Hard",
    "resultado" : "6-4 7-6(5)",
    "contrincante" : "Edouard Roger Vasselin",
    "ganador" : false,
    "winnerAces" : 12,
    "winnerPrimerSaqueDentro" : 41,
    "winnerPrimerSaqueGanado" : 31,
    "winnerSegundoSaqueGanado" : 20,
    "winnerDobleFalta" : 0,
    "winnerServingPoints" : 69,
    "winnerServingGames" : 11,
    "loserAces" : 7,
    "loserPrimerSaqueDentro" : 44,
    "loserPrimerSaqueGanado" : 36,
    "loserSegundoSaqueGanado" : 11,
    "loserDobleFalta" : 1,
    "loserServingPoints" : 72,
    "loserServingGames" : 11
  }, {
    "torneo" : "Brasilia CH",
    "fecha" : "20100809",
    "superficie" : "Hard",
    "resultado" : "4-6 6-3 6-4",
    "contrincante" : "Adrian Menendez Maceiras",
    "ganador" : true,
    "winnerAces" : 7,
    "winnerPrimerSaqueDentro" : 57,
    "winnerPrimerSaqueGanado" : 43,
    "winnerSegundoSaqueGanado" : 18,
    "winnerDobleFalta" : 5,
    "winnerServingPoints" : 92,
    "winnerServingGames" : 15,
    "loserAces" : 6,
    "loserPrimerSaqueDentro" : 53,
    "loserPrimerSaqueGanado" : 35,
    "loserSegundoSaqueGanado" : 21,
    "loserDobleFalta" : 5,
    "loserServingPoints" : 90,
    "loserServingGames" : 14
  }, {
    "torneo" : "Brasilia CH",
    "fecha" : "20100809",
    "superficie" : "Hard",
    "resultado" : "3-6 7-5 6-3",
    "contrincante" : "Louk Sorensen",
    "ganador" : false,
    "winnerAces" : 9,
    "winnerPrimerSaqueDentro" : 57,
    "winnerPrimerSaqueGanado" : 42,
    "winnerSegundoSaqueGanado" : 8,
    "winnerDobleFalta" : 0,
    "winnerServingPoints" : 76,
    "winnerServingGames" : 15,
    "loserAces" : 10,
    "loserPrimerSaqueDentro" : 48,
    "loserPrimerSaqueGanado" : 33,
    "loserSegundoSaqueGanado" : 16,
    "loserDobleFalta" : 3,
    "loserServingPoints" : 81,
    "loserServingGames" : 15
  }, {
    "torneo" : "Loughborough CH",
    "fecha" : "20101108",
    "superficie" : "Carpet",
    "resultado" : "6-2 6-0",
    "contrincante" : "David Guez",
    "ganador" : true,
    "winnerAces" : 5,
    "winnerPrimerSaqueDentro" : 30,
    "winnerPrimerSaqueGanado" : 20,
    "winnerSegundoSaqueGanado" : 12,
    "winnerDobleFalta" : 1,
    "winnerServingPoints" : 46,
    "winnerServingGames" : 7,
    "loserAces" : 1,
    "loserPrimerSaqueDentro" : 28,
    "loserPrimerSaqueGanado" : 14,
    "loserSegundoSaqueGanado" : 4,
    "loserDobleFalta" : 2,
    "loserServingPoints" : 45,
    "loserServingGames" : 7
  }, {
    "torneo" : "Loughborough CH",
    "fecha" : "20101108",
    "superficie" : "Carpet",
    "resultado" : "W/O",
    "contrincante" : "Frederik Nielsen",
    "ganador" : false,
    "winnerAces" : 0,
    "winnerPrimerSaqueDentro" : 0,
    "winnerPrimerSaqueGanado" : 0,
    "winnerSegundoSaqueGanado" : 0,
    "winnerDobleFalta" : 0,
    "winnerServingPoints" : 0,
    "winnerServingGames" : 0,
    "loserAces" : 0,
    "loserPrimerSaqueDentro" : 0,
    "loserPrimerSaqueGanado" : 0,
    "loserSegundoSaqueGanado" : 0,
    "loserDobleFalta" : 0,
    "loserServingPoints" : 0,