{
  "nombre" : "Mikhail Ledovskikh",
  "mano" : "R",
  "nacionalidad" : "RUS",
  "edad" : 23.8302532512,
  "ganar1Saque" : 0.7258633064726988,
  "ganar2Saque" : 0.46577837752799195,
  "primerSaque" : 0.5900172504285971,
  "segundoSaque" : 0.36715415865182877,
  "ganarPuntoSacando" : 0.5992843405915356,
  "ganarPuntoRestando" : 0.3073757217800913,
  "probAce" : 0.12138084322214127,
  "clay" : {
    "nombre" : "Clay",
    "probVictoria" : 0.25,
    "probGanarPrimerSaque" : 0.719792976975441,
    "probGanarSegundoSaque" : 0.4249624088406563,
    "probPrimerSaque" : 0.5442110002040863,
    "probSegundoSaque" : 0.39155617356300354,
    "probGanarPuntoSacando" : 0.5581159106534457,
    "probGanarPuntoRestando" : 0.356177781069062,
    "probAce" : 0.0
  },
  "grass" : {
    "nombre" : "Grass",
    "probVictoria" : 0.6000000238418579,
    "probGanarPrimerSaque" : 1.3747169772783916,
    "probGanarSegundoSaque" : 0.49232650399208067,
    "probPrimerSaque" : 0.5903273820877075,
    "probSegundoSaque" : 0.35844555497169495,
    "probGanarPuntoSacando" : 0.9880053212589951,
    "probGanarPuntoRestando" : 0.29100316220792655,
    "probAce" : 0.0
  },
  "hard" : {
    "nombre" : "Hard",
    "probVictoria" : 0.4000000059604645,
    "probGanarPrimerSaque" : 0.6944931010405223,
    "probGanarSegundoSaque" : 0.46781326035658516,
    "probPrimerSaque" : 0.6021288732687632,
    "probSegundoSaque" : 0.36354982256889345,
    "probGanarPuntoSacando" : 0.5882477762204711,
    "probGanarPuntoRestando" : 0.29981935916042074,
    "probAce" : 0.0
  },
  "other" : {
    "nombre" : "Other",
    "probVictoria" : 0.0,
    "probGanarPrimerSaque" : 0.0,
    "probGanarSegundoSaque" : 0.0,
    "probPrimerSaque" : 0.0,
    "probSegundoSaque" : 0.0,
    "probGanarPuntoSacando" : 0.0,
    "probGanarPuntoRestando" : 0.0,
    "probAce" : 0.0
  },
  "partidos" : [ {
    "torneo" : "Halle",
    "fecha" : "20100607",
    "superficie" : "Grass",
    "resultado" : "6-4 6-2",
    "contrincante" : "Benjamin Becker",
    "ganador" : false,
    "winnerAces" : 17,
    "winnerPrimerSaqueDentro" : 28,
    "winnerPrimerSaqueGanado" : 27,
    "winnerSegundoSaqueGanado" : 10,
    "winnerDobleFalta" : 1,
    "winnerServingPoints" : 45,
    "winnerServingGames" : 9,
    "loserAces" : 2,
    "loserPrimerSaqueDentro" : 37,
    "loserPrimerSaqueGanado" : 28,
    "loserSegundoSaqueGanado" : 6,
    "loserDobleFalta" : 5,
    "loserServingPoints" : 64,
    "loserServingGames" : 9
  }, {
    "torneo" : "Saransk CH",
    "fecha" : "20100726",
    "superficie" : "Clay",
    "resultado" : "6-2 7-5",
    "contrincante" : "Mikhail Kukushkin",
    "ganador" : false,
    "winnerAces" : 2,
    "winnerPrimerSaqueDentro" : 33,
    "winnerPrimerSaqueGanado" : 24,
    "winnerSegundoSaqueGanado" : 6,
    "winnerDobleFalta" : 5,
    "winnerServingPoints" : 50,
    "winnerServingGames" : 10,
    "loserAces" : 4,
    "loserPrimerSaqueDentro" : 28,
    "loserPrimerSaqueGanado" : 18,
    "loserSegundoSaqueGanado" : 8,
    "loserDobleFalta" : 3,
    "loserServingPoints" : 56,
    "loserServingGames" : 10
  }, {
    "torneo" : "Rhodes CH",
    "fecha" : "20100426",
    "superficie" : "Hard",
    "resultado" : "6-7(4) 7-6(6) 7-6(2)",
    "contrincante" : "Ruben Bemelmans",
    "ganador" : true,
    "winnerAces" : 17,
    "winnerPrimerSaqueDentro" : 70,
    "winnerPrimerSaqueGanado" : 54,
    "winnerSegundoSaqueGanado" : 29,
    "winnerDobleFalta" : 3,
    "winnerServingPoints" : 127,
    "winnerServingGames" : 18,
    "loserAces" : 19,
    "loserPrimerSaqueDentro" : 75,
    "loserPrimerSaqueGanado" : 56,
    "loserSegundoSaqueGanado" : 28,
    "loserDobleFalta" : 5,
    "loserServingPoints" : 132,
    "loserServingGames" : 18
  }, {
    "torneo" : "Rhodes CH",
    "fecha" : "20100426",
    "superficie" : "Hard",
    "resultado" : "6-1 6-0",
    "contrincante" : "Yen Hsun Lu",
    "ganador" : false,
    "winnerAces" : 6,
    "winnerPrimerSaqueDentro" : 16,
    "winnerPrimerSaqueGanado" : 15,
    "winnerSegundoSaqueGanado" : 9,
    "winnerDobleFalta" : 3,
    "winnerServingPoints" : 29,
    "winnerServingGames" : 6,
    "loserAces" : 3,
    "loserPrimerSaqueDentro" : 27,
    "loserPrimerSaqueGanado" : 12,
    "loserSegundoSaqueGanado" : 2,
    "loserDobleFalta" : 2,
    "loserServingPoints" : 43,
    "loserServingGames" : 7
  }, {
    "torneo" : "Ramat Hasharon CH",
    "fecha" : "20100503",
    "superficie" : "Hard",
    "resultado" : "6-0 6-3",
    "contrincante" : "Denis Gremelmayr",
    "ganador" : false,
    "winnerAces" : 9,
    "winnerPrimerSaqueDentro" : 28,
    "winnerPrimerSaqueGanado" : 23,
    "winnerSegundoSaqueGanado" : 8,
    "winnerDobleFalta" : 2,
    "winnerServingPoints" : 43,
    "winnerServingGames" : 7,
    "loserAces" : 4,
    "loserPrimerSaqueDentro" : 22,
    "loserPrimerSaqueGanado" : 14,
    "loserSegundoSaqueGanado" : 6,
    "loserDobleFalta" : 6,
    "loserServingPoints" : 45,
    "loserServingGames" : 8
  }, {
    "torneo" : "Fergana CH",
    "fecha" : "20100517",
    "superficie" : "Hard",
    "resultado" : "7-6(2) 7-6(5)",
    "contrincante" : "Noam Okun",
    "ganador" : false,
    "winnerAces" : 14,
    "winnerPrimerSaqueDentro" : 62,
    "winnerPrimerSaqueGanado" : 47,
    "winnerSegundoSaqueGanado" : 18,
    "winnerDobleFalta" : 3,
    "winnerServingPoints" : 103,
    "winnerServingGames" : 12,
    "loserAces" : 14,
    "loserPrimerSaqueDentro" : 63,
    "loserPrimerSaqueGanado" : 44,
    "loserSegundoSaqueGanado" : 23,
    "loserDobleFalta" : 4,
    "loserServingPoints" : 109,
    "loserServingGames" : 12
  }, {
    "torneo" : "Astana2 CH",
    "fecha" : "20101101",
    "superficie" : "Hard",
    "resultado" : "3-6 7-6(2) 6-2",
    "contrincante" : "Bjorn Phau",
    "ganador" : false,
    "winnerAces" : 9,
    "winnerPrimerSaqueDentro" : 51,
    "winnerPrimerSaqueGanado" : 42,
    "winnerSegundoSaqueGanado" : 16,
    "winnerDobleFalta" : 7,
    "winnerServingPoints" : 84,
    "winnerServingGames" : 14,
    "loserAces" : 5,
    "loserPrimerSaqueDentro" : 46,
    "loserPrimerSaqueGanado" : 36,
    "loserSegundoSaqueGanado" : 22,
    "loserDobleFalta" : 0,
    "loserServingPoints" : 91,
    "loserServingGames" : 15
  }, {
    "torneo" : "Karshi CH",
    "fecha" : "20100816",
    "superficie" : "Hard",
    "resultado" : "3-0 RET",
    "contrincante" : "Ze Zhang",
    "ganador" : false,
    "winnerAces" : 2,
    "winnerPrimerSaqueDentro" : 3,
    "winnerPrimerSaqueGanado" : 3,
    "winnerSegundoSaqueGanado" : 1,
    "winnerDobleFalta" : 0,
    "winnerServingPoints" : 4,
    "winnerServingGames" : 1,
    "loserAces" : 0,
    "loserPrimerSaqueDentro" : 8,
    "loserPrimerSaqueGanado" : 2,
    "loserSegundoSaqueGanado" : 0,
    "loserDobleFalta" : 0,
    "loserServingPoints" : 10,
    "loserServingGames" : 2
  }, {
    "torneo" : "Kazan CH",
    "fecha" : "20100201",
    "superficie" : "Hard",
    "resultado" : "6-4 3-6 7-6(5)",
    "contrincante" : "Goran Tosic",
    "ganador" : false,
    "winnerAces" : 8,
    "winnerPrimerSaqueDentro" : 60,
    "winnerPrimerSaqueGanado" : 43,
    "winnerSegundoSaqueGanado" : 20,
    "winnerDobleFalta" : 2,
    "winnerServingPoints" : 92,
    "winnerServingGames" : 15,
    "loserAces" : 11,
    "loserPrimerSaqueDentro" : 52,
    "loserPrimerSaqueGanado" : 40,
    "loserSegundoSaqueGanado" : 26,
    "loserDobleFalta" : 5,
    "loserServingPoints" : 101,
    "loserServingGames" : 16
  }, {
    "torneo" : "Penza CH",
    "fecha" : "20100719",
    "superficie" : "Hard",
    "resultado" : "6-7(9) 6-2 7-6(8)",
    "contrincante" : "Victor Baluda",
    "ganador" : true,
    "winnerAces" : 16,
    "winnerPrimerSaqueDentro" : 74,
    "winnerPrimerSaqueGanado" : 56,
    "winnerSegundoSaqueGanado" : 27,
    "winnerDobleFalta" : 4,
    "winnerServingPoints" : 121,
    "winnerServingGames" : 16,
    "loserAces" : 1,
    "loserPrimerSaqueDentro" : 60,
    "loserPrimerSaqueGanado" : 43,
    "loserSegundoSaqueGanado" : 28,
    "loserDobleFalta" : 2,
    "loserServingPoints" : 107,