{
  "nombre" : "Nicholas Monroe",
  "mano" : "U",
  "nacionalidad" : "USA",
  "edad" : 28.5941136208,
  "ganar1Saque" : 0.6576891799767812,
  "ganar2Saque" : 0.5079144169886907,
  "primerSaque" : 0.6999056259791057,
  "segundoSaque" : 0.26744585037231444,
  "ganarPuntoSacando" : 0.5961599603792325,
  "ganarPuntoRestando" : 0.3592116049614599,
  "probAce" : 0.04099142178893089,
  "clay" : {
    "nombre" : "Clay",
    "probVictoria" : 0.0,
    "probGanarPrimerSaque" : 0.6464803516864777,
    "probGanarSegundoSaque" : 0.41826923191547394,
    "probPrimerSaque" : 0.6347916722297668,
    "probSegundoSaque" : 0.2983333319425583,
    "probGanarPuntoSacando" : 0.5351639971171449,
    "probGanarPuntoRestando" : 0.31876493989528365,
    "probAce" : 0.0
  },
  "grass" : {
    "nombre" : "Grass",
    "probVictoria" : 0.0,
    "probGanarPrimerSaque" : 0.0,
    "probGanarSegundoSaque" : 0.0,
    "probPrimerSaque" : 0.0,
    "probSegundoSaque" : 0.0,
    "probGanarPuntoSacando" : 0.0,
    "probGanarPuntoRestando" : 0.0,
    "probAce" : 0.0
  },
  "hard" : {
    "nombre" : "Hard",
    "probVictoria" : 0.3636363744735718,
    "probGanarPrimerSaque" : 0.6311696523969824,
    "probGanarSegundoSaque" : 0.4872131659225984,
    "probPrimerSaque" : 0.7172264131632718,
    "probSegundoSaque" : 0.2546872320500287,
    "probGanarPuntoSacando" : 0.5767785185333547,
    "probGanarPuntoRestando" : 0.37190768392358625,
    "probAce" : 0.0
  },
  "other" : {
    "nombre" : "Other",
    "probVictoria" : 0.5,
    "probGanarPrimerSaque" : 0.8147554099559784,
    "probGanarSegundoSaque" : 0.711416482925415,
    "probPrimerSaque" : 0.6697552502155304,
    "probSegundoSaque" : 0.3067307695746422,
    "probGanarPuntoSacando" : 0.7639000387553212,
    "probGanarPuntoRestando" : 0.32982983573594116,
    "probAce" : 0.0
  },
  "partidos" : [ {
    "torneo" : "Champaign CH",
    "fecha" : "20101115",
    "superficie" : "Hard",
    "resultado" : "6-3 7-6(4)",
    "contrincante" : "Chris Eaton",
    "ganador" : true,
    "winnerAces" : 0,
    "winnerPrimerSaqueDentro" : 51,
    "winnerPrimerSaqueGanado" : 36,
    "winnerSegundoSaqueGanado" : 8,
    "winnerDobleFalta" : 1,
    "winnerServingPoints" : 66,
    "winnerServingGames" : 11,
    "loserAces" : 5,
    "loserPrimerSaqueDentro" : 57,
    "loserPrimerSaqueGanado" : 35,
    "loserSegundoSaqueGanado" : 8,
    "loserDobleFalta" : 2,
    "loserServingPoints" : 74,
    "loserServingGames" : 10
  }, {
    "torneo" : "Champaign CH",
    "fecha" : "20101115",
    "superficie" : "Hard",
    "resultado" : "6-3 7-6(3)",
    "contrincante" : "Fritz Wolmarans",
    "ganador" : false,
    "winnerAces" : 3,
    "winnerPrimerSaqueDentro" : 43,
    "winnerPrimerSaqueGanado" : 33,
    "winnerSegundoSaqueGanado" : 14,
    "winnerDobleFalta" : 0,
    "winnerServingPoints" : 69,
    "winnerServingGames" : 11,
    "loserAces" : 1,
    "loserPrimerSaqueDentro" : 50,
    "loserPrimerSaqueGanado" : 34,
    "loserSegundoSaqueGanado" : 2,
    "loserDobleFalta" : 0,
    "loserServingPoints" : 59,
    "loserServingGames" : 10
  }, {
    "torneo" : "Toyota CH",
    "fecha" : "20101122",
    "superficie" : "Carpet",
    "resultado" : "6-1 7-5",
    "contrincante" : "Michael Mcclune",
    "ganador" : true,
    "winnerAces" : 7,
    "winnerPrimerSaqueDentro" : 43,
    "winnerPrimerSaqueGanado" : 33,
    "winnerSegundoSaqueGanado" : 9,
    "winnerDobleFalta" : 1,
    "winnerServingPoints" : 55,
    "winnerServingGames" : 10,
    "loserAces" : 5,
    "loserPrimerSaqueDentro" : 35,
    "loserPrimerSaqueGanado" : 24,
    "loserSegundoSaqueGanado" : 8,
    "loserDobleFalta" : 2,
    "loserServingPoints" : 54,
    "loserServingGames" : 9
  }, {
    "torneo" : "Toyota CH",
    "fecha" : "20101122",
    "superficie" : "Carpet",
    "resultado" : "7-6(7) 6-7(5) 6-3",
    "contrincante" : "Bernard Tomic",
    "ganador" : false,
    "winnerAces" : 23,
    "winnerPrimerSaqueDentro" : 76,
    "winnerPrimerSaqueGanado" : 62,
    "winnerSegundoSaqueGanado" : 21,
    "winnerDobleFalta" : 2,
    "winnerServingPoints" : 111,
    "winnerServingGames" : 17,
    "loserAces" : 15,
    "loserPrimerSaqueDentro" : 58,
    "loserPrimerSaqueGanado" : 50,
    "loserSegundoSaqueGanado" : 26,
    "loserDobleFalta" : 3,
    "loserServingPoints" : 104,
    "loserServingGames" : 16
  }, {
    "torneo" : "Savannah CH",
    "fecha" : "20100503",
    "superficie" : "Clay",
    "resultado" : "6-3 6-4",
    "contrincante" : "Jose Rubin Statham",
    "ganador" : false,
    "winnerAces" : 6,
    "winnerPrimerSaqueDentro" : 50,
    "winnerPrimerSaqueGanado" : 35,
    "winnerSegundoSaqueGanado" : 10,
    "winnerDobleFalta" : 4,
    "winnerServingPoints" : 73,
    "winnerServingGames" : 10,
    "loserAces" : 1,
    "loserPrimerSaqueDentro" : 42,
    "loserPrimerSaqueGanado" : 26,
    "loserSegundoSaqueGanado" : 6,
    "loserDobleFalta" : 6,
    "loserServingPoints" : 64,
    "loserServingGames" : 9
  }, {
    "torneo" : "Sarasota CH",
    "fecha" : "20100510",
    "superficie" : "Clay",
    "resultado" : "7-6(3) 6-1",
    "contrincante" : "Matt Reid",
    "ganador" : false,
    "winnerAces" : 4,
    "winnerPrimerSaqueDentro" : 30,
    "winnerPrimerSaqueGanado" : 26,
    "winnerSegundoSaqueGanado" : 21,
    "winnerDobleFalta" : 1,
    "winnerServingPoints" : 63,
    "winnerServingGames" : 10,
    "loserAces" : 3,
    "loserPrimerSaqueDentro" : 46,
    "loserPrimerSaqueGanado" : 31,
    "loserSegundoSaqueGanado" : 12,
    "loserDobleFalta" : 3,
    "loserServingPoints" : 75,
    "loserServingGames" : 9
  }, {
    "torneo" : "Dallas CH",
    "fecha" : "20100201",
    "superficie" : "Hard",
    "resultado" : "6-1 6-4",
    "contrincante" : "Ryan Sweeting",
    "ganador" : false,
    "winnerAces" : 1,
    "winnerPrimerSaqueDentro" : 53,
    "winnerPrimerSaqueGanado" : 33,
    "winnerSegundoSaqueGanado" : 6,
    "winnerDobleFalta" : 1,
    "winnerServingPoints" : 65,
    "winnerServingGames" : 9,
    "loserAces" : 2,
    "loserPrimerSaqueDentro" : 32,
    "loserPrimerSaqueGanado" : 17,
    "loserSegundoSaqueGanado" : 7,
    "loserDobleFalta" : 2,
    "loserServingPoints" : 53,
    "loserServingGames" : 8
  }, {
    "torneo" : "Ojai CH",
    "fecha" : "20100531",
    "superficie" : "Hard",
    "resultado" : "7-6(4) 6-3",
    "contrincante" : "Tim Smyczek",
    "ganador" : false,
    "winnerAces" : 1,
    "winnerPrimerSaqueDentro" : 37,
    "winnerPrimerSaqueGanado" : 26,
    "winnerSegundoSaqueGanado" : 8,
    "winnerDobleFalta" : 2,
    "winnerServingPoints" : 59,
    "winnerServingGames" : 10,
    "loserAces" : 2,
    "loserPrimerSaqueDentro" : 52,
    "loserPrimerSaqueGanado" : 28,
    "loserSegundoSaqueGanado" : 7,
    "loserDobleFalta" : 3,
    "loserServingPoints" : 78,
    "loserServingGames" : 11
  }, {
    "torneo" : "Brasilia CH",
    "fecha" : "20100809",
    "superficie" : "Hard",
    "resultado" : "4-6 6-3 7-6(3)",
    "contrincante" : "Joao Souza",
    "ganador" : false,
    "winnerAces" : 9,
    "winnerPrimerSaqueDentro" : 64,
    "winnerPrimerSaqueGanado" : 46,
    "winnerSegundoSaqueGanado" : 24,
    "winnerDobleFalta" : 3,
    "winnerServingPoints" : 109,
    "winnerServingGames" : 16,
    "loserAces" : 3,
    "loserPrimerSaqueDentro" : 70,
    "loserPrimerSaqueGanado" : 47,
    "loserSegundoSaqueGanado" : 16,
    "loserDobleFalta" : 2,
    "loserServingPoints" : 98,
    "loserServingGames" : 15
  }, {
    "torneo" : "Calabasas CH",
    "fecha" : "20101018",
    "superficie" : "Hard",
    "resultado" : "6-2 6-7(6) 6-2",
    "contrincante" : "Ryan Sweeting",
    "ganador" : false,
    "winnerAces" : 2,
    "winnerPrimerSaqueDentro" : 59,
    "winnerPrimerSaqueGanado" : 39,
    "winnerSegundoSaqueGanado" : 13,
    "winnerDobleFalta" : 3,
    "winnerServingPoints" : 90,
    "winnerServingGames" : 14,
    "loserAces" : 2,
    "loserPrimerSaqueDentro" : 65,
    "loserPrimerSaqueGanado" : 34,
    "loserSegundoSaqueGanado" : 10,
    "loserDobleFalta" : 5,
    "loserServingPoints" : 92,