{
  "nombre" : "Niels Desein",
  "mano" : "R",
  "nacionalidad" : "BEL",
  "edad" : 22.9760438056,
  "ganar1Saque" : 0.7299001216888428,
  "ganar2Saque" : 0.5753647267818451,
  "primerSaque" : 0.5813136804103851,
  "segundoSaque" : 0.2978564274311066,
  "ganarPuntoSacando" : 0.5956770080600443,
  "ganarPuntoRestando" : 0.3249090185645219,
  "probAce" : 0.08825121819972992,
  "clay" : {
    "nombre" : "Clay",
    "probVictoria" : 0.3333333432674408,
    "probGanarPrimerSaque" : 0.6806244403123856,
    "probGanarSegundoSaque" : 0.4791400358080864,
    "probPrimerSaque" : 0.6160147339105606,
    "probSegundoSaque" : 0.29956065863370895,
    "probGanarPuntoSacando" : 0.5628061881965076,
    "probGanarPuntoRestando" : 0.3420894920284576,
    "probAce" : 0.0
  },
  "grass" : {
    "nombre" : "Grass",
    "probVictoria" : 0.3333333432674408,
    "probGanarPrimerSaque" : 1.8814675509929657,
    "probGanarSegundoSaque" : 0.5979539692401886,
    "probPrimerSaque" : 0.6047443509101867,
    "probSegundoSaque" : 0.32112531661987304,
    "probGanarPuntoSacando" : 1.329825030580185,
    "probGanarPuntoRestando" : 0.3493025402262814,
    "probAce" : 0.0
  },
  "hard" : {
    "nombre" : "Hard",
    "probVictoria" : 0.3125,
    "probGanarPrimerSaque" : 0.7351293861865997,
    "probGanarSegundoSaque" : 0.5923617612570524,
    "probPrimerSaque" : 0.5653163325041533,
    "probSegundoSaque" : 0.29015884175896645,
    "probGanarPuntoSacando" : 0.5874596510636856,
    "probGanarPuntoRestando" : 0.312990924679238,
    "probAce" : 0.0
  },
  "other" : {
    "nombre" : "Other",
    "probVictoria" : 0.0,
    "probGanarPrimerSaque" : 0.0,
    "probGanarSegundoSaque" : 0.0,
    "probPrimerSaque" : 0.0,
    "probSegundoSaque" : 0.0,
    "probGanarPuntoSacando" : 0.0,
    "probGanarPuntoRestando" : 0.0,
    "probAce" : 0.0
  },
  "partidos" : [ {
    "torneo" : "Nottingham CH",
    "fecha" : "20100531",
    "superficie" : "Grass",
    "resultado" : "6-1 7-6(4)",
    "contrincante" : "Jesse Levine",
    "ganador" : false,
    "winnerAces" : 0,
    "winnerPrimerSaqueDentro" : 0,
    "winnerPrimerSaqueGanado" : 0,
    "winnerSegundoSaqueGanado" : 0,
    "winnerDobleFalta" : 0,
    "winnerServingPoints" : 0,
    "winnerServingGames" : 0,
    "loserAces" : 0,
    "loserPrimerSaqueDentro" : 0,
    "loserPrimerSaqueGanado" : 0,
    "loserSegundoSaqueGanado" : 0,
    "loserDobleFalta" : 0,
    "loserServingPoints" : 0,
    "loserServingGames" : 0
  }, {
    "torneo" : "Istanbul CH",
    "fecha" : "20100809",
    "superficie" : "Hard",
    "resultado" : "7-5 1-0 RET",
    "contrincante" : "Haluk Akkoyun",
    "ganador" : false,
    "winnerAces" : 2,
    "winnerPrimerSaqueDentro" : 35,
    "winnerPrimerSaqueGanado" : 23,
    "winnerSegundoSaqueGanado" : 2,
    "winnerDobleFalta" : 2,
    "winnerServingPoints" : 45,
    "winnerServingGames" : 7,
    "loserAces" : 2,
    "loserPrimerSaqueDentro" : 15,
    "loserPrimerSaqueGanado" : 11,
    "loserSegundoSaqueGanado" : 5,
    "loserDobleFalta" : 12,
    "loserServingPoints" : 36,
    "loserServingGames" : 6
  }, {
    "torneo" : "Jersey CH",
    "fecha" : "20100322",
    "superficie" : "Hard",
    "resultado" : "6-1 6-4",
    "contrincante" : "Conor Niland",
    "ganador" : false,
    "winnerAces" : 9,
    "winnerPrimerSaqueDentro" : 29,
    "winnerPrimerSaqueGanado" : 25,
    "winnerSegundoSaqueGanado" : 12,
    "winnerDobleFalta" : 2,
    "winnerServingPoints" : 46,
    "winnerServingGames" : 9,
    "loserAces" : 4,
    "loserPrimerSaqueDentro" : 27,
    "loserPrimerSaqueGanado" : 18,
    "loserSegundoSaqueGanado" : 7,
    "loserDobleFalta" : 5,
    "loserServingPoints" : 44,
    "loserServingGames" : 8
  }, {
    "torneo" : "Recanati CH",
    "fecha" : "20100719",
    "superficie" : "Hard",
    "resultado" : "6-1 7-6(5)",
    "contrincante" : "Michael Lammer",
    "ganador" : false,
    "winnerAces" : 9,
    "winnerPrimerSaqueDentro" : 37,
    "winnerPrimerSaqueGanado" : 27,
    "winnerSegundoSaqueGanado" : 14,
    "winnerDobleFalta" : 3,
    "winnerServingPoints" : 64,
    "winnerServingGames" : 9,
    "loserAces" : 6,
    "loserPrimerSaqueDentro" : 51,
    "loserPrimerSaqueGanado" : 33,
    "loserSegundoSaqueGanado" : 11,
    "loserDobleFalta" : 8,
    "loserServingPoints" : 83,
    "loserServingGames" : 10
  }, {
    "torneo" : "Cherbourg CH",
    "fecha" : "20100301",
    "superficie" : "Hard",
    "resultado" : "4-6 6-3 6-1",
    "contrincante" : "Raemon Sluiter",
    "ganador" : true,
    "winnerAces" : 11,
    "winnerPrimerSaqueDentro" : 39,
    "winnerPrimerSaqueGanado" : 32,
    "winnerSegundoSaqueGanado" : 20,
    "winnerDobleFalta" : 4,
    "winnerServingPoints" : 70,
    "winnerServingGames" : 13,
    "loserAces" : 7,
    "loserPrimerSaqueDentro" : 46,
    "loserPrimerSaqueGanado" : 35,
    "loserSegundoSaqueGanado" : 8,
    "loserDobleFalta" : 1,
    "loserServingPoints" : 66,
    "loserServingGames" : 13
  }, {
    "torneo" : "Cherbourg CH",
    "fecha" : "20100301",
    "superficie" : "Hard",
    "resultado" : "6-7(2) 6-1 6-4",
    "contrincante" : "Josselin Ouanna",
    "ganador" : false,
    "winnerAces" : 27,
    "winnerPrimerSaqueDentro" : 54,
    "winnerPrimerSaqueGanado" : 48,
    "winnerSegundoSaqueGanado" : 16,
    "winnerDobleFalta" : 3,
    "winnerServingPoints" : 83,
    "winnerServingGames" : 15,
    "loserAces" : 17,
    "loserPrimerSaqueDentro" : 45,
    "loserPrimerSaqueGanado" : 39,
    "loserSegundoSaqueGanado" : 17,
    "loserDobleFalta" : 5,
    "loserServingPoints" : 83,
    "loserServingGames" : 14
  }, {
    "torneo" : "Biella CH",
    "fecha" : "20100510",
    "superficie" : "Clay",
    "resultado" : "2-6 6-3 6-2",
    "contrincante" : "Michael Lammer",
    "ganador" : true,
    "winnerAces" : 4,
    "winnerPrimerSaqueDentro" : 42,
    "winnerPrimerSaqueGanado" : 33,
    "winnerSegundoSaqueGanado" : 13,
    "winnerDobleFalta" : 5,
    "winnerServingPoints" : 70,
    "winnerServingGames" : 13,
    "loserAces" : 5,
    "loserPrimerSaqueDentro" : 38,
    "loserPrimerSaqueGanado" : 29,
    "loserSegundoSaqueGanado" : 18,
    "loserDobleFalta" : 2,
    "loserServingPoints" : 73,
    "loserServingGames" : 12
  }, {
    "torneo" : "Biella CH",
    "fecha" : "20100510",
    "superficie" : "Clay",
    "resultado" : "6-2 6-4",
    "contrincante" : "Pablo Andujar",
    "ganador" : false,
    "winnerAces" : 6,
    "winnerPrimerSaqueDentro" : 28,
    "winnerPrimerSaqueGanado" : 22,
    "winnerSegundoSaqueGanado" : 15,
    "winnerDobleFalta" : 2,
    "winnerServingPoints" : 49,
    "winnerServingGames" : 9,
    "loserAces" : 1,
    "loserPrimerSaqueDentro" : 43,
    "loserPrimerSaqueGanado" : 28,
    "loserSegundoSaqueGanado" : 15,
    "loserDobleFalta" : 5,
    "loserServingPoints" : 77,
    "loserServingGames" : 9
  }, {
    "torneo" : "Cairo CH",
    "fecha" : "20100503",
    "superficie" : "Clay",
    "resultado" : "7-6(5) 6-3",
    "contrincante" : "Juan Pablo Amado",
    "ganador" : true,
    "winnerAces" : 0,
    "winnerPrimerSaqueDentro" : 0,
    "winnerPrimerSaqueGanado" : 0,
    "winnerSegundoSaqueGanado" : 0,
    "winnerDobleFalta" : 0,
    "winnerServingPoints" : 0,
    "winnerServingGames" : 0,
    "loserAces" : 0,
    "loserPrimerSaqueDentro" : 0,
    "loserPrimerSaqueGanado" : 0,
    "loserSegundoSaqueGanado" : 0,
    "loserDobleFalta" : 0,
    "loserServingPoints" : 0,
    "loserServingGames" : 0
  }, {
    "torneo" : "Cairo CH",
    "fecha" : "20100503",
    "superficie" : "Clay",
    "resultado" : "6-4 6-3",
    "contrincante" : "Sherif Sabry",
    "ganador" : false,
    "winnerAces" : 0,
    "winnerPrimerSaqueDentro" : 0,
    "winnerPrimerSaqueGanado" : 0,
    "winnerSegundoSaqueGanado" : 0,
    "winnerDobleFalta" : 0,
    "winnerServingPoints" : 0,
    "winnerServingGames" : 0,
    "loserAces" : 0,
    "loserPrimerSaqueDentro" : 0,
    "loserPrimerSaqueGanado" : 0,
    "loserSegundoSaqueGanado" : 0,
    "loserDobleFalta" : 0,
    "loserServingPoints" : 0,