{
  "nombre" : "Pablo Santos",
  "mano" : "R",
  "nacionalidad" : "ESP",
  "edad" : 25.9958932238,
  "ganar1Saque" : 0.6640721529722213,
  "ganar2Saque" : 0.5087216153740883,
  "primerSaque" : 0.6156019002199173,
  "segundoSaque" : 0.34834644943475723,
  "ganarPuntoSacando" : 0.586015447719109,
  "ganarPuntoRestando" : 0.3513079236051403,
  "probAce" : 0.05312955006957054,
  "clay" : {
    "nombre" : "Clay",
    "probVictoria" : 0.38461539149284363,
    "probGanarPrimerSaque" : 0.6564154533239511,
    "probGanarSegundoSaque" : 0.506792792907128,
    "probPrimerSaque" : 0.6306518224569467,
    "probSegundoSaque" : 0.33645461385066694,
    "probGanarPuntoSacando" : 0.5844823753675215,
    "probGanarPuntoRestando" : 0.3859109628354107,
    "probAce" : 0.0
  },
  "grass" : {
    "nombre" : "Grass",
    "probVictoria" : 0.0,
    "probGanarPrimerSaque" : 0.0,
    "probGanarSegundoSaque" : 0.0,
    "probPrimerSaque" : 0.0,
    "probSegundoSaque" : 0.0,
    "probGanarPuntoSacando" : 0.0,
    "probGanarPuntoRestando" : 0.0,
    "probAce" : 0.0
  },
  "hard" : {
    "nombre" : "Hard",
    "probVictoria" : 0.3333333432674408,
    "probGanarPrimerSaque" : 0.6653241018454233,
    "probGanarSegundoSaque" : 0.5179775208234787,
    "probPrimerSaque" : 0.5804658432801565,
    "probSegundoSaque" : 0.37319547434647876,
    "probGanarPuntoSacando" : 0.5795047824168476,
    "probGanarPuntoRestando" : 0.3071082120024808,
    "probAce" : 0.0
  },
  "other" : {
    "nombre" : "Other",
    "probVictoria" : 0.0,
    "probGanarPrimerSaque" : 0.7560975551605225,
    "probGanarSegundoSaque" : 0.47826087474823,
    "probPrimerSaque" : 0.6307692527770996,
    "probSegundoSaque" : 0.35384616255760193,
    "probGanarPuntoSacando" : 0.6461538651262977,
    "probGanarPuntoRestando" : 0.16666668322758027,
    "probAce" : 0.0
  },
  "partidos" : [ {
    "torneo" : "Bytom CH",
    "fecha" : "20100614",
    "superficie" : "Clay",
    "resultado" : "7-5 6-2",
    "contrincante" : "Pablo Carreno Busta",
    "ganador" : true,
    "winnerAces" : 4,
    "winnerPrimerSaqueDentro" : 38,
    "winnerPrimerSaqueGanado" : 29,
    "winnerSegundoSaqueGanado" : 15,
    "winnerDobleFalta" : 1,
    "winnerServingPoints" : 60,
    "winnerServingGames" : 10,
    "loserAces" : 3,
    "loserPrimerSaqueDentro" : 38,
    "loserPrimerSaqueGanado" : 26,
    "loserSegundoSaqueGanado" : 13,
    "loserDobleFalta" : 2,
    "loserServingPoints" : 66,
    "loserServingGames" : 10
  }, {
    "torneo" : "Bytom CH",
    "fecha" : "20100614",
    "superficie" : "Clay",
    "resultado" : "6-2 6-3",
    "contrincante" : "Pere Riba",
    "ganador" : false,
    "winnerAces" : 6,
    "winnerPrimerSaqueDentro" : 35,
    "winnerPrimerSaqueGanado" : 28,
    "winnerSegundoSaqueGanado" : 17,
    "winnerDobleFalta" : 1,
    "winnerServingPoints" : 64,
    "winnerServingGames" : 9,
    "loserAces" : 1,
    "loserPrimerSaqueDentro" : 36,
    "loserPrimerSaqueGanado" : 25,
    "loserSegundoSaqueGanado" : 6,
    "loserDobleFalta" : 5,
    "loserServingPoints" : 58,
    "loserServingGames" : 8
  }, {
    "torneo" : "Saransk CH",
    "fecha" : "20100726",
    "superficie" : "Clay",
    "resultado" : "7-6(6) 6-0",
    "contrincante" : "Alexander Lobkov",
    "ganador" : true,
    "winnerAces" : 5,
    "winnerPrimerSaqueDentro" : 43,
    "winnerPrimerSaqueGanado" : 29,
    "winnerSegundoSaqueGanado" : 11,
    "winnerDobleFalta" : 1,
    "winnerServingPoints" : 63,
    "winnerServingGames" : 9,
    "loserAces" : 0,
    "loserPrimerSaqueDentro" : 29,
    "loserPrimerSaqueGanado" : 14,
    "loserSegundoSaqueGanado" : 17,
    "loserDobleFalta" : 2,
    "loserServingPoints" : 61,
    "loserServingGames" : 9
  }, {
    "torneo" : "Saransk CH",
    "fecha" : "20100726",
    "superficie" : "Clay",
    "resultado" : "2-6 6-3 6-2",
    "contrincante" : "Laurent Recouderc",
    "ganador" : false,
    "winnerAces" : 3,
    "winnerPrimerSaqueDentro" : 69,
    "winnerPrimerSaqueGanado" : 47,
    "winnerSegundoSaqueGanado" : 7,
    "winnerDobleFalta" : 1,
    "winnerServingPoints" : 84,
    "winnerServingGames" : 13,
    "loserAces" : 1,
    "loserPrimerSaqueDentro" : 45,
    "loserPrimerSaqueGanado" : 28,
    "loserSegundoSaqueGanado" : 16,
    "loserDobleFalta" : 1,
    "loserServingPoints" : 72,
    "loserServingGames" : 12
  }, {
    "torneo" : "Toyota CH",
    "fecha" : "20101122",
    "superficie" : "Carpet",
    "resultado" : "6-3 6-4",
    "contrincante" : "Toshihide Matsui",
    "ganador" : false,
    "winnerAces" : 11,
    "winnerPrimerSaqueDentro" : 37,
    "winnerPrimerSaqueGanado" : 30,
    "winnerSegundoSaqueGanado" : 10,
    "winnerDobleFalta" : 0,
    "winnerServingPoints" : 48,
    "winnerServingGames" : 10,
    "loserAces" : 10,
    "loserPrimerSaqueDentro" : 41,
    "loserPrimerSaqueGanado" : 31,
    "loserSegundoSaqueGanado" : 11,
    "loserDobleFalta" : 1,
    "loserServingPoints" : 65,
    "loserServingGames" : 9
  }, {
    "torneo" : "Furth CH",
    "fecha" : "20100531",
    "superficie" : "Clay",
    "resultado" : "6-4 7-6(11)",
    "contrincante" : "Yannick Mertens",
    "ganador" : true,
    "winnerAces" : 1,
    "winnerPrimerSaqueDentro" : 52,
    "winnerPrimerSaqueGanado" : 31,
    "winnerSegundoSaqueGanado" : 14,
    "winnerDobleFalta" : 0,
    "winnerServingPoints" : 81,
    "winnerServingGames" : 11,
    "loserAces" : 1,
    "loserPrimerSaqueDentro" : 36,
    "loserPrimerSaqueGanado" : 20,
    "loserSegundoSaqueGanado" : 19,
    "loserDobleFalta" : 3,
    "loserServingPoints" : 72,
    "loserServingGames" : 11
  }, {
    "torneo" : "Furth CH",
    "fecha" : "20100531",
    "superficie" : "Clay",
    "resultado" : "3-6 6-4 6-0",
    "contrincante" : "Simon Greul",
    "ganador" : false,
    "winnerAces" : 2,
    "winnerPrimerSaqueDentro" : 41,
    "winnerPrimerSaqueGanado" : 31,
    "winnerSegundoSaqueGanado" : 13,
    "winnerDobleFalta" : 0,
    "winnerServingPoints" : 61,
    "winnerServingGames" : 13,
    "loserAces" : 0,
    "loserPrimerSaqueDentro" : 58,
    "loserPrimerSaqueGanado" : 34,
    "loserSegundoSaqueGanado" : 14,
    "loserDobleFalta" : 0,
    "loserServingPoints" : 91,
    "loserServingGames" : 12
  }, {
    "torneo" : "Tarragona CH",
    "fecha" : "20101004",
    "superficie" : "Clay",
    "resultado" : "6-3 6-1",
    "contrincante" : "Pedro Clar Rossello",
    "ganador" : false,
    "winnerAces" : 1,
    "winnerPrimerSaqueDentro" : 28,
    "winnerPrimerSaqueGanado" : 19,
    "winnerSegundoSaqueGanado" : 9,
    "winnerDobleFalta" : 1,
    "winnerServingPoints" : 45,
    "winnerServingGames" : 8,
    "loserAces" : 5,
    "loserPrimerSaqueDentro" : 33,
    "loserPrimerSaqueGanado" : 19,
    "loserSegundoSaqueGanado" : 5,
    "loserDobleFalta" : 5,
    "loserServingPoints" : 56,
    "loserServingGames" : 8
  }, {
    "torneo" : "Pozoblanco CH",
    "fecha" : "20100705",
    "superficie" : "Hard",
    "resultado" : "6-3 6-1",
    "contrincante" : "Jan Hernych",
    "ganador" : false,
    "winnerAces" : 5,
    "winnerPrimerSaqueDentro" : 26,
    "winnerPrimerSaqueGanado" : 21,
    "winnerSegundoSaqueGanado" : 12,
    "winnerDobleFalta" : 1,
    "winnerServingPoints" : 44,
    "winnerServingGames" : 8,
    "loserAces" : 6,
    "loserPrimerSaqueDentro" : 37,
    "loserPrimerSaqueGanado" : 22,
    "loserSegundoSaqueGanado" : 8,
    "loserDobleFalta" : 5,
    "loserServingPoints" : 62,
    "loserServingGames" : 8
  }, {
    "torneo" : "Ljubljana CH",
    "fecha" : "20100920",
    "superficie" : "Clay",
    "resultado" : "6-4 6-2",
    "contrincante" : "Daniele Giorgini",
    "ganador" : true,
    "winnerAces" : 3,
    "winnerPrimerSaqueDentro" : 37,
    "winnerPrimerSaqueGanado" : 26,
    "winnerSegundoSaqueGanado" : 11,
    "winnerDobleFalta" : 2,
    "winnerServingPoints" : 54,
    "winnerServingGames" : 9,
    "loserAces" : 0,
    "loserPrimerSaqueDentro" : 27,
    "loserPrimerSaqueGanado" : 18,
    "loserSegundoSaqueGanado" : 7,
    "loserDobleFalta" : 6,
    "loserServingPoints" : 49,