{
  "nombre" : "Pedro Clar Rossello",
  "mano" : "R",
  "nacionalidad" : "ESP",
  "edad" : 24.6379192334,
  "ganar1Saque" : 0.603838905044224,
  "ganar2Saque" : 0.48619289890579553,
  "primerSaque" : 0.6179218966027965,
  "segundoSaque" : 0.35379715522994165,
  "ganarPuntoSacando" : 0.545138945973352,
  "ganarPuntoRestando" : 0.3933939159923031,
  "probAce" : 0.01612006686627865,
  "clay" : {
    "nombre" : "Clay",
    "probVictoria" : 0.25,
    "probGanarPrimerSaque" : 0.596387479454279,
    "probGanarSegundoSaque" : 0.48172401264309883,
    "probPrimerSaque" : 0.6325951013714075,
    "probSegundoSaque" : 0.3406777745112777,
    "probGanarPuntoSacando" : 0.5413844625779113,
    "probGanarPuntoRestando" : 0.40183462145120624,
    "probAce" : 0.0
  },
  "grass" : {
    "nombre" : "Grass",
    "probVictoria" : 0.0,
    "probGanarPrimerSaque" : 0.5757575631141663,
    "probGanarSegundoSaque" : 0.4285714328289032,
    "probPrimerSaque" : 0.6875,
    "probSegundoSaque" : 0.2916666567325592,
    "probGanarPuntoSacando" : 0.5208333216252781,
    "probGanarPuntoRestando" : 0.42990656841327857,
    "probAce" : 0.0
  },
  "hard" : {
    "nombre" : "Hard",
    "probVictoria" : 0.1666666716337204,
    "probGanarPrimerSaque" : 0.6283895969390869,
    "probGanarSegundoSaque" : 0.5077135066191355,
    "probPrimerSaque" : 0.5671969999869665,
    "probSegundoSaque" : 0.3991372535626094,
    "probGanarPuntoSacando" : 0.5590680688354726,
    "probGanarPuntoRestando" : 0.3647999260317321,
    "probAce" : 0.0
  },
  "other" : {
    "nombre" : "Other",
    "probVictoria" : 0.0,
    "probGanarPrimerSaque" : 0.0,
    "probGanarSegundoSaque" : 0.0,
    "probPrimerSaque" : 0.0,
    "probSegundoSaque" : 0.0,
    "probGanarPuntoSacando" : 0.0,
    "probGanarPuntoRestando" : 0.0,
    "probAce" : 0.0
  },
  "partidos" : [ {
    "torneo" : "Todi CH",
    "fecha" : "20100913",
    "superficie" : "Clay",
    "resultado" : "7-5 6-4",
    "contrincante" : "Walter Trusendi",
    "ganador" : true,
    "winnerAces" : 0,
    "winnerPrimerSaqueDentro" : 56,
    "winnerPrimerSaqueGanado" : 36,
    "winnerSegundoSaqueGanado" : 9,
    "winnerDobleFalta" : 0,
    "winnerServingPoints" : 76,
    "winnerServingGames" : 11,
    "loserAces" : 0,
    "loserPrimerSaqueDentro" : 59,
    "loserPrimerSaqueGanado" : 31,
    "loserSegundoSaqueGanado" : 8,
    "loserDobleFalta" : 0,
    "loserServingPoints" : 76,
    "loserServingGames" : 11
  }, {
    "torneo" : "Todi CH",
    "fecha" : "20100913",
    "superficie" : "Clay",
    "resultado" : "6-3 6-7(5) 7-6(3)",
    "contrincante" : "Marcel Granollers",
    "ganador" : false,
    "winnerAces" : 3,
    "winnerPrimerSaqueDentro" : 63,
    "winnerPrimerSaqueGanado" : 44,
    "winnerSegundoSaqueGanado" : 31,
    "winnerDobleFalta" : 1,
    "winnerServingPoints" : 120,
    "winnerServingGames" : 17,
    "loserAces" : 0,
    "loserPrimerSaqueDentro" : 74,
    "loserPrimerSaqueGanado" : 44,
    "loserSegundoSaqueGanado" : 25,
    "loserDobleFalta" : 3,
    "loserServingPoints" : 116,
    "loserServingGames" : 16
  }, {
    "torneo" : "Rimini CH",
    "fecha" : "20100712",
    "superficie" : "Clay",
    "resultado" : "6-4 7-6(10)",
    "contrincante" : "Stefano Galvani",
    "ganador" : true,
    "winnerAces" : 0,
    "winnerPrimerSaqueDentro" : 59,
    "winnerPrimerSaqueGanado" : 32,
    "winnerSegundoSaqueGanado" : 14,
    "winnerDobleFalta" : 3,
    "winnerServingPoints" : 87,
    "winnerServingGames" : 11,
    "loserAces" : 0,
    "loserPrimerSaqueDentro" : 54,
    "loserPrimerSaqueGanado" : 30,
    "loserSegundoSaqueGanado" : 14,
    "loserDobleFalta" : 3,
    "loserServingPoints" : 89,
    "loserServingGames" : 11
  }, {
    "torneo" : "Rimini CH",
    "fecha" : "20100712",
    "superficie" : "Clay",
    "resultado" : "6-3 6-2",
    "contrincante" : "Denis Gremelmayr",
    "ganador" : false,
    "winnerAces" : 6,
    "winnerPrimerSaqueDentro" : 31,
    "winnerPrimerSaqueGanado" : 24,
    "winnerSegundoSaqueGanado" : 12,
    "winnerDobleFalta" : 1,
    "winnerServingPoints" : 53,
    "winnerServingGames" : 9,
    "loserAces" : 1,
    "loserPrimerSaqueDentro" : 31,
    "loserPrimerSaqueGanado" : 16,
    "loserSegundoSaqueGanado" : 9,
    "loserDobleFalta" : 1,
    "loserServingPoints" : 47,
    "loserServingGames" : 8
  }, {
    "torneo" : "San Benedetto CH",
    "fecha" : "20100705",
    "superficie" : "Clay",
    "resultado" : "7-6(4) 2-6 6-4",
    "contrincante" : "Alessio Di Mauro",
    "ganador" : true,
    "winnerAces" : 2,
    "winnerPrimerSaqueDentro" : 82,
    "winnerPrimerSaqueGanado" : 49,
    "winnerSegundoSaqueGanado" : 20,
    "winnerDobleFalta" : 3,
    "winnerServingPoints" : 125,
    "winnerServingGames" : 15,
    "loserAces" : 8,
    "loserPrimerSaqueDentro" : 63,
    "loserPrimerSaqueGanado" : 47,
    "loserSegundoSaqueGanado" : 16,
    "loserDobleFalta" : 3,
    "loserServingPoints" : 113,
    "loserServingGames" : 15
  }, {
    "torneo" : "San Benedetto CH",
    "fecha" : "20100705",
    "superficie" : "Clay",
    "resultado" : "6-2 6-1",
    "contrincante" : "Pere Riba",
    "ganador" : false,
    "winnerAces" : 0,
    "winnerPrimerSaqueDentro" : 31,
    "winnerPrimerSaqueGanado" : 21,
    "winnerSegundoSaqueGanado" : 9,
    "winnerDobleFalta" : 1,
    "winnerServingPoints" : 45,
    "winnerServingGames" : 8,
    "loserAces" : 0,
    "loserPrimerSaqueDentro" : 39,
    "loserPrimerSaqueGanado" : 17,
    "loserSegundoSaqueGanado" : 3,
    "loserDobleFalta" : 1,
    "loserServingPoints" : 52,
    "loserServingGames" : 7
  }, {
    "torneo" : "Recanati CH",
    "fecha" : "20100719",
    "superficie" : "Hard",
    "resultado" : "6-4 6-4",
    "contrincante" : "Charles Antoine Brezac",
    "ganador" : false,
    "winnerAces" : 4,
    "winnerPrimerSaqueDentro" : 16,
    "winnerPrimerSaqueGanado" : 15,
    "winnerSegundoSaqueGanado" : 25,
    "winnerDobleFalta" : 2,
    "winnerServingPoints" : 57,
    "winnerServingGames" : 10,
    "loserAces" : 4,
    "loserPrimerSaqueDentro" : 45,
    "loserPrimerSaqueGanado" : 31,
    "loserSegundoSaqueGanado" : 11,
    "loserDobleFalta" : 1,
    "loserServingPoints" : 71,
    "loserServingGames" : 10
  }, {
    "torneo" : "Rome CH",
    "fecha" : "20100412",
    "superficie" : "Clay",
    "resultado" : "6-4 4-6 6-4",
    "contrincante" : "Jesse Witten",
    "ganador" : false,
    "winnerAces" : 5,
    "winnerPrimerSaqueDentro" : 49,
    "winnerPrimerSaqueGanado" : 35,
    "winnerSegundoSaqueGanado" : 21,
    "winnerDobleFalta" : 2,
    "winnerServingPoints" : 99,
    "winnerServingGames" : 15,
    "loserAces" : 0,
    "loserPrimerSaqueDentro" : 67,
    "loserPrimerSaqueGanado" : 39,
    "loserSegundoSaqueGanado" : 16,
    "loserDobleFalta" : 2,
    "loserServingPoints" : 106,
    "loserServingGames" : 15
  }, {
    "torneo" : "Tarragona CH",
    "fecha" : "20101004",
    "superficie" : "Clay",
    "resultado" : "6-3 6-1",
    "contrincante" : "Pablo Santos",
    "ganador" : true,
    "winnerAces" : 1,
    "winnerPrimerSaqueDentro" : 28,
    "winnerPrimerSaqueGanado" : 19,
    "winnerSegundoSaqueGanado" : 9,
    "winnerDobleFalta" : 1,
    "winnerServingPoints" : 45,
    "winnerServingGames" : 8,
    "loserAces" : 5,
    "loserPrimerSaqueDentro" : 33,
    "loserPrimerSaqueGanado" : 19,
    "loserSegundoSaqueGanado" : 5,
    "loserDobleFalta" : 5,
    "loserServingPoints" : 56,
    "loserServingGames" : 8
  }, {
    "torneo" : "Tarragona CH",
    "fecha" : "20101004",
    "superficie" : "Clay",
    "resultado" : "1-6 7-5 6-4",
    "contrincante" : "Benoit Paire",
    "ganador" : false,
    "winnerAces" : 2,
    "winnerPrimerSaqueDentro" : 52,
    "winnerPrimerSaqueGanado" : 30,
    "winnerSegundoSaqueGanado" : 14,
    "winnerDobleFalta" : 5,
    "winnerServingPoints" : 83,
    "winnerServingGames" : 15,
    "loserAces" : 0,
    "loserPrimerSaqueDentro" : 58,
    "loserPrimerSaqueGanado" : 33,
    "loserSegundoSaqueGanado" : 15,
    "loserDobleFalta" : 0,
    "loserServingPoints" : 88,