{
  "nombre" : "Peter Gojowczyk",
  "mano" : "R",
  "nacionalidad" : "GER",
  "edad" : 20.7994524298,
  "ganar1Saque" : 0.7579820934269164,
  "ganar2Saque" : 0.5689102047019534,
  "primerSaque" : 0.5728127343787087,
  "segundoSaque" : 0.38722510635852814,
  "ganarPuntoSacando" : 0.6544781100701358,
  "ganarPuntoRestando" : 0.38206170906759884,
  "probAce" : 0.0846366137266159,
  "clay" : {
    "nombre" : "Clay",
    "probVictoria" : 0.6000000238418579,
    "probGanarPrimerSaque" : 0.7394293695688248,
    "probGanarSegundoSaque" : 0.5923235327005386,
    "probPrimerSaque" : 0.5659480303525924,
    "probSegundoSaque" : 0.39243887066841127,
    "probGanarPuntoSacando" : 0.6509293735356587,
    "probGanarPuntoRestando" : 0.3941764445642516,
    "probAce" : 0.0
  },
  "grass" : {
    "nombre" : "Grass",
    "probVictoria" : 0.5,
    "probGanarPrimerSaque" : 1.4315004348754883,
    "probGanarSegundoSaque" : 0.3794642984867096,
    "probPrimerSaque" : 0.6400829553604126,
    "probSegundoSaque" : 0.29147814214229584,
    "probGanarPuntoSacando" : 1.026884577687054,
    "probGanarPuntoRestando" : 0.3544034108189577,
    "probAce" : 0.0
  },
  "hard" : {
    "nombre" : "Hard",
    "probVictoria" : 0.5,
    "probGanarPrimerSaque" : 0.8029805918534597,
    "probGanarSegundoSaque" : 0.5930366267760595,
    "probPrimerSaque" : 0.5618305007616679,
    "probSegundoSaque" : 0.4104511539141337,
    "probGanarPuntoSacando" : 0.6945515557965087,
    "probGanarPuntoRestando" : 0.3710899159893913,
    "probAce" : 0.0
  },
  "other" : {
    "nombre" : "Other",
    "probVictoria" : 0.0,
    "probGanarPrimerSaque" : 0.0,
    "probGanarSegundoSaque" : 0.0,
    "probPrimerSaque" : 0.0,
    "probSegundoSaque" : 0.0,
    "probGanarPuntoSacando" : 0.0,
    "probGanarPuntoRestando" : 0.0,
    "probAce" : 0.0
  },
  "partidos" : [ {
    "torneo" : "Munich",
    "fecha" : "20100502",
    "superficie" : "Clay",
    "resultado" : "3-6 6-1 6-2",
    "contrincante" : "Marcos Baghdatis",
    "ganador" : false,
    "winnerAces" : 3,
    "winnerPrimerSaqueDentro" : 33,
    "winnerPrimerSaqueGanado" : 27,
    "winnerSegundoSaqueGanado" : 11,
    "winnerDobleFalta" : 8,
    "winnerServingPoints" : 62,
    "winnerServingGames" : 12,
    "loserAces" : 1,
    "loserPrimerSaqueDentro" : 63,
    "loserPrimerSaqueGanado" : 30,
    "loserSegundoSaqueGanado" : 18,
    "loserDobleFalta" : 5,
    "loserServingPoints" : 98,
    "loserServingGames" : 12
  }, {
    "torneo" : "Oberstaufen CH",
    "fecha" : "20100705",
    "superficie" : "Clay",
    "resultado" : "6-1 6-2",
    "contrincante" : "Vincent Millot",
    "ganador" : true,
    "winnerAces" : 12,
    "winnerPrimerSaqueDentro" : 25,
    "winnerPrimerSaqueGanado" : 22,
    "winnerSegundoSaqueGanado" : 10,
    "winnerDobleFalta" : 1,
    "winnerServingPoints" : 39,
    "winnerServingGames" : 8,
    "loserAces" : 0,
    "loserPrimerSaqueDentro" : 31,
    "loserPrimerSaqueGanado" : 19,
    "loserSegundoSaqueGanado" : 9,
    "loserDobleFalta" : 8,
    "loserServingPoints" : 55,
    "loserServingGames" : 7
  }, {
    "torneo" : "Oberstaufen CH",
    "fecha" : "20100705",
    "superficie" : "Clay",
    "resultado" : "6-4 3-6 6-4",
    "contrincante" : "Andreas Beck",
    "ganador" : true,
    "winnerAces" : 6,
    "winnerPrimerSaqueDentro" : 45,
    "winnerPrimerSaqueGanado" : 30,
    "winnerSegundoSaqueGanado" : 19,
    "winnerDobleFalta" : 2,
    "winnerServingPoints" : 89,
    "winnerServingGames" : 14,
    "loserAces" : 5,
    "loserPrimerSaqueDentro" : 41,
    "loserPrimerSaqueGanado" : 30,
    "loserSegundoSaqueGanado" : 22,
    "loserDobleFalta" : 7,
    "loserServingPoints" : 86,
    "loserServingGames" : 15
  }, {
    "torneo" : "Oberstaufen CH",
    "fecha" : "20100705",
    "superficie" : "Clay",
    "resultado" : "6-1 6-1",
    "contrincante" : "Julian Reister",
    "ganador" : false,
    "winnerAces" : 3,
    "winnerPrimerSaqueDentro" : 29,
    "winnerPrimerSaqueGanado" : 23,
    "winnerSegundoSaqueGanado" : 7,
    "winnerDobleFalta" : 0,
    "winnerServingPoints" : 37,
    "winnerServingGames" : 7,
    "loserAces" : 3,
    "loserPrimerSaqueDentro" : 25,
    "loserPrimerSaqueGanado" : 14,
    "loserSegundoSaqueGanado" : 10,
    "loserDobleFalta" : 5,
    "loserServingPoints" : 53,
    "loserServingGames" : 7
  }, {
    "torneo" : "Marburg CH",
    "fecha" : "20100621",
    "superficie" : "Clay",
    "resultado" : "6-3 7-6(6)",
    "contrincante" : "Ivo Minar",
    "ganador" : false,
    "winnerAces" : 10,
    "winnerPrimerSaqueDentro" : 50,
    "winnerPrimerSaqueGanado" : 40,
    "winnerSegundoSaqueGanado" : 16,
    "winnerDobleFalta" : 2,
    "winnerServingPoints" : 84,
    "winnerServingGames" : 11,
    "loserAces" : 6,
    "loserPrimerSaqueDentro" : 39,
    "loserPrimerSaqueGanado" : 27,
    "loserSegundoSaqueGanado" : 15,
    "loserDobleFalta" : 2,
    "loserServingPoints" : 67,
    "loserServingGames" : 10
  }, {
    "torneo" : "Bangkok CH",
    "fecha" : "20100913",
    "superficie" : "Hard",
    "resultado" : "6-1 7-5",
    "contrincante" : "Tsung Hua Yang",
    "ganador" : true,
    "winnerAces" : 5,
    "winnerPrimerSaqueDentro" : 20,
    "winnerPrimerSaqueGanado" : 20,
    "winnerSegundoSaqueGanado" : 16,
    "winnerDobleFalta" : 0,
    "winnerServingPoints" : 40,
    "winnerServingGames" : 9,
    "loserAces" : 4,
    "loserPrimerSaqueDentro" : 50,
    "loserPrimerSaqueGanado" : 32,
    "loserSegundoSaqueGanado" : 7,
    "loserDobleFalta" : 4,
    "loserServingPoints" : 72,
    "loserServingGames" : 10
  }, {
    "torneo" : "Bangkok CH",
    "fecha" : "20100913",
    "superficie" : "Hard",
    "resultado" : "3-6 6-4 7-5",
    "contrincante" : "Frederik Nielsen",
    "ganador" : true,
    "winnerAces" : 10,
    "winnerPrimerSaqueDentro" : 48,
    "winnerPrimerSaqueGanado" : 38,
    "winnerSegundoSaqueGanado" : 20,
    "winnerDobleFalta" : 1,
    "winnerServingPoints" : 85,
    "winnerServingGames" : 15,
    "loserAces" : 14,
    "loserPrimerSaqueDentro" : 49,
    "loserPrimerSaqueGanado" : 38,
    "loserSegundoSaqueGanado" : 25,
    "loserDobleFalta" : 9,
    "loserServingPoints" : 94,
    "loserServingGames" : 16
  }, {
    "torneo" : "Bangkok CH",
    "fecha" : "20100913",
    "superficie" : "Hard",
    "resultado" : "6-1 7-6(3)",
    "contrincante" : "Go Soeda",
    "ganador" : false,
    "winnerAces" : 6,
    "winnerPrimerSaqueDentro" : 40,
    "winnerPrimerSaqueGanado" : 31,
    "winnerSegundoSaqueGanado" : 18,
    "winnerDobleFalta" : 4,
    "winnerServingPoints" : 71,
    "winnerServingGames" : 10,
    "loserAces" : 1,
    "loserPrimerSaqueDentro" : 33,
    "loserPrimerSaqueGanado" : 25,
    "loserSegundoSaqueGanado" : 11,
    "loserDobleFalta" : 6,
    "loserServingPoints" : 63,
    "loserServingGames" : 9
  }, {
    "torneo" : "Bangkok2 CH",
    "fecha" : "20100920",
    "superficie" : "Hard",
    "resultado" : "7-6(5) 6-4",
    "contrincante" : "Konstantin Kravchuk",
    "ganador" : false,
    "winnerAces" : 7,
    "winnerPrimerSaqueDentro" : 43,
    "winnerPrimerSaqueGanado" : 37,
    "winnerSegundoSaqueGanado" : 14,
    "winnerDobleFalta" : 2,
    "winnerServingPoints" : 68,
    "winnerServingGames" : 11,
    "loserAces" : 5,
    "loserPrimerSaqueDentro" : 35,
    "loserPrimerSaqueGanado" : 31,
    "loserSegundoSaqueGanado" : 15,
    "loserDobleFalta" : 2,
    "loserServingPoints" : 60,
    "loserServingGames" : 11
  }, {
    "torneo" : "Braunschweig CH",
    "fecha" : "20100628",
    "superficie" : "Clay",
    "resultado" : "6-2 3-6 6-4",
    "contrincante" : "Leonardo Tavares",
    "ganador" : true,
    "winnerAces" : 3,
    "winnerPrimerSaqueDentro" : 33,
    "winnerPrimerSaqueGanado" : 26,
    "winnerSegundoSaqueGanado" : 24,
    "winnerDobleFalta" : 2,
    "winnerServingPoints" : 78,
    "winnerServingGames" : 13,
    "loserAces" : 7,
    "loserPrimerSaqueDentro" : 62,
    "loserPrimerSaqueGanado" : 45,
    "loserSegundoSaqueGanado" : 17,
    "loserDobleFalta" : 2,
    "loserServingPoints" : 114,