{
  "nombre" : "Prakash Amritraj",
  "mano" : "R",
  "nacionalidad" : "IND",
  "edad" : 26.2587268994,
  "ganar1Saque" : 0.7221411839127541,
  "ganar2Saque" : 0.5204905327409506,
  "primerSaque" : 0.6156239273647467,
  "segundoSaque" : 0.34831509987513226,
  "ganarPuntoSacando" : 0.6258621036479225,
  "ganarPuntoRestando" : 0.3433680309737503,
  "probAce" : 0.0700746700167656,
  "clay" : {
    "nombre" : "Clay",
    "probVictoria" : 0.0,
    "probGanarPrimerSaque" : 0.6358543336391449,
    "probGanarSegundoSaque" : 0.4241071492433548,
    "probPrimerSaque" : 0.7084210515022278,
    "probSegundoSaque" : 0.28280701488256454,
    "probGanarPuntoSacando" : 0.5703930725067589,
    "probGanarPuntoRestando" : 0.25082235885391513,
    "probAce" : 0.0
  },
  "grass" : {
    "nombre" : "Grass",
    "probVictoria" : 0.5,
    "probGanarPrimerSaque" : 1.5224359333515167,
    "probGanarSegundoSaque" : 0.5494791716337204,
    "probPrimerSaque" : 0.625706136226654,
    "probSegundoSaque" : 0.3514319285750389,
    "probGanarPuntoSacando" : 1.1457020305090504,
    "probGanarPuntoRestando" : 0.2809805128074576,
    "probAce" : 0.0
  },
  "hard" : {
    "nombre" : "Hard",
    "probVictoria" : 0.4444444477558136,
    "probGanarPrimerSaque" : 0.723044882218043,
    "probGanarSegundoSaque" : 0.5247578778200679,
    "probPrimerSaque" : 0.6030726449357139,
    "probSegundoSaque" : 0.35490114738543826,
    "probGanarPuntoSacando" : 0.6222857624643566,
    "probGanarPuntoRestando" : 0.36751477635735247,
    "probAce" : 0.0
  },
  "other" : {
    "nombre" : "Other",
    "probVictoria" : 0.0,
    "probGanarPrimerSaque" : 0.0,
    "probGanarSegundoSaque" : 0.0,
    "probPrimerSaque" : 0.0,
    "probSegundoSaque" : 0.0,
    "probGanarPuntoSacando" : 0.0,
    "probGanarPuntoRestando" : 0.0,
    "probAce" : 0.0
  },
  "partidos" : [ {
    "torneo" : "Chennai",
    "fecha" : "20100104",
    "superficie" : "Hard",
    "resultado" : "6-3 6-1",
    "contrincante" : "Michael Russell",
    "ganador" : false,
    "winnerAces" : 3,
    "winnerPrimerSaqueDentro" : 30,
    "winnerPrimerSaqueGanado" : 26,
    "winnerSegundoSaqueGanado" : 10,
    "winnerDobleFalta" : 1,
    "winnerServingPoints" : 47,
    "winnerServingGames" : 8,
    "loserAces" : 6,
    "loserPrimerSaqueDentro" : 35,
    "loserPrimerSaqueGanado" : 25,
    "loserSegundoSaqueGanado" : 2,
    "loserDobleFalta" : 2,
    "loserServingPoints" : 51,
    "loserServingGames" : 8
  }, {
    "torneo" : "Granby CH",
    "fecha" : "20100726",
    "superficie" : "Hard",
    "resultado" : "7-5 6-3",
    "contrincante" : "Toshihide Matsui",
    "ganador" : false,
    "winnerAces" : 6,
    "winnerPrimerSaqueDentro" : 43,
    "winnerPrimerSaqueGanado" : 32,
    "winnerSegundoSaqueGanado" : 18,
    "winnerDobleFalta" : 2,
    "winnerServingPoints" : 70,
    "winnerServingGames" : 11,
    "loserAces" : 5,
    "loserPrimerSaqueDentro" : 38,
    "loserPrimerSaqueGanado" : 27,
    "loserSegundoSaqueGanado" : 10,
    "loserDobleFalta" : 1,
    "loserServingPoints" : 58,
    "loserServingGames" : 10
  }, {
    "torneo" : "Beijing CH",
    "fecha" : "20100802",
    "superficie" : "Hard",
    "resultado" : "3-6 2-1 RET",
    "contrincante" : "Laurent Recouderc",
    "ganador" : false,
    "winnerAces" : 1,
    "winnerPrimerSaqueDentro" : 27,
    "winnerPrimerSaqueGanado" : 15,
    "winnerSegundoSaqueGanado" : 7,
    "winnerDobleFalta" : 1,
    "winnerServingPoints" : 38,
    "winnerServingGames" : 6,
    "loserAces" : 3,
    "loserPrimerSaqueDentro" : 30,
    "loserPrimerSaqueGanado" : 20,
    "loserSegundoSaqueGanado" : 4,
    "loserDobleFalta" : 0,
    "loserServingPoints" : 40,
    "loserServingGames" : 6
  }, {
    "torneo" : "Rimouski CH",
    "fecha" : "20100322",
    "superficie" : "Hard",
    "resultado" : "6-2 6-2",
    "contrincante" : "Alex Kuznetsov",
    "ganador" : true,
    "winnerAces" : 4,
    "winnerPrimerSaqueDentro" : 20,
    "winnerPrimerSaqueGanado" : 17,
    "winnerSegundoSaqueGanado" : 18,
    "winnerDobleFalta" : 3,
    "winnerServingPoints" : 51,
    "winnerServingGames" : 8,
    "loserAces" : 2,
    "loserPrimerSaqueDentro" : 21,
    "loserPrimerSaqueGanado" : 12,
    "loserSegundoSaqueGanado" : 9,
    "loserDobleFalta" : 4,
    "loserServingPoints" : 44,
    "loserServingGames" : 8
  }, {
    "torneo" : "Rimouski CH",
    "fecha" : "20100322",
    "superficie" : "Hard",
    "resultado" : "6-3 3-6 6-4",
    "contrincante" : "Amir Weintraub",
    "ganador" : true,
    "winnerAces" : 11,
    "winnerPrimerSaqueDentro" : 50,
    "winnerPrimerSaqueGanado" : 36,
    "winnerSegundoSaqueGanado" : 24,
    "winnerDobleFalta" : 4,
    "winnerServingPoints" : 98,
    "winnerServingGames" : 14,
    "loserAces" : 4,
    "loserPrimerSaqueDentro" : 48,
    "loserPrimerSaqueGanado" : 34,
    "loserSegundoSaqueGanado" : 16,
    "loserDobleFalta" : 5,
    "loserServingPoints" : 81,
    "loserServingGames" : 14
  }, {
    "torneo" : "Rimouski CH",
    "fecha" : "20100322",
    "superficie" : "Hard",
    "resultado" : "6-1 6-3",
    "contrincante" : "Rik De Voest",
    "ganador" : false,
    "winnerAces" : 6,
    "winnerPrimerSaqueDentro" : 31,
    "winnerPrimerSaqueGanado" : 24,
    "winnerSegundoSaqueGanado" : 12,
    "winnerDobleFalta" : 2,
    "winnerServingPoints" : 49,
    "winnerServingGames" : 8,
    "loserAces" : 2,
    "loserPrimerSaqueDentro" : 22,
    "loserPrimerSaqueGanado" : 12,
    "loserSegundoSaqueGanado" : 10,
    "loserDobleFalta" : 3,
    "loserServingPoints" : 43,
    "loserServingGames" : 8
  }, {
    "torneo" : "Ramat Hasharon CH",
    "fecha" : "20100503",
    "superficie" : "Hard",
    "resultado" : "6-3 6-1",
    "contrincante" : "Nick Lindahl",
    "ganador" : false,
    "winnerAces" : 14,
    "winnerPrimerSaqueDentro" : 31,
    "winnerPrimerSaqueGanado" : 25,
    "winnerSegundoSaqueGanado" : 9,
    "winnerDobleFalta" : 1,
    "winnerServingPoints" : 46,
    "winnerServingGames" : 8,
    "loserAces" : 3,
    "loserPrimerSaqueDentro" : 31,
    "loserPrimerSaqueGanado" : 20,
    "loserSegundoSaqueGanado" : 7,
    "loserDobleFalta" : 2,
    "loserServingPoints" : 51,
    "loserServingGames" : 8
  }, {
    "torneo" : "Leon CH",
    "fecha" : "20100412",
    "superficie" : "Hard",
    "resultado" : "3-6 6-2 6-1",
    "contrincante" : "Cesar Ramirez",
    "ganador" : true,
    "winnerAces" : 4,
    "winnerPrimerSaqueDentro" : 40,
    "winnerPrimerSaqueGanado" : 29,
    "winnerSegundoSaqueGanado" : 15,
    "winnerDobleFalta" : 1,
    "winnerServingPoints" : 69,
    "winnerServingGames" : 12,
    "loserAces" : 0,
    "loserPrimerSaqueDentro" : 48,
    "loserPrimerSaqueGanado" : 27,
    "loserSegundoSaqueGanado" : 17,
    "loserDobleFalta" : 8,
    "loserServingPoints" : 84,
    "loserServingGames" : 12
  }, {
    "torneo" : "Leon CH",
    "fecha" : "20100412",
    "superficie" : "Hard",
    "resultado" : "6-2 1-0 RET",
    "contrincante" : "Alexander Sadecky",
    "ganador" : true,
    "winnerAces" : 1,
    "winnerPrimerSaqueDentro" : 15,
    "winnerPrimerSaqueGanado" : 15,
    "winnerSegundoSaqueGanado" : 5,
    "winnerDobleFalta" : 1,
    "winnerServingPoints" : 21,
    "winnerServingGames" : 5,
    "loserAces" : 2,
    "loserPrimerSaqueDentro" : 14,
    "loserPrimerSaqueGanado" : 9,
    "loserSegundoSaqueGanado" : 9,
    "loserDobleFalta" : 4,
    "loserServingPoints" : 36,
    "loserServingGames" : 4
  }, {
    "torneo" : "Leon CH",
    "fecha" : "20100412",
    "superficie" : "Hard",
    "resultado" : "7-6(11) 1-6 6-4",
    "contrincante" : "Santiago Gonzalez",
    "ganador" : false,
    "winnerAces" : 5,
    "winnerPrimerSaqueDentro" : 55,
    "winnerPrimerSaqueGanado" : 37,
    "winnerSegundoSaqueGanado" : 25,
    "winnerDobleFalta" : 12,
    "winnerServingPoints" : 106,
    "winnerServingGames" : 15,
    "loserAces" : 1,
    "loserPrimerSaqueDentro" : 83,
    "loserPrimerSaqueGanado" : 56,
    "loserSegundoSaqueGanado" : 20,
    "loserDobleFalta" : 8,
    "loserServingPoints" : 125,