{
  "nombre" : "Riccardo Ghedin",
  "mano" : "R",
  "nacionalidad" : "ITA",
  "edad" : 24.6187542779,
  "ganar1Saque" : 0.6865415928455499,
  "ganar2Saque" : 0.5520442781540064,
  "primerSaque" : 0.6452501118183136,
  "segundoSaque" : 0.31423283597597707,
  "ganarPuntoSacando" : 0.6164614786601588,
  "ganarPuntoRestando" : 0.3844628853017312,
  "probAce" : 0.06464646756649017,
  "clay" : {
    "nombre" : "Clay",
    "probVictoria" : 0.3333333432674408,
    "probGanarPrimerSaque" : 0.6821308384339014,
    "probGanarSegundoSaque" : 0.5166750550270081,
    "probPrimerSaque" : 0.5989550848801931,
    "probSegundoSaque" : 0.3264494339625041,
    "probGanarPuntoSacando" : 0.5772340134896872,
    "probGanarPuntoRestando" : 0.40891121010664694,
    "probAce" : 0.0
  },
  "grass" : {
    "nombre" : "Grass",
    "probVictoria" : 0.3333333432674408,
    "probGanarPrimerSaque" : 1.898532509803772,
    "probGanarSegundoSaque" : 0.5459401806195577,
    "probPrimerSaque" : 0.6599940061569214,
    "probSegundoSaque" : 0.3305969039599101,
    "probGanarPuntoSacando" : 1.433506210424686,
    "probGanarPuntoRestando" : 0.35295928638598845,
    "probAce" : 0.0
  },
  "hard" : {
    "nombre" : "Hard",
    "probVictoria" : 0.4375,
    "probGanarPrimerSaque" : 0.6963966228067875,
    "probGanarSegundoSaque" : 0.5664722640067339,
    "probPrimerSaque" : 0.6587140038609505,
    "probSegundoSaque" : 0.30827735643833876,
    "probGanarPuntoSacando" : 0.6333567797279397,
    "probGanarPuntoRestando" : 0.38585561891200143,
    "probAce" : 0.0
  },
  "other" : {
    "nombre" : "Other",
    "probVictoria" : 0.0,
    "probGanarPrimerSaque" : 0.7164179086685181,
    "probGanarSegundoSaque" : 0.5517241358757019,
    "probPrimerSaque" : 0.6633663177490234,
    "probSegundoSaque" : 0.2871287167072296,
    "probGanarPuntoSacando" : 0.6336633531532865,
    "probGanarPuntoRestando" : 0.309999995455146,
    "probAce" : 0.0
  },
  "partidos" : [ {
    "torneo" : "Recanati CH",
    "fecha" : "20100719",
    "superficie" : "Hard",
    "resultado" : "6-2 6-7(10) 6-4",
    "contrincante" : "Alexandre Renard",
    "ganador" : true,
    "winnerAces" : 4,
    "winnerPrimerSaqueDentro" : 67,
    "winnerPrimerSaqueGanado" : 50,
    "winnerSegundoSaqueGanado" : 16,
    "winnerDobleFalta" : 3,
    "winnerServingPoints" : 98,
    "winnerServingGames" : 15,
    "loserAces" : 12,
    "loserPrimerSaqueDentro" : 59,
    "loserPrimerSaqueGanado" : 42,
    "loserSegundoSaqueGanado" : 23,
    "loserDobleFalta" : 4,
    "loserServingPoints" : 109,
    "loserServingGames" : 15
  }, {
    "torneo" : "Recanati CH",
    "fecha" : "20100719",
    "superficie" : "Hard",
    "resultado" : "6-3 7-5",
    "contrincante" : "Jan Hernych",
    "ganador" : true,
    "winnerAces" : 5,
    "winnerPrimerSaqueDentro" : 55,
    "winnerPrimerSaqueGanado" : 35,
    "winnerSegundoSaqueGanado" : 10,
    "winnerDobleFalta" : 0,
    "winnerServingPoints" : 74,
    "winnerServingGames" : 11,
    "loserAces" : 4,
    "loserPrimerSaqueDentro" : 43,
    "loserPrimerSaqueGanado" : 25,
    "loserSegundoSaqueGanado" : 10,
    "loserDobleFalta" : 2,
    "loserServingPoints" : 66,
    "loserServingGames" : 10
  }, {
    "torneo" : "Recanati CH",
    "fecha" : "20100719",
    "superficie" : "Hard",
    "resultado" : "7-6(3) 6-3",
    "contrincante" : "Charles Antoine Brezac",
    "ganador" : false,
    "winnerAces" : 12,
    "winnerPrimerSaqueDentro" : 47,
    "winnerPrimerSaqueGanado" : 36,
    "winnerSegundoSaqueGanado" : 16,
    "winnerDobleFalta" : 4,
    "winnerServingPoints" : 79,
    "winnerServingGames" : 11,
    "loserAces" : 2,
    "loserPrimerSaqueDentro" : 41,
    "loserPrimerSaqueGanado" : 28,
    "loserSegundoSaqueGanado" : 12,
    "loserDobleFalta" : 1,
    "loserServingPoints" : 67,
    "loserServingGames" : 10
  }, {
    "torneo" : "Pereira CH",
    "fecha" : "20100412",
    "superficie" : "Clay",
    "resultado" : "7-5 6-4",
    "contrincante" : "Guido Pella",
    "ganador" : false,
    "winnerAces" : 6,
    "winnerPrimerSaqueDentro" : 36,
    "winnerPrimerSaqueGanado" : 32,
    "winnerSegundoSaqueGanado" : 18,
    "winnerDobleFalta" : 6,
    "winnerServingPoints" : 78,
    "winnerServingGames" : 11,
    "loserAces" : 7,
    "loserPrimerSaqueDentro" : 45,
    "loserPrimerSaqueGanado" : 31,
    "loserSegundoSaqueGanado" : 14,
    "loserDobleFalta" : 4,
    "loserServingPoints" : 75,
    "loserServingGames" : 11
  }, {
    "torneo" : "Cali CH",
    "fecha" : "20100927",
    "superficie" : "Clay",
    "resultado" : "6-2 6-3",
    "contrincante" : "Eduardo Struvay",
    "ganador" : true,
    "winnerAces" : 6,
    "winnerPrimerSaqueDentro" : 33,
    "winnerPrimerSaqueGanado" : 27,
    "winnerSegundoSaqueGanado" : 12,
    "winnerDobleFalta" : 3,
    "winnerServingPoints" : 59,
    "winnerServingGames" : 9,
    "loserAces" : 1,
    "loserPrimerSaqueDentro" : 34,
    "loserPrimerSaqueGanado" : 23,
    "loserSegundoSaqueGanado" : 6,
    "loserDobleFalta" : 5,
    "loserServingPoints" : 56,
    "loserServingGames" : 8
  }, {
    "torneo" : "Cali CH",
    "fecha" : "20100927",
    "superficie" : "Clay",
    "resultado" : "6-1 6-4",
    "contrincante" : "Juan Sebastian Cabal",
    "ganador" : false,
    "winnerAces" : 0,
    "winnerPrimerSaqueDentro" : 31,
    "winnerPrimerSaqueGanado" : 23,
    "winnerSegundoSaqueGanado" : 12,
    "winnerDobleFalta" : 1,
    "winnerServingPoints" : 56,
    "winnerServingGames" : 8,
    "loserAces" : 0,
    "loserPrimerSaqueDentro" : 35,
    "loserPrimerSaqueGanado" : 17,
    "loserSegundoSaqueGanado" : 9,
    "loserDobleFalta" : 5,
    "loserServingPoints" : 61,
    "loserServingGames" : 9
  }, {
    "torneo" : "Campos Do Jordao CH",
    "fecha" : "20100802",
    "superficie" : "Hard",
    "resultado" : "6-3 5-7 6-4",
    "contrincante" : "Guido Pella",
    "ganador" : true,
    "winnerAces" : 2,
    "winnerPrimerSaqueDentro" : 56,
    "winnerPrimerSaqueGanado" : 42,
    "winnerSegundoSaqueGanado" : 19,
    "winnerDobleFalta" : 3,
    "winnerServingPoints" : 86,
    "winnerServingGames" : 16,
    "loserAces" : 6,
    "loserPrimerSaqueDentro" : 51,
    "loserPrimerSaqueGanado" : 34,
    "loserSegundoSaqueGanado" : 22,
    "loserDobleFalta" : 4,
    "loserServingPoints" : 90,
    "loserServingGames" : 15
  }, {
    "torneo" : "Campos Do Jordao CH",
    "fecha" : "20100802",
    "superficie" : "Hard",
    "resultado" : "1-6 6-4 6-3",
    "contrincante" : "Toshihide Matsui",
    "ganador" : true,
    "winnerAces" : 10,
    "winnerPrimerSaqueDentro" : 64,
    "winnerPrimerSaqueGanado" : 46,
    "winnerSegundoSaqueGanado" : 17,
    "winnerDobleFalta" : 3,
    "winnerServingPoints" : 98,
    "winnerServingGames" : 13,
    "loserAces" : 11,
    "loserPrimerSaqueDentro" : 62,
    "loserPrimerSaqueGanado" : 47,
    "loserSegundoSaqueGanado" : 15,
    "loserDobleFalta" : 6,
    "loserServingPoints" : 102,
    "loserServingGames" : 13
  }, {
    "torneo" : "Campos Do Jordao CH",
    "fecha" : "20100802",
    "superficie" : "Hard",
    "resultado" : "7-6(5) 6-1",
    "contrincante" : "Robert Farah",
    "ganador" : false,
    "winnerAces" : 5,
    "winnerPrimerSaqueDentro" : 35,
    "winnerPrimerSaqueGanado" : 27,
    "winnerSegundoSaqueGanado" : 15,
    "winnerDobleFalta" : 1,
    "winnerServingPoints" : 59,
    "winnerServingGames" : 9,
    "loserAces" : 1,
    "loserPrimerSaqueDentro" : 48,
    "loserPrimerSaqueGanado" : 30,
    "loserSegundoSaqueGanado" : 12,
    "loserDobleFalta" : 2,
    "loserServingPoints" : 73,
    "loserServingGames" : 10
  }, {
    "torneo" : "Salzburg CH",
    "fecha" : "20101115",
    "superficie" : "Hard",
    "resultado" : "3-6 6-4 6-4",
    "contrincante" : "Philipp Oswald",
    "ganador" : false,
    "winnerAces" : 11,
    "winnerPrimerSaqueDentro" : 55,
    "winnerPrimerSaqueGanado" : 38,
    "winnerSegundoSaqueGanado" : 18,
    "winnerDobleFalta" : 5,
    "winnerServingPoints" : 85,
    "winnerServingGames" : 15,
    "loserAces" : 7,
    "loserPrimerSaqueDentro" : 47,