{
  "nombre" : "Rohan Bopanna",
  "mano" : "R",
  "nacionalidad" : "IND",
  "edad" : 30.2587268994,
  "ganar1Saque" : 0.7847619652748108,
  "ganar2Saque" : 0.5735525732690637,
  "primerSaque" : 0.6187990687110207,
  "segundoSaque" : 0.3059225244955583,
  "ganarPuntoSacando" : 0.661072624417279,
  "ganarPuntoRestando" : 0.3227054530792649,
  "probAce" : 0.13797467947006226,
  "clay" : {
    "nombre" : "Clay",
    "probVictoria" : 0.0,
    "probGanarPrimerSaque" : 0.6097561120986938,
    "probGanarSegundoSaque" : 0.5263158082962036,
    "probPrimerSaque" : 0.611940324306488,
    "probSegundoSaque" : 0.28358209133148193,
    "probGanarPuntoSacando" : 0.5223880906029947,
    "probGanarPuntoRestando" : 0.2549019280101068,
    "probAce" : 0.0
  },
  "grass" : {
    "nombre" : "Grass",
    "probVictoria" : 0.6666666865348816,
    "probGanarPrimerSaque" : 1.2206717431545258,
    "probGanarSegundoSaque" : 0.583805317680041,
    "probPrimerSaque" : 0.6414845784505209,
    "probSegundoSaque" : 0.2900892347097397,
    "probGanarPuntoSacando" : 0.952397736409223,
    "probGanarPuntoRestando" : 0.31167662333708807,
    "probAce" : 0.0
  },
  "hard" : {
    "nombre" : "Hard",
    "probVictoria" : 0.25,
    "probGanarPrimerSaque" : 0.7849846333265305,
    "probGanarSegundoSaque" : 0.569982647895813,
    "probPrimerSaque" : 0.5864854902029037,
    "probSegundoSaque" : 0.33525756746530533,
    "probGanarPuntoSacando" : 0.6514730935092408,
    "probGanarPuntoRestando" : 0.35619957895981974,
    "probAce" : 0.0
  },
  "other" : {
    "nombre" : "Other",
    "probVictoria" : 0.0,
    "probGanarPrimerSaque" : 0.0,
    "probGanarSegundoSaque" : 0.0,
    "probPrimerSaque" : 0.0,
    "probSegundoSaque" : 0.0,
    "probGanarPuntoSacando" : 0.0,
    "probGanarPuntoRestando" : 0.0,
    "probAce" : 0.0
  },
  "partidos" : [ {
    "torneo" : "Halle",
    "fecha" : "20100607",
    "superficie" : "Grass",
    "resultado" : "6-4 7-6(11)",
    "contrincante" : "Thiemo De Bakker",
    "ganador" : false,
    "winnerAces" : 10,
    "winnerPrimerSaqueDentro" : 52,
    "winnerPrimerSaqueGanado" : 40,
    "winnerSegundoSaqueGanado" : 16,
    "winnerDobleFalta" : 1,
    "winnerServingPoints" : 74,
    "winnerServingGames" : 11,
    "loserAces" : 12,
    "loserPrimerSaqueDentro" : 66,
    "loserPrimerSaqueGanado" : 48,
    "loserSegundoSaqueGanado" : 11,
    "loserDobleFalta" : 6,
    "loserServingPoints" : 92,
    "loserServingGames" : 11
  }, {
    "torneo" : "Chennai",
    "fecha" : "20100104",
    "superficie" : "Hard",
    "resultado" : "6-1 6-4",
    "contrincante" : "Stanislas Wawrinka",
    "ganador" : false,
    "winnerAces" : 5,
    "winnerPrimerSaqueDentro" : 26,
    "winnerPrimerSaqueGanado" : 22,
    "winnerSegundoSaqueGanado" : 14,
    "winnerDobleFalta" : 3,
    "winnerServingPoints" : 45,
    "winnerServingGames" : 9,
    "loserAces" : 1,
    "loserPrimerSaqueDentro" : 24,
    "loserPrimerSaqueGanado" : 18,
    "loserSegundoSaqueGanado" : 8,
    "loserDobleFalta" : 4,
    "loserServingPoints" : 42,
    "loserServingGames" : 8
  }, {
    "torneo" : "Estoril Q",
    "fecha" : "20100503",
    "superficie" : "Clay",
    "resultado" : "6-2 7-5",
    "contrincante" : "Colin Fleming",
    "ganador" : false,
    "winnerAces" : 0,
    "winnerPrimerSaqueDentro" : 35,
    "winnerPrimerSaqueGanado" : 27,
    "winnerSegundoSaqueGanado" : 11,
    "winnerDobleFalta" : 1,
    "winnerServingPoints" : 51,
    "winnerServingGames" : 10,
    "loserAces" : 1,
    "loserPrimerSaqueDentro" : 41,
    "loserPrimerSaqueGanado" : 25,
    "loserSegundoSaqueGanado" : 10,
    "loserDobleFalta" : 7,
    "loserServingPoints" : 67,
    "loserServingGames" : 10
  }, {
    "torneo" : "s-Hertogenbosch Q",
    "fecha" : "20100613",
    "superficie" : "Grass",
    "resultado" : "6-7(2) 6-2 6-4",
    "contrincante" : "Peter Torebko",
    "ganador" : true,
    "winnerAces" : 9,
    "winnerPrimerSaqueDentro" : 64,
    "winnerPrimerSaqueGanado" : 48,
    "winnerSegundoSaqueGanado" : 14,
    "winnerDobleFalta" : 7,
    "winnerServingPoints" : 93,
    "winnerServingGames" : 15,
    "loserAces" : 10,
    "loserPrimerSaqueDentro" : 45,
    "loserPrimerSaqueGanado" : 37,
    "loserSegundoSaqueGanado" : 23,
    "loserDobleFalta" : 9,
    "loserServingPoints" : 98,
    "loserServingGames" : 15
  }, {
    "torneo" : "s-Hertogenbosch Q",
    "fecha" : "20100613",
    "superficie" : "Grass",
    "resultado" : "6-4 6-4",
    "contrincante" : "Dustin Brown",
    "ganador" : false,
    "winnerAces" : 11,
    "winnerPrimerSaqueDentro" : 28,
    "winnerPrimerSaqueGanado" : 22,
    "winnerSegundoSaqueGanado" : 22,
    "winnerDobleFalta" : 3,
    "winnerServingPoints" : 63,
    "winnerServingGames" : 10,
    "loserAces" : 11,
    "loserPrimerSaqueDentro" : 39,
    "loserPrimerSaqueGanado" : 32,
    "loserSegundoSaqueGanado" : 8,
    "loserDobleFalta" : 5,
    "loserServingPoints" : 62,
    "loserServingGames" : 10
  }, {
    "torneo" : "Atlanta Q",
    "fecha" : "20100719",
    "superficie" : "Hard",
    "resultado" : "6-1 6-1",
    "contrincante" : "John Valenti",
    "ganador" : true,
    "winnerAces" : 5,
    "winnerPrimerSaqueDentro" : 26,
    "winnerPrimerSaqueGanado" : 24,
    "winnerSegundoSaqueGanado" : 5,
    "winnerDobleFalta" : 0,
    "winnerServingPoints" : 36,
    "winnerServingGames" : 7,
    "loserAces" : 1,
    "loserPrimerSaqueDentro" : 32,
    "loserPrimerSaqueGanado" : 14,
    "loserSegundoSaqueGanado" : 8,
    "loserDobleFalta" : 2,
    "loserServingPoints" : 49,
    "loserServingGames" : 7
  }, {
    "torneo" : "Atlanta Q",
    "fecha" : "20100719",
    "superficie" : "Hard",
    "resultado" : "6-4 7-6(3)",
    "contrincante" : "Harel Levy",
    "ganador" : false,
    "winnerAces" : 4,
    "winnerPrimerSaqueDentro" : 34,
    "winnerPrimerSaqueGanado" : 25,
    "winnerSegundoSaqueGanado" : 24,
    "winnerDobleFalta" : 2,
    "winnerServingPoints" : 68,
    "winnerServingGames" : 11,
    "loserAces" : 8,
    "loserPrimerSaqueDentro" : 38,
    "loserPrimerSaqueGanado" : 29,
    "loserSegundoSaqueGanado" : 15,
    "loserDobleFalta" : 6,
    "loserServingPoints" : 70,
    "loserServingGames" : 11
  }, {
    "torneo" : "Johannesburg Q",
    "fecha" : "20100201",
    "superficie" : "Hard",
    "resultado" : "6-3 7-5",
    "contrincante" : "Andy Lloyd",
    "ganador" : false,
    "winnerAces" : 3,
    "winnerPrimerSaqueDentro" : 40,
    "winnerPrimerSaqueGanado" : 29,
    "winnerSegundoSaqueGanado" : 14,
    "winnerDobleFalta" : 6,
    "winnerServingPoints" : 71,
    "winnerServingGames" : 11,
    "loserAces" : 7,
    "loserPrimerSaqueDentro" : 27,
    "loserPrimerSaqueGanado" : 19,
    "loserSegundoSaqueGanado" : 12,
    "loserDobleFalta" : 7,
    "loserServingPoints" : 53,
    "loserServingGames" : 10
  }, {
    "torneo" : "Halle Q",
    "fecha" : "20100607",
    "superficie" : "Grass",
    "resultado" : "7-6(5) 6-4",
    "contrincante" : "Kevin Krawietz",
    "ganador" : true,
    "winnerAces" : 17,
    "winnerPrimerSaqueDentro" : 43,
    "winnerPrimerSaqueGanado" : 40,
    "winnerSegundoSaqueGanado" : 18,
    "winnerDobleFalta" : 6,
    "winnerServingPoints" : 81,
    "winnerServingGames" : 11,
    "loserAces" : 5,
    "loserPrimerSaqueDentro" : 42,
    "loserPrimerSaqueGanado" : 30,
    "loserSegundoSaqueGanado" : 16,
    "loserDobleFalta" : 4,
    "loserServingPoints" : 69,
    "loserServingGames" : 11
  }, {
    "torneo" : "Halle Q",
    "fecha" : "20100607",
    "superficie" : "Grass",
    "resultado" : "3-6 7-6(6) 6-4",
    "contrincante" : "Adrien Bossel",
    "ganador" : true,
    "winnerAces" : 19,
    "winnerPrimerSaqueDentro" : 54,
    "winnerPrimerSaqueGanado" : 46,
    "winnerSegundoSaqueGanado" : 18,
    "winnerDobleFalta" : 6,
    "winnerServingPoints" : 88,
    "winnerServingGames" : 15,
    "loserAces" : 17,
    "loserPrimerSaqueDentro" : 70,
    "loserPrimerSaqueGanado" : 51,
    "loserSegundoSaqueGanado" : 23,
    "loserDobleFalta" : 7,
    "loserServingPoints" : 115,