{
  "nombre" : "Roko Karanusic",
  "mano" : "R",
  "nacionalidad" : "CRO",
  "edad" : 27.8302532512,
  "ganar1Saque" : 0.6035687935849031,
  "ganar2Saque" : 0.5114161043117443,
  "primerSaque" : 0.6041649033625921,
  "segundoSaque" : 0.3731523738242686,
  "ganarPuntoSacando" : 0.5554912151847864,
  "ganarPuntoRestando" : 0.33416796075424055,
  "probAce" : 0.028864657506346703,
  "clay" : {
    "nombre" : "Clay",
    "probVictoria" : 0.125,
    "probGanarPrimerSaque" : 0.5897426418960094,
    "probGanarSegundoSaque" : 0.4794540423899889,
    "probPrimerSaque" : 0.5548794269561768,
    "probSegundoSaque" : 0.42552318423986435,
    "probGanarPuntoSacando" : 0.5312548700013424,
    "probGanarPuntoRestando" : 0.3385193768112973,
    "probAce" : 0.0
  },
  "grass" : {
    "nombre" : "Grass",
    "probVictoria" : 0.6666666865348816,
    "probGanarPrimerSaque" : 0.9712532162666321,
    "probGanarSegundoSaque" : 0.5756267507870992,
    "probPrimerSaque" : 0.6389403939247131,
    "probSegundoSaque" : 0.3479060232639313,
    "probGanarPuntoSacando" : 0.8208369263527242,
    "probGanarPuntoRestando" : 0.34315845736035633,
    "probAce" : 0.0
  },
  "hard" : {
    "nombre" : "Hard",
    "probVictoria" : 0.20000000298023224,
    "probGanarPrimerSaque" : 0.5709802389144898,
    "probGanarSegundoSaque" : 0.4915726512670517,
    "probPrimerSaque" : 0.6489293366670609,
    "probSegundoSaque" : 0.32436966560781,
    "probGanarPuntoSacando" : 0.529977084202218,
    "probGanarPuntoRestando" : 0.3206481780912248,
    "probAce" : 0.0
  },
  "other" : {
    "nombre" : "Other",
    "probVictoria" : 0.6666666865348816,
    "probGanarPrimerSaque" : 0.7051336963971456,
    "probGanarSegundoSaque" : 0.5985824664433798,
    "probPrimerSaque" : 0.5516025722026825,
    "probSegundoSaque" : 0.42135225733121234,
    "probGanarPuntoSacando" : 0.6411676341142536,
    "probGanarPuntoRestando" : 0.358639630206025,
    "probAce" : 0.0
  },
  "partidos" : [ {
    "torneo" : "Scheveningen CH",
    "fecha" : "20100705",
    "superficie" : "Clay",
    "resultado" : "6-2 6-2",
    "contrincante" : "Marcel Felder",
    "ganador" : false,
    "winnerAces" : 1,
    "winnerPrimerSaqueDentro" : 37,
    "winnerPrimerSaqueGanado" : 24,
    "winnerSegundoSaqueGanado" : 12,
    "winnerDobleFalta" : 1,
    "winnerServingPoints" : 53,
    "winnerServingGames" : 8,
    "loserAces" : 2,
    "loserPrimerSaqueDentro" : 30,
    "loserPrimerSaqueGanado" : 17,
    "loserSegundoSaqueGanado" : 9,
    "loserDobleFalta" : 1,
    "loserServingPoints" : 53,
    "loserServingGames" : 8
  }, {
    "torneo" : "Noumea CH",
    "fecha" : "20100104",
    "superficie" : "Hard",
    "resultado" : "6-3 6-1",
    "contrincante" : "Kevin Anderson",
    "ganador" : false,
    "winnerAces" : 5,
    "winnerPrimerSaqueDentro" : 30,
    "winnerPrimerSaqueGanado" : 23,
    "winnerSegundoSaqueGanado" : 10,
    "winnerDobleFalta" : 0,
    "winnerServingPoints" : 43,
    "winnerServingGames" : 8,
    "loserAces" : 2,
    "loserPrimerSaqueDentro" : 29,
    "loserPrimerSaqueGanado" : 19,
    "loserSegundoSaqueGanado" : 6,
    "loserDobleFalta" : 3,
    "loserServingPoints" : 51,
    "loserServingGames" : 8
  }, {
    "torneo" : "Belgrade CH",
    "fecha" : "20100215",
    "superficie" : "Carpet",
    "resultado" : "6-2 6-4",
    "contrincante" : "Grega Zemlja",
    "ganador" : true,
    "winnerAces" : 4,
    "winnerPrimerSaqueDentro" : 36,
    "winnerPrimerSaqueGanado" : 26,
    "winnerSegundoSaqueGanado" : 9,
    "winnerDobleFalta" : 1,
    "winnerServingPoints" : 52,
    "winnerServingGames" : 9,
    "loserAces" : 2,
    "loserPrimerSaqueDentro" : 37,
    "loserPrimerSaqueGanado" : 22,
    "loserSegundoSaqueGanado" : 9,
    "loserDobleFalta" : 1,
    "loserServingPoints" : 58,
    "loserServingGames" : 9
  }, {
    "torneo" : "Belgrade CH",
    "fecha" : "20100215",
    "superficie" : "Carpet",
    "resultado" : "6-4 7-6(3)",
    "contrincante" : "Stefan Koubek",
    "ganador" : true,
    "winnerAces" : 1,
    "winnerPrimerSaqueDentro" : 42,
    "winnerPrimerSaqueGanado" : 29,
    "winnerSegundoSaqueGanado" : 28,
    "winnerDobleFalta" : 1,
    "winnerServingPoints" : 84,
    "winnerServingGames" : 11,
    "loserAces" : 5,
    "loserPrimerSaqueDentro" : 46,
    "loserPrimerSaqueGanado" : 34,
    "loserSegundoSaqueGanado" : 13,
    "loserDobleFalta" : 3,
    "loserServingPoints" : 73,
    "loserServingGames" : 11
  }, {
    "torneo" : "Belgrade CH",
    "fecha" : "20100215",
    "superficie" : "Carpet",
    "resultado" : "6-3 7-6(7)",
    "contrincante" : "Karol Beck",
    "ganador" : false,
    "winnerAces" : 5,
    "winnerPrimerSaqueDentro" : 35,
    "winnerPrimerSaqueGanado" : 33,
    "winnerSegundoSaqueGanado" : 11,
    "winnerDobleFalta" : 5,
    "winnerServingPoints" : 59,
    "winnerServingGames" : 11,
    "loserAces" : 5,
    "loserPrimerSaqueDentro" : 37,
    "loserPrimerSaqueGanado" : 26,
    "loserSegundoSaqueGanado" : 20,
    "loserDobleFalta" : 4,
    "loserServingPoints" : 80,
    "loserServingGames" : 10
  }, {
    "torneo" : "Jersey CH",
    "fecha" : "20100322",
    "superficie" : "Hard",
    "resultado" : "6-3 6-4",
    "contrincante" : "Dominic Inglot",
    "ganador" : false,
    "winnerAces" : 7,
    "winnerPrimerSaqueDentro" : 37,
    "winnerPrimerSaqueGanado" : 30,
    "winnerSegundoSaqueGanado" : 9,
    "winnerDobleFalta" : 2,
    "winnerServingPoints" : 51,
    "winnerServingGames" : 10,
    "loserAces" : 1,
    "loserPrimerSaqueDentro" : 23,
    "loserPrimerSaqueGanado" : 14,
    "loserSegundoSaqueGanado" : 13,
    "loserDobleFalta" : 1,
    "loserServingPoints" : 43,
    "loserServingGames" : 9
  }, {
    "torneo" : "Recanati CH",
    "fecha" : "20100719",
    "superficie" : "Hard",
    "resultado" : "6-2 0-6 6-0",
    "contrincante" : "David Guez",
    "ganador" : false,
    "winnerAces" : 1,
    "winnerPrimerSaqueDentro" : 35,
    "winnerPrimerSaqueGanado" : 20,
    "winnerSegundoSaqueGanado" : 15,
    "winnerDobleFalta" : 4,
    "winnerServingPoints" : 66,
    "winnerServingGames" : 10,
    "loserAces" : 0,
    "loserPrimerSaqueDentro" : 33,
    "loserPrimerSaqueGanado" : 17,
    "loserSegundoSaqueGanado" : 9,
    "loserDobleFalta" : 1,
    "loserServingPoints" : 56,
    "loserServingGames" : 10
  }, {
    "torneo" : "Cherbourg CH",
    "fecha" : "20100301",
    "superficie" : "Hard",
    "resultado" : "6-2 7-5",
    "contrincante" : "Nicolas Mahut",
    "ganador" : false,
    "winnerAces" : 0,
    "winnerPrimerSaqueDentro" : 59,
    "winnerPrimerSaqueGanado" : 41,
    "winnerSegundoSaqueGanado" : 10,
    "winnerDobleFalta" : 0,
    "winnerServingPoints" : 78,
    "winnerServingGames" : 10,
    "loserAces" : 0,
    "loserPrimerSaqueDentro" : 33,
    "loserPrimerSaqueGanado" : 23,
    "loserSegundoSaqueGanado" : 9,
    "loserDobleFalta" : 1,
    "loserServingPoints" : 52,
    "loserServingGames" : 10
  }, {
    "torneo" : "Monza CH",
    "fecha" : "20100405",
    "superficie" : "Clay",
    "resultado" : "5-2 RET",
    "contrincante" : "Michael Lammer",
    "ganador" : false,
    "winnerAces" : 0,
    "winnerPrimerSaqueDentro" : 17,
    "winnerPrimerSaqueGanado" : 12,
    "winnerSegundoSaqueGanado" : 7,
    "winnerDobleFalta" : 0,
    "winnerServingPoints" : 28,
    "winnerServingGames" : 4,
    "loserAces" : 1,
    "loserPrimerSaqueDentro" : 12,
    "loserPrimerSaqueGanado" : 6,
    "loserSegundoSaqueGanado" : 4,
    "loserDobleFalta" : 0,
    "loserServingPoints" : 18,
    "loserServingGames" : 3
  }, {
    "torneo" : "Sarajevo CH",
    "fecha" : "20100308",
    "superficie" : "Hard",
    "resultado" : "6-2 7-6(2)",
    "contrincante" : "Stephane Bohli",
    "ganador" : false,
    "winnerAces" : 7,
    "winnerPrimerSaqueDentro" : 31,
    "winnerPrimerSaqueGanado" : 26,
    "winnerSegundoSaqueGanado" : 23,
    "winnerDobleFalta" : 3,
    "winnerServingPoints" : 66,
    "winnerServingGames" : 10,
    "loserAces" : 5,
    "loserPrimerSaqueDentro" : 38,
    "loserPrimerSaqueGanado" : 27,