{
  "nombre" : "Sadik Kadir",
  "mano" : "R",
  "nacionalidad" : "AUS",
  "edad" : 29.1498973306,
  "ganar1Saque" : 0.6349062644518338,
  "ganar2Saque" : 0.5017895079576052,
  "primerSaque" : 0.572833219399819,
  "segundoSaque" : 0.3866928769991948,
  "ganarPuntoSacando" : 0.5577338279631936,
  "ganarPuntoRestando" : 0.3223759315287239,
  "probAce" : 0.04480651766061783,
  "clay" : {
    "nombre" : "Clay",
    "probVictoria" : 0.0,
    "probGanarPrimerSaque" : 0.7142857313156128,
    "probGanarSegundoSaque" : 0.4166666567325592,
    "probPrimerSaque" : 0.5249999761581421,
    "probSegundoSaque" : 0.44999998807907104,
    "probGanarPuntoSacando" : 0.5624999824733958,
    "probGanarPuntoRestando" : 0.3283581882344546,
    "probAce" : 0.0
  },
  "grass" : {
    "nombre" : "Grass",
    "probVictoria" : 0.0,
    "probGanarPrimerSaque" : 0.0,
    "probGanarSegundoSaque" : 0.0,
    "probPrimerSaque" : 0.0,
    "probSegundoSaque" : 0.0,
    "probGanarPuntoSacando" : 0.0,
    "probGanarPuntoRestando" : 0.0,
    "probAce" : 0.0
  },
  "hard" : {
    "nombre" : "Hard",
    "probVictoria" : 0.20000000298023224,
    "probGanarPrimerSaque" : 0.593643057346344,
    "probGanarSegundoSaque" : 0.4928819119930267,
    "probPrimerSaque" : 0.5820939660072326,
    "probSegundoSaque" : 0.37739875316619875,
    "probGanarPuntoSacando" : 0.5315690606877328,
    "probGanarPuntoRestando" : 0.32706340733556016,
    "probAce" : 0.0
  },
  "other" : {
    "nombre" : "Other",
    "probVictoria" : 0.5,
    "probGanarPrimerSaque" : 0.8015325665473938,
    "probGanarSegundoSaque" : 0.5888889133930206,
    "probPrimerSaque" : 0.5504461079835892,
    "probSegundoSaque" : 0.40150994062423706,
    "probGanarPuntoSacando" : 0.6776452343288133,
    "probGanarPuntoRestando" : 0.2959474241416774,
    "probAce" : 0.0
  },
  "partidos" : [ {
    "torneo" : "Izmir CH",
    "fecha" : "20100920",
    "superficie" : "Hard",
    "resultado" : "6-4 5-7 6-4",
    "contrincante" : "Mikhail Vasiliev",
    "ganador" : true,
    "winnerAces" : 4,
    "winnerPrimerSaqueDentro" : 52,
    "winnerPrimerSaqueGanado" : 39,
    "winnerSegundoSaqueGanado" : 27,
    "winnerDobleFalta" : 1,
    "winnerServingPoints" : 95,
    "winnerServingGames" : 16,
    "loserAces" : 1,
    "loserPrimerSaqueDentro" : 59,
    "loserPrimerSaqueGanado" : 36,
    "loserSegundoSaqueGanado" : 26,
    "loserDobleFalta" : 4,
    "loserServingPoints" : 101,
    "loserServingGames" : 16
  }, {
    "torneo" : "Izmir CH",
    "fecha" : "20100920",
    "superficie" : "Hard",
    "resultado" : "7-5 6-3",
    "contrincante" : "Igor Kunitsyn",
    "ganador" : false,
    "winnerAces" : 11,
    "winnerPrimerSaqueDentro" : 49,
    "winnerPrimerSaqueGanado" : 32,
    "winnerSegundoSaqueGanado" : 18,
    "winnerDobleFalta" : 3,
    "winnerServingPoints" : 81,
    "winnerServingGames" : 11,
    "loserAces" : 1,
    "loserPrimerSaqueDentro" : 41,
    "loserPrimerSaqueGanado" : 24,
    "loserSegundoSaqueGanado" : 10,
    "loserDobleFalta" : 0,
    "loserServingPoints" : 64,
    "loserServingGames" : 10
  }, {
    "torneo" : "Beijing CH",
    "fecha" : "20100802",
    "superficie" : "Hard",
    "resultado" : "5-7 6-4 6-2",
    "contrincante" : "Young Jun Kim",
    "ganador" : false,
    "winnerAces" : 5,
    "winnerPrimerSaqueDentro" : 58,
    "winnerPrimerSaqueGanado" : 45,
    "winnerSegundoSaqueGanado" : 13,
    "winnerDobleFalta" : 3,
    "winnerServingPoints" : 76,
    "winnerServingGames" : 15,
    "loserAces" : 5,
    "loserPrimerSaqueDentro" : 65,
    "loserPrimerSaqueGanado" : 41,
    "loserSegundoSaqueGanado" : 18,
    "loserDobleFalta" : 2,
    "loserServingPoints" : 96,
    "loserServingGames" : 15
  }, {
    "torneo" : "Busan CH",
    "fecha" : "20100510",
    "superficie" : "Hard",
    "resultado" : "7-6(5) 6-1",
    "contrincante" : "Ti Chen",
    "ganador" : false,
    "winnerAces" : 2,
    "winnerPrimerSaqueDentro" : 56,
    "winnerPrimerSaqueGanado" : 37,
    "winnerSegundoSaqueGanado" : 17,
    "winnerDobleFalta" : 0,
    "winnerServingPoints" : 93,
    "winnerServingGames" : 9,
    "loserAces" : 4,
    "loserPrimerSaqueDentro" : 38,
    "loserPrimerSaqueGanado" : 25,
    "loserSegundoSaqueGanado" : 9,
    "loserDobleFalta" : 1,
    "loserServingPoints" : 70,
    "loserServingGames" : 10
  }, {
    "torneo" : "Fergana CH",
    "fecha" : "20100517",
    "superficie" : "Hard",
    "resultado" : "6-4 6-4",
    "contrincante" : "Mao Xin Gong",
    "ganador" : false,
    "winnerAces" : 1,
    "winnerPrimerSaqueDentro" : 26,
    "winnerPrimerSaqueGanado" : 19,
    "winnerSegundoSaqueGanado" : 16,
    "winnerDobleFalta" : 3,
    "winnerServingPoints" : 51,
    "winnerServingGames" : 10,
    "loserAces" : 1,
    "loserPrimerSaqueDentro" : 39,
    "loserPrimerSaqueGanado" : 23,
    "loserSegundoSaqueGanado" : 15,
    "loserDobleFalta" : 3,
    "loserServingPoints" : 74,
    "loserServingGames" : 10
  }, {
    "torneo" : "Astana CH",
    "fecha" : "20100823",
    "superficie" : "Hard",
    "resultado" : "6-4 6-1",
    "contrincante" : "Junn Mitsuhashi",
    "ganador" : false,
    "winnerAces" : 6,
    "winnerPrimerSaqueDentro" : 32,
    "winnerPrimerSaqueGanado" : 23,
    "winnerSegundoSaqueGanado" : 16,
    "winnerDobleFalta" : 10,
    "winnerServingPoints" : 67,
    "winnerServingGames" : 9,
    "loserAces" : 5,
    "loserPrimerSaqueDentro" : 35,
    "loserPrimerSaqueGanado" : 17,
    "loserSegundoSaqueGanado" : 11,
    "loserDobleFalta" : 5,
    "loserServingPoints" : 61,
    "loserServingGames" : 8
  }, {
    "torneo" : "Orbetello CH",
    "fecha" : "20100719",
    "superficie" : "Clay",
    "resultado" : "3-6 6-3 6-2",
    "contrincante" : "Juan Martin Aranguren",
    "ganador" : false,
    "winnerAces" : 3,
    "winnerPrimerSaqueDentro" : 42,
    "winnerPrimerSaqueGanado" : 28,
    "winnerSegundoSaqueGanado" : 17,
    "winnerDobleFalta" : 1,
    "winnerServingPoints" : 67,
    "winnerServingGames" : 13,
    "loserAces" : 4,
    "loserPrimerSaqueDentro" : 42,
    "loserPrimerSaqueGanado" : 30,
    "loserSegundoSaqueGanado" : 15,
    "loserDobleFalta" : 2,
    "loserServingPoints" : 80,
    "loserServingGames" : 13
  }, {
    "torneo" : "Leon CH",
    "fecha" : "20100412",
    "superficie" : "Hard",
    "resultado" : "6-1 6-2",
    "contrincante" : "Roman Valent",
    "ganador" : false,
    "winnerAces" : 1,
    "winnerPrimerSaqueDentro" : 31,
    "winnerPrimerSaqueGanado" : 21,
    "winnerSegundoSaqueGanado" : 8,
    "winnerDobleFalta" : 1,
    "winnerServingPoints" : 41,
    "winnerServingGames" : 7,
    "loserAces" : 1,
    "loserPrimerSaqueDentro" : 36,
    "loserPrimerSaqueGanado" : 20,
    "loserSegundoSaqueGanado" : 6,
    "loserDobleFalta" : 4,
    "loserServingPoints" : 59,
    "loserServingGames" : 8
  }, {
    "torneo" : "Burnie CH",
    "fecha" : "20100201",
    "superficie" : "Hard",
    "resultado" : "6-3 4-6 7-6(5)",
    "contrincante" : "Marinko Matosevic",
    "ganador" : true,
    "winnerAces" : 5,
    "winnerPrimerSaqueDentro" : 77,
    "winnerPrimerSaqueGanado" : 50,
    "winnerSegundoSaqueGanado" : 32,
    "winnerDobleFalta" : 6,
    "winnerServingPoints" : 138,
    "winnerServingGames" : 16,
    "loserAces" : 13,
    "loserPrimerSaqueDentro" : 71,
    "loserPrimerSaqueGanado" : 48,
    "loserSegundoSaqueGanado" : 21,
    "loserDobleFalta" : 8,
    "loserServingPoints" : 119,
    "loserServingGames" : 15
  }, {
    "torneo" : "Burnie CH",
    "fecha" : "20100201",
    "superficie" : "Hard",
    "resultado" : "6-1 6-0",
    "contrincante" : "Pierre Ludovic Duclos",
    "ganador" : false,
    "winnerAces" : 1,
    "winnerPrimerSaqueDentro" : 20,
    "winnerPrimerSaqueGanado" : 16,
    "winnerSegundoSaqueGanado" : 9,
    "winnerDobleFalta" : 0,
    "winnerServingPoints" : 31,
    "winnerServingGames" : 6,
    "loserAces" : 2,
    "loserPrimerSaqueDentro" : 23,
    "loserPrimerSaqueGanado" : 8,
    "loserSegundoSaqueGanado" : 9,
    "loserDobleFalta" : 5,
    "loserServingPoints" : 46,