{
  "nombre" : "Scott Lipsky",
  "mano" : "R",
  "nacionalidad" : "USA",
  "edad" : 28.7173169062,
  "ganar1Saque" : 0.7060077413916588,
  "ganar2Saque" : 0.5200074147433043,
  "primerSaque" : 0.612360492348671,
  "segundoSaque" : 0.3495355509221554,
  "ganarPuntoSacando" : 0.6140923263164759,
  "ganarPuntoRestando" : 0.320880984923868,
  "probAce" : 0.08781362324953079,
  "clay" : {
    "nombre" : "Clay",
    "probVictoria" : 0.5,
    "probGanarPrimerSaque" : 0.6937669515609741,
    "probGanarSegundoSaque" : 0.5321316570043564,
    "probPrimerSaque" : 0.6469635665416718,
    "probSegundoSaque" : 0.3218623548746109,
    "probGanarPuntoSacando" : 0.6201150895573819,
    "probGanarPuntoRestando" : 0.3173506572977269,
    "probAce" : 0.0
  },
  "grass" : {
    "nombre" : "Grass",
    "probVictoria" : 0.5,
    "probGanarPrimerSaque" : 1.5471311211585999,
    "probGanarSegundoSaque" : 0.6333333402872086,
    "probPrimerSaque" : 0.6614781618118286,
    "probSegundoSaque" : 0.31746919453144073,
    "probGanarPuntoSacando" : 1.224457275516751,
    "probGanarPuntoRestando" : 0.3169856456927534,
    "probAce" : 0.0
  },
  "hard" : {
    "nombre" : "Hard",
    "probVictoria" : 0.5,
    "probGanarPrimerSaque" : 0.6783492267131805,
    "probGanarSegundoSaque" : 0.45728233084082603,
    "probPrimerSaque" : 0.5705001205205917,
    "probSegundoSaque" : 0.37940532714128494,
    "probGanarPuntoSacando" : 0.5604936679235126,
    "probGanarPuntoRestando" : 0.3245938183524958,
    "probAce" : 0.0
  },
  "other" : {
    "nombre" : "Other",
    "probVictoria" : 0.0,
    "probGanarPrimerSaque" : 0.0,
    "probGanarSegundoSaque" : 0.0,
    "probPrimerSaque" : 0.0,
    "probSegundoSaque" : 0.0,
    "probGanarPuntoSacando" : 0.0,
    "probGanarPuntoRestando" : 0.0,
    "probAce" : 0.0
  },
  "partidos" : [ {
    "torneo" : "Munich Q",
    "fecha" : "20100502",
    "superficie" : "Clay",
    "resultado" : "4-6 6-4 7-6(2)",
    "contrincante" : "Yannick Hanfmann",
    "ganador" : true,
    "winnerAces" : 13,
    "winnerPrimerSaqueDentro" : 63,
    "winnerPrimerSaqueGanado" : 49,
    "winnerSegundoSaqueGanado" : 19,
    "winnerDobleFalta" : 3,
    "winnerServingPoints" : 95,
    "winnerServingGames" : 16,
    "loserAces" : 4,
    "loserPrimerSaqueDentro" : 65,
    "loserPrimerSaqueGanado" : 46,
    "loserSegundoSaqueGanado" : 21,
    "loserDobleFalta" : 7,
    "loserServingPoints" : 107,
    "loserServingGames" : 16
  }, {
    "torneo" : "Munich Q",
    "fecha" : "20100502",
    "superficie" : "Clay",
    "resultado" : "6-2 6-3",
    "contrincante" : "Somdev Devvarman",
    "ganador" : false,
    "winnerAces" : 0,
    "winnerPrimerSaqueDentro" : 32,
    "winnerPrimerSaqueGanado" : 24,
    "winnerSegundoSaqueGanado" : 10,
    "winnerDobleFalta" : 0,
    "winnerServingPoints" : 46,
    "winnerServingGames" : 8,
    "loserAces" : 1,
    "loserPrimerSaqueDentro" : 41,
    "loserPrimerSaqueGanado" : 25,
    "loserSegundoSaqueGanado" : 9,
    "loserDobleFalta" : 2,
    "loserServingPoints" : 65,
    "loserServingGames" : 9
  }, {
    "torneo" : "s-Hertogenbosch Q",
    "fecha" : "20100613",
    "superficie" : "Grass",
    "resultado" : "6-3 6-4",
    "contrincante" : "Eric Butorac",
    "ganador" : true,
    "winnerAces" : 7,
    "winnerPrimerSaqueDentro" : 32,
    "winnerPrimerSaqueGanado" : 28,
    "winnerSegundoSaqueGanado" : 12,
    "winnerDobleFalta" : 0,
    "winnerServingPoints" : 47,
    "winnerServingGames" : 10,
    "loserAces" : 7,
    "loserPrimerSaqueDentro" : 27,
    "loserPrimerSaqueGanado" : 24,
    "loserSegundoSaqueGanado" : 6,
    "loserDobleFalta" : 3,
    "loserServingPoints" : 44,
    "loserServingGames" : 9
  }, {
    "torneo" : "s-Hertogenbosch Q",
    "fecha" : "20100613",
    "superficie" : "Grass",
    "resultado" : "3-6 6-4 6-3",
    "contrincante" : "Simon Stadler",
    "ganador" : false,
    "winnerAces" : 6,
    "winnerPrimerSaqueDentro" : 55,
    "winnerPrimerSaqueGanado" : 41,
    "winnerSegundoSaqueGanado" : 11,
    "winnerDobleFalta" : 2,
    "winnerServingPoints" : 76,
    "winnerServingGames" : 14,
    "loserAces" : 8,
    "loserPrimerSaqueDentro" : 61,
    "loserPrimerSaqueGanado" : 41,
    "loserSegundoSaqueGanado" : 14,
    "loserDobleFalta" : 4,
    "loserServingPoints" : 95,
    "loserServingGames" : 14
  }, {
    "torneo" : "Metz Q",
    "fecha" : "20100920",
    "superficie" : "Hard",
    "resultado" : "6-3 6-4",
    "contrincante" : "Jean Julien Rojer",
    "ganador" : true,
    "winnerAces" : 9,
    "winnerPrimerSaqueDentro" : 31,
    "winnerPrimerSaqueGanado" : 24,
    "winnerSegundoSaqueGanado" : 15,
    "winnerDobleFalta" : 2,
    "winnerServingPoints" : 56,
    "winnerServingGames" : 10,
    "loserAces" : 6,
    "loserPrimerSaqueDentro" : 41,
    "loserPrimerSaqueGanado" : 26,
    "loserSegundoSaqueGanado" : 8,
    "loserDobleFalta" : 1,
    "loserServingPoints" : 59,
    "loserServingGames" : 9
  }, {
    "torneo" : "Metz Q",
    "fecha" : "20100920",
    "superficie" : "Hard",
    "resultado" : "6-1 6-2",
    "contrincante" : "Thomas Fabbiano",
    "ganador" : false,
    "winnerAces" : 5,
    "winnerPrimerSaqueDentro" : 26,
    "winnerPrimerSaqueGanado" : 21,
    "winnerSegundoSaqueGanado" : 8,
    "winnerDobleFalta" : 1,
    "winnerServingPoints" : 39,
    "winnerServingGames" : 8,
    "loserAces" : 3,
    "loserPrimerSaqueDentro" : 27,
    "loserPrimerSaqueGanado" : 15,
    "loserSegundoSaqueGanado" : 2,
    "loserDobleFalta" : 1,
    "loserServingPoints" : 41,
    "loserServingGames" : 7
  }, {
    "torneo" : "Kuala Lumpur Q",
    "fecha" : "20100927",
    "superficie" : "Hard",
    "resultado" : "4-6 7-6(1) 6-3",
    "contrincante" : "Travis Rettenmaier",
    "ganador" : true,
    "winnerAces" : 4,
    "winnerPrimerSaqueDentro" : 53,
    "winnerPrimerSaqueGanado" : 38,
    "winnerSegundoSaqueGanado" : 19,
    "winnerDobleFalta" : 6,
    "winnerServingPoints" : 93,
    "winnerServingGames" : 15,
    "loserAces" : 4,
    "loserPrimerSaqueDentro" : 53,
    "loserPrimerSaqueGanado" : 37,
    "loserSegundoSaqueGanado" : 18,
    "loserDobleFalta" : 2,
    "loserServingPoints" : 101,
    "loserServingGames" : 16
  }, {
    "torneo" : "Kuala Lumpur Q",
    "fecha" : "20100927",
    "superficie" : "Hard",
    "resultado" : "7-5 6-0",
    "contrincante" : "Milos Raonic",
    "ganador" : false,
    "winnerAces" : 10,
    "winnerPrimerSaqueDentro" : 23,
    "winnerPrimerSaqueGanado" : 22,
    "winnerSegundoSaqueGanado" : 14,
    "winnerDobleFalta" : 3,
    "winnerServingPoints" : 43,
    "winnerServingGames" : 9,
    "loserAces" : 4,
    "loserPrimerSaqueDentro" : 33,
    "loserPrimerSaqueGanado" : 22,
    "loserSegundoSaqueGanado" : 13,
    "loserDobleFalta" : 5,
    "loserServingPoints" : 66,
    "loserServingGames" : 9
  } ]
}