{
  "nombre" : "Sebastian Rieschick",
  "mano" : "R",
  "nacionalidad" : "GER",
  "edad" : 24.2299794661,
  "ganar1Saque" : 0.7130296367865342,
  "ganar2Saque" : 0.5672146185086324,
  "primerSaque" : 0.6367993171398456,
  "segundoSaque" : 0.32108535789526427,
  "ganarPuntoSacando" : 0.6361810945934072,
  "ganarPuntoRestando" : 0.37790612303421445,
  "probAce" : 0.04887983575463295,
  "clay" : {
    "nombre" : "Clay",
    "probVictoria" : 0.0,
    "probGanarPrimerSaque" : 0.6571428775787354,
    "probGanarSegundoSaque" : 0.20000000298023224,
    "probPrimerSaque" : 0.6730769276618958,
    "probSegundoSaque" : 0.2884615361690521,
    "probGanarPuntoSacando" : 0.5000000171690853,
    "probGanarPuntoRestando" : 0.349206318647142,
    "probAce" : 0.0
  },
  "grass" : {
    "nombre" : "Grass",
    "probVictoria" : 0.0,
    "probGanarPrimerSaque" : 0.0,
    "probGanarSegundoSaque" : 0.0,
    "probPrimerSaque" : 0.0,
    "probSegundoSaque" : 0.0,
    "probGanarPuntoSacando" : 0.0,
    "probGanarPuntoRestando" : 0.0,
    "probAce" : 0.0
  },
  "hard" : {
    "nombre" : "Hard",
    "probVictoria" : 0.5454545617103577,
    "probGanarPrimerSaque" : 0.7282043874263764,
    "probGanarSegundoSaque" : 0.6095218628644943,
    "probPrimerSaque" : 0.6384675025939941,
    "probSegundoSaque" : 0.3222575321793556,
    "probGanarPuntoSacando" : 0.6613578479541834,
    "probGanarPuntoRestando" : 0.3785118004082973,
    "probAce" : 0.0
  },
  "other" : {
    "nombre" : "Other",
    "probVictoria" : 0.5,
    "probGanarPrimerSaque" : 0.6650992631912231,
    "probGanarSegundoSaque" : 0.5392857044935226,
    "probPrimerSaque" : 0.610319584608078,
    "probSegundoSaque" : 0.3315363973379135,
    "probGanarPuntoSacando" : 0.5847159456376272,
    "probGanarPuntoRestando" : 0.3892276383573361,
    "probAce" : 0.0
  },
  "partidos" : [ {
    "torneo" : "Busan CH",
    "fecha" : "20100510",
    "superficie" : "Hard",
    "resultado" : "6-4 6-4",
    "contrincante" : "Rameez Junaid",
    "ganador" : false,
    "winnerAces" : 8,
    "winnerPrimerSaqueDentro" : 27,
    "winnerPrimerSaqueGanado" : 21,
    "winnerSegundoSaqueGanado" : 18,
    "winnerDobleFalta" : 1,
    "winnerServingPoints" : 53,
    "winnerServingGames" : 10,
    "loserAces" : 1,
    "loserPrimerSaqueDentro" : 36,
    "loserPrimerSaqueGanado" : 24,
    "loserSegundoSaqueGanado" : 12,
    "loserDobleFalta" : 4,
    "loserServingPoints" : 60,
    "loserServingGames" : 10
  }, {
    "torneo" : "Marburg CH",
    "fecha" : "20100621",
    "superficie" : "Clay",
    "resultado" : "6-3 6-2",
    "contrincante" : "Grigor Dimitrov",
    "ganador" : false,
    "winnerAces" : 9,
    "winnerPrimerSaqueDentro" : 35,
    "winnerPrimerSaqueGanado" : 26,
    "winnerSegundoSaqueGanado" : 15,
    "winnerDobleFalta" : 1,
    "winnerServingPoints" : 63,
    "winnerServingGames" : 9,
    "loserAces" : 2,
    "loserPrimerSaqueDentro" : 35,
    "loserPrimerSaqueGanado" : 23,
    "loserSegundoSaqueGanado" : 3,
    "loserDobleFalta" : 2,
    "loserServingPoints" : 52,
    "loserServingGames" : 8
  }, {
    "torneo" : "Bangkok CH",
    "fecha" : "20100913",
    "superficie" : "Hard",
    "resultado" : "3-6 6-4 7-6(6)",
    "contrincante" : "Nick Lindahl",
    "ganador" : true,
    "winnerAces" : 5,
    "winnerPrimerSaqueDentro" : 65,
    "winnerPrimerSaqueGanado" : 45,
    "winnerSegundoSaqueGanado" : 18,
    "winnerDobleFalta" : 5,
    "winnerServingPoints" : 95,
    "winnerServingGames" : 15,
    "loserAces" : 11,
    "loserPrimerSaqueDentro" : 59,
    "loserPrimerSaqueGanado" : 40,
    "loserSegundoSaqueGanado" : 26,
    "loserDobleFalta" : 1,
    "loserServingPoints" : 100,
    "loserServingGames" : 16
  }, {
    "torneo" : "Bangkok CH",
    "fecha" : "20100913",
    "superficie" : "Hard",
    "resultado" : "7-6(4) 6-1",
    "contrincante" : "Laurent Recouderc",
    "ganador" : true,
    "winnerAces" : 4,
    "winnerPrimerSaqueDentro" : 52,
    "winnerPrimerSaqueGanado" : 39,
    "winnerSegundoSaqueGanado" : 10,
    "winnerDobleFalta" : 2,
    "winnerServingPoints" : 69,
    "winnerServingGames" : 10,
    "loserAces" : 4,
    "loserPrimerSaqueDentro" : 51,
    "loserPrimerSaqueGanado" : 33,
    "loserSegundoSaqueGanado" : 6,
    "loserDobleFalta" : 1,
    "loserServingPoints" : 68,
    "loserServingGames" : 9
  }, {
    "torneo" : "Bangkok CH",
    "fecha" : "20100913",
    "superficie" : "Hard",
    "resultado" : "6-4 6-4",
    "contrincante" : "James Ward",
    "ganador" : true,
    "winnerAces" : 2,
    "winnerPrimerSaqueDentro" : 41,
    "winnerPrimerSaqueGanado" : 29,
    "winnerSegundoSaqueGanado" : 10,
    "winnerDobleFalta" : 1,
    "winnerServingPoints" : 62,
    "winnerServingGames" : 10,
    "loserAces" : 7,
    "loserPrimerSaqueDentro" : 36,
    "loserPrimerSaqueGanado" : 24,
    "loserSegundoSaqueGanado" : 11,
    "loserDobleFalta" : 2,
    "loserServingPoints" : 60,
    "loserServingGames" : 10
  }, {
    "torneo" : "Bangkok CH",
    "fecha" : "20100913",
    "superficie" : "Hard",
    "resultado" : "7-6(6) 6-7(4) 6-3",
    "contrincante" : "Konstantin Kravchuk",
    "ganador" : false,
    "winnerAces" : 17,
    "winnerPrimerSaqueDentro" : 81,
    "winnerPrimerSaqueGanado" : 62,
    "winnerSegundoSaqueGanado" : 10,
    "winnerDobleFalta" : 2,
    "winnerServingPoints" : 104,
    "winnerServingGames" : 16,
    "loserAces" : 6,
    "loserPrimerSaqueDentro" : 64,
    "loserPrimerSaqueGanado" : 53,
    "loserSegundoSaqueGanado" : 20,
    "loserDobleFalta" : 7,
    "loserServingPoints" : 115,
    "loserServingGames" : 17
  }, {
    "torneo" : "Kyoto CH",
    "fecha" : "20100308",
    "superficie" : "Carpet",
    "resultado" : "6-3 6-3",
    "contrincante" : "Yuichi Ito",
    "ganador" : true,
    "winnerAces" : 3,
    "winnerPrimerSaqueDentro" : 29,
    "winnerPrimerSaqueGanado" : 21,
    "winnerSegundoSaqueGanado" : 13,
    "winnerDobleFalta" : 4,
    "winnerServingPoints" : 53,
    "winnerServingGames" : 9,
    "loserAces" : 4,
    "loserPrimerSaqueDentro" : 30,
    "loserPrimerSaqueGanado" : 11,
    "loserSegundoSaqueGanado" : 9,
    "loserDobleFalta" : 1,
    "loserServingPoints" : 48,
    "loserServingGames" : 9
  }, {
    "torneo" : "Kyoto CH",
    "fecha" : "20100308",
    "superficie" : "Carpet",
    "resultado" : "6-2 6-2",
    "contrincante" : "Matthew Ebden",
    "ganador" : false,
    "winnerAces" : 7,
    "winnerPrimerSaqueDentro" : 27,
    "winnerPrimerSaqueGanado" : 25,
    "winnerSegundoSaqueGanado" : 8,
    "winnerDobleFalta" : 2,
    "winnerServingPoints" : 41,
    "winnerServingGames" : 8,
    "loserAces" : 0,
    "loserPrimerSaqueDentro" : 33,
    "loserPrimerSaqueGanado" : 20,
    "loserSegundoSaqueGanado" : 6,
    "loserDobleFalta" : 2,
    "loserServingPoints" : 49,
    "loserServingGames" : 8
  }, {
    "torneo" : "Manta CH",
    "fecha" : "20100426",
    "superficie" : "Hard",
    "resultado" : "6-2 2-0 RET",
    "contrincante" : "Guillermo Olaso",
    "ganador" : true,
    "winnerAces" : 0,
    "winnerPrimerSaqueDentro" : 13,
    "winnerPrimerSaqueGanado" : 11,
    "winnerSegundoSaqueGanado" : 9,
    "winnerDobleFalta" : 0,
    "winnerServingPoints" : 23,
    "winnerServingGames" : 5,
    "loserAces" : 0,
    "loserPrimerSaqueDentro" : 16,
    "loserPrimerSaqueGanado" : 8,
    "loserSegundoSaqueGanado" : 4,
    "loserDobleFalta" : 1,
    "loserServingPoints" : 28,
    "loserServingGames" : 5
  }, {
    "torneo" : "Manta CH",
    "fecha" : "20100426",
    "superficie" : "Hard",
    "resultado" : "6-2 2-6 6-5 DEF",
    "contrincante" : "Ricardo Hocevar",
    "ganador" : false,
    "winnerAces" : 7,
    "winnerPrimerSaqueDentro" : 58,
    "winnerPrimerSaqueGanado" : 43,
    "winnerSegundoSaqueGanado" : 10,
    "winnerDobleFalta" : 1,
    "winnerServingPoints" : 82,
    "winnerServingGames" : 14,
    "loserAces" : 0,
    "loserPrimerSaqueDentro" : 59,
    "loserPrimerSaqueGanado" : 38,
    "loserSegundoSaqueGanado" : 15,
    "loserDobleFalta" : 5,
    "loserServingPoints" : 90,