{
  "nombre" : "Sebastien De Chaunac",
  "mano" : "R",
  "nacionalidad" : "FRA",
  "edad" : 32.4544832307,
  "ganar1Saque" : 0.6813073933124543,
  "ganar2Saque" : 0.47720851600170133,
  "primerSaque" : 0.5063346415758133,
  "segundoSaque" : 0.4347015112638474,
  "ganarPuntoSacando" : 0.5524127978897306,
  "ganarPuntoRestando" : 0.33793946212282516,
  "probAce" : 0.07244094461202621,
  "clay" : {
    "nombre" : "Clay",
    "probVictoria" : 0.0,
    "probGanarPrimerSaque" : 0.6535701751708984,
    "probGanarSegundoSaque" : 0.4365079402923584,
    "probPrimerSaque" : 0.4913095533847809,
    "probSegundoSaque" : 0.4424893061319987,
    "probGanarPuntoSacando" : 0.5142553664899008,
    "probGanarPuntoRestando" : 0.2912626397803782,
    "probAce" : 0.0
  },
  "grass" : {
    "nombre" : "Grass",
    "probVictoria" : 0.5,
    "probGanarPrimerSaque" : 1.4726930260658264,
    "probGanarSegundoSaque" : 0.548003077507019,
    "probPrimerSaque" : 0.5328437983989716,
    "probSegundoSaque" : 0.4176902621984482,
    "probGanarPuntoSacando" : 1.0136108950140539,
    "probGanarPuntoRestando" : 0.37493590515813974,
    "probAce" : 0.0
  },
  "hard" : {
    "nombre" : "Hard",
    "probVictoria" : 0.1666666716337204,
    "probGanarPrimerSaque" : 0.6759340763092041,
    "probGanarSegundoSaque" : 0.47331103682518005,
    "probPrimerSaque" : 0.5047460317611694,
    "probSegundoSaque" : 0.4368333339691162,
    "probGanarPuntoSacando" : 0.5479330809699448,
    "probGanarPuntoRestando" : 0.35114697831416763,
    "probAce" : 0.0
  },
  "other" : {
    "nombre" : "Other",
    "probVictoria" : 0.0,
    "probGanarPrimerSaque" : 0.0,
    "probGanarSegundoSaque" : 0.0,
    "probPrimerSaque" : 0.0,
    "probSegundoSaque" : 0.0,
    "probGanarPuntoSacando" : 0.0,
    "probGanarPuntoRestando" : 0.0,
    "probAce" : 0.0
  },
  "partidos" : [ {
    "torneo" : "Jersey CH",
    "fecha" : "20100322",
    "superficie" : "Hard",
    "resultado" : "7-6(3) 6-4",
    "contrincante" : "Joshua Milton",
    "ganador" : true,
    "winnerAces" : 6,
    "winnerPrimerSaqueDentro" : 36,
    "winnerPrimerSaqueGanado" : 33,
    "winnerSegundoSaqueGanado" : 17,
    "winnerDobleFalta" : 4,
    "winnerServingPoints" : 70,
    "winnerServingGames" : 11,
    "loserAces" : 5,
    "loserPrimerSaqueDentro" : 41,
    "loserPrimerSaqueGanado" : 25,
    "loserSegundoSaqueGanado" : 21,
    "loserDobleFalta" : 0,
    "loserServingPoints" : 74,
    "loserServingGames" : 11
  }, {
    "torneo" : "Jersey CH",
    "fecha" : "20100322",
    "superficie" : "Hard",
    "resultado" : "6-3 6-4",
    "contrincante" : "Roberto Bautista Agut",
    "ganador" : false,
    "winnerAces" : 1,
    "winnerPrimerSaqueDentro" : 37,
    "winnerPrimerSaqueGanado" : 23,
    "winnerSegundoSaqueGanado" : 16,
    "winnerDobleFalta" : 0,
    "winnerServingPoints" : 64,
    "winnerServingGames" : 10,
    "loserAces" : 2,
    "loserPrimerSaqueDentro" : 30,
    "loserPrimerSaqueGanado" : 19,
    "loserSegundoSaqueGanado" : 12,
    "loserDobleFalta" : 4,
    "loserServingPoints" : 57,
    "loserServingGames" : 9
  }, {
    "torneo" : "San Remo CH",
    "fecha" : "20100503",
    "superficie" : "Clay",
    "resultado" : "6-2 6-4",
    "contrincante" : "Teymuraz Gabashvili",
    "ganador" : false,
    "winnerAces" : 1,
    "winnerPrimerSaqueDentro" : 32,
    "winnerPrimerSaqueGanado" : 20,
    "winnerSegundoSaqueGanado" : 16,
    "winnerDobleFalta" : 1,
    "winnerServingPoints" : 51,
    "winnerServingGames" : 9,
    "loserAces" : 8,
    "loserPrimerSaqueDentro" : 41,
    "loserPrimerSaqueGanado" : 27,
    "loserSegundoSaqueGanado" : 8,
    "loserDobleFalta" : 5,
    "loserServingPoints" : 67,
    "loserServingGames" : 9
  }, {
    "torneo" : "Madrid Masters Q",
    "fecha" : "20100509",
    "superficie" : "Clay",
    "resultado" : "6-2 6-2",
    "contrincante" : "Daniel Gimeno Traver",
    "ganador" : false,
    "winnerAces" : 2,
    "winnerPrimerSaqueDentro" : 24,
    "winnerPrimerSaqueGanado" : 19,
    "winnerSegundoSaqueGanado" : 14,
    "winnerDobleFalta" : 0,
    "winnerServingPoints" : 42,
    "winnerServingGames" : 8,
    "loserAces" : 2,
    "loserPrimerSaqueDentro" : 23,
    "loserPrimerSaqueGanado" : 15,
    "loserSegundoSaqueGanado" : 9,
    "loserDobleFalta" : 4,
    "loserServingPoints" : 45,
    "loserServingGames" : 8
  }, {
    "torneo" : "Wimbledon Q",
    "fecha" : "20100621",
    "superficie" : "Grass",
    "resultado" : "6-4 7-6(5)",
    "contrincante" : "Daniel Cox",
    "ganador" : true,
    "winnerAces" : 5,
    "winnerPrimerSaqueDentro" : 36,
    "winnerPrimerSaqueGanado" : 28,
    "winnerSegundoSaqueGanado" : 17,
    "winnerDobleFalta" : 3,
    "winnerServingPoints" : 70,
    "winnerServingGames" : 11,
    "loserAces" : 2,
    "loserPrimerSaqueDentro" : 38,
    "loserPrimerSaqueGanado" : 31,
    "loserSegundoSaqueGanado" : 13,
    "loserDobleFalta" : 12,
    "loserServingPoints" : 75,
    "loserServingGames" : 11
  }, {
    "torneo" : "Wimbledon Q",
    "fecha" : "20100621",
    "superficie" : "Grass",
    "resultado" : "6-4 6-7(6) 6-3",
    "contrincante" : "Ramon Delgado",
    "ganador" : false,
    "winnerAces" : 8,
    "winnerPrimerSaqueDentro" : 66,
    "winnerPrimerSaqueGanado" : 52,
    "winnerSegundoSaqueGanado" : 17,
    "winnerDobleFalta" : 5,
    "winnerServingPoints" : 104,
    "winnerServingGames" : 16,
    "loserAces" : 10,
    "loserPrimerSaqueDentro" : 59,
    "loserPrimerSaqueGanado" : 41,
    "loserSegundoSaqueGanado" : 23,
    "loserDobleFalta" : 6,
    "loserServingPoints" : 107,
    "loserServingGames" : 15
  }, {
    "torneo" : "Australian Open Q",
    "fecha" : "20100118",
    "superficie" : "Hard",
    "resultado" : "6-4 6-2",
    "contrincante" : "Ivan Dodig",
    "ganador" : false,
    "winnerAces" : 2,
    "winnerPrimerSaqueDentro" : 36,
    "winnerPrimerSaqueGanado" : 27,
    "winnerSegundoSaqueGanado" : 10,
    "winnerDobleFalta" : 2,
    "winnerServingPoints" : 57,
    "winnerServingGames" : 9,
    "loserAces" : 1,
    "loserPrimerSaqueDentro" : 26,
    "loserPrimerSaqueGanado" : 15,
    "loserSegundoSaqueGanado" : 12,
    "loserDobleFalta" : 2,
    "loserServingPoints" : 51,
    "loserServingGames" : 9
  }, {
    "torneo" : "Sydney Q",
    "fecha" : "20100111",
    "superficie" : "Hard",
    "resultado" : "6-4 6-2",
    "contrincante" : "Frederico Gil",
    "ganador" : false,
    "winnerAces" : 0,
    "winnerPrimerSaqueDentro" : 29,
    "winnerPrimerSaqueGanado" : 20,
    "winnerSegundoSaqueGanado" : 6,
    "winnerDobleFalta" : 1,
    "winnerServingPoints" : 42,
    "winnerServingGames" : 9,
    "loserAces" : 2,
    "loserPrimerSaqueDentro" : 26,
    "loserPrimerSaqueGanado" : 14,
    "loserSegundoSaqueGanado" : 8,
    "loserDobleFalta" : 3,
    "loserServingPoints" : 53,
    "loserServingGames" : 9
  }, {
    "torneo" : "Roland Garros Q",
    "fecha" : "20100524",
    "superficie" : "Clay",
    "resultado" : "6-3 6-1",
    "contrincante" : "Lukas Rosol",
    "ganador" : false,
    "winnerAces" : 2,
    "winnerPrimerSaqueDentro" : 27,
    "winnerPrimerSaqueGanado" : 19,
    "winnerSegundoSaqueGanado" : 14,
    "winnerDobleFalta" : 0,
    "winnerServingPoints" : 52,
    "winnerServingGames" : 8,
    "loserAces" : 5,
    "loserPrimerSaqueDentro" : 20,
    "loserPrimerSaqueGanado" : 13,
    "loserSegundoSaqueGanado" : 15,
    "loserDobleFalta" : 2,
    "loserServingPoints" : 57,
    "loserServingGames" : 8
  }, {
    "torneo" : "Indian Wells Masters Q",
    "fecha" : "20100311",
    "superficie" : "Hard",
    "resultado" : "6-3 6-3",
    "contrincante" : "Stefan Koubek",
    "ganador" : false,
    "winnerAces" : 5,
    "winnerPrimerSaqueDentro" : 31,
    "winnerPrimerSaqueGanado" : 26,
    "winnerSegundoSaqueGanado" : 12,
    "winnerDobleFalta" : 1,
    "winnerServingPoints" : 51,
    "winnerServingGames" : 9,
    "loserAces" : 5,
    "loserPrimerSaqueDentro" : 28,
    "loserPrimerSaqueGanado" : 20,
    "loserSegundoSaqueGanado" : 11,
    "loserDobleFalta" : 4,
    "loserServingPoints" : 58,