{
  "nombre" : "Sergio Gutierrez Ferrol",
  "mano" : "R",
  "nacionalidad" : "ESP",
  "edad" : 21.3333333333,
  "ganar1Saque" : 0.6906910181045532,
  "ganar2Saque" : 0.43211759130160016,
  "primerSaque" : 0.5368124703566234,
  "segundoSaque" : 0.40828022758165994,
  "ganarPuntoSacando" : 0.5471966202004925,
  "ganarPuntoRestando" : 0.3517319915152382,
  "probAce" : 0.08868778496980667,
  "clay" : {
    "nombre" : "Clay",
    "probVictoria" : 0.1818181872367859,
    "probGanarPrimerSaque" : 0.7081841230392456,
    "probGanarSegundoSaque" : 0.46683062613010406,
    "probPrimerSaque" : 0.5218150344761935,
    "probSegundoSaque" : 0.4257565601305528,
    "probGanarPuntoSacando" : 0.568297324123962,
    "probGanarPuntoRestando" : 0.3421869366438492,
    "probAce" : 0.0
  },
  "grass" : {
    "nombre" : "Grass",
    "probVictoria" : 0.0,
    "probGanarPrimerSaque" : 0.6315789222717285,
    "probGanarSegundoSaque" : 0.3125,
    "probPrimerSaque" : 0.6785714030265808,
    "probSegundoSaque" : 0.2857142984867096,
    "probGanarPuntoSacando" : 0.5178571136850394,
    "probGanarPuntoRestando" : 0.41176470153337164,
    "probAce" : 0.0
  },
  "hard" : {
    "nombre" : "Hard",
    "probVictoria" : 0.0,
    "probGanarPrimerSaque" : 0.6462536652882894,
    "probGanarSegundoSaque" : 0.34470899403095245,
    "probPrimerSaque" : 0.5445500910282135,
    "probSegundoSaque" : 0.38505565126736957,
    "probGanarPuntoSacando" : 0.4846496384543628,
    "probGanarPuntoRestando" : 0.3667196227042869,
    "probAce" : 0.0
  },
  "other" : {
    "nombre" : "Other",
    "probVictoria" : 0.0,
    "probGanarPrimerSaque" : 0.0,
    "probGanarSegundoSaque" : 0.0,
    "probPrimerSaque" : 0.0,
    "probSegundoSaque" : 0.0,
    "probGanarPuntoSacando" : 0.0,
    "probGanarPuntoRestando" : 0.0,
    "probAce" : 0.0
  },
  "partidos" : [ {
    "torneo" : "San Benedetto CH",
    "fecha" : "20100705",
    "superficie" : "Clay",
    "resultado" : "7-5 6-4",
    "contrincante" : "Pere Riba",
    "ganador" : false,
    "winnerAces" : 4,
    "winnerPrimerSaqueDentro" : 47,
    "winnerPrimerSaqueGanado" : 35,
    "winnerSegundoSaqueGanado" : 13,
    "winnerDobleFalta" : 2,
    "winnerServingPoints" : 69,
    "winnerServingGames" : 11,
    "loserAces" : 3,
    "loserPrimerSaqueDentro" : 45,
    "loserPrimerSaqueGanado" : 27,
    "loserSegundoSaqueGanado" : 13,
    "loserDobleFalta" : 2,
    "loserServingPoints" : 68,
    "loserServingGames" : 11
  }, {
    "torneo" : "Recanati CH",
    "fecha" : "20100719",
    "superficie" : "Hard",
    "resultado" : "6-4 7-6(2)",
    "contrincante" : "Daniele Giorgini",
    "ganador" : false,
    "winnerAces" : 5,
    "winnerPrimerSaqueDentro" : 36,
    "winnerPrimerSaqueGanado" : 26,
    "winnerSegundoSaqueGanado" : 14,
    "winnerDobleFalta" : 4,
    "winnerServingPoints" : 69,
    "winnerServingGames" : 11,
    "loserAces" : 8,
    "loserPrimerSaqueDentro" : 36,
    "loserPrimerSaqueGanado" : 26,
    "loserSegundoSaqueGanado" : 12,
    "loserDobleFalta" : 11,
    "loserServingPoints" : 75,
    "loserServingGames" : 11
  }, {
    "torneo" : "Biella CH",
    "fecha" : "20100510",
    "superficie" : "Clay",
    "resultado" : "6-4 7-6(5)",
    "contrincante" : "Simone Bolelli",
    "ganador" : false,
    "winnerAces" : 3,
    "winnerPrimerSaqueDentro" : 49,
    "winnerPrimerSaqueGanado" : 39,
    "winnerSegundoSaqueGanado" : 14,
    "winnerDobleFalta" : 2,
    "winnerServingPoints" : 71,
    "winnerServingGames" : 11,
    "loserAces" : 6,
    "loserPrimerSaqueDentro" : 30,
    "loserPrimerSaqueGanado" : 26,
    "loserSegundoSaqueGanado" : 21,
    "loserDobleFalta" : 3,
    "loserServingPoints" : 67,
    "loserServingGames" : 11
  }, {
    "torneo" : "Tarragona CH",
    "fecha" : "20101004",
    "superficie" : "Clay",
    "resultado" : "7-6(3) 4-6 6-1",
    "contrincante" : "Guillaume Rufin",
    "ganador" : true,
    "winnerAces" : 13,
    "winnerPrimerSaqueDentro" : 48,
    "winnerPrimerSaqueGanado" : 33,
    "winnerSegundoSaqueGanado" : 23,
    "winnerDobleFalta" : 6,
    "winnerServingPoints" : 95,
    "winnerServingGames" : 15,
    "loserAces" : 1,
    "loserPrimerSaqueDentro" : 68,
    "loserPrimerSaqueGanado" : 36,
    "loserSegundoSaqueGanado" : 31,
    "loserDobleFalta" : 5,
    "loserServingPoints" : 125,
    "loserServingGames" : 14
  }, {
    "torneo" : "Tarragona CH",
    "fecha" : "20101004",
    "superficie" : "Clay",
    "resultado" : "6-1 6-2",
    "contrincante" : "Pere Riba",
    "ganador" : false,
    "winnerAces" : 2,
    "winnerPrimerSaqueDentro" : 25,
    "winnerPrimerSaqueGanado" : 19,
    "winnerSegundoSaqueGanado" : 16,
    "winnerDobleFalta" : 2,
    "winnerServingPoints" : 46,
    "winnerServingGames" : 8,
    "loserAces" : 4,
    "loserPrimerSaqueDentro" : 30,
    "loserPrimerSaqueGanado" : 19,
    "loserSegundoSaqueGanado" : 5,
    "loserDobleFalta" : 2,
    "loserServingPoints" : 50,
    "loserServingGames" : 7
  }, {
    "torneo" : "San Sebastian CH",
    "fecha" : "20100816",
    "superficie" : "Clay",
    "resultado" : "7-5 6-1",
    "contrincante" : "Gianluca Naso",
    "ganador" : false,
    "winnerAces" : 7,
    "winnerPrimerSaqueDentro" : 37,
    "winnerPrimerSaqueGanado" : 29,
    "winnerSegundoSaqueGanado" : 14,
    "winnerDobleFalta" : 2,
    "winnerServingPoints" : 66,
    "winnerServingGames" : 10,
    "loserAces" : 3,
    "loserPrimerSaqueDentro" : 39,
    "loserPrimerSaqueGanado" : 25,
    "loserSegundoSaqueGanado" : 11,
    "loserDobleFalta" : 4,
    "loserServingPoints" : 68,
    "loserServingGames" : 9
  }, {
    "torneo" : "Geneva CH",
    "fecha" : "20100823",
    "superficie" : "Clay",
    "resultado" : "6-3 6-3",
    "contrincante" : "Adrien Bossel",
    "ganador" : false,
    "winnerAces" : 3,
    "winnerPrimerSaqueDentro" : 36,
    "winnerPrimerSaqueGanado" : 26,
    "winnerSegundoSaqueGanado" : 13,
    "winnerDobleFalta" : 3,
    "winnerServingPoints" : 65,
    "winnerServingGames" : 9,
    "loserAces" : 6,
    "loserPrimerSaqueDentro" : 31,
    "loserPrimerSaqueGanado" : 19,
    "loserSegundoSaqueGanado" : 15,
    "loserDobleFalta" : 2,
    "loserServingPoints" : 64,
    "loserServingGames" : 9
  }, {
    "torneo" : "Cremona CH",
    "fecha" : "20100517",
    "superficie" : "Hard",
    "resultado" : "6-1 2-6 7-5",
    "contrincante" : "Catalin Gard",
    "ganador" : false,
    "winnerAces" : 2,
    "winnerPrimerSaqueDentro" : 54,
    "winnerPrimerSaqueGanado" : 34,
    "winnerSegundoSaqueGanado" : 10,
    "winnerDobleFalta" : 2,
    "winnerServingPoints" : 73,
    "winnerServingGames" : 13,
    "loserAces" : 7,
    "loserPrimerSaqueDentro" : 51,
    "loserPrimerSaqueGanado" : 31,
    "loserSegundoSaqueGanado" : 17,
    "loserDobleFalta" : 6,
    "loserServingPoints" : 93,
    "loserServingGames" : 14
  }, {
    "torneo" : "Marrakech CH",
    "fecha" : "20100315",
    "superficie" : "Clay",
    "resultado" : "6-1 6-3",
    "contrincante" : "Blaz Kavcic",
    "ganador" : false,
    "winnerAces" : 3,
    "winnerPrimerSaqueDentro" : 26,
    "winnerPrimerSaqueGanado" : 20,
    "winnerSegundoSaqueGanado" : 10,
    "winnerDobleFalta" : 3,
    "winnerServingPoints" : 44,
    "winnerServingGames" : 8,
    "loserAces" : 4,
    "loserPrimerSaqueDentro" : 17,
    "loserPrimerSaqueGanado" : 12,
    "loserSegundoSaqueGanado" : 4,
    "loserDobleFalta" : 4,
    "loserServingPoints" : 44,
    "loserServingGames" : 8
  }, {
    "torneo" : "Seville CH",
    "fecha" : "20100906",
    "superficie" : "Clay",
    "resultado" : "7-5 3-6 7-6(5)",
    "contrincante" : "Marc Lopez",
    "ganador" : false,
    "winnerAces" : 0,
    "winnerPrimerSaqueDentro" : 91,
    "winnerPrimerSaqueGanado" : 59,
    "winnerSegundoSaqueGanado" : 8,
    "winnerDobleFalta" : 3,
    "winnerServingPoints" : 109,
    "winnerServingGames" : 16,
    "loserAces" : 12,
    "loserPrimerSaqueDentro" : 61,
    "loserPrimerSaqueGanado" : 47,
    "loserSegundoSaqueGanado" : 26,
    "loserDobleFalta" : 5,
    "loserServingPoints" : 126,