{
  "nombre" : "Stefano Galvani",
  "mano" : "R",
  "nacionalidad" : "ITA",
  "edad" : 32.9719370294,
  "ganar1Saque" : 0.641733118781337,
  "ganar2Saque" : 0.5337299257516861,
  "primerSaque" : 0.6290419167942471,
  "segundoSaque" : 0.3248791644970576,
  "ganarPuntoSacando" : 0.5770747634538469,
  "ganarPuntoRestando" : 0.3908647261645645,
  "probAce" : 0.03637222573161125,
  "clay" : {
    "nombre" : "Clay",
    "probVictoria" : 0.3333333432674408,
    "probGanarPrimerSaque" : 0.6047562658786774,
    "probGanarSegundoSaque" : 0.5077911408411132,
    "probPrimerSaque" : 0.6343654228581322,
    "probSegundoSaque" : 0.3252575621008873,
    "probGanarPuntoSacando" : 0.548799372856641,
    "probGanarPuntoRestando" : 0.38061509066397164,
    "probAce" : 0.0
  },
  "grass" : {
    "nombre" : "Grass",
    "probVictoria" : 0.0,
    "probGanarPrimerSaque" : 0.0,
    "probGanarSegundoSaque" : 0.0,
    "probPrimerSaque" : 0.0,
    "probSegundoSaque" : 0.0,
    "probGanarPuntoSacando" : 0.0,
    "probGanarPuntoRestando" : 0.0,
    "probAce" : 0.0
  },
  "hard" : {
    "nombre" : "Hard",
    "probVictoria" : 0.5,
    "probGanarPrimerSaque" : 0.7384238541126251,
    "probGanarSegundoSaque" : 0.5658349196116129,
    "probPrimerSaque" : 0.6375427643458048,
    "probSegundoSaque" : 0.31499068439006805,
    "probGanarPuntoSacando" : 0.6490095137901074,
    "probGanarPuntoRestando" : 0.39133399275017106,
    "probAce" : 0.0
  },
  "other" : {
    "nombre" : "Other",
    "probVictoria" : 0.6666666865348816,
    "probGanarPrimerSaque" : 0.6702127655347189,
    "probGanarSegundoSaque" : 0.6251526474952698,
    "probPrimerSaque" : 0.5800991853078207,
    "probSegundoSaque" : 0.34238573908805847,
    "probGanarPuntoSacando" : 0.6028332305251163,
    "probGanarPuntoRestando" : 0.4514240059969084,
    "probAce" : 0.0
  },
  "partidos" : [ {
    "torneo" : "Roland Garros",
    "fecha" : "20100524",
    "superficie" : "Clay",
    "resultado" : "6-3 6-3 6-3",
    "contrincante" : "Albert Montanes",
    "ganador" : false,
    "winnerAces" : 8,
    "winnerPrimerSaqueDentro" : 55,
    "winnerPrimerSaqueGanado" : 41,
    "winnerSegundoSaqueGanado" : 25,
    "winnerDobleFalta" : 4,
    "winnerServingPoints" : 101,
    "winnerServingGames" : 14,
    "loserAces" : 2,
    "loserPrimerSaqueDentro" : 52,
    "loserPrimerSaqueGanado" : 34,
    "loserSegundoSaqueGanado" : 16,
    "loserDobleFalta" : 6,
    "loserServingPoints" : 93,
    "loserServingGames" : 13
  }, {
    "torneo" : "Todi CH",
    "fecha" : "20100913",
    "superficie" : "Clay",
    "resultado" : "6-7(6) 6-4 6-0",
    "contrincante" : "Paolo Lorenzi",
    "ganador" : true,
    "winnerAces" : 1,
    "winnerPrimerSaqueDentro" : 65,
    "winnerPrimerSaqueGanado" : 34,
    "winnerSegundoSaqueGanado" : 26,
    "winnerDobleFalta" : 2,
    "winnerServingPoints" : 103,
    "winnerServingGames" : 14,
    "loserAces" : 1,
    "loserPrimerSaqueDentro" : 69,
    "loserPrimerSaqueGanado" : 41,
    "loserSegundoSaqueGanado" : 13,
    "loserDobleFalta" : 3,
    "loserServingPoints" : 102,
    "loserServingGames" : 14
  }, {
    "torneo" : "Todi CH",
    "fecha" : "20100913",
    "superficie" : "Clay",
    "resultado" : "1-6 7-6(4) 6-4",
    "contrincante" : "Gerard Granollers",
    "ganador" : false,
    "winnerAces" : 1,
    "winnerPrimerSaqueDentro" : 52,
    "winnerPrimerSaqueGanado" : 34,
    "winnerSegundoSaqueGanado" : 18,
    "winnerDobleFalta" : 2,
    "winnerServingPoints" : 82,
    "winnerServingGames" : 14,
    "loserAces" : 3,
    "loserPrimerSaqueDentro" : 65,
    "loserPrimerSaqueGanado" : 45,
    "loserSegundoSaqueGanado" : 27,
    "loserDobleFalta" : 2,
    "loserServingPoints" : 120,
    "loserServingGames" : 15
  }, {
    "torneo" : "Rimini CH",
    "fecha" : "20100712",
    "superficie" : "Clay",
    "resultado" : "6-4 7-6(10)",
    "contrincante" : "Pedro Clar Rossello",
    "ganador" : false,
    "winnerAces" : 0,
    "winnerPrimerSaqueDentro" : 59,
    "winnerPrimerSaqueGanado" : 32,
    "winnerSegundoSaqueGanado" : 14,
    "winnerDobleFalta" : 3,
    "winnerServingPoints" : 87,
    "winnerServingGames" : 11,
    "loserAces" : 0,
    "loserPrimerSaqueDentro" : 54,
    "loserPrimerSaqueGanado" : 30,
    "loserSegundoSaqueGanado" : 14,
    "loserDobleFalta" : 3,
    "loserServingPoints" : 89,
    "loserServingGames" : 11
  }, {
    "torneo" : "San Benedetto CH",
    "fecha" : "20100705",
    "superficie" : "Clay",
    "resultado" : "7-5 6-4",
    "contrincante" : "Gabriel Trujillo Soler",
    "ganador" : false,
    "winnerAces" : 5,
    "winnerPrimerSaqueDentro" : 36,
    "winnerPrimerSaqueGanado" : 29,
    "winnerSegundoSaqueGanado" : 14,
    "winnerDobleFalta" : 0,
    "winnerServingPoints" : 54,
    "winnerServingGames" : 11,
    "loserAces" : 1,
    "loserPrimerSaqueDentro" : 40,
    "loserPrimerSaqueGanado" : 30,
    "loserSegundoSaqueGanado" : 9,
    "loserDobleFalta" : 4,
    "loserServingPoints" : 59,
    "loserServingGames" : 11
  }, {
    "torneo" : "Recanati CH",
    "fecha" : "20100719",
    "superficie" : "Hard",
    "resultado" : "6-4 4-6 7-5",
    "contrincante" : "Federico Torresi",
    "ganador" : false,
    "winnerAces" : 12,
    "winnerPrimerSaqueDentro" : 72,
    "winnerPrimerSaqueGanado" : 44,
    "winnerSegundoSaqueGanado" : 17,
    "winnerDobleFalta" : 3,
    "winnerServingPoints" : 100,
    "winnerServingGames" : 16,
    "loserAces" : 3,
    "loserPrimerSaqueDentro" : 66,
    "loserPrimerSaqueGanado" : 45,
    "loserSegundoSaqueGanado" : 18,
    "loserDobleFalta" : 7,
    "loserServingPoints" : 108,
    "loserServingGames" : 16
  }, {
    "torneo" : "Rome3 CH",
    "fecha" : "20100531",
    "superficie" : "Clay",
    "resultado" : "6-3 6-0",
    "contrincante" : "Dusan Lojda",
    "ganador" : false,
    "winnerAces" : 5,
    "winnerPrimerSaqueDentro" : 25,
    "winnerPrimerSaqueGanado" : 23,
    "winnerSegundoSaqueGanado" : 8,
    "winnerDobleFalta" : 0,
    "winnerServingPoints" : 40,
    "winnerServingGames" : 7,
    "loserAces" : 3,
    "loserPrimerSaqueDentro" : 32,
    "loserPrimerSaqueGanado" : 15,
    "loserSegundoSaqueGanado" : 9,
    "loserDobleFalta" : 3,
    "loserServingPoints" : 54,
    "loserServingGames" : 8
  }, {
    "torneo" : "San Marino CH",
    "fecha" : "20100802",
    "superficie" : "Clay",
    "resultado" : "6-3 7-6(6)",
    "contrincante" : "Maximo Gonzalez",
    "ganador" : false,
    "winnerAces" : 2,
    "winnerPrimerSaqueDentro" : 48,
    "winnerPrimerSaqueGanado" : 32,
    "winnerSegundoSaqueGanado" : 12,
    "winnerDobleFalta" : 3,
    "winnerServingPoints" : 76,
    "winnerServingGames" : 11,
    "loserAces" : 0,
    "loserPrimerSaqueDentro" : 44,
    "loserPrimerSaqueGanado" : 25,
    "loserSegundoSaqueGanado" : 12,
    "loserDobleFalta" : 1,
    "loserServingPoints" : 68,
    "loserServingGames" : 10
  }, {
    "torneo" : "Palermo CH",
    "fecha" : "20101004",
    "superficie" : "Clay",
    "resultado" : "6-2 6-3",
    "contrincante" : "Ivo Minar",
    "ganador" : false,
    "winnerAces" : 9,
    "winnerPrimerSaqueDentro" : 30,
    "winnerPrimerSaqueGanado" : 24,
    "winnerSegundoSaqueGanado" : 10,
    "winnerDobleFalta" : 0,
    "winnerServingPoints" : 47,
    "winnerServingGames" : 8,
    "loserAces" : 0,
    "loserPrimerSaqueDentro" : 40,
    "loserPrimerSaqueGanado" : 24,
    "loserSegundoSaqueGanado" : 0,
    "loserDobleFalta" : 1,
    "loserServingPoints" : 46,
    "loserServingGames" : 9
  }, {
    "torneo" : "Sarajevo CH",
    "fecha" : "20100308",
    "superficie" : "Hard",
    "resultado" : "6-7(3) 6-1 6-3",
    "contrincante" : "Kristof Vliegen",
    "ganador" : true,
    "winnerAces" : 15,
    "winnerPrimerSaqueDentro" : 62,
    "winnerPrimerSaqueGanado" : 46,
    "winnerSegundoSaqueGanado" : 11,
    "winnerDobleFalta" : 3,
    "winnerServingPoints" : 84,
    "winnerServingGames" : 14,
    "loserAces" : 12,
    "loserPrimerSaqueDentro" : 53,
    "loserPrimerSaqueGanado" : 36,
    "loserSegundoSaqueGanado" : 18,
    "loserDobleFalta" : 7,