{
  "nombre" : "Thierry Ascione",
  "mano" : "R",
  "nacionalidad" : "FRA",
  "edad" : 29.2895277207,
  "ganar1Saque" : 0.6722689485549926,
  "ganar2Saque" : 0.5789693146944046,
  "primerSaque" : 0.6333747828006744,
  "segundoSaque" : 0.3385640984773636,
  "ganarPuntoSacando" : 0.6218164233502244,
  "ganarPuntoRestando" : 0.35988744736577966,
  "probAce" : 0.04355503246188164,
  "clay" : {
    "nombre" : "Clay",
    "probVictoria" : 0.4615384638309479,
    "probGanarPrimerSaque" : 0.6477649907271067,
    "probGanarSegundoSaque" : 0.5688920232156912,
    "probPrimerSaque" : 0.640363390247027,
    "probSegundoSaque" : 0.3413565767308076,
    "probGanarPuntoSacando" : 0.6090000191197156,
    "probGanarPuntoRestando" : 0.3665057830413314,
    "probAce" : 0.0
  },
  "grass" : {
    "nombre" : "Grass",
    "probVictoria" : 0.0,
    "probGanarPrimerSaque" : 0.6666666865348816,
    "probGanarSegundoSaque" : 0.4444444477558136,
    "probPrimerSaque" : 0.6951219439506531,
    "probSegundoSaque" : 0.2195121943950653,
    "probGanarPuntoSacando" : 0.5609756191248492,
    "probGanarPuntoRestando" : 0.4102563786855977,
    "probAce" : 0.0
  },
  "hard" : {
    "nombre" : "Hard",
    "probVictoria" : 0.3333333432674408,
    "probGanarPrimerSaque" : 0.6972397615512212,
    "probGanarSegundoSaque" : 0.6002570117513338,
    "probPrimerSaque" : 0.6212405785918236,
    "probSegundoSaque" : 0.34569261223077774,
    "probGanarPuntoSacando" : 0.640658047285465,
    "probGanarPuntoRestando" : 0.3490717007469097,
    "probAce" : 0.0
  },
  "other" : {
    "nombre" : "Other",
    "probVictoria" : 0.0,
    "probGanarPrimerSaque" : 0.0,
    "probGanarSegundoSaque" : 0.0,
    "probPrimerSaque" : 0.0,
    "probSegundoSaque" : 0.0,
    "probGanarPuntoSacando" : 0.0,
    "probGanarPuntoRestando" : 0.0,
    "probAce" : 0.0
  },
  "partidos" : [ {
    "torneo" : "Munich",
    "fecha" : "20100502",
    "superficie" : "Clay",
    "resultado" : "6-0 6-4",
    "contrincante" : "Marco Chiudinelli",
    "ganador" : false,
    "winnerAces" : 5,
    "winnerPrimerSaqueDentro" : 25,
    "winnerPrimerSaqueGanado" : 22,
    "winnerSegundoSaqueGanado" : 12,
    "winnerDobleFalta" : 2,
    "winnerServingPoints" : 46,
    "winnerServingGames" : 8,
    "loserAces" : 1,
    "loserPrimerSaqueDentro" : 44,
    "loserPrimerSaqueGanado" : 22,
    "loserSegundoSaqueGanado" : 3,
    "loserDobleFalta" : 2,
    "loserServingPoints" : 50,
    "loserServingGames" : 8
  }, {
    "torneo" : "Johannesburg",
    "fecha" : "20100201",
    "superficie" : "Hard",
    "resultado" : "1-6 7-5 6-3",
    "contrincante" : "Blaz Kavcic",
    "ganador" : false,
    "winnerAces" : 6,
    "winnerPrimerSaqueDentro" : 62,
    "winnerPrimerSaqueGanado" : 41,
    "winnerSegundoSaqueGanado" : 10,
    "winnerDobleFalta" : 5,
    "winnerServingPoints" : 89,
    "winnerServingGames" : 14,
    "loserAces" : 0,
    "loserPrimerSaqueDentro" : 49,
    "loserPrimerSaqueGanado" : 31,
    "loserSegundoSaqueGanado" : 17,
    "loserDobleFalta" : 4,
    "loserServingPoints" : 89,
    "loserServingGames" : 14
  }, {
    "torneo" : "Metz",
    "fecha" : "20100920",
    "superficie" : "Hard",
    "resultado" : "6-4 6-4",
    "contrincante" : "Igor Sijsling",
    "ganador" : false,
    "winnerAces" : 10,
    "winnerPrimerSaqueDentro" : 44,
    "winnerPrimerSaqueGanado" : 35,
    "winnerSegundoSaqueGanado" : 7,
    "winnerDobleFalta" : 0,
    "winnerServingPoints" : 56,
    "winnerServingGames" : 10,
    "loserAces" : 4,
    "loserPrimerSaqueDentro" : 46,
    "loserPrimerSaqueGanado" : 30,
    "loserSegundoSaqueGanado" : 10,
    "loserDobleFalta" : 3,
    "loserServingPoints" : 66,
    "loserServingGames" : 10
  }, {
    "torneo" : "St. Brieuc CH",
    "fecha" : "20100329",
    "superficie" : "Clay",
    "resultado" : "6-2 6-0",
    "contrincante" : "Charles Roche",
    "ganador" : true,
    "winnerAces" : 2,
    "winnerPrimerSaqueDentro" : 29,
    "winnerPrimerSaqueGanado" : 23,
    "winnerSegundoSaqueGanado" : 10,
    "winnerDobleFalta" : 0,
    "winnerServingPoints" : 50,
    "winnerServingGames" : 7,
    "loserAces" : 1,
    "loserPrimerSaqueDentro" : 31,
    "loserPrimerSaqueGanado" : 14,
    "loserSegundoSaqueGanado" : 3,
    "loserDobleFalta" : 1,
    "loserServingPoints" : 44,
    "loserServingGames" : 7
  }, {
    "torneo" : "St. Brieuc CH",
    "fecha" : "20100329",
    "superficie" : "Clay",
    "resultado" : "4-6 7-5 7-6(3)",
    "contrincante" : "Olivier Patience",
    "ganador" : true,
    "winnerAces" : 4,
    "winnerPrimerSaqueDentro" : 58,
    "winnerPrimerSaqueGanado" : 46,
    "winnerSegundoSaqueGanado" : 19,
    "winnerDobleFalta" : 0,
    "winnerServingPoints" : 95,
    "winnerServingGames" : 17,
    "loserAces" : 2,
    "loserPrimerSaqueDentro" : 65,
    "loserPrimerSaqueGanado" : 43,
    "loserSegundoSaqueGanado" : 25,
    "loserDobleFalta" : 0,
    "loserServingPoints" : 103,
    "loserServingGames" : 17
  }, {
    "torneo" : "St. Brieuc CH",
    "fecha" : "20100329",
    "superficie" : "Clay",
    "resultado" : "6-3 6-4",
    "contrincante" : "Teymuraz Gabashvili",
    "ganador" : false,
    "winnerAces" : 6,
    "winnerPrimerSaqueDentro" : 36,
    "winnerPrimerSaqueGanado" : 28,
    "winnerSegundoSaqueGanado" : 12,
    "winnerDobleFalta" : 2,
    "winnerServingPoints" : 58,
    "winnerServingGames" : 10,
    "loserAces" : 1,
    "loserPrimerSaqueDentro" : 39,
    "loserPrimerSaqueGanado" : 23,
    "loserSegundoSaqueGanado" : 12,
    "loserDobleFalta" : 2,
    "loserServingPoints" : 61,
    "loserServingGames" : 9
  }, {
    "torneo" : "Rabat CH",
    "fecha" : "20100308",
    "superficie" : "Clay",
    "resultado" : "6-1 7-6(5)",
    "contrincante" : "Alexandre Sidorenko",
    "ganador" : true,
    "winnerAces" : 0,
    "winnerPrimerSaqueDentro" : 0,
    "winnerPrimerSaqueGanado" : 0,
    "winnerSegundoSaqueGanado" : 0,
    "winnerDobleFalta" : 0,
    "winnerServingPoints" : 0,
    "winnerServingGames" : 0,
    "loserAces" : 0,
    "loserPrimerSaqueDentro" : 0,
    "loserPrimerSaqueGanado" : 0,
    "loserSegundoSaqueGanado" : 0,
    "loserDobleFalta" : 0,
    "loserServingPoints" : 0,
    "loserServingGames" : 0
  }, {
    "torneo" : "Rabat CH",
    "fecha" : "20100308",
    "superficie" : "Clay",
    "resultado" : "6-2 6-4",
    "contrincante" : "Marcel Granollers",
    "ganador" : false,
    "winnerAces" : 1,
    "winnerPrimerSaqueDentro" : 27,
    "winnerPrimerSaqueGanado" : 21,
    "winnerSegundoSaqueGanado" : 13,
    "winnerDobleFalta" : 1,
    "winnerServingPoints" : 50,
    "winnerServingGames" : 9,
    "loserAces" : 0,
    "loserPrimerSaqueDentro" : 50,
    "loserPrimerSaqueGanado" : 25,
    "loserSegundoSaqueGanado" : 21,
    "loserDobleFalta" : 0,
    "loserServingPoints" : 90,
    "loserServingGames" : 9
  }, {
    "torneo" : "Heilbronn CH",
    "fecha" : "20100125",
    "superficie" : "Hard",
    "resultado" : "6-3 6-2",
    "contrincante" : "Alex Bogdanovic",
    "ganador" : true,
    "winnerAces" : 1,
    "winnerPrimerSaqueDentro" : 32,
    "winnerPrimerSaqueGanado" : 29,
    "winnerSegundoSaqueGanado" : 12,
    "winnerDobleFalta" : 3,
    "winnerServingPoints" : 58,
    "winnerServingGames" : 9,
    "loserAces" : 8,
    "loserPrimerSaqueDentro" : 30,
    "loserPrimerSaqueGanado" : 21,
    "loserSegundoSaqueGanado" : 6,
    "loserDobleFalta" : 7,
    "loserServingPoints" : 47,
    "loserServingGames" : 8
  }, {
    "torneo" : "Heilbronn CH",
    "fecha" : "20100125",
    "superficie" : "Hard",
    "resultado" : "6-4 6-4",
    "contrincante" : "Alexandr Dolgopolov",
    "ganador" : false,
    "winnerAces" : 13,
    "winnerPrimerSaqueDentro" : 34,
    "winnerPrimerSaqueGanado" : 28,
    "winnerSegundoSaqueGanado" : 14,
    "winnerDobleFalta" : 1,
    "winnerServingPoints" : 60,
    "winnerServingGames" : 10,
    "loserAces" : 3,
    "loserPrimerSaqueDentro" : 26,
    "loserPrimerSaqueGanado" : 16,
    "loserSegundoSaqueGanado" : 14,
    "loserDobleFalta" : 2,
    "loserServingPoints" : 50,