{
  "nombre" : "Tiago Fernandes",
  "mano" : "R",
  "nacionalidad" : "BRA",
  "edad" : 17.2183436003,
  "ganar1Saque" : 0.6196407616138458,
  "ganar2Saque" : 0.5087659657001495,
  "primerSaque" : 0.6342441976070404,
  "segundoSaque" : 0.3154915407299995,
  "ganarPuntoSacando" : 0.5535149160441154,
  "ganarPuntoRestando" : 0.3128204770147064,
  "probAce" : 0.017883755266666412,
  "clay" : {
    "nombre" : "Clay",
    "probVictoria" : 0.125,
    "probGanarPrimerSaque" : 0.5908902542931693,
    "probGanarSegundoSaque" : 0.5042882944856372,
    "probPrimerSaque" : 0.6478985633168902,
    "probSegundoSaque" : 0.3015032985380718,
    "probGanarPuntoSacando" : 0.5348815310360544,
    "probGanarPuntoRestando" : 0.32625040218820495,
    "probAce" : 0.0
  },
  "grass" : {
    "nombre" : "Grass",
    "probVictoria" : 0.0,
    "probGanarPrimerSaque" : 0.6176470518112183,
    "probGanarSegundoSaque" : 0.5652173757553101,
    "probPrimerSaque" : 0.5666666626930237,
    "probSegundoSaque" : 0.38333332538604736,
    "probGanarPuntoSacando" : 0.5666666497863062,
    "probGanarPuntoRestando" : 0.2075471847420507,
    "probAce" : 0.0
  },
  "hard" : {
    "nombre" : "Hard",
    "probVictoria" : 0.5,
    "probGanarPrimerSaque" : 0.7212643921375275,
    "probGanarSegundoSaque" : 0.49621210992336273,
    "probPrimerSaque" : 0.6202426850795746,
    "probSegundoSaque" : 0.33052949607372284,
    "probGanarPuntoSacando" : 0.6113717018703151,
    "probGanarPuntoRestando" : 0.318452385043789,
    "probAce" : 0.0
  },
  "other" : {
    "nombre" : "Other",
    "probVictoria" : 0.0,
    "probGanarPrimerSaque" : 0.0,
    "probGanarSegundoSaque" : 0.0,
    "probPrimerSaque" : 0.0,
    "probSegundoSaque" : 0.0,
    "probGanarPuntoSacando" : 0.0,
    "probGanarPuntoRestando" : 0.0,
    "probAce" : 0.0
  },
  "partidos" : [ {
    "torneo" : "Curitiba CH",
    "fecha" : "20100419",
    "superficie" : "Clay",
    "resultado" : "6-0 7-5",
    "contrincante" : "Dominik Meffert",
    "ganador" : false,
    "winnerAces" : 0,
    "winnerPrimerSaqueDentro" : 0,
    "winnerPrimerSaqueGanado" : 0,
    "winnerSegundoSaqueGanado" : 0,
    "winnerDobleFalta" : 0,
    "winnerServingPoints" : 0,
    "winnerServingGames" : 0,
    "loserAces" : 0,
    "loserPrimerSaqueDentro" : 0,
    "loserPrimerSaqueGanado" : 0,
    "loserSegundoSaqueGanado" : 0,
    "loserDobleFalta" : 0,
    "loserServingPoints" : 0,
    "loserServingGames" : 0
  }, {
    "torneo" : "Beijing CH",
    "fecha" : "20100802",
    "superficie" : "Hard",
    "resultado" : "6-4 5-7 6-2",
    "contrincante" : "Kaden Hensel",
    "ganador" : true,
    "winnerAces" : 1,
    "winnerPrimerSaqueDentro" : 58,
    "winnerPrimerSaqueGanado" : 45,
    "winnerSegundoSaqueGanado" : 19,
    "winnerDobleFalta" : 7,
    "winnerServingPoints" : 98,
    "winnerServingGames" : 15,
    "loserAces" : 9,
    "loserPrimerSaqueDentro" : 59,
    "loserPrimerSaqueGanado" : 44,
    "loserSegundoSaqueGanado" : 10,
    "loserDobleFalta" : 4,
    "loserServingPoints" : 81,
    "loserServingGames" : 15
  }, {
    "torneo" : "Beijing CH",
    "fecha" : "20100802",
    "superficie" : "Hard",
    "resultado" : "6-4 6-4",
    "contrincante" : "Andrey Kumantsov",
    "ganador" : false,
    "winnerAces" : 1,
    "winnerPrimerSaqueDentro" : 42,
    "winnerPrimerSaqueGanado" : 32,
    "winnerSegundoSaqueGanado" : 7,
    "winnerDobleFalta" : 3,
    "winnerServingPoints" : 56,
    "winnerServingGames" : 10,
    "loserAces" : 1,
    "loserPrimerSaqueDentro" : 48,
    "loserPrimerSaqueGanado" : 32,
    "loserSegundoSaqueGanado" : 10,
    "loserDobleFalta" : 2,
    "loserServingPoints" : 74,
    "loserServingGames" : 10
  }, {
    "torneo" : "Blumenau CH",
    "fecha" : "20100412",
    "superficie" : "Clay",
    "resultado" : "6-2 6-3",
    "contrincante" : "Gabriel Trujillo Soler",
    "ganador" : false,
    "winnerAces" : 2,
    "winnerPrimerSaqueDentro" : 32,
    "winnerPrimerSaqueGanado" : 27,
    "winnerSegundoSaqueGanado" : 11,
    "winnerDobleFalta" : 0,
    "winnerServingPoints" : 48,
    "winnerServingGames" : 9,
    "loserAces" : 1,
    "loserPrimerSaqueDentro" : 27,
    "loserPrimerSaqueGanado" : 19,
    "loserSegundoSaqueGanado" : 6,
    "loserDobleFalta" : 1,
    "loserServingPoints" : 41,
    "loserServingGames" : 8
  }, {
    "torneo" : "Sao Paulo2 CH",
    "fecha" : "20101025",
    "superficie" : "Clay",
    "resultado" : "3-6 7-5 6-0",
    "contrincante" : "Augusto Meirelles",
    "ganador" : true,
    "winnerAces" : 2,
    "winnerPrimerSaqueDentro" : 60,
    "winnerPrimerSaqueGanado" : 40,
    "winnerSegundoSaqueGanado" : 9,
    "winnerDobleFalta" : 3,
    "winnerServingPoints" : 83,
    "winnerServingGames" : 13,
    "loserAces" : 0,
    "loserPrimerSaqueDentro" : 60,
    "loserPrimerSaqueGanado" : 37,
    "loserSegundoSaqueGanado" : 14,
    "loserDobleFalta" : 5,
    "loserServingPoints" : 95,
    "loserServingGames" : 14
  }, {
    "torneo" : "Sao Paulo2 CH",
    "fecha" : "20101025",
    "superficie" : "Clay",
    "resultado" : "6-3 6-4",
    "contrincante" : "Nicolas Devilder",
    "ganador" : false,
    "winnerAces" : 3,
    "winnerPrimerSaqueDentro" : 40,
    "winnerPrimerSaqueGanado" : 28,
    "winnerSegundoSaqueGanado" : 10,
    "winnerDobleFalta" : 3,
    "winnerServingPoints" : 55,
    "winnerServingGames" : 10,
    "loserAces" : 0,
    "loserPrimerSaqueDentro" : 34,
    "loserPrimerSaqueGanado" : 21,
    "loserSegundoSaqueGanado" : 8,
    "loserDobleFalta" : 1,
    "loserServingPoints" : 54,
    "loserServingGames" : 9
  }, {
    "torneo" : "Samarkand CH",
    "fecha" : "20100809",
    "superficie" : "Clay",
    "resultado" : "6-2 6-2",
    "contrincante" : "Blaz Kavcic",
    "ganador" : false,
    "winnerAces" : 0,
    "winnerPrimerSaqueDentro" : 40,
    "winnerPrimerSaqueGanado" : 26,
    "winnerSegundoSaqueGanado" : 9,
    "winnerDobleFalta" : 2,
    "winnerServingPoints" : 53,
    "winnerServingGames" : 8,
    "loserAces" : 4,
    "loserPrimerSaqueDentro" : 32,
    "loserPrimerSaqueGanado" : 18,
    "loserSegundoSaqueGanado" : 8,
    "loserDobleFalta" : 5,
    "loserServingPoints" : 52,
    "loserServingGames" : 8
  }, {
    "torneo" : "Belo Horizonte2 CH",
    "fecha" : "20100913",
    "superficie" : "Clay",
    "resultado" : "6-3 6-3",
    "contrincante" : "Facundo Bagnis",
    "ganador" : false,
    "winnerAces" : 0,
    "winnerPrimerSaqueDentro" : 33,
    "winnerPrimerSaqueGanado" : 24,
    "winnerSegundoSaqueGanado" : 14,
    "winnerDobleFalta" : 1,
    "winnerServingPoints" : 52,
    "winnerServingGames" : 9,
    "loserAces" : 1,
    "loserPrimerSaqueDentro" : 35,
    "loserPrimerSaqueGanado" : 18,
    "loserSegundoSaqueGanado" : 14,
    "loserDobleFalta" : 3,
    "loserServingPoints" : 56,
    "loserServingGames" : 9
  }, {
    "torneo" : "Houston Q",
    "fecha" : "20100405",
    "superficie" : "Clay",
    "resultado" : "6-2 6-1",
    "contrincante" : "Conor Niland",
    "ganador" : false,
    "winnerAces" : 1,
    "winnerPrimerSaqueDentro" : 30,
    "winnerPrimerSaqueGanado" : 22,
    "winnerSegundoSaqueGanado" : 12,
    "winnerDobleFalta" : 2,
    "winnerServingPoints" : 47,
    "winnerServingGames" : 8,
    "loserAces" : 0,
    "loserPrimerSaqueDentro" : 36,
    "loserPrimerSaqueGanado" : 18,
    "loserSegundoSaqueGanado" : 10,
    "loserDobleFalta" : 3,
    "loserServingPoints" : 58,
    "loserServingGames" : 7
  }, {
    "torneo" : "s-Hertogenbosch Q",
    "fecha" : "20100613",
    "superficie" : "Grass",
    "resultado" : "6-1 7-5",
    "contrincante" : "Aisam Ul Haq Qureshi",
    "ganador" : false,
    "winnerAces" : 17,
    "winnerPrimerSaqueDentro" : 33,
    "winnerPrimerSaqueGanado" : 29,
    "winnerSegundoSaqueGanado" : 13,
    "winnerDobleFalta" : 3,
    "winnerServingPoints" : 53,
    "winnerServingGames" : 10,
    "loserAces" : 1,
    "loserPrimerSaqueDentro" : 34,
    "loserPrimerSaqueGanado" : 21,
    "loserSegundoSaqueGanado" : 13,
    "loserDobleFalta" : 3,
    "loserServingPoints" : 60,