{
  "nombre" : "Timo Nieminen",
  "mano" : "R",
  "nacionalidad" : "FIN",
  "edad" : 28.9171800137,
  "ganar1Saque" : 0.6068492531776428,
  "ganar2Saque" : 0.46676942706108093,
  "primerSaque" : 0.581784188747406,
  "segundoSaque" : 0.3531118200884925,
  "ganarPuntoSacando" : 0.5178771024031252,
  "ganarPuntoRestando" : 0.3866353077572684,
  "probAce" : 0.024390242993831635,
  "clay" : {
    "nombre" : "Clay",
    "probVictoria" : 0.20000000298023224,
    "probGanarPrimerSaque" : 0.6220710158348084,
    "probGanarSegundoSaque" : 0.4753694713115692,
    "probPrimerSaque" : 0.5716177105903626,
    "probSegundoSaque" : 0.3619263172149658,
    "probGanarPuntoSacando" : 0.527635531964336,
    "probGanarPuntoRestando" : 0.39776289513210233,
    "probAce" : 0.0
  },
  "grass" : {
    "nombre" : "Grass",
    "probVictoria" : 0.0,
    "probGanarPrimerSaque" : 0.0,
    "probGanarSegundoSaque" : 0.0,
    "probPrimerSaque" : 0.0,
    "probSegundoSaque" : 0.0,
    "probGanarPuntoSacando" : 0.0,
    "probGanarPuntoRestando" : 0.0,
    "probAce" : 0.0
  },
  "hard" : {
    "nombre" : "Hard",
    "probVictoria" : 0.0,
    "probGanarPrimerSaque" : 0.5886407891909281,
    "probGanarSegundoSaque" : 0.4775910476843516,
    "probPrimerSaque" : 0.5886762738227844,
    "probSegundoSaque" : 0.3416970670223236,
    "probGanarPuntoSacando" : 0.5097103266308803,
    "probGanarPuntoRestando" : 0.39767698827866454,
    "probAce" : 0.0
  },
  "other" : {
    "nombre" : "Other",
    "probVictoria" : 0.0,
    "probGanarPrimerSaque" : 0.5853658318519592,
    "probGanarSegundoSaque" : 0.3913043439388275,
    "probPrimerSaque" : 0.611940324306488,
    "probSegundoSaque" : 0.34328359365463257,
    "probGanarPuntoSacando" : 0.4925373183814141,
    "probGanarPuntoRestando" : 0.2978723293189105,
    "probAce" : 0.0
  },
  "partidos" : [ {
    "torneo" : "Alphen aan den Rijn CH",
    "fecha" : "20100906",
    "superficie" : "Clay",
    "resultado" : "3-6 6-0 6-4",
    "contrincante" : "Thomas Fabbiano",
    "ganador" : true,
    "winnerAces" : 2,
    "winnerPrimerSaqueDentro" : 54,
    "winnerPrimerSaqueGanado" : 36,
    "winnerSegundoSaqueGanado" : 13,
    "winnerDobleFalta" : 3,
    "winnerServingPoints" : 86,
    "winnerServingGames" : 13,
    "loserAces" : 2,
    "loserPrimerSaqueDentro" : 62,
    "loserPrimerSaqueGanado" : 40,
    "loserSegundoSaqueGanado" : 9,
    "loserDobleFalta" : 3,
    "loserServingPoints" : 97,
    "loserServingGames" : 12
  }, {
    "torneo" : "Alphen aan den Rijn CH",
    "fecha" : "20100906",
    "superficie" : "Clay",
    "resultado" : "6-1 6-4",
    "contrincante" : "Olivier Patience",
    "ganador" : false,
    "winnerAces" : 4,
    "winnerPrimerSaqueDentro" : 42,
    "winnerPrimerSaqueGanado" : 33,
    "winnerSegundoSaqueGanado" : 9,
    "winnerDobleFalta" : 1,
    "winnerServingPoints" : 63,
    "winnerServingGames" : 9,
    "loserAces" : 0,
    "loserPrimerSaqueDentro" : 28,
    "loserPrimerSaqueGanado" : 15,
    "loserSegundoSaqueGanado" : 8,
    "loserDobleFalta" : 2,
    "loserServingPoints" : 44,
    "loserServingGames" : 8
  }, {
    "torneo" : "Tampere CH",
    "fecha" : "20100726",
    "superficie" : "Clay",
    "resultado" : "6-3 7-6(6)",
    "contrincante" : "Martin Alund",
    "ganador" : false,
    "winnerAces" : 0,
    "winnerPrimerSaqueDentro" : 51,
    "winnerPrimerSaqueGanado" : 28,
    "winnerSegundoSaqueGanado" : 17,
    "winnerDobleFalta" : 4,
    "winnerServingPoints" : 79,
    "winnerServingGames" : 11,
    "loserAces" : 3,
    "loserPrimerSaqueDentro" : 30,
    "loserPrimerSaqueGanado" : 21,
    "loserSegundoSaqueGanado" : 8,
    "loserDobleFalta" : 4,
    "loserServingPoints" : 58,
    "loserServingGames" : 10
  }, {
    "torneo" : "Helsinki CH",
    "fecha" : "20101122",
    "superficie" : "Hard",
    "resultado" : "3-6 6-2 6-4",
    "contrincante" : "Michal Przysiezny",
    "ganador" : false,
    "winnerAces" : 9,
    "winnerPrimerSaqueDentro" : 47,
    "winnerPrimerSaqueGanado" : 26,
    "winnerSegundoSaqueGanado" : 23,
    "winnerDobleFalta" : 5,
    "winnerServingPoints" : 84,
    "winnerServingGames" : 13,
    "loserAces" : 5,
    "loserPrimerSaqueDentro" : 47,
    "loserPrimerSaqueGanado" : 29,
    "loserSegundoSaqueGanado" : 21,
    "loserDobleFalta" : 5,
    "loserServingPoints" : 86,
    "loserServingGames" : 14
  }, {
    "torneo" : "Geneva CH",
    "fecha" : "20100823",
    "superficie" : "Clay",
    "resultado" : "6-4 6-7(4) 6-2",
    "contrincante" : "Albert Ramos",
    "ganador" : false,
    "winnerAces" : 3,
    "winnerPrimerSaqueDentro" : 63,
    "winnerPrimerSaqueGanado" : 47,
    "winnerSegundoSaqueGanado" : 15,
    "winnerDobleFalta" : 2,
    "winnerServingPoints" : 94,
    "winnerServingGames" : 15,
    "loserAces" : 2,
    "loserPrimerSaqueDentro" : 64,
    "loserPrimerSaqueGanado" : 42,
    "loserSegundoSaqueGanado" : 21,
    "loserDobleFalta" : 5,
    "loserServingPoints" : 111,
    "loserServingGames" : 15
  }, {
    "torneo" : "Loughborough CH",
    "fecha" : "20101108",
    "superficie" : "Carpet",
    "resultado" : "6-3 6-2",
    "contrincante" : "Henri Kontinen",
    "ganador" : false,
    "winnerAces" : 7,
    "winnerPrimerSaqueDentro" : 25,
    "winnerPrimerSaqueGanado" : 20,
    "winnerSegundoSaqueGanado" : 13,
    "winnerDobleFalta" : 3,
    "winnerServingPoints" : 47,
    "winnerServingGames" : 9,
    "loserAces" : 1,
    "loserPrimerSaqueDentro" : 41,
    "loserPrimerSaqueGanado" : 24,
    "loserSegundoSaqueGanado" : 9,
    "loserDobleFalta" : 3,
    "loserServingPoints" : 67,
    "loserServingGames" : 8
  }, {
    "torneo" : "Bratislava CH",
    "fecha" : "20101115",
    "superficie" : "Hard",
    "resultado" : "6-3 6-1",
    "contrincante" : "Andrej Martin",
    "ganador" : false,
    "winnerAces" : 2,
    "winnerPrimerSaqueDentro" : 32,
    "winnerPrimerSaqueGanado" : 21,
    "winnerSegundoSaqueGanado" : 8,
    "winnerDobleFalta" : 0,
    "winnerServingPoints" : 48,
    "winnerServingGames" : 8,
    "loserAces" : 0,
    "loserPrimerSaqueDentro" : 35,
    "loserPrimerSaqueGanado" : 18,
    "loserSegundoSaqueGanado" : 4,
    "loserDobleFalta" : 4,
    "loserServingPoints" : 53,
    "loserServingGames" : 8
  }, {
    "torneo" : "San Jose Q",
    "fecha" : "20100208",
    "superficie" : "Hard",
    "resultado" : "6-7(2) 6-4 6-1",
    "contrincante" : "Ricardas Berankis",
    "ganador" : false,
    "winnerAces" : 10,
    "winnerPrimerSaqueDentro" : 62,
    "winnerPrimerSaqueGanado" : 44,
    "winnerSegundoSaqueGanado" : 26,
    "winnerDobleFalta" : 2,
    "winnerServingPoints" : 113,
    "winnerServingGames" : 15,
    "loserAces" : 3,
    "loserPrimerSaqueDentro" : 52,
    "loserPrimerSaqueGanado" : 33,
    "loserSegundoSaqueGanado" : 18,
    "loserDobleFalta" : 7,
    "loserServingPoints" : 93,
    "loserServingGames" : 14
  }, {
    "torneo" : "Bastad Q",
    "fecha" : "20100712",
    "superficie" : "Clay",
    "resultado" : "6-3 6-3",
    "contrincante" : "Ervin Eleskovic",
    "ganador" : false,
    "winnerAces" : 2,
    "winnerPrimerSaqueDentro" : 33,
    "winnerPrimerSaqueGanado" : 24,
    "winnerSegundoSaqueGanado" : 12,
    "winnerDobleFalta" : 3,
    "winnerServingPoints" : 59,
    "winnerServingGames" : 9,
    "loserAces" : 0,
    "loserPrimerSaqueDentro" : 29,
    "loserPrimerSaqueGanado" : 16,
    "loserSegundoSaqueGanado" : 11,
    "loserDobleFalta" : 8,
    "loserServingPoints" : 58,
    "loserServingGames" : 9
  } ]
}