{
  "nombre" : "Treat Conrad Huey",
  "mano" : "L",
  "nacionalidad" : "PHI",
  "edad" : 25.1772758385,
  "ganar1Saque" : 0.5981969654560089,
  "ganar2Saque" : 0.49704902768135073,
  "primerSaque" : 0.6172889769077301,
  "segundoSaque" : 0.3092563092708588,
  "ganarPuntoSacando" : 0.522975940623052,
  "ganarPuntoRestando" : 0.29489942112437284,
  "probAce" : 0.041522491723299026,
  "clay" : {
    "nombre" : "Clay",
    "probVictoria" : 0.0,
    "probGanarPrimerSaque" : 0.4193548262119293,
    "probGanarSegundoSaque" : 0.3333333432674408,
    "probPrimerSaque" : 0.5636363625526428,
    "probSegundoSaque" : 0.38181817531585693,
    "probGanarPuntoSacando" : 0.36363635776329595,
    "probGanarPuntoRestando" : 0.3947368611020651,
    "probAce" : 0.0
  },
  "grass" : {
    "nombre" : "Grass",
    "probVictoria" : 0.5,
    "probGanarPrimerSaque" : 1.2547169923782349,
    "probGanarSegundoSaque" : 0.6550000011920929,
    "probPrimerSaque" : 0.7142572700977325,
    "probSegundoSaque" : 0.21883711218833923,
    "probGanarPuntoSacando" : 1.039529042465552,
    "probGanarPuntoRestando" : 0.31658493059312776,
    "probAce" : 0.0
  },
  "hard" : {
    "nombre" : "Hard",
    "probVictoria" : 0.0,
    "probGanarPrimerSaque" : 0.6584565043449402,
    "probGanarSegundoSaque" : 0.4209558963775635,
    "probPrimerSaque" : 0.5471469908952713,
    "probSegundoSaque" : 0.3633945733308792,
    "probGanarPuntoSacando" : 0.5132455833429956,
    "probGanarPuntoRestando" : 0.22329519166677186,
    "probAce" : 0.0
  },
  "other" : {
    "nombre" : "Other",
    "probVictoria" : 0.0,
    "probGanarPrimerSaque" : 0.0,
    "probGanarSegundoSaque" : 0.0,
    "probPrimerSaque" : 0.0,
    "probSegundoSaque" : 0.0,
    "probGanarPuntoSacando" : 0.0,
    "probGanarPuntoRestando" : 0.0,
    "probAce" : 0.0
  },
  "partidos" : [ {
    "torneo" : "Charlottesville CH",
    "fecha" : "20101101",
    "superficie" : "Hard",
    "resultado" : "6-3 6-4",
    "contrincante" : "Bobby Reynolds",
    "ganador" : false,
    "winnerAces" : 9,
    "winnerPrimerSaqueDentro" : 38,
    "winnerPrimerSaqueGanado" : 33,
    "winnerSegundoSaqueGanado" : 12,
    "winnerDobleFalta" : 1,
    "winnerServingPoints" : 59,
    "winnerServingGames" : 10,
    "loserAces" : 4,
    "loserPrimerSaqueDentro" : 29,
    "loserPrimerSaqueGanado" : 23,
    "loserSegundoSaqueGanado" : 5,
    "loserDobleFalta" : 2,
    "loserServingPoints" : 47,
    "loserServingGames" : 9
  }, {
    "torneo" : "Seoul CH",
    "fecha" : "20101018",
    "superficie" : "Hard",
    "resultado" : "6-3 6-0",
    "contrincante" : "Andrej Martin",
    "ganador" : false,
    "winnerAces" : 7,
    "winnerPrimerSaqueDentro" : 29,
    "winnerPrimerSaqueGanado" : 26,
    "winnerSegundoSaqueGanado" : 8,
    "winnerDobleFalta" : 2,
    "winnerServingPoints" : 43,
    "winnerServingGames" : 8,
    "loserAces" : 2,
    "loserPrimerSaqueDentro" : 21,
    "loserPrimerSaqueGanado" : 11,
    "loserSegundoSaqueGanado" : 9,
    "loserDobleFalta" : 6,
    "loserServingPoints" : 44,
    "loserServingGames" : 7
  }, {
    "torneo" : "Seville CH",
    "fecha" : "20100906",
    "superficie" : "Clay",
    "resultado" : "6-2 6-1",
    "contrincante" : "Carlos Gomez Herrera",
    "ganador" : false,
    "winnerAces" : 0,
    "winnerPrimerSaqueDentro" : 27,
    "winnerPrimerSaqueGanado" : 19,
    "winnerSegundoSaqueGanado" : 4,
    "winnerDobleFalta" : 2,
    "winnerServingPoints" : 38,
    "winnerServingGames" : 7,
    "loserAces" : 3,
    "loserPrimerSaqueDentro" : 31,
    "loserPrimerSaqueGanado" : 13,
    "loserSegundoSaqueGanado" : 7,
    "loserDobleFalta" : 3,
    "loserServingPoints" : 55,
    "loserServingGames" : 8
  }, {
    "torneo" : "Eastbourne Q",
    "fecha" : "20100613",
    "superficie" : "Grass",
    "resultado" : "6-4 7-6(3)",
    "contrincante" : "Daniel King Turner",
    "ganador" : true,
    "winnerAces" : 3,
    "winnerPrimerSaqueDentro" : 53,
    "winnerPrimerSaqueGanado" : 40,
    "winnerSegundoSaqueGanado" : 14,
    "winnerDobleFalta" : 3,
    "winnerServingPoints" : 81,
    "winnerServingGames" : 11,
    "loserAces" : 12,
    "loserPrimerSaqueDentro" : 49,
    "loserPrimerSaqueGanado" : 40,
    "loserSegundoSaqueGanado" : 9,
    "loserDobleFalta" : 1,
    "loserServingPoints" : 72,
    "loserServingGames" : 11
  }, {
    "torneo" : "Eastbourne Q",
    "fecha" : "20100613",
    "superficie" : "Grass",
    "resultado" : "6-2 6-2",
    "contrincante" : "Martin Emmrich",
    "ganador" : false,
    "winnerAces" : 4,
    "winnerPrimerSaqueDentro" : 28,
    "winnerPrimerSaqueGanado" : 24,
    "winnerSegundoSaqueGanado" : 11,
    "winnerDobleFalta" : 6,
    "winnerServingPoints" : 51,
    "winnerServingGames" : 8,
    "loserAces" : 0,
    "loserPrimerSaqueDentro" : 48,
    "loserPrimerSaqueGanado" : 24,
    "loserSegundoSaqueGanado" : 6,
    "loserDobleFalta" : 6,
    "loserServingPoints" : 62,
    "loserServingGames" : 8
  } ]
}