{
  "nombre" : "Valery Rudnev",
  "mano" : "U",
  "nacionalidad" : "RUS",
  "edad" : 22.5927446954,
  "ganar1Saque" : 0.6774132053057352,
  "ganar2Saque" : 0.5156162530183792,
  "primerSaque" : 0.5944171879026625,
  "segundoSaque" : 0.3523183854089843,
  "ganarPuntoSacando" : 0.5843271383000298,
  "ganarPuntoRestando" : 0.35536190300086445,
  "probAce" : 0.047857142984867096,
  "clay" : {
    "nombre" : "Clay",
    "probVictoria" : 0.5,
    "probGanarPrimerSaque" : 0.6224361881613731,
    "probGanarSegundoSaque" : 0.5102960132062435,
    "probPrimerSaque" : 0.6149000078439713,
    "probSegundoSaque" : 0.3357166964560747,
    "probGanarPuntoSacando" : 0.5540509087511054,
    "probGanarPuntoRestando" : 0.3702327921400926,
    "probAce" : 0.0
  },
  "grass" : {
    "nombre" : "Grass",
    "probVictoria" : 0.0,
    "probGanarPrimerSaque" : 0.0,
    "probGanarSegundoSaque" : 0.0,
    "probPrimerSaque" : 0.0,
    "probSegundoSaque" : 0.0,
    "probGanarPuntoSacando" : 0.0,
    "probGanarPuntoRestando" : 0.0,
    "probAce" : 0.0
  },
  "hard" : {
    "nombre" : "Hard",
    "probVictoria" : 0.5,
    "probGanarPrimerSaque" : 0.7142482135030959,
    "probGanarSegundoSaque" : 0.5183767875035604,
    "probPrimerSaque" : 0.5841049816873338,
    "probSegundoSaque" : 0.3594929575920105,
    "probGanarPuntoSacando" : 0.6035487441551368,
    "probGanarPuntoRestando" : 0.35330555475970404,
    "probAce" : 0.0
  },
  "other" : {
    "nombre" : "Other",
    "probVictoria" : 0.0,
    "probGanarPrimerSaque" : 0.7857142686843872,
    "probGanarSegundoSaque" : 0.5333333611488342,
    "probPrimerSaque" : 0.5233644843101501,
    "probSegundoSaque" : 0.420560747385025,
    "probGanarPuntoSacando" : 0.6355140200152523,
    "probGanarPuntoRestando" : 0.25490192405748235,
    "probAce" : 0.0
  },
  "partidos" : [ {
    "torneo" : "Trnava CH",
    "fecha" : "20100920",
    "superficie" : "Clay",
    "resultado" : "6-1 2-6 7-6(7)",
    "contrincante" : "Benoit Paire",
    "ganador" : true,
    "winnerAces" : 0,
    "winnerPrimerSaqueDentro" : 71,
    "winnerPrimerSaqueGanado" : 40,
    "winnerSegundoSaqueGanado" : 24,
    "winnerDobleFalta" : 4,
    "winnerServingPoints" : 115,
    "winnerServingGames" : 14,
    "loserAces" : 3,
    "loserPrimerSaqueDentro" : 42,
    "loserPrimerSaqueGanado" : 30,
    "loserSegundoSaqueGanado" : 24,
    "loserDobleFalta" : 3,
    "loserServingPoints" : 93,
    "loserServingGames" : 13
  }, {
    "torneo" : "Trnava CH",
    "fecha" : "20100920",
    "superficie" : "Clay",
    "resultado" : "6-2 6-1",
    "contrincante" : "Alexander Flock",
    "ganador" : false,
    "winnerAces" : 2,
    "winnerPrimerSaqueDentro" : 32,
    "winnerPrimerSaqueGanado" : 26,
    "winnerSegundoSaqueGanado" : 3,
    "winnerDobleFalta" : 0,
    "winnerServingPoints" : 36,
    "winnerServingGames" : 7,
    "loserAces" : 0,
    "loserPrimerSaqueDentro" : 37,
    "loserPrimerSaqueGanado" : 19,
    "loserSegundoSaqueGanado" : 8,
    "loserDobleFalta" : 6,
    "loserServingPoints" : 58,
    "loserServingGames" : 8
  }, {
    "torneo" : "Saransk CH",
    "fecha" : "20100726",
    "superficie" : "Clay",
    "resultado" : "6-7(4) 6-2 7-5",
    "contrincante" : "Evgeny Donskoy",
    "ganador" : false,
    "winnerAces" : 18,
    "winnerPrimerSaqueDentro" : 55,
    "winnerPrimerSaqueGanado" : 46,
    "winnerSegundoSaqueGanado" : 25,
    "winnerDobleFalta" : 9,
    "winnerServingPoints" : 108,
    "winnerServingGames" : 16,
    "loserAces" : 3,
    "loserPrimerSaqueDentro" : 58,
    "loserPrimerSaqueGanado" : 39,
    "loserSegundoSaqueGanado" : 21,
    "loserDobleFalta" : 9,
    "loserServingPoints" : 105,
    "loserServingGames" : 16
  }, {
    "torneo" : "Fergana CH",
    "fecha" : "20100517",
    "superficie" : "Hard",
    "resultado" : "2-6 6-2 6-2",
    "contrincante" : "Murad Inoyatov",
    "ganador" : true,
    "winnerAces" : 4,
    "winnerPrimerSaqueDentro" : 35,
    "winnerPrimerSaqueGanado" : 29,
    "winnerSegundoSaqueGanado" : 15,
    "winnerDobleFalta" : 4,
    "winnerServingPoints" : 60,
    "winnerServingGames" : 12,
    "loserAces" : 4,
    "loserPrimerSaqueDentro" : 42,
    "loserPrimerSaqueGanado" : 28,
    "loserSegundoSaqueGanado" : 12,
    "loserDobleFalta" : 5,
    "loserServingPoints" : 68,
    "loserServingGames" : 12
  }, {
    "torneo" : "Fergana CH",
    "fecha" : "20100517",
    "superficie" : "Hard",
    "resultado" : "6-3 6-1",
    "contrincante" : "Alexander Kudryavtsev",
    "ganador" : false,
    "winnerAces" : 1,
    "winnerPrimerSaqueDentro" : 29,
    "winnerPrimerSaqueGanado" : 24,
    "winnerSegundoSaqueGanado" : 10,
    "winnerDobleFalta" : 1,
    "winnerServingPoints" : 50,
    "winnerServingGames" : 8,
    "loserAces" : 0,
    "loserPrimerSaqueDentro" : 24,
    "loserPrimerSaqueGanado" : 14,
    "loserSegundoSaqueGanado" : 8,
    "loserDobleFalta" : 4,
    "loserServingPoints" : 45,
    "loserServingGames" : 8
  }, {
    "torneo" : "Astana CH",
    "fecha" : "20100823",
    "superficie" : "Hard",
    "resultado" : "6-4 2-6 6-4",
    "contrincante" : "Nikolaus Moser",
    "ganador" : false,
    "winnerAces" : 0,
    "winnerPrimerSaqueDentro" : 0,
    "winnerPrimerSaqueGanado" : 0,
    "winnerSegundoSaqueGanado" : 0,
    "winnerDobleFalta" : 0,
    "winnerServingPoints" : 0,
    "winnerServingGames" : 0,
    "loserAces" : 0,
    "loserPrimerSaqueDentro" : 0,
    "loserPrimerSaqueGanado" : 0,
    "loserSegundoSaqueGanado" : 0,
    "loserDobleFalta" : 0,
    "loserServingPoints" : 0,
    "loserServingGames" : 0
  }, {
    "torneo" : "Karshi CH",
    "fecha" : "20100816",
    "superficie" : "Hard",
    "resultado" : "6-3 7-5",
    "contrincante" : "Vaja Uzakov",
    "ganador" : true,
    "winnerAces" : 1,
    "winnerPrimerSaqueDentro" : 43,
    "winnerPrimerSaqueGanado" : 33,
    "winnerSegundoSaqueGanado" : 13,
    "winnerDobleFalta" : 3,
    "winnerServingPoints" : 67,
    "winnerServingGames" : 11,
    "loserAces" : 2,
    "loserPrimerSaqueDentro" : 41,
    "loserPrimerSaqueGanado" : 29,
    "loserSegundoSaqueGanado" : 8,
    "loserDobleFalta" : 3,
    "loserServingPoints" : 62,
    "loserServingGames" : 10
  }, {
    "torneo" : "Karshi CH",
    "fecha" : "20100816",
    "superficie" : "Hard",
    "resultado" : "6-3 6-3",
    "contrincante" : "Carles Poch Gradin",
    "ganador" : false,
    "winnerAces" : 3,
    "winnerPrimerSaqueDentro" : 33,
    "winnerPrimerSaqueGanado" : 25,
    "winnerSegundoSaqueGanado" : 10,
    "winnerDobleFalta" : 3,
    "winnerServingPoints" : 51,
    "winnerServingGames" : 9,
    "loserAces" : 3,
    "loserPrimerSaqueDentro" : 36,
    "loserPrimerSaqueGanado" : 24,
    "loserSegundoSaqueGanado" : 6,
    "loserDobleFalta" : 5,
    "loserServingPoints" : 58,
    "loserServingGames" : 9
  }, {
    "torneo" : "Kazan CH",
    "fecha" : "20100201",
    "superficie" : "Hard",
    "resultado" : "7-6(3) 6-4",
    "contrincante" : "Ivan Sergeyev",
    "ganador" : false,
    "winnerAces" : 2,
    "winnerPrimerSaqueDentro" : 32,
    "winnerPrimerSaqueGanado" : 29,
    "winnerSegundoSaqueGanado" : 21,
    "winnerDobleFalta" : 8,
    "winnerServingPoints" : 72,
    "winnerServingGames" : 11,
    "loserAces" : 4,
    "loserPrimerSaqueDentro" : 55,
    "loserPrimerSaqueGanado" : 37,
    "loserSegundoSaqueGanado" : 22,
    "loserDobleFalta" : 6,
    "loserServingPoints" : 105,
    "loserServingGames" : 11
  }, {
    "torneo" : "Penza CH",
    "fecha" : "20100719",
    "superficie" : "Hard",
    "resultado" : "6-7(5) 6-4 6-0",
    "contrincante" : "Nikolaus Moser",
    "ganador" : true,
    "winnerAces" : 10,
    "winnerPrimerSaqueDentro" : 63,
    "winnerPrimerSaqueGanado" : 47,
    "winnerSegundoSaqueGanado" : 19,
    "winnerDobleFalta" : 3,
    "winnerServingPoints" : 102,
    "winnerServingGames" : 14,
    "loserAces" : 9,
    "loserPrimerSaqueDentro" : 77,
    "loserPrimerSaqueGanado" : 54,
    "loserSegundoSaqueGanado" : 8,
    "loserDobleFalta" : 6,
    "loserServingPoints" : 109,