{
  "nombre" : "Woong Sun Jun",
  "mano" : "R",
  "nacionalidad" : "KOR",
  "edad" : 23.9425051335,
  "ganar1Saque" : 0.704004667699337,
  "ganar2Saque" : 0.5270482767373323,
  "primerSaque" : 0.5691348444670439,
  "segundoSaque" : 0.3757262174040079,
  "ganarPuntoSacando" : 0.5986994424629537,
  "ganarPuntoRestando" : 0.3576227976797087,
  "probAce" : 0.064635269343853,
  "clay" : {
    "nombre" : "Clay",
    "probVictoria" : 0.0,
    "probGanarPrimerSaque" : 0.6271186470985413,
    "probGanarSegundoSaque" : 0.5357142686843872,
    "probPrimerSaque" : 0.6082473993301392,
    "probSegundoSaque" : 0.2886597812175751,
    "probGanarPuntoSacando" : 0.5360824497626915,
    "probGanarPuntoRestando" : 0.41121497114266825,
    "probAce" : 0.0
  },
  "grass" : {
    "nombre" : "Grass",
    "probVictoria" : 0.0,
    "probGanarPrimerSaque" : 0.0,
    "probGanarSegundoSaque" : 0.0,
    "probPrimerSaque" : 0.0,
    "probSegundoSaque" : 0.0,
    "probGanarPuntoSacando" : 0.0,
    "probGanarPuntoRestando" : 0.0,
    "probAce" : 0.0
  },
  "hard" : {
    "nombre" : "Hard",
    "probVictoria" : 0.46666666865348816,
    "probGanarPrimerSaque" : 0.7089584001473018,
    "probGanarSegundoSaque" : 0.5349750540086201,
    "probPrimerSaque" : 0.5632960987942559,
    "probSegundoSaque" : 0.3860937591109957,
    "probGanarPuntoSacando" : 0.6059040306431882,
    "probGanarPuntoRestando" : 0.3555297485168663,
    "probAce" : 0.0
  },
  "other" : {
    "nombre" : "Other",
    "probVictoria" : 0.0,
    "probGanarPrimerSaque" : 0.7115384340286255,
    "probGanarSegundoSaque" : 0.40740740299224854,
    "probPrimerSaque" : 0.6117647290229797,
    "probSegundoSaque" : 0.3176470696926117,
    "probGanarPuntoSacando" : 0.5647058850145221,
    "probGanarPuntoRestando" : 0.33333331249654297,
    "probAce" : 0.0
  },
  "partidos" : [ {
    "torneo" : "Carson CH",
    "fecha" : "20100524",
    "superficie" : "Hard",
    "resultado" : "6-4 6-3",
    "contrincante" : "Robert Kendrick",
    "ganador" : false,
    "winnerAces" : 8,
    "winnerPrimerSaqueDentro" : 33,
    "winnerPrimerSaqueGanado" : 28,
    "winnerSegundoSaqueGanado" : 11,
    "winnerDobleFalta" : 1,
    "winnerServingPoints" : 56,
    "winnerServingGames" : 10,
    "loserAces" : 6,
    "loserPrimerSaqueDentro" : 37,
    "loserPrimerSaqueGanado" : 27,
    "loserSegundoSaqueGanado" : 7,
    "loserDobleFalta" : 6,
    "loserServingPoints" : 66,
    "loserServingGames" : 9
  }, {
    "torneo" : "Beijing CH",
    "fecha" : "20100802",
    "superficie" : "Hard",
    "resultado" : "6-4 6-4",
    "contrincante" : "Yu Chang",
    "ganador" : true,
    "winnerAces" : 2,
    "winnerPrimerSaqueDentro" : 45,
    "winnerPrimerSaqueGanado" : 32,
    "winnerSegundoSaqueGanado" : 10,
    "winnerDobleFalta" : 1,
    "winnerServingPoints" : 62,
    "winnerServingGames" : 10,
    "loserAces" : 2,
    "loserPrimerSaqueDentro" : 42,
    "loserPrimerSaqueGanado" : 27,
    "loserSegundoSaqueGanado" : 6,
    "loserDobleFalta" : 2,
    "loserServingPoints" : 52,
    "loserServingGames" : 10
  }, {
    "torneo" : "Beijing CH",
    "fecha" : "20100802",
    "superficie" : "Hard",
    "resultado" : "6-3 6-4",
    "contrincante" : "Harri Heliovaara",
    "ganador" : true,
    "winnerAces" : 3,
    "winnerPrimerSaqueDentro" : 38,
    "winnerPrimerSaqueGanado" : 29,
    "winnerSegundoSaqueGanado" : 17,
    "winnerDobleFalta" : 3,
    "winnerServingPoints" : 68,
    "winnerServingGames" : 10,
    "loserAces" : 0,
    "loserPrimerSaqueDentro" : 37,
    "loserPrimerSaqueGanado" : 30,
    "loserSegundoSaqueGanado" : 3,
    "loserDobleFalta" : 6,
    "loserServingPoints" : 50,
    "loserServingGames" : 9
  }, {
    "torneo" : "Beijing CH",
    "fecha" : "20100802",
    "superficie" : "Hard",
    "resultado" : "7-6(5) 6-1",
    "contrincante" : "Andrey Kumantsov",
    "ganador" : true,
    "winnerAces" : 8,
    "winnerPrimerSaqueDentro" : 31,
    "winnerPrimerSaqueGanado" : 23,
    "winnerSegundoSaqueGanado" : 18,
    "winnerDobleFalta" : 1,
    "winnerServingPoints" : 63,
    "winnerServingGames" : 9,
    "loserAces" : 2,
    "loserPrimerSaqueDentro" : 51,
    "loserPrimerSaqueGanado" : 33,
    "loserSegundoSaqueGanado" : 10,
    "loserDobleFalta" : 6,
    "loserServingPoints" : 85,
    "loserServingGames" : 10
  }, {
    "torneo" : "Beijing CH",
    "fecha" : "20100802",
    "superficie" : "Hard",
    "resultado" : "6-3 6-4",
    "contrincante" : "Laurent Recouderc",
    "ganador" : false,
    "winnerAces" : 3,
    "winnerPrimerSaqueDentro" : 42,
    "winnerPrimerSaqueGanado" : 28,
    "winnerSegundoSaqueGanado" : 7,
    "winnerDobleFalta" : 2,
    "winnerServingPoints" : 64,
    "winnerServingGames" : 10,
    "loserAces" : 3,
    "loserPrimerSaqueDentro" : 25,
    "loserPrimerSaqueGanado" : 17,
    "loserSegundoSaqueGanado" : 8,
    "loserDobleFalta" : 4,
    "loserServingPoints" : 52,
    "loserServingGames" : 9
  }, {
    "torneo" : "Toyota CH",
    "fecha" : "20101122",
    "superficie" : "Carpet",
    "resultado" : "5-7 6-3 6-1",
    "contrincante" : "Jimmy Wang",
    "ganador" : false,
    "winnerAces" : 4,
    "winnerPrimerSaqueDentro" : 64,
    "winnerPrimerSaqueGanado" : 42,
    "winnerSegundoSaqueGanado" : 18,
    "winnerDobleFalta" : 1,
    "winnerServingPoints" : 90,
    "winnerServingGames" : 14,
    "loserAces" : 11,
    "loserPrimerSaqueDentro" : 52,
    "loserPrimerSaqueGanado" : 37,
    "loserSegundoSaqueGanado" : 11,
    "loserDobleFalta" : 6,
    "loserServingPoints" : 85,
    "loserServingGames" : 14
  }, {
    "torneo" : "Busan CH",
    "fecha" : "20100510",
    "superficie" : "Hard",
    "resultado" : "2-6 6-4 6-3",
    "contrincante" : "Yuichi Ito",
    "ganador" : true,
    "winnerAces" : 7,
    "winnerPrimerSaqueDentro" : 44,
    "winnerPrimerSaqueGanado" : 31,
    "winnerSegundoSaqueGanado" : 16,
    "winnerDobleFalta" : 2,
    "winnerServingPoints" : 76,
    "winnerServingGames" : 13,
    "loserAces" : 2,
    "loserPrimerSaqueDentro" : 44,
    "loserPrimerSaqueGanado" : 33,
    "loserSegundoSaqueGanado" : 18,
    "loserDobleFalta" : 5,
    "loserServingPoints" : 82,
    "loserServingGames" : 14
  }, {
    "torneo" : "Busan CH",
    "fecha" : "20100510",
    "superficie" : "Hard",
    "resultado" : "4-6 6-1 6-1",
    "contrincante" : "Alexander Peya",
    "ganador" : true,
    "winnerAces" : 1,
    "winnerPrimerSaqueDentro" : 45,
    "winnerPrimerSaqueGanado" : 33,
    "winnerSegundoSaqueGanado" : 18,
    "winnerDobleFalta" : 3,
    "winnerServingPoints" : 76,
    "winnerServingGames" : 12,
    "loserAces" : 3,
    "loserPrimerSaqueDentro" : 45,
    "loserPrimerSaqueGanado" : 27,
    "loserSegundoSaqueGanado" : 8,
    "loserDobleFalta" : 4,
    "loserServingPoints" : 69,
    "loserServingGames" : 12
  }, {
    "torneo" : "Busan CH",
    "fecha" : "20100510",
    "superficie" : "Hard",
    "resultado" : "3-6 6-2 7-6(6)",
    "contrincante" : "Rameez Junaid",
    "ganador" : true,
    "winnerAces" : 6,
    "winnerPrimerSaqueDentro" : 54,
    "winnerPrimerSaqueGanado" : 41,
    "winnerSegundoSaqueGanado" : 17,
    "winnerDobleFalta" : 4,
    "winnerServingPoints" : 92,
    "winnerServingGames" : 14,
    "loserAces" : 1,
    "loserPrimerSaqueDentro" : 65,
    "loserPrimerSaqueGanado" : 42,
    "loserSegundoSaqueGanado" : 25,
    "loserDobleFalta" : 2,
    "loserServingPoints" : 117,
    "loserServingGames" : 15
  }, {
    "torneo" : "Busan CH",
    "fecha" : "20100510",
    "superficie" : "Hard",
    "resultado" : "6-3 6-4",
    "contrincante" : "Yong Kyu Lim",
    "ganador" : false,
    "winnerAces" : 3,
    "winnerPrimerSaqueDentro" : 35,
    "winnerPrimerSaqueGanado" : 26,
    "winnerSegundoSaqueGanado" : 20,
    "winnerDobleFalta" : 2,
    "winnerServingPoints" : 66,
    "winnerServingGames" : 10,
    "loserAces" : 2,
    "loserPrimerSaqueDentro" : 22,
    "loserPrimerSaqueGanado" : 16,
    "loserSegundoSaqueGanado" : 13,
    "loserDobleFalta" : 2,
    "loserServingPoints" : 47,