{
  "nombre" : "Gilles Elsner",
  "mano" : "R",
  "nacionalidad" : "BEL",
  "edad" : 26.1984941821,
  "ganar1Saque" : 0.7087523796979118,
  "ganar2Saque" : 0.5128532060805489,
  "primerSaque" : 0.6348558944814345,
  "segundoSaque" : 0.32209689126295205,
  "ganarPuntoSacando" : 0.615144049331746,
  "ganarPuntoRestando" : 0.33989483125625103,
  "probAce" : 0.0641913115978241,
  "clay" : {
    "nombre" : "Clay",
    "probVictoria" : 0.3333333432674408,
    "probGanarPrimerSaque" : 0.6427509784698486,
    "probGanarSegundoSaque" : 0.43957417209943134,
    "probPrimerSaque" : 0.6399583419164022,
    "probSegundoSaque" : 0.30863707264264423,
    "probGanarPuntoSacando" : 0.5470027361327918,
    "probGanarPuntoRestando" : 0.3739131665985403,
    "probAce" : 0.0
  },
  "grass" : {
    "nombre" : "Grass",
    "probVictoria" : 0.3333333432674408,
    "probGanarPrimerSaque" : 2.214257001876831,
    "probGanarSegundoSaque" : 0.5344314575195312,
    "probPrimerSaque" : 0.6450123389561971,
    "probSegundoSaque" : 0.3175425777832667,
    "probGanarPuntoSacando" : 1.5979278304999318,
    "probGanarPuntoRestando" : 0.34578509641411664,
    "probAce" : 0.0
  },
  "hard" : {
    "nombre" : "Hard",
    "probVictoria" : 0.2857142984867096,
    "probGanarPrimerSaque" : 0.7242573244231088,
    "probGanarSegundoSaque" : 0.5395037978887558,
    "probPrimerSaque" : 0.6214896014758519,
    "probSegundoSaque" : 0.3280934819153377,
    "probGanarPuntoSacando" : 0.6271260754775552,
    "probGanarPuntoRestando" : 0.32766092154045456,
    "probAce" : 0.0
  },
  "other" : {
    "nombre" : "Other",
    "probVictoria" : 0.0,
    "probGanarPrimerSaque" : 0.6222222447395325,
    "probGanarSegundoSaque" : 0.4166666567325592,
    "probPrimerSaque" : 0.6521739363670349,
    "probSegundoSaque" : 0.3478260934352875,
    "probGanarPuntoSacando" : 0.5507246661229415,
    "probGanarPuntoRestando" : 0.28813560229276436,
    "probAce" : 0.0
  },
  "partidos" : [ {
    "torneo" : "Casablanca",
    "fecha" : "20040517",
    "superficie" : "Clay",
    "resultado" : "6-3 4-6 6-4",
    "contrincante" : "Alex Calatrava",
    "ganador" : false,
    "winnerAces" : 4,
    "winnerPrimerSaqueDentro" : 59,
    "winnerPrimerSaqueGanado" : 33,
    "winnerSegundoSaqueGanado" : 12,
    "winnerDobleFalta" : 4,
    "winnerServingPoints" : 83,
    "winnerServingGames" : 14,
    "loserAces" : 5,
    "loserPrimerSaqueDentro" : 59,
    "loserPrimerSaqueGanado" : 35,
    "loserSegundoSaqueGanado" : 14,
    "loserDobleFalta" : 7,
    "loserServingPoints" : 97,
    "loserServingGames" : 15
  }, {
    "torneo" : "Los Angeles",
    "fecha" : "20040712",
    "superficie" : "Hard",
    "resultado" : "2-6 6-4 7-5",
    "contrincante" : "Brian Vahaly",
    "ganador" : true,
    "winnerAces" : 8,
    "winnerPrimerSaqueDentro" : 43,
    "winnerPrimerSaqueGanado" : 34,
    "winnerSegundoSaqueGanado" : 15,
    "winnerDobleFalta" : 8,
    "winnerServingPoints" : 78,
    "winnerServingGames" : 15,
    "loserAces" : 0,
    "loserPrimerSaqueDentro" : 59,
    "loserPrimerSaqueGanado" : 37,
    "loserSegundoSaqueGanado" : 25,
    "loserDobleFalta" : 7,
    "loserServingPoints" : 104,
    "loserServingGames" : 15
  }, {
    "torneo" : "Los Angeles",
    "fecha" : "20040712",
    "superficie" : "Hard",
    "resultado" : "6-2 3-6 6-3",
    "contrincante" : "Mardy Fish",
    "ganador" : false,
    "winnerAces" : 9,
    "winnerPrimerSaqueDentro" : 42,
    "winnerPrimerSaqueGanado" : 33,
    "winnerSegundoSaqueGanado" : 17,
    "winnerDobleFalta" : 4,
    "winnerServingPoints" : 72,
    "winnerServingGames" : 13,
    "loserAces" : 9,
    "loserPrimerSaqueDentro" : 52,
    "loserPrimerSaqueGanado" : 37,
    "loserSegundoSaqueGanado" : 8,
    "loserDobleFalta" : 1,
    "loserServingPoints" : 68,
    "loserServingGames" : 13
  }, {
    "torneo" : "Delray Beach",
    "fecha" : "20040913",
    "superficie" : "Hard",
    "resultado" : "6-1 6-4",
    "contrincante" : "Ricardo Mello",
    "ganador" : false,
    "winnerAces" : 3,
    "winnerPrimerSaqueDentro" : 40,
    "winnerPrimerSaqueGanado" : 27,
    "winnerSegundoSaqueGanado" : 12,
    "winnerDobleFalta" : 1,
    "winnerServingPoints" : 60,
    "winnerServingGames" : 9,
    "loserAces" : 2,
    "loserPrimerSaqueDentro" : 36,
    "loserPrimerSaqueGanado" : 22,
    "loserSegundoSaqueGanado" : 3,
    "loserDobleFalta" : 3,
    "loserServingPoints" : 52,
    "loserServingGames" : 8
  }, {
    "torneo" : "Washington",
    "fecha" : "20040816",
    "superficie" : "Hard",
    "resultado" : "2-6 7-6(1) 6-4",
    "contrincante" : "Jimmy Wang",
    "ganador" : true,
    "winnerAces" : 7,
    "winnerPrimerSaqueDentro" : 54,
    "winnerPrimerSaqueGanado" : 35,
    "winnerSegundoSaqueGanado" : 25,
    "winnerDobleFalta" : 6,
    "winnerServingPoints" : 90,
    "winnerServingGames" : 15,
    "loserAces" : 4,
    "loserPrimerSaqueDentro" : 72,
    "loserPrimerSaqueGanado" : 46,
    "loserSegundoSaqueGanado" : 13,
    "loserDobleFalta" : 0,
    "loserServingPoints" : 92,
    "loserServingGames" : 15
  }, {
    "torneo" : "Washington",
    "fecha" : "20040816",
    "superficie" : "Hard",
    "resultado" : "6-3 7-6(2)",
    "contrincante" : "Cyril Saulnier",
    "ganador" : false,
    "winnerAces" : 8,
    "winnerPrimerSaqueDentro" : 34,
    "winnerPrimerSaqueGanado" : 28,
    "winnerSegundoSaqueGanado" : 25,
    "winnerDobleFalta" : 0,
    "winnerServingPoints" : 72,
    "winnerServingGames" : 11,
    "loserAces" : 4,
    "loserPrimerSaqueDentro" : 42,
    "loserPrimerSaqueGanado" : 33,
    "loserSegundoSaqueGanado" : 15,
    "loserDobleFalta" : 5,
    "loserServingPoints" : 76,
    "loserServingGames" : 10
  }, {
    "torneo" : "Indianapolis",
    "fecha" : "20040719",
    "superficie" : "Hard",
    "resultado" : "6-3 3-6 6-3",
    "contrincante" : "Julien Jeanpierre",
    "ganador" : false,
    "winnerAces" : 7,
    "winnerPrimerSaqueDentro" : 53,
    "winnerPrimerSaqueGanado" : 41,
    "winnerSegundoSaqueGanado" : 14,
    "winnerDobleFalta" : 2,
    "winnerServingPoints" : 77,
    "winnerServingGames" : 14,
    "loserAces" : 6,
    "loserPrimerSaqueDentro" : 51,
    "loserPrimerSaqueGanado" : 37,
    "loserSegundoSaqueGanado" : 16,
    "loserDobleFalta" : 3,
    "loserServingPoints" : 80,
    "loserServingGames" : 13
  }, {
    "torneo" : "US Open",
    "fecha" : "20040830",
    "superficie" : "Hard",
    "resultado" : "2-6 7-6(2) 7-6(5) 6-2",
    "contrincante" : "Michael Llodra",
    "ganador" : false,
    "winnerAces" : 7,
    "winnerPrimerSaqueDentro" : 86,
    "winnerPrimerSaqueGanado" : 63,
    "winnerSegundoSaqueGanado" : 28,
    "winnerDobleFalta" : 7,
    "winnerServingPoints" : 135,
    "winnerServingGames" : 20,
    "loserAces" : 6,
    "loserPrimerSaqueDentro" : 69,
    "loserPrimerSaqueGanado" : 55,
    "loserSegundoSaqueGanado" : 27,
    "loserDobleFalta" : 1,
    "loserServingPoints" : 125,
    "loserServingGames" : 20
  }, {
    "torneo" : "Nottingham",
    "fecha" : "20040614",
    "superficie" : "Grass",
    "resultado" : "6-3 7-5",
    "contrincante" : "Paradorn Srichaphan",
    "ganador" : false,
    "winnerAces" : 6,
    "winnerPrimerSaqueDentro" : 45,
    "winnerPrimerSaqueGanado" : 30,
    "winnerSegundoSaqueGanado" : 11,
    "winnerDobleFalta" : 2,
    "winnerServingPoints" : 68,
    "winnerServingGames" : 11,
    "loserAces" : 1,
    "loserPrimerSaqueDentro" : 41,
    "loserPrimerSaqueGanado" : 25,
    "loserSegundoSaqueGanado" : 12,
    "loserDobleFalta" : 0,
    "loserServingPoints" : 65,
    "loserServingGames" : 10
  }, {
    "torneo" : "Roland Garros",
    "fecha" : "20040524",
    "superficie" : "Clay",
    "resultado" : "3-6 7-5 4-6 6-4 6-3",
    "contrincante" : "Ruben Ramirez Hidalgo",
    "ganador" : true,
    "winnerAces" : 7,
    "winnerPrimerSaqueDentro" : 107,
    "winnerPrimerSaqueGanado" : 78,
    "winnerSegundoSaqueGanado" : 25,
    "winnerDobleFalta" : 4,
    "winnerServingPoints" : 154,
    "winnerServingGames" : 25,
    "loserAces" : 2,