{
  "nombre" : "Goran Ivanisevic",
  "mano" : "L",
  "nacionalidad" : "CRO",
  "edad" : 32.5804243669,
  "ganar1Saque" : 0.7599596040589469,
  "ganar2Saque" : 0.5874246976205281,
  "primerSaque" : 0.5761423345123019,
  "segundoSaque" : 0.3408731956567083,
  "ganarPuntoSacando" : 0.6380822343031513,
  "ganarPuntoRestando" : 0.2660204604485755,
  "probAce" : 0.16255319118499756,
  "clay" : {
    "nombre" : "Clay",
    "probVictoria" : 0.0,
    "probGanarPrimerSaque" : 0.7517724335193634,
    "probGanarSegundoSaque" : 0.5353161469101906,
    "probPrimerSaque" : 0.5083609744906425,
    "probSegundoSaque" : 0.3905804231762886,
    "probGanarPuntoSacando" : 0.5912557740923878,
    "probGanarPuntoRestando" : 0.2528683364874279,
    "probAce" : 0.0
  },
  "grass" : {
    "nombre" : "Grass",
    "probVictoria" : 0.5,
    "probGanarPrimerSaque" : 1.5463764667510986,
    "probGanarSegundoSaque" : 0.6037769764661789,
    "probPrimerSaque" : 0.6520996987819672,
    "probSegundoSaque" : 0.26563074067234993,
    "probGanarPuntoSacando" : 1.1687733536315372,
    "probGanarPuntoRestando" : 0.29866102358881474,
    "probAce" : 0.0
  },
  "hard" : {
    "nombre" : "Hard",
    "probVictoria" : 0.25,
    "probGanarPrimerSaque" : 0.7103767842054367,
    "probGanarSegundoSaque" : 0.6046627163887024,
    "probPrimerSaque" : 0.539421334862709,
    "probSegundoSaque" : 0.3836126998066902,
    "probGanarPuntoSacando" : 0.6151486902978924,
    "probGanarPuntoRestando" : 0.24720738871528108,
    "probAce" : 0.0
  },
  "other" : {
    "nombre" : "Other",
    "probVictoria" : 0.5,
    "probGanarPrimerSaque" : 0.8490423262119293,
    "probGanarSegundoSaque" : 0.6244612038135529,
    "probPrimerSaque" : 0.6332323253154755,
    "probSegundoSaque" : 0.30646464228630066,
    "probGanarPuntoSacando" : 0.7290163259668336,
    "probGanarPuntoRestando" : 0.26466972555698143,
    "probAce" : 0.0
  },
  "partidos" : [ {
    "torneo" : "Estoril",
    "fecha" : "20040412",
    "superficie" : "Clay",
    "resultado" : "6-4 6-1",
    "contrincante" : "Rafael Nadal",
    "ganador" : false,
    "winnerAces" : 3,
    "winnerPrimerSaqueDentro" : 33,
    "winnerPrimerSaqueGanado" : 24,
    "winnerSegundoSaqueGanado" : 11,
    "winnerDobleFalta" : 5,
    "winnerServingPoints" : 53,
    "winnerServingGames" : 9,
    "loserAces" : 6,
    "loserPrimerSaqueDentro" : 23,
    "loserPrimerSaqueGanado" : 16,
    "loserSegundoSaqueGanado" : 11,
    "loserDobleFalta" : 5,
    "loserServingPoints" : 51,
    "loserServingGames" : 8
  }, {
    "torneo" : "Marseille",
    "fecha" : "20040223",
    "superficie" : "Hard",
    "resultado" : "6-2 6-7(4) 6-4",
    "contrincante" : "Arnaud Clement",
    "ganador" : false,
    "winnerAces" : 14,
    "winnerPrimerSaqueDentro" : 57,
    "winnerPrimerSaqueGanado" : 49,
    "winnerSegundoSaqueGanado" : 18,
    "winnerDobleFalta" : 3,
    "winnerServingPoints" : 87,
    "winnerServingGames" : 15,
    "loserAces" : 15,
    "loserPrimerSaqueDentro" : 61,
    "loserPrimerSaqueGanado" : 48,
    "loserSegundoSaqueGanado" : 16,
    "loserDobleFalta" : 5,
    "loserServingPoints" : 94,
    "loserServingGames" : 15
  }, {
    "torneo" : "Monte Carlo Masters",
    "fecha" : "20040419",
    "superficie" : "Clay",
    "resultado" : "4-6 6-2 6-2",
    "contrincante" : "Nicolas Devilder",
    "ganador" : false,
    "winnerAces" : 3,
    "winnerPrimerSaqueDentro" : 41,
    "winnerPrimerSaqueGanado" : 30,
    "winnerSegundoSaqueGanado" : 24,
    "winnerDobleFalta" : 2,
    "winnerServingPoints" : 74,
    "winnerServingGames" : 13,
    "loserAces" : 7,
    "loserPrimerSaqueDentro" : 43,
    "loserPrimerSaqueGanado" : 32,
    "loserSegundoSaqueGanado" : 16,
    "loserDobleFalta" : 11,
    "loserServingPoints" : 82,
    "loserServingGames" : 13
  }, {
    "torneo" : "Rome Masters",
    "fecha" : "20040503",
    "superficie" : "Clay",
    "resultado" : "6-2 6-4",
    "contrincante" : "Radek Stepanek",
    "ganador" : false,
    "winnerAces" : 5,
    "winnerPrimerSaqueDentro" : 22,
    "winnerPrimerSaqueGanado" : 18,
    "winnerSegundoSaqueGanado" : 19,
    "winnerDobleFalta" : 2,
    "winnerServingPoints" : 48,
    "winnerServingGames" : 9,
    "loserAces" : 9,
    "loserPrimerSaqueDentro" : 27,
    "loserPrimerSaqueGanado" : 21,
    "loserSegundoSaqueGanado" : 10,
    "loserDobleFalta" : 7,
    "loserServingPoints" : 55,
    "loserServingGames" : 9
  }, {
    "torneo" : "Munich",
    "fecha" : "20040426",
    "superficie" : "Clay",
    "resultado" : "6-4 7-6(0)",
    "contrincante" : "Alexander Waske",
    "ganador" : false,
    "winnerAces" : 8,
    "winnerPrimerSaqueDentro" : 35,
    "winnerPrimerSaqueGanado" : 30,
    "winnerSegundoSaqueGanado" : 18,
    "winnerDobleFalta" : 1,
    "winnerServingPoints" : 58,
    "winnerServingGames" : 11,
    "loserAces" : 13,
    "loserPrimerSaqueDentro" : 38,
    "loserPrimerSaqueGanado" : 30,
    "loserSegundoSaqueGanado" : 16,
    "loserDobleFalta" : 3,
    "loserServingPoints" : 67,
    "loserServingGames" : 11
  }, {
    "torneo" : "Rotterdam",
    "fecha" : "20040216",
    "superficie" : "Hard",
    "resultado" : "6-3 6-2",
    "contrincante" : "Sjeng Schalken",
    "ganador" : false,
    "winnerAces" : 2,
    "winnerPrimerSaqueDentro" : 33,
    "winnerPrimerSaqueGanado" : 28,
    "winnerSegundoSaqueGanado" : 8,
    "winnerDobleFalta" : 1,
    "winnerServingPoints" : 43,
    "winnerServingGames" : 9,
    "loserAces" : 9,
    "loserPrimerSaqueDentro" : 28,
    "loserPrimerSaqueGanado" : 18,
    "loserSegundoSaqueGanado" : 10,
    "loserDobleFalta" : 5,
    "loserServingPoints" : 49,
    "loserServingGames" : 8
  }, {
    "torneo" : "Miami Masters",
    "fecha" : "20040322",
    "superficie" : "Hard",
    "resultado" : "6-4 5-7 7-6(7)",
    "contrincante" : "Nicolas Escude",
    "ganador" : true,
    "winnerAces" : 12,
    "winnerPrimerSaqueDentro" : 51,
    "winnerPrimerSaqueGanado" : 38,
    "winnerSegundoSaqueGanado" : 32,
    "winnerDobleFalta" : 11,
    "winnerServingPoints" : 110,
    "winnerServingGames" : 17,
    "loserAces" : 7,
    "loserPrimerSaqueDentro" : 64,
    "loserPrimerSaqueGanado" : 44,
    "loserSegundoSaqueGanado" : 22,
    "loserDobleFalta" : 3,
    "loserServingPoints" : 104,
    "loserServingGames" : 17
  }, {
    "torneo" : "Miami Masters",
    "fecha" : "20040322",
    "superficie" : "Hard",
    "resultado" : "6-4 RET",
    "contrincante" : "Rafael Nadal",
    "ganador" : false,
    "winnerAces" : 2,
    "winnerPrimerSaqueDentro" : 20,
    "winnerPrimerSaqueGanado" : 17,
    "winnerSegundoSaqueGanado" : 3,
    "winnerDobleFalta" : 0,
    "winnerServingPoints" : 26,
    "winnerServingGames" : 5,
    "loserAces" : 5,
    "loserPrimerSaqueDentro" : 18,
    "loserPrimerSaqueGanado" : 12,
    "loserSegundoSaqueGanado" : 10,
    "loserDobleFalta" : 2,
    "loserServingPoints" : 38,
    "loserServingGames" : 5
  }, {
    "torneo" : "Milan",
    "fecha" : "20040209",
    "superficie" : "Carpet",
    "resultado" : "7-6(2) 3-6 7-6(3)",
    "contrincante" : "Bohdan Ulihrach",
    "ganador" : true,
    "winnerAces" : 25,
    "winnerPrimerSaqueDentro" : 62,
    "winnerPrimerSaqueGanado" : 52,
    "winnerSegundoSaqueGanado" : 19,
    "winnerDobleFalta" : 6,
    "winnerServingPoints" : 100,
    "winnerServingGames" : 16,
    "loserAces" : 7,
    "loserPrimerSaqueDentro" : 61,
    "loserPrimerSaqueGanado" : 46,
    "loserSegundoSaqueGanado" : 26,
    "loserDobleFalta" : 6,
    "loserServingPoints" : 105,
    "loserServingGames" : 17
  }, {
    "torneo" : "Milan",
    "fecha" : "20040209",
    "superficie" : "Carpet",
    "resultado" : "6-4 5-7 7-6(4)",
    "contrincante" : "Tommy Robredo",
    "ganador" : false,
    "winnerAces" : 8,
    "winnerPrimerSaqueDentro" : 59,
    "winnerPrimerSaqueGanado" : 50,
    "winnerSegundoSaqueGanado" : 23,
    "winnerDobleFalta" : 2,
    "winnerServingPoints" : 93,
    "winnerServingGames" : 17,
    "loserAces" : 22,
    "loserPrimerSaqueDentro" : 64,
    "loserPrimerSaqueGanado" : 55,