{
  "nombre" : "James Blake",
  "mano" : "R",
  "nacionalidad" : "USA",
  "edad" : 24.1177275838,
  "ganar1Saque" : 0.7067221679857799,
  "ganar2Saque" : 0.5543973988720349,
  "primerSaque" : 0.6015017830899784,
  "segundoSaque" : 0.36639207548328806,
  "ganarPuntoSacando" : 0.628221457807923,
  "ganarPuntoRestando" : 0.39068903766714913,
  "probAce" : 0.06440678238868713,
  "clay" : {
    "nombre" : "Clay",
    "probVictoria" : 0.4000000059604645,
    "probGanarPrimerSaque" : 0.6875954031944275,
    "probGanarSegundoSaque" : 0.4496886432170868,
    "probPrimerSaque" : 0.6765420198440552,
    "probSegundoSaque" : 0.3106017231941223,
    "probGanarPuntoSacando" : 0.6048612503966995,
    "probGanarPuntoRestando" : 0.3859480302400158,
    "probAce" : 0.0
  },
  "grass" : {
    "nombre" : "Grass",
    "probVictoria" : 0.5,
    "probGanarPrimerSaque" : 1.3833333253860474,
    "probGanarSegundoSaque" : 0.5496031939983368,
    "probPrimerSaque" : 0.5599419474601746,
    "probSegundoSaque" : 0.38519594073295593,
    "probGanarPuntoSacando" : 0.9862912755452493,
    "probGanarPuntoRestando" : 0.35293155424229283,
    "probAce" : 0.0
  },
  "hard" : {
    "nombre" : "Hard",
    "probVictoria" : 0.5714285969734192,
    "probGanarPrimerSaque" : 0.7127100172496977,
    "probGanarSegundoSaque" : 0.5797846459207081,
    "probPrimerSaque" : 0.5875931396370843,
    "probSegundoSaque" : 0.37788464838550206,
    "probGanarPuntoSacando" : 0.63787523374961,
    "probGanarPuntoRestando" : 0.3954137997616911,
    "probAce" : 0.0
  },
  "other" : {
    "nombre" : "Other",
    "probVictoria" : 0.0,
    "probGanarPrimerSaque" : 0.0,
    "probGanarSegundoSaque" : 0.0,
    "probPrimerSaque" : 0.0,
    "probSegundoSaque" : 0.0,
    "probGanarPuntoSacando" : 0.0,
    "probGanarPuntoRestando" : 0.0,
    "probAce" : 0.0
  },
  "partidos" : [ {
    "torneo" : "San Jose",
    "fecha" : "20040209",
    "superficie" : "Hard",
    "resultado" : "6-1 6-3",
    "contrincante" : "Zack Fleishman",
    "ganador" : true,
    "winnerAces" : 6,
    "winnerPrimerSaqueDentro" : 34,
    "winnerPrimerSaqueGanado" : 25,
    "winnerSegundoSaqueGanado" : 7,
    "winnerDobleFalta" : 0,
    "winnerServingPoints" : 51,
    "winnerServingGames" : 8,
    "loserAces" : 2,
    "loserPrimerSaqueDentro" : 26,
    "loserPrimerSaqueGanado" : 14,
    "loserSegundoSaqueGanado" : 7,
    "loserDobleFalta" : 2,
    "loserServingPoints" : 45,
    "loserServingGames" : 8
  }, {
    "torneo" : "San Jose",
    "fecha" : "20040209",
    "superficie" : "Hard",
    "resultado" : "6-4 6-2",
    "contrincante" : "Joachim Johansson",
    "ganador" : false,
    "winnerAces" : 16,
    "winnerPrimerSaqueDentro" : 34,
    "winnerPrimerSaqueGanado" : 30,
    "winnerSegundoSaqueGanado" : 8,
    "winnerDobleFalta" : 4,
    "winnerServingPoints" : 51,
    "winnerServingGames" : 9,
    "loserAces" : 3,
    "loserPrimerSaqueDentro" : 40,
    "loserPrimerSaqueGanado" : 25,
    "loserSegundoSaqueGanado" : 11,
    "loserDobleFalta" : 2,
    "loserServingPoints" : 59,
    "loserServingGames" : 9
  }, {
    "torneo" : "Delray Beach",
    "fecha" : "20040913",
    "superficie" : "Hard",
    "resultado" : "4-6 6-3 6-2",
    "contrincante" : "Adrian Bohane",
    "ganador" : true,
    "winnerAces" : 6,
    "winnerPrimerSaqueDentro" : 54,
    "winnerPrimerSaqueGanado" : 42,
    "winnerSegundoSaqueGanado" : 13,
    "winnerDobleFalta" : 5,
    "winnerServingPoints" : 76,
    "winnerServingGames" : 14,
    "loserAces" : 1,
    "loserPrimerSaqueDentro" : 38,
    "loserPrimerSaqueGanado" : 28,
    "loserSegundoSaqueGanado" : 15,
    "loserDobleFalta" : 3,
    "loserServingPoints" : 71,
    "loserServingGames" : 13
  }, {
    "torneo" : "Delray Beach",
    "fecha" : "20040913",
    "superficie" : "Hard",
    "resultado" : "6-3 6-1",
    "contrincante" : "Vincent Spadea",
    "ganador" : false,
    "winnerAces" : 3,
    "winnerPrimerSaqueDentro" : 30,
    "winnerPrimerSaqueGanado" : 24,
    "winnerSegundoSaqueGanado" : 11,
    "winnerDobleFalta" : 0,
    "winnerServingPoints" : 51,
    "winnerServingGames" : 8,
    "loserAces" : 2,
    "loserPrimerSaqueDentro" : 30,
    "loserPrimerSaqueGanado" : 16,
    "loserSegundoSaqueGanado" : 10,
    "loserDobleFalta" : 1,
    "loserServingPoints" : 54,
    "loserServingGames" : 8
  }, {
    "torneo" : "Sydney",
    "fecha" : "20040112",
    "superficie" : "Hard",
    "resultado" : "6-2 6-4",
    "contrincante" : "Wayne Ferreira",
    "ganador" : false,
    "winnerAces" : 6,
    "winnerPrimerSaqueDentro" : 36,
    "winnerPrimerSaqueGanado" : 24,
    "winnerSegundoSaqueGanado" : 20,
    "winnerDobleFalta" : 2,
    "winnerServingPoints" : 65,
    "winnerServingGames" : 9,
    "loserAces" : 7,
    "loserPrimerSaqueDentro" : 28,
    "loserPrimerSaqueGanado" : 21,
    "loserSegundoSaqueGanado" : 8,
    "loserDobleFalta" : 1,
    "loserServingPoints" : 47,
    "loserServingGames" : 9
  }, {
    "torneo" : "Rome Masters",
    "fecha" : "20040503",
    "superficie" : "Clay",
    "resultado" : "2-6 6-3 6-1",
    "contrincante" : "Jiri Novak",
    "ganador" : false,
    "winnerAces" : 1,
    "winnerPrimerSaqueDentro" : 58,
    "winnerPrimerSaqueGanado" : 36,
    "winnerSegundoSaqueGanado" : 8,
    "winnerDobleFalta" : 1,
    "winnerServingPoints" : 68,
    "winnerServingGames" : 12,
    "loserAces" : 3,
    "loserPrimerSaqueDentro" : 65,
    "loserPrimerSaqueGanado" : 42,
    "loserSegundoSaqueGanado" : 6,
    "loserDobleFalta" : 2,
    "loserServingPoints" : 83,
    "loserServingGames" : 12
  }, {
    "torneo" : "Washington",
    "fecha" : "20040816",
    "superficie" : "Hard",
    "resultado" : "6-1 6-4",
    "contrincante" : "Adrian Garcia",
    "ganador" : false,
    "winnerAces" : 4,
    "winnerPrimerSaqueDentro" : 39,
    "winnerPrimerSaqueGanado" : 33,
    "winnerSegundoSaqueGanado" : 11,
    "winnerDobleFalta" : 3,
    "winnerServingPoints" : 63,
    "winnerServingGames" : 9,
    "loserAces" : 2,
    "loserPrimerSaqueDentro" : 21,
    "loserPrimerSaqueGanado" : 14,
    "loserSegundoSaqueGanado" : 11,
    "loserDobleFalta" : 4,
    "loserServingPoints" : 47,
    "loserServingGames" : 8
  }, {
    "torneo" : "Munich",
    "fecha" : "20040426",
    "superficie" : "Clay",
    "resultado" : "6-4 7-6(6)",
    "contrincante" : "Sargis Sargsian",
    "ganador" : false,
    "winnerAces" : 5,
    "winnerPrimerSaqueDentro" : 56,
    "winnerPrimerSaqueGanado" : 42,
    "winnerSegundoSaqueGanado" : 8,
    "winnerDobleFalta" : 3,
    "winnerServingPoints" : 76,
    "winnerServingGames" : 11,
    "loserAces" : 4,
    "loserPrimerSaqueDentro" : 51,
    "loserPrimerSaqueGanado" : 36,
    "loserSegundoSaqueGanado" : 12,
    "loserDobleFalta" : 0,
    "loserServingPoints" : 77,
    "loserServingGames" : 11
  }, {
    "torneo" : "Houston",
    "fecha" : "20040412",
    "superficie" : "Clay",
    "resultado" : "6-4 6-2",
    "contrincante" : "Wayne Odesnik",
    "ganador" : true,
    "winnerAces" : 2,
    "winnerPrimerSaqueDentro" : 34,
    "winnerPrimerSaqueGanado" : 24,
    "winnerSegundoSaqueGanado" : 8,
    "winnerDobleFalta" : 0,
    "winnerServingPoints" : 54,
    "winnerServingGames" : 9,
    "loserAces" : 2,
    "loserPrimerSaqueDentro" : 36,
    "loserPrimerSaqueGanado" : 21,
    "loserSegundoSaqueGanado" : 5,
    "loserDobleFalta" : 2,
    "loserServingPoints" : 53,
    "loserServingGames" : 9
  }, {
    "torneo" : "Houston",
    "fecha" : "20040412",
    "superficie" : "Clay",
    "resultado" : "7-5 6-3",
    "contrincante" : "Davide Sanguinetti",
    "ganador" : true,
    "winnerAces" : 6,
    "winnerPrimerSaqueDentro" : 51,
    "winnerPrimerSaqueGanado" : 40,
    "winnerSegundoSaqueGanado" : 10,
    "winnerDobleFalta" : 2,
    "winnerServingPoints" : 74,
    "winnerServingGames" : 11,
    "loserAces" : 1,
    "loserPrimerSaqueDentro" : 39,
    "loserPrimerSaqueGanado" : 23,
    "loserSegundoSaqueGanado" : 14,
    "loserDobleFalta" : 1,
    "loserServingPoints" : 62,