{
  "nombre" : "Jerome Golmard",
  "mano" : "L",
  "nacionalidad" : "FRA",
  "edad" : 31.0116358658,
  "ganar1Saque" : 0.7311591506004333,
  "ganar2Saque" : 0.6100547512372335,
  "primerSaque" : 0.5638599561320411,
  "segundoSaque" : 0.37033266491360134,
  "ganarPuntoSacando" : 0.6381945683519896,
  "ganarPuntoRestando" : 0.34555792632130955,
  "probAce" : 0.11214952915906906,
  "clay" : {
    "nombre" : "Clay",
    "probVictoria" : 0.20000000298023224,
    "probGanarPrimerSaque" : 0.6470588445663452,
    "probGanarSegundoSaque" : 0.5151515007019043,
    "probPrimerSaque" : 0.5666666626930237,
    "probSegundoSaque" : 0.36666667461395264,
    "probGanarPuntoSacando" : 0.5555555637011693,
    "probGanarPuntoRestando" : 0.3043478743100664,
    "probAce" : 0.0
  },
  "grass" : {
    "nombre" : "Grass",
    "probVictoria" : 0.0,
    "probGanarPrimerSaque" : 0.5555555820465088,
    "probGanarSegundoSaque" : 0.523809552192688,
    "probPrimerSaque" : 0.5094339847564697,
    "probSegundoSaque" : 0.3962264060974121,
    "probGanarPuntoSacando" : 0.4905660702604564,
    "probGanarPuntoRestando" : 0.24444442085355367,
    "probAce" : 0.0
  },
  "hard" : {
    "nombre" : "Hard",
    "probVictoria" : 0.38461539149284363,
    "probGanarPrimerSaque" : 0.7682597041130066,
    "probGanarSegundoSaque" : 0.6359331011772156,
    "probPrimerSaque" : 0.5712341368198395,
    "probSegundoSaque" : 0.36715727193014963,
    "probGanarPuntoSacando" : 0.6723436314907649,
    "probGanarPuntoRestando" : 0.36588986310402377,
    "probAce" : 0.0
  },
  "other" : {
    "nombre" : "Other",
    "probVictoria" : 0.3333333432674408,
    "probGanarPrimerSaque" : 0.0,
    "probGanarSegundoSaque" : 0.0,
    "probPrimerSaque" : 0.0,
    "probSegundoSaque" : 0.0,
    "probGanarPuntoSacando" : 0.0,
    "probGanarPuntoRestando" : 0.0,
    "probAce" : 0.0
  },
  "partidos" : [ {
    "torneo" : "Delray Beach",
    "fecha" : "20040913",
    "superficie" : "Hard",
    "resultado" : "7-5 3-6 6-4",
    "contrincante" : "Dick Norman",
    "ganador" : true,
    "winnerAces" : 7,
    "winnerPrimerSaqueDentro" : 49,
    "winnerPrimerSaqueGanado" : 35,
    "winnerSegundoSaqueGanado" : 17,
    "winnerDobleFalta" : 2,
    "winnerServingPoints" : 79,
    "winnerServingGames" : 15,
    "loserAces" : 13,
    "loserPrimerSaqueDentro" : 54,
    "loserPrimerSaqueGanado" : 41,
    "loserSegundoSaqueGanado" : 18,
    "loserDobleFalta" : 6,
    "loserServingPoints" : 93,
    "loserServingGames" : 16
  }, {
    "torneo" : "Delray Beach",
    "fecha" : "20040913",
    "superficie" : "Hard",
    "resultado" : "6-3 6-2",
    "contrincante" : "Sebastien De Chaunac",
    "ganador" : true,
    "winnerAces" : 7,
    "winnerPrimerSaqueDentro" : 30,
    "winnerPrimerSaqueGanado" : 26,
    "winnerSegundoSaqueGanado" : 12,
    "winnerDobleFalta" : 4,
    "winnerServingPoints" : 51,
    "winnerServingGames" : 9,
    "loserAces" : 5,
    "loserPrimerSaqueDentro" : 24,
    "loserPrimerSaqueGanado" : 16,
    "loserSegundoSaqueGanado" : 9,
    "loserDobleFalta" : 1,
    "loserServingPoints" : 44,
    "loserServingGames" : 8
  }, {
    "torneo" : "Delray Beach",
    "fecha" : "20040913",
    "superficie" : "Hard",
    "resultado" : "6-7(2) 6-3 6-3",
    "contrincante" : "Ricardo Mello",
    "ganador" : false,
    "winnerAces" : 10,
    "winnerPrimerSaqueDentro" : 65,
    "winnerPrimerSaqueGanado" : 47,
    "winnerSegundoSaqueGanado" : 21,
    "winnerDobleFalta" : 5,
    "winnerServingPoints" : 105,
    "winnerServingGames" : 15,
    "loserAces" : 15,
    "loserPrimerSaqueDentro" : 59,
    "loserPrimerSaqueGanado" : 43,
    "loserSegundoSaqueGanado" : 16,
    "loserDobleFalta" : 4,
    "loserServingPoints" : 91,
    "loserServingGames" : 15
  }, {
    "torneo" : "US Open",
    "fecha" : "20040830",
    "superficie" : "Hard",
    "resultado" : "7-6(2) RET",
    "contrincante" : "Irakli Labadze",
    "ganador" : true,
    "winnerAces" : 7,
    "winnerPrimerSaqueDentro" : 22,
    "winnerPrimerSaqueGanado" : 17,
    "winnerSegundoSaqueGanado" : 11,
    "winnerDobleFalta" : 3,
    "winnerServingPoints" : 39,
    "winnerServingGames" : 6,
    "loserAces" : 5,
    "loserPrimerSaqueDentro" : 22,
    "loserPrimerSaqueGanado" : 17,
    "loserSegundoSaqueGanado" : 4,
    "loserDobleFalta" : 3,
    "loserServingPoints" : 30,
    "loserServingGames" : 6
  }, {
    "torneo" : "US Open",
    "fecha" : "20040830",
    "superficie" : "Hard",
    "resultado" : "6-2 6-4 4-6 7-6(1)",
    "contrincante" : "Tim Henman",
    "ganador" : false,
    "winnerAces" : 22,
    "winnerPrimerSaqueDentro" : 77,
    "winnerPrimerSaqueGanado" : 56,
    "winnerSegundoSaqueGanado" : 27,
    "winnerDobleFalta" : 6,
    "winnerServingPoints" : 125,
    "winnerServingGames" : 20,
    "loserAces" : 10,
    "loserPrimerSaqueDentro" : 70,
    "loserPrimerSaqueGanado" : 46,
    "loserSegundoSaqueGanado" : 26,
    "loserDobleFalta" : 7,
    "loserServingPoints" : 127,
    "loserServingGames" : 20
  }, {
    "torneo" : "Australian Open",
    "fecha" : "20040119",
    "superficie" : "Hard",
    "resultado" : "7-6(3) 6-4 6-1",
    "contrincante" : "Albert Portas",
    "ganador" : true,
    "winnerAces" : 8,
    "winnerPrimerSaqueDentro" : 50,
    "winnerPrimerSaqueGanado" : 41,
    "winnerSegundoSaqueGanado" : 20,
    "winnerDobleFalta" : 6,
    "winnerServingPoints" : 88,
    "winnerServingGames" : 14,
    "loserAces" : 6,
    "loserPrimerSaqueDentro" : 52,
    "loserPrimerSaqueGanado" : 36,
    "loserSegundoSaqueGanado" : 17,
    "loserDobleFalta" : 8,
    "loserServingPoints" : 95,
    "loserServingGames" : 15
  }, {
    "torneo" : "Australian Open",
    "fecha" : "20040119",
    "superficie" : "Hard",
    "resultado" : "6-3 RET",
    "contrincante" : "Paradorn Srichaphan",
    "ganador" : false,
    "winnerAces" : 4,
    "winnerPrimerSaqueDentro" : 27,
    "winnerPrimerSaqueGanado" : 21,
    "winnerSegundoSaqueGanado" : 5,
    "winnerDobleFalta" : 0,
    "winnerServingPoints" : 39,
    "winnerServingGames" : 5,
    "loserAces" : 3,
    "loserPrimerSaqueDentro" : 11,
    "loserPrimerSaqueGanado" : 9,
    "loserSegundoSaqueGanado" : 7,
    "loserDobleFalta" : 2,
    "loserServingPoints" : 24,
    "loserServingGames" : 4
  }, {
    "torneo" : "Umag",
    "fecha" : "20040719",
    "superficie" : "Clay",
    "resultado" : "6-2 4-6 6-2",
    "contrincante" : "Alberto Martin",
    "ganador" : false,
    "winnerAces" : 3,
    "winnerPrimerSaqueDentro" : 43,
    "winnerPrimerSaqueGanado" : 35,
    "winnerSegundoSaqueGanado" : 13,
    "winnerDobleFalta" : 6,
    "winnerServingPoints" : 69,
    "winnerServingGames" : 13,
    "loserAces" : 7,
    "loserPrimerSaqueDentro" : 51,
    "loserPrimerSaqueGanado" : 33,
    "loserSegundoSaqueGanado" : 17,
    "loserDobleFalta" : 6,
    "loserServingPoints" : 90,
    "loserServingGames" : 13
  }, {
    "torneo" : "Newport",
    "fecha" : "20040705",
    "superficie" : "Grass",
    "resultado" : "6-2 6-2",
    "contrincante" : "Nicolas Mahut",
    "ganador" : false,
    "winnerAces" : 10,
    "winnerPrimerSaqueDentro" : 25,
    "winnerPrimerSaqueGanado" : 22,
    "winnerSegundoSaqueGanado" : 12,
    "winnerDobleFalta" : 1,
    "winnerServingPoints" : 45,
    "winnerServingGames" : 8,
    "loserAces" : 8,
    "loserPrimerSaqueDentro" : 27,
    "loserPrimerSaqueGanado" : 15,
    "loserSegundoSaqueGanado" : 11,
    "loserDobleFalta" : 5,
    "loserServingPoints" : 53,
    "loserServingGames" : 8
  }, {
    "torneo" : "Andorra CH",
    "fecha" : "20040621",
    "superficie" : "Hard",
    "resultado" : "6-3 6-6 RET",
    "contrincante" : "Tomas Cakl",
    "ganador" : false,
    "winnerAces" : 0,
    "winnerPrimerSaqueDentro" : 0,
    "winnerPrimerSaqueGanado" : 0,
    "winnerSegundoSaqueGanado" : 0,
    "winnerDobleFalta" : 0,
    "winnerServingPoints" : 0,
    "winnerServingGames" : 0,
    "loserAces" : 0,
    "loserPrimerSaqueDentro" : 0,
    "loserPrimerSaqueGanado" : 0,
    "loserSegundoSaqueGanado" : 0,
    "loserDobleFalta" : 0,