{
  "nombre" : "Julian Knowle",
  "mano" : "L",
  "nacionalidad" : "AUT",
  "edad" : 29.8206707734,
  "ganar1Saque" : 0.6565873821576437,
  "ganar2Saque" : 0.5792816049522824,
  "primerSaque" : 0.6116033660040961,
  "segundoSaque" : 0.3163604007826911,
  "ganarPuntoSacando" : 0.5848328137121773,
  "ganarPuntoRestando" : 0.3711915887888063,
  "probAce" : 0.04133545234799385,
  "clay" : {
    "nombre" : "Clay",
    "probVictoria" : 0.3333333432674408,
    "probGanarPrimerSaque" : 0.6692827641963959,
    "probGanarSegundoSaque" : 0.6121519804000854,
    "probPrimerSaque" : 0.6493435055017471,
    "probSegundoSaque" : 0.2854762151837349,
    "probGanarPuntoSacando" : 0.6093492467570312,
    "probGanarPuntoRestando" : 0.4425245189541932,
    "probAce" : 0.0
  },
  "grass" : {
    "nombre" : "Grass",
    "probVictoria" : 0.0,
    "probGanarPrimerSaque" : 0.6792452931404114,
    "probGanarSegundoSaque" : 0.517241358757019,
    "probPrimerSaque" : 0.6022727489471436,
    "probSegundoSaque" : 0.3295454680919647,
    "probGanarPuntoSacando" : 0.5795454755971896,
    "probGanarPuntoRestando" : 0.35454542326716876,
    "probAce" : 0.0
  },
  "hard" : {
    "nombre" : "Hard",
    "probVictoria" : 0.1428571492433548,
    "probGanarPrimerSaque" : 0.6382275223731995,
    "probGanarSegundoSaque" : 0.5619212910532951,
    "probPrimerSaque" : 0.5761958807706833,
    "probSegundoSaque" : 0.3439483195543289,
    "probGanarPuntoSacando" : 0.5610159531654965,
    "probGanarPuntoRestando" : 0.3040202000038288,
    "probAce" : 0.0
  },
  "other" : {
    "nombre" : "Other",
    "probVictoria" : 0.3333333432674408,
    "probGanarPrimerSaque" : 0.0,
    "probGanarSegundoSaque" : 0.0,
    "probPrimerSaque" : 0.0,
    "probSegundoSaque" : 0.0,
    "probGanarPuntoSacando" : 0.0,
    "probGanarPuntoRestando" : 0.0,
    "probAce" : 0.0
  },
  "partidos" : [ {
    "torneo" : "Marseille",
    "fecha" : "20040223",
    "superficie" : "Hard",
    "resultado" : "6-1 6-3",
    "contrincante" : "Cyril Saulnier",
    "ganador" : false,
    "winnerAces" : 11,
    "winnerPrimerSaqueDentro" : 24,
    "winnerPrimerSaqueGanado" : 20,
    "winnerSegundoSaqueGanado" : 12,
    "winnerDobleFalta" : 3,
    "winnerServingPoints" : 41,
    "winnerServingGames" : 8,
    "loserAces" : 4,
    "loserPrimerSaqueDentro" : 35,
    "loserPrimerSaqueGanado" : 20,
    "loserSegundoSaqueGanado" : 8,
    "loserDobleFalta" : 3,
    "loserServingPoints" : 56,
    "loserServingGames" : 8
  }, {
    "torneo" : "Vienna",
    "fecha" : "20041011",
    "superficie" : "Hard",
    "resultado" : "6-2 6-4",
    "contrincante" : "Guillermo Canas",
    "ganador" : false,
    "winnerAces" : 8,
    "winnerPrimerSaqueDentro" : 28,
    "winnerPrimerSaqueGanado" : 26,
    "winnerSegundoSaqueGanado" : 12,
    "winnerDobleFalta" : 6,
    "winnerServingPoints" : 51,
    "winnerServingGames" : 9,
    "loserAces" : 0,
    "loserPrimerSaqueDentro" : 36,
    "loserPrimerSaqueGanado" : 24,
    "loserSegundoSaqueGanado" : 9,
    "loserDobleFalta" : 9,
    "loserServingPoints" : 61,
    "loserServingGames" : 9
  }, {
    "torneo" : "Hamburg Masters",
    "fecha" : "20040510",
    "superficie" : "Clay",
    "resultado" : "6-1 6-3",
    "contrincante" : "Robby Ginepri",
    "ganador" : true,
    "winnerAces" : 4,
    "winnerPrimerSaqueDentro" : 32,
    "winnerPrimerSaqueGanado" : 23,
    "winnerSegundoSaqueGanado" : 12,
    "winnerDobleFalta" : 4,
    "winnerServingPoints" : 55,
    "winnerServingGames" : 8,
    "loserAces" : 0,
    "loserPrimerSaqueDentro" : 26,
    "loserPrimerSaqueGanado" : 12,
    "loserSegundoSaqueGanado" : 10,
    "loserDobleFalta" : 2,
    "loserServingPoints" : 48,
    "loserServingGames" : 8
  }, {
    "torneo" : "Hamburg Masters",
    "fecha" : "20040510",
    "superficie" : "Clay",
    "resultado" : "0-6 6-4 6-2",
    "contrincante" : "Fernando Gonzalez",
    "ganador" : false,
    "winnerAces" : 6,
    "winnerPrimerSaqueDentro" : 52,
    "winnerPrimerSaqueGanado" : 36,
    "winnerSegundoSaqueGanado" : 12,
    "winnerDobleFalta" : 3,
    "winnerServingPoints" : 80,
    "winnerServingGames" : 12,
    "loserAces" : 2,
    "loserPrimerSaqueDentro" : 56,
    "loserPrimerSaqueGanado" : 38,
    "loserSegundoSaqueGanado" : 14,
    "loserDobleFalta" : 6,
    "loserServingPoints" : 85,
    "loserServingGames" : 12
  }, {
    "torneo" : "St. Poelten",
    "fecha" : "20040517",
    "superficie" : "Clay",
    "resultado" : "7-5 4-6 6-2",
    "contrincante" : "Irakli Labadze",
    "ganador" : true,
    "winnerAces" : 8,
    "winnerPrimerSaqueDentro" : 57,
    "winnerPrimerSaqueGanado" : 43,
    "winnerSegundoSaqueGanado" : 14,
    "winnerDobleFalta" : 6,
    "winnerServingPoints" : 84,
    "winnerServingGames" : 15,
    "loserAces" : 2,
    "loserPrimerSaqueDentro" : 59,
    "loserPrimerSaqueGanado" : 41,
    "loserSegundoSaqueGanado" : 15,
    "loserDobleFalta" : 6,
    "loserServingPoints" : 96,
    "loserServingGames" : 15
  }, {
    "torneo" : "St. Poelten",
    "fecha" : "20040517",
    "superficie" : "Clay",
    "resultado" : "3-6 6-3 6-1",
    "contrincante" : "Olivier Rochus",
    "ganador" : false,
    "winnerAces" : 1,
    "winnerPrimerSaqueDentro" : 41,
    "winnerPrimerSaqueGanado" : 29,
    "winnerSegundoSaqueGanado" : 21,
    "winnerDobleFalta" : 5,
    "winnerServingPoints" : 85,
    "winnerServingGames" : 12,
    "loserAces" : 2,
    "loserPrimerSaqueDentro" : 59,
    "loserPrimerSaqueGanado" : 31,
    "loserSegundoSaqueGanado" : 13,
    "loserDobleFalta" : 4,
    "loserServingPoints" : 87,
    "loserServingGames" : 13
  }, {
    "torneo" : "Wimbledon",
    "fecha" : "20040621",
    "superficie" : "Grass",
    "resultado" : "2-6 6-3 6-1 6-3",
    "contrincante" : "Alejandro Falla",
    "ganador" : false,
    "winnerAces" : 6,
    "winnerPrimerSaqueDentro" : 67,
    "winnerPrimerSaqueGanado" : 46,
    "winnerSegundoSaqueGanado" : 25,
    "winnerDobleFalta" : 3,
    "winnerServingPoints" : 110,
    "winnerServingGames" : 17,
    "loserAces" : 2,
    "loserPrimerSaqueDentro" : 53,
    "loserPrimerSaqueGanado" : 36,
    "loserSegundoSaqueGanado" : 15,
    "loserDobleFalta" : 6,
    "loserServingPoints" : 88,
    "loserServingGames" : 16
  }, {
    "torneo" : "Chennai",
    "fecha" : "20040105",
    "superficie" : "Hard",
    "resultado" : "6-4 6-1",
    "contrincante" : "Karan Rastogi",
    "ganador" : true,
    "winnerAces" : 3,
    "winnerPrimerSaqueDentro" : 27,
    "winnerPrimerSaqueGanado" : 22,
    "winnerSegundoSaqueGanado" : 13,
    "winnerDobleFalta" : 2,
    "winnerServingPoints" : 47,
    "winnerServingGames" : 8,
    "loserAces" : 0,
    "loserPrimerSaqueDentro" : 35,
    "loserPrimerSaqueGanado" : 20,
    "loserSegundoSaqueGanado" : 13,
    "loserDobleFalta" : 2,
    "loserServingPoints" : 60,
    "loserServingGames" : 9
  }, {
    "torneo" : "Chennai",
    "fecha" : "20040105",
    "superficie" : "Hard",
    "resultado" : "6-3 6-3",
    "contrincante" : "Sjeng Schalken",
    "ganador" : false,
    "winnerAces" : 2,
    "winnerPrimerSaqueDentro" : 35,
    "winnerPrimerSaqueGanado" : 25,
    "winnerSegundoSaqueGanado" : 9,
    "winnerDobleFalta" : 0,
    "winnerServingPoints" : 48,
    "winnerServingGames" : 9,
    "loserAces" : 1,
    "loserPrimerSaqueDentro" : 34,
    "loserPrimerSaqueGanado" : 17,
    "loserSegundoSaqueGanado" : 14,
    "loserDobleFalta" : 5,
    "loserServingPoints" : 66,
    "loserServingGames" : 9
  }, {
    "torneo" : "Oberstaufen CH",
    "fecha" : "20040705",
    "superficie" : "Clay",
    "resultado" : "7-5 6-2",
    "contrincante" : "Michael Berrer",
    "ganador" : false,
    "winnerAces" : 0,
    "winnerPrimerSaqueDentro" : 0,
    "winnerPrimerSaqueGanado" : 0,
    "winnerSegundoSaqueGanado" : 0,
    "winnerDobleFalta" : 0,
    "winnerServingPoints" : 0,
    "winnerServingGames" : 0,
    "loserAces" : 0,
    "loserPrimerSaqueDentro" : 0,
    "loserPrimerSaqueGanado" : 0,
    "loserSegundoSaqueGanado" : 0,
    "loserDobleFalta" : 0,
    "loserServingPoints" : 0,