{
  "nombre" : "Kristian Pless",
  "mano" : "R",
  "nacionalidad" : "DEN",
  "edad" : 23.6495550992,
  "ganar1Saque" : 0.6676837801933289,
  "ganar2Saque" : 0.5354282259941101,
  "primerSaque" : 0.6007295598586401,
  "segundoSaque" : 0.34507081657648087,
  "ganarPuntoSacando" : 0.5858580385621756,
  "ganarPuntoRestando" : 0.32826143833854193,
  "probAce" : 0.08289702981710434,
  "clay" : {
    "nombre" : "Clay",
    "probVictoria" : 0.0,
    "probGanarPrimerSaque" : 0.5199999809265137,
    "probGanarSegundoSaque" : 0.5454545617103577,
    "probPrimerSaque" : 0.5102040767669678,
    "probSegundoSaque" : 0.33673468232154846,
    "probGanarPuntoSacando" : 0.4489795787458295,
    "probGanarPuntoRestando" : 0.3909091037288205,
    "probAce" : 0.0
  },
  "grass" : {
    "nombre" : "Grass",
    "probVictoria" : 0.0,
    "probGanarPrimerSaque" : 0.7333333492279053,
    "probGanarSegundoSaque" : 0.5,
    "probPrimerSaque" : 0.5,
    "probSegundoSaque" : 0.41333332657814026,
    "probGanarPuntoSacando" : 0.5733333379030228,
    "probGanarPuntoRestando" : 0.3795620350565623,
    "probAce" : 0.0
  },
  "hard" : {
    "nombre" : "Hard",
    "probVictoria" : 0.4615384638309479,
    "probGanarPrimerSaque" : 0.6870127187834846,
    "probGanarSegundoSaque" : 0.5650629434320662,
    "probPrimerSaque" : 0.6195454597473145,
    "probSegundoSaque" : 0.3411141203509437,
    "probGanarPuntoSacando" : 0.6183865596027107,
    "probGanarPuntoRestando" : 0.31224172971742253,
    "probAce" : 0.0
  },
  "other" : {
    "nombre" : "Other",
    "probVictoria" : 0.0,
    "probGanarPrimerSaque" : 0.5757575631141663,
    "probGanarSegundoSaque" : 0.29411765933036804,
    "probPrimerSaque" : 0.6226415038108826,
    "probSegundoSaque" : 0.3207547068595886,
    "probGanarPuntoSacando" : 0.45283017852863416,
    "probGanarPuntoRestando" : 0.35849055382031736,
    "probAce" : 0.0
  },
  "partidos" : [ {
    "torneo" : "Tokyo",
    "fecha" : "20041004",
    "superficie" : "Hard",
    "resultado" : "7-6(2) 7-6(0)",
    "contrincante" : "Nicolas Thomann",
    "ganador" : false,
    "winnerAces" : 12,
    "winnerPrimerSaqueDentro" : 45,
    "winnerPrimerSaqueGanado" : 39,
    "winnerSegundoSaqueGanado" : 19,
    "winnerDobleFalta" : 0,
    "winnerServingPoints" : 72,
    "winnerServingGames" : 12,
    "loserAces" : 5,
    "loserPrimerSaqueDentro" : 40,
    "loserPrimerSaqueGanado" : 28,
    "loserSegundoSaqueGanado" : 27,
    "loserDobleFalta" : 1,
    "loserServingPoints" : 78,
    "loserServingGames" : 12
  }, {
    "torneo" : "Washington",
    "fecha" : "20040816",
    "superficie" : "Hard",
    "resultado" : "6-3 3-6 7-6(2)",
    "contrincante" : "Brian Baker",
    "ganador" : true,
    "winnerAces" : 8,
    "winnerPrimerSaqueDentro" : 78,
    "winnerPrimerSaqueGanado" : 52,
    "winnerSegundoSaqueGanado" : 18,
    "winnerDobleFalta" : 5,
    "winnerServingPoints" : 120,
    "winnerServingGames" : 15,
    "loserAces" : 6,
    "loserPrimerSaqueDentro" : 57,
    "loserPrimerSaqueGanado" : 41,
    "loserSegundoSaqueGanado" : 19,
    "loserDobleFalta" : 4,
    "loserServingPoints" : 94,
    "loserServingGames" : 15
  }, {
    "torneo" : "Washington",
    "fecha" : "20040816",
    "superficie" : "Hard",
    "resultado" : "6-4 6-2",
    "contrincante" : "Andre Agassi",
    "ganador" : false,
    "winnerAces" : 12,
    "winnerPrimerSaqueDentro" : 31,
    "winnerPrimerSaqueGanado" : 26,
    "winnerSegundoSaqueGanado" : 12,
    "winnerDobleFalta" : 1,
    "winnerServingPoints" : 48,
    "winnerServingGames" : 9,
    "loserAces" : 7,
    "loserPrimerSaqueDentro" : 41,
    "loserPrimerSaqueGanado" : 27,
    "loserSegundoSaqueGanado" : 11,
    "loserDobleFalta" : 2,
    "loserServingPoints" : 65,
    "loserServingGames" : 9
  }, {
    "torneo" : "US Open",
    "fecha" : "20040830",
    "superficie" : "Hard",
    "resultado" : "6-4 3-6 6-1 7-6(4)",
    "contrincante" : "Gustavo Kuerten",
    "ganador" : true,
    "winnerAces" : 9,
    "winnerPrimerSaqueDentro" : 80,
    "winnerPrimerSaqueGanado" : 61,
    "winnerSegundoSaqueGanado" : 16,
    "winnerDobleFalta" : 5,
    "winnerServingPoints" : 107,
    "winnerServingGames" : 19,
    "loserAces" : 15,
    "loserPrimerSaqueDentro" : 58,
    "loserPrimerSaqueGanado" : 42,
    "loserSegundoSaqueGanado" : 26,
    "loserDobleFalta" : 6,
    "loserServingPoints" : 107,
    "loserServingGames" : 19
  }, {
    "torneo" : "US Open",
    "fecha" : "20040830",
    "superficie" : "Hard",
    "resultado" : "6-1 7-6(3) 7-5",
    "contrincante" : "Karol Beck",
    "ganador" : false,
    "winnerAces" : 10,
    "winnerPrimerSaqueDentro" : 52,
    "winnerPrimerSaqueGanado" : 38,
    "winnerSegundoSaqueGanado" : 32,
    "winnerDobleFalta" : 2,
    "winnerServingPoints" : 106,
    "winnerServingGames" : 16,
    "loserAces" : 8,
    "loserPrimerSaqueDentro" : 63,
    "loserPrimerSaqueGanado" : 37,
    "loserSegundoSaqueGanado" : 16,
    "loserDobleFalta" : 3,
    "loserServingPoints" : 103,
    "loserServingGames" : 15
  }, {
    "torneo" : "Beijing",
    "fecha" : "20040913",
    "superficie" : "Hard",
    "resultado" : "7-6(5) 3-6 6-3",
    "contrincante" : "David Nalbandian",
    "ganador" : false,
    "winnerAces" : 7,
    "winnerPrimerSaqueDentro" : 55,
    "winnerPrimerSaqueGanado" : 40,
    "winnerSegundoSaqueGanado" : 28,
    "winnerDobleFalta" : 1,
    "winnerServingPoints" : 98,
    "winnerServingGames" : 15,
    "loserAces" : 5,
    "loserPrimerSaqueDentro" : 59,
    "loserPrimerSaqueGanado" : 43,
    "loserSegundoSaqueGanado" : 23,
    "loserDobleFalta" : 2,
    "loserServingPoints" : 100,
    "loserServingGames" : 15
  }, {
    "torneo" : "Roland Garros",
    "fecha" : "20040524",
    "superficie" : "Clay",
    "resultado" : "6-2 4-6 6-1 6-2",
    "contrincante" : "Alejandro Falla",
    "ganador" : false,
    "winnerAces" : 5,
    "winnerPrimerSaqueDentro" : 72,
    "winnerPrimerSaqueGanado" : 47,
    "winnerSegundoSaqueGanado" : 20,
    "winnerDobleFalta" : 3,
    "winnerServingPoints" : 110,
    "winnerServingGames" : 17,
    "loserAces" : 3,
    "loserPrimerSaqueDentro" : 50,
    "loserPrimerSaqueGanado" : 26,
    "loserSegundoSaqueGanado" : 18,
    "loserDobleFalta" : 15,
    "loserServingPoints" : 98,
    "loserServingGames" : 16
  }, {
    "torneo" : "Moscow",
    "fecha" : "20041011",
    "superficie" : "Carpet",
    "resultado" : "6-0 6-4",
    "contrincante" : "Kenneth Carlsen",
    "ganador" : false,
    "winnerAces" : 5,
    "winnerPrimerSaqueDentro" : 33,
    "winnerPrimerSaqueGanado" : 24,
    "winnerSegundoSaqueGanado" : 10,
    "winnerDobleFalta" : 0,
    "winnerServingPoints" : 53,
    "winnerServingGames" : 8,
    "loserAces" : 1,
    "loserPrimerSaqueDentro" : 33,
    "loserPrimerSaqueGanado" : 19,
    "loserSegundoSaqueGanado" : 5,
    "loserDobleFalta" : 3,
    "loserServingPoints" : 53,
    "loserServingGames" : 8
  }, {
    "torneo" : "Wimbledon",
    "fecha" : "20040621",
    "superficie" : "Grass",
    "resultado" : "7-6(5) 4-6 7-5 6-1",
    "contrincante" : "Felix Mantilla",
    "ganador" : false,
    "winnerAces" : 4,
    "winnerPrimerSaqueDentro" : 77,
    "winnerPrimerSaqueGanado" : 56,
    "winnerSegundoSaqueGanado" : 29,
    "winnerDobleFalta" : 8,
    "winnerServingPoints" : 137,
    "winnerServingGames" : 21,
    "loserAces" : 19,
    "loserPrimerSaqueDentro" : 75,
    "loserPrimerSaqueGanado" : 55,
    "loserSegundoSaqueGanado" : 31,
    "loserDobleFalta" : 13,
    "loserServingPoints" : 150,
    "loserServingGames" : 20
  }, {
    "torneo" : "Shanghai",
    "fecha" : "20040927",
    "superficie" : "Hard",
    "resultado" : "4-6 7-5 6-0",
    "contrincante" : "Christophe Rochus",
    "ganador" : true,
    "winnerAces" : 17,
    "winnerPrimerSaqueDentro" : 61,
    "winnerPrimerSaqueGanado" : 48,
    "winnerSegundoSaqueGanado" : 12,
    "winnerDobleFalta" : 7,
    "winnerServingPoints" : 93,
    "winnerServingGames" : 14,
    "loserAces" : 1,
    "loserPrimerSaqueDentro" : 53,
    "loserPrimerSaqueGanado" : 35,