{
  "nombre" : "Mark Philippoussis",
  "mano" : "R",
  "nacionalidad" : "AUS",
  "edad" : 27.9069130732,
  "ganar1Saque" : 0.7721634461329534,
  "ganar2Saque" : 0.5421194136142731,
  "primerSaque" : 0.5690427273511887,
  "segundoSaque" : 0.37096599030953187,
  "ganarPuntoSacando" : 0.64050185848583,
  "ganarPuntoRestando" : 0.33926423961225305,
  "probAce" : 0.13131731748580933,
  "clay" : {
    "nombre" : "Clay",
    "probVictoria" : 0.5,
    "probGanarPrimerSaque" : 0.7153858343760172,
    "probGanarSegundoSaque" : 0.5572390804688135,
    "probPrimerSaque" : 0.5546064873536428,
    "probSegundoSaque" : 0.3771164019902547,
    "probGanarPuntoSacando" : 0.6069016217805948,
    "probGanarPuntoRestando" : 0.36911858154586413,
    "probAce" : 0.0
  },
  "grass" : {
    "nombre" : "Grass",
    "probVictoria" : 0.6000000238418579,
    "probGanarPrimerSaque" : 1.3907203674316406,
    "probGanarSegundoSaque" : 0.6601636171340942,
    "probPrimerSaque" : 0.6196310162544251,
    "probSegundoSaque" : 0.30150777101516724,
    "probGanarPuntoSacando" : 1.060777935304806,
    "probGanarPuntoRestando" : 0.33215759835563563,
    "probAce" : 0.0
  },
  "hard" : {
    "nombre" : "Hard",
    "probVictoria" : 0.3125,
    "probGanarPrimerSaque" : 0.7741182327270508,
    "probGanarSegundoSaque" : 0.49672347903251646,
    "probPrimerSaque" : 0.5579544603824615,
    "probSegundoSaque" : 0.3916585654020309,
    "probGanarPuntoSacando" : 0.6264687260128275,
    "probGanarPuntoRestando" : 0.32969138325768116,
    "probAce" : 0.0
  },
  "other" : {
    "nombre" : "Other",
    "probVictoria" : 0.0,
    "probGanarPrimerSaque" : 0.0,
    "probGanarSegundoSaque" : 0.0,
    "probPrimerSaque" : 0.0,
    "probSegundoSaque" : 0.0,
    "probGanarPuntoSacando" : 0.0,
    "probGanarPuntoRestando" : 0.0,
    "probAce" : 0.0
  },
  "partidos" : [ {
    "torneo" : "Tokyo",
    "fecha" : "20041004",
    "superficie" : "Hard",
    "resultado" : "6-3 6-4",
    "contrincante" : "Tomas Zib",
    "ganador" : false,
    "winnerAces" : 6,
    "winnerPrimerSaqueDentro" : 30,
    "winnerPrimerSaqueGanado" : 27,
    "winnerSegundoSaqueGanado" : 13,
    "winnerDobleFalta" : 1,
    "winnerServingPoints" : 48,
    "winnerServingGames" : 10,
    "loserAces" : 11,
    "loserPrimerSaqueDentro" : 38,
    "loserPrimerSaqueGanado" : 28,
    "loserSegundoSaqueGanado" : 15,
    "loserDobleFalta" : 7,
    "loserServingPoints" : 74,
    "loserServingGames" : 9
  }, {
    "torneo" : "Los Angeles",
    "fecha" : "20040712",
    "superficie" : "Hard",
    "resultado" : "6-1 7-5",
    "contrincante" : "Julien Benneteau",
    "ganador" : false,
    "winnerAces" : 4,
    "winnerPrimerSaqueDentro" : 41,
    "winnerPrimerSaqueGanado" : 31,
    "winnerSegundoSaqueGanado" : 9,
    "winnerDobleFalta" : 3,
    "winnerServingPoints" : 61,
    "winnerServingGames" : 9,
    "loserAces" : 10,
    "loserPrimerSaqueDentro" : 34,
    "loserPrimerSaqueGanado" : 22,
    "loserSegundoSaqueGanado" : 11,
    "loserDobleFalta" : 7,
    "loserServingPoints" : 69,
    "loserServingGames" : 10
  }, {
    "torneo" : "Dubai",
    "fecha" : "20040301",
    "superficie" : "Hard",
    "resultado" : "6-2 7-6(8)",
    "contrincante" : "Olivier Rochus",
    "ganador" : false,
    "winnerAces" : 3,
    "winnerPrimerSaqueDentro" : 39,
    "winnerPrimerSaqueGanado" : 33,
    "winnerSegundoSaqueGanado" : 15,
    "winnerDobleFalta" : 4,
    "winnerServingPoints" : 66,
    "winnerServingGames" : 10,
    "loserAces" : 8,
    "loserPrimerSaqueDentro" : 39,
    "loserPrimerSaqueGanado" : 30,
    "loserSegundoSaqueGanado" : 17,
    "loserDobleFalta" : 7,
    "loserServingPoints" : 73,
    "loserServingGames" : 10
  }, {
    "torneo" : "Doha",
    "fecha" : "20040105",
    "superficie" : "Hard",
    "resultado" : "3-6 6-1 6-4",
    "contrincante" : "Stefan Koubek",
    "ganador" : false,
    "winnerAces" : 4,
    "winnerPrimerSaqueDentro" : 48,
    "winnerPrimerSaqueGanado" : 35,
    "winnerSegundoSaqueGanado" : 17,
    "winnerDobleFalta" : 2,
    "winnerServingPoints" : 76,
    "winnerServingGames" : 13,
    "loserAces" : 9,
    "loserPrimerSaqueDentro" : 54,
    "loserPrimerSaqueGanado" : 36,
    "loserSegundoSaqueGanado" : 8,
    "loserDobleFalta" : 3,
    "loserServingPoints" : 74,
    "loserServingGames" : 13
  }, {
    "torneo" : "Sydney",
    "fecha" : "20040112",
    "superficie" : "Hard",
    "resultado" : "6-4 5-7 6-2",
    "contrincante" : "Ruben Ramirez Hidalgo",
    "ganador" : true,
    "winnerAces" : 17,
    "winnerPrimerSaqueDentro" : 48,
    "winnerPrimerSaqueGanado" : 41,
    "winnerSegundoSaqueGanado" : 15,
    "winnerDobleFalta" : 7,
    "winnerServingPoints" : 80,
    "winnerServingGames" : 15,
    "loserAces" : 4,
    "loserPrimerSaqueDentro" : 60,
    "loserPrimerSaqueGanado" : 37,
    "loserSegundoSaqueGanado" : 16,
    "loserDobleFalta" : 4,
    "loserServingPoints" : 88,
    "loserServingGames" : 15
  }, {
    "torneo" : "Sydney",
    "fecha" : "20040112",
    "superficie" : "Hard",
    "resultado" : "6-3 1-6 6-4",
    "contrincante" : "Greg Rusedski",
    "ganador" : true,
    "winnerAces" : 7,
    "winnerPrimerSaqueDentro" : 33,
    "winnerPrimerSaqueGanado" : 30,
    "winnerSegundoSaqueGanado" : 15,
    "winnerDobleFalta" : 3,
    "winnerServingPoints" : 65,
    "winnerServingGames" : 13,
    "loserAces" : 5,
    "loserPrimerSaqueDentro" : 58,
    "loserPrimerSaqueGanado" : 38,
    "loserSegundoSaqueGanado" : 14,
    "loserDobleFalta" : 2,
    "loserServingPoints" : 80,
    "loserServingGames" : 13
  }, {
    "torneo" : "Sydney",
    "fecha" : "20040112",
    "superficie" : "Hard",
    "resultado" : "6-4 7-6(4)",
    "contrincante" : "Martin Verkerk",
    "ganador" : false,
    "winnerAces" : 8,
    "winnerPrimerSaqueDentro" : 35,
    "winnerPrimerSaqueGanado" : 28,
    "winnerSegundoSaqueGanado" : 23,
    "winnerDobleFalta" : 6,
    "winnerServingPoints" : 70,
    "winnerServingGames" : 11,
    "loserAces" : 11,
    "loserPrimerSaqueDentro" : 37,
    "loserPrimerSaqueGanado" : 31,
    "loserSegundoSaqueGanado" : 15,
    "loserDobleFalta" : 1,
    "loserServingPoints" : 66,
    "loserServingGames" : 11
  }, {
    "torneo" : "Rome Masters",
    "fecha" : "20040503",
    "superficie" : "Clay",
    "resultado" : "6-2 4-6 6-4",
    "contrincante" : "Tommy Robredo",
    "ganador" : false,
    "winnerAces" : 4,
    "winnerPrimerSaqueDentro" : 58,
    "winnerPrimerSaqueGanado" : 41,
    "winnerSegundoSaqueGanado" : 14,
    "winnerDobleFalta" : 4,
    "winnerServingPoints" : 85,
    "winnerServingGames" : 14,
    "loserAces" : 4,
    "loserPrimerSaqueDentro" : 45,
    "loserPrimerSaqueGanado" : 30,
    "loserSegundoSaqueGanado" : 18,
    "loserDobleFalta" : 3,
    "loserServingPoints" : 78,
    "loserServingGames" : 14
  }, {
    "torneo" : "Hamburg Masters",
    "fecha" : "20040510",
    "superficie" : "Clay",
    "resultado" : "7-6(5) 6-1",
    "contrincante" : "Joachim Johansson",
    "ganador" : false,
    "winnerAces" : 9,
    "winnerPrimerSaqueDentro" : 46,
    "winnerPrimerSaqueGanado" : 39,
    "winnerSegundoSaqueGanado" : 14,
    "winnerDobleFalta" : 4,
    "winnerServingPoints" : 76,
    "winnerServingGames" : 10,
    "loserAces" : 4,
    "loserPrimerSaqueDentro" : 35,
    "loserPrimerSaqueGanado" : 24,
    "loserSegundoSaqueGanado" : 15,
    "loserDobleFalta" : 6,
    "loserServingPoints" : 68,
    "loserServingGames" : 9
  }, {
    "torneo" : "US Open",
    "fecha" : "20040830",
    "superficie" : "Hard",
    "resultado" : "1-6 6-3 3-6 7-6(5) 4-1 RET",
    "contrincante" : "Nikolay Davydenko",
    "ganador" : false,
    "winnerAces" : 6,
    "winnerPrimerSaqueDentro" : 93,
    "winnerPrimerSaqueGanado" : 63,
    "winnerSegundoSaqueGanado" : 23,
    "winnerDobleFalta" : 5,
    "winnerServingPoints" : 135,
    "winnerServingGames" : 20,
    "loserAces" : 17,
    "loserPrimerSaqueDentro" : 71,
    "loserPrimerSaqueGanado" : 56,
    "loserSegundoSaqueGanado" : 34,
    "loserDobleFalta" : 6,
    "loserServingPoints" : 145,