{
  "nombre" : "Michael Kohlmann",
  "mano" : "R",
  "nacionalidad" : "GER",
  "edad" : 30.7296372348,
  "ganar1Saque" : 0.711563304066658,
  "ganar2Saque" : 0.5744320563971996,
  "primerSaque" : 0.6441051326692104,
  "segundoSaque" : 0.33419223316013813,
  "ganarPuntoSacando" : 0.6502923080945471,
  "ganarPuntoRestando" : 0.33791123801168055,
  "probAce" : 0.04933586344122887,
  "clay" : {
    "nombre" : "Clay",
    "probVictoria" : 0.3333333432674408,
    "probGanarPrimerSaque" : 0.0,
    "probGanarSegundoSaque" : 0.0,
    "probPrimerSaque" : 0.0,
    "probSegundoSaque" : 0.0,
    "probGanarPuntoSacando" : 0.0,
    "probGanarPuntoRestando" : 0.0,
    "probAce" : 0.0
  },
  "grass" : {
    "nombre" : "Grass",
    "probVictoria" : 0.5,
    "probGanarPrimerSaque" : 1.3557158708572388,
    "probGanarSegundoSaque" : 0.49824562668800354,
    "probPrimerSaque" : 0.6988727748394012,
    "probSegundoSaque" : 0.28462157398462296,
    "probGanarPuntoSacando" : 1.0892843670587082,
    "probGanarPuntoRestando" : 0.3817836690033569,
    "probAce" : 0.0
  },
  "hard" : {
    "nombre" : "Hard",
    "probVictoria" : 0.5,
    "probGanarPrimerSaque" : 0.7384453862905502,
    "probGanarSegundoSaque" : 0.5606209263205528,
    "probPrimerSaque" : 0.6215947344899178,
    "probSegundoSaque" : 0.35017604380846024,
    "probGanarPuntoSacando" : 0.6553297818817447,
    "probGanarPuntoRestando" : 0.32525757347919537,
    "probAce" : 0.0
  },
  "other" : {
    "nombre" : "Other",
    "probVictoria" : 0.5,
    "probGanarPrimerSaque" : 0.6915045082569122,
    "probGanarSegundoSaque" : 0.6782407462596893,
    "probPrimerSaque" : 0.634358286857605,
    "probSegundoSaque" : 0.3517952710390091,
    "probGanarPuntoSacando" : 0.6772635023722926,
    "probGanarPuntoRestando" : 0.31934613608497464,
    "probAce" : 0.0
  },
  "partidos" : [ {
    "torneo" : "Tokyo",
    "fecha" : "20041004",
    "superficie" : "Hard",
    "resultado" : "7-5 6-2",
    "contrincante" : "Kenneth Carlsen",
    "ganador" : true,
    "winnerAces" : 2,
    "winnerPrimerSaqueDentro" : 34,
    "winnerPrimerSaqueGanado" : 30,
    "winnerSegundoSaqueGanado" : 8,
    "winnerDobleFalta" : 2,
    "winnerServingPoints" : 51,
    "winnerServingGames" : 10,
    "loserAces" : 7,
    "loserPrimerSaqueDentro" : 34,
    "loserPrimerSaqueGanado" : 26,
    "loserSegundoSaqueGanado" : 8,
    "loserDobleFalta" : 3,
    "loserServingPoints" : 58,
    "loserServingGames" : 10
  }, {
    "torneo" : "Tokyo",
    "fecha" : "20041004",
    "superficie" : "Hard",
    "resultado" : "4-6 7-6(2) 6-3",
    "contrincante" : "Guillermo Canas",
    "ganador" : true,
    "winnerAces" : 2,
    "winnerPrimerSaqueDentro" : 68,
    "winnerPrimerSaqueGanado" : 51,
    "winnerSegundoSaqueGanado" : 13,
    "winnerDobleFalta" : 2,
    "winnerServingPoints" : 87,
    "winnerServingGames" : 15,
    "loserAces" : 6,
    "loserPrimerSaqueDentro" : 55,
    "loserPrimerSaqueGanado" : 44,
    "loserSegundoSaqueGanado" : 15,
    "loserDobleFalta" : 2,
    "loserServingPoints" : 87,
    "loserServingGames" : 16
  }, {
    "torneo" : "Tokyo",
    "fecha" : "20041004",
    "superficie" : "Hard",
    "resultado" : "6-4 6-2",
    "contrincante" : "Bohdan Ulihrach",
    "ganador" : false,
    "winnerAces" : 1,
    "winnerPrimerSaqueDentro" : 35,
    "winnerPrimerSaqueGanado" : 27,
    "winnerSegundoSaqueGanado" : 12,
    "winnerDobleFalta" : 2,
    "winnerServingPoints" : 59,
    "winnerServingGames" : 9,
    "loserAces" : 2,
    "loserPrimerSaqueDentro" : 28,
    "loserPrimerSaqueGanado" : 17,
    "loserSegundoSaqueGanado" : 12,
    "loserDobleFalta" : 2,
    "loserServingPoints" : 57,
    "loserServingGames" : 9
  }, {
    "torneo" : "Bangkok",
    "fecha" : "20040927",
    "superficie" : "Hard",
    "resultado" : "6-3 6-4",
    "contrincante" : "Jeff Morrison",
    "ganador" : false,
    "winnerAces" : 9,
    "winnerPrimerSaqueDentro" : 29,
    "winnerPrimerSaqueGanado" : 25,
    "winnerSegundoSaqueGanado" : 16,
    "winnerDobleFalta" : 4,
    "winnerServingPoints" : 53,
    "winnerServingGames" : 10,
    "loserAces" : 3,
    "loserPrimerSaqueDentro" : 35,
    "loserPrimerSaqueGanado" : 25,
    "loserSegundoSaqueGanado" : 14,
    "loserDobleFalta" : 1,
    "loserServingPoints" : 64,
    "loserServingGames" : 9
  }, {
    "torneo" : "St. Petersburg",
    "fecha" : "20041025",
    "superficie" : "Carpet",
    "resultado" : "4-6 6-3 6-4",
    "contrincante" : "Gregory Carraz",
    "ganador" : true,
    "winnerAces" : 11,
    "winnerPrimerSaqueDentro" : 49,
    "winnerPrimerSaqueGanado" : 37,
    "winnerSegundoSaqueGanado" : 22,
    "winnerDobleFalta" : 1,
    "winnerServingPoints" : 77,
    "winnerServingGames" : 15,
    "loserAces" : 12,
    "loserPrimerSaqueDentro" : 59,
    "loserPrimerSaqueGanado" : 44,
    "loserSegundoSaqueGanado" : 12,
    "loserDobleFalta" : 10,
    "loserServingPoints" : 86,
    "loserServingGames" : 14
  }, {
    "torneo" : "St. Petersburg",
    "fecha" : "20041025",
    "superficie" : "Carpet",
    "resultado" : "7-6(3) 6-3",
    "contrincante" : "Michael Llodra",
    "ganador" : false,
    "winnerAces" : 9,
    "winnerPrimerSaqueDentro" : 43,
    "winnerPrimerSaqueGanado" : 34,
    "winnerSegundoSaqueGanado" : 15,
    "winnerDobleFalta" : 0,
    "winnerServingPoints" : 69,
    "winnerServingGames" : 11,
    "loserAces" : 3,
    "loserPrimerSaqueDentro" : 43,
    "loserPrimerSaqueGanado" : 27,
    "loserSegundoSaqueGanado" : 13,
    "loserDobleFalta" : 1,
    "loserServingPoints" : 68,
    "loserServingGames" : 10
  }, {
    "torneo" : "'s-Hertogenbosch",
    "fecha" : "20040614",
    "superficie" : "Grass",
    "resultado" : "7-6(7) 6-4",
    "contrincante" : "George Bastl",
    "ganador" : true,
    "winnerAces" : 2,
    "winnerPrimerSaqueDentro" : 53,
    "winnerPrimerSaqueGanado" : 36,
    "winnerSegundoSaqueGanado" : 11,
    "winnerDobleFalta" : 1,
    "winnerServingPoints" : 69,
    "winnerServingGames" : 11,
    "loserAces" : 8,
    "loserPrimerSaqueDentro" : 59,
    "loserPrimerSaqueGanado" : 42,
    "loserSegundoSaqueGanado" : 11,
    "loserDobleFalta" : 2,
    "loserServingPoints" : 85,
    "loserServingGames" : 11
  }, {
    "torneo" : "'s-Hertogenbosch",
    "fecha" : "20040614",
    "superficie" : "Grass",
    "resultado" : "6-4 6-2",
    "contrincante" : "Guillermo Coria",
    "ganador" : false,
    "winnerAces" : 6,
    "winnerPrimerSaqueDentro" : 35,
    "winnerPrimerSaqueGanado" : 25,
    "winnerSegundoSaqueGanado" : 13,
    "winnerDobleFalta" : 7,
    "winnerServingPoints" : 62,
    "winnerServingGames" : 9,
    "loserAces" : 1,
    "loserPrimerSaqueDentro" : 34,
    "loserPrimerSaqueGanado" : 23,
    "loserSegundoSaqueGanado" : 5,
    "loserDobleFalta" : 1,
    "loserServingPoints" : 54,
    "loserServingGames" : 9
  }, {
    "torneo" : "Poznan CH",
    "fecha" : "20040802",
    "superficie" : "Clay",
    "resultado" : "7-6(5) 6-2",
    "contrincante" : "Filip Urban",
    "ganador" : true,
    "winnerAces" : 0,
    "winnerPrimerSaqueDentro" : 0,
    "winnerPrimerSaqueGanado" : 0,
    "winnerSegundoSaqueGanado" : 0,
    "winnerDobleFalta" : 0,
    "winnerServingPoints" : 0,
    "winnerServingGames" : 0,
    "loserAces" : 0,
    "loserPrimerSaqueDentro" : 0,
    "loserPrimerSaqueGanado" : 0,
    "loserSegundoSaqueGanado" : 0,
    "loserDobleFalta" : 0,
    "loserServingPoints" : 0,
    "loserServingGames" : 0
  }, {
    "torneo" : "Poznan CH",
    "fecha" : "20040802",
    "superficie" : "Clay",
    "resultado" : "6-4 6-2",
    "contrincante" : "Marc Rosset",
    "ganador" : false,
    "winnerAces" : 0,
    "winnerPrimerSaqueDentro" : 0,
    "winnerPrimerSaqueGanado" : 0,
    "winnerSegundoSaqueGanado" : 0,
    "winnerDobleFalta" : 0,
    "winnerServingPoints" : 0,
    "winnerServingGames" : 0,
    "loserAces" : 0,
    "loserPrimerSaqueDentro" : 0,
    "loserPrimerSaqueGanado" : 0,
    "loserSegundoSaqueGanado" : 0,
    "loserDobleFalta" : 0,
    "loserServingPoints" : 0,