{
  "nombre" : "Nicolas Escude",
  "mano" : "R",
  "nacionalidad" : "FRA",
  "edad" : 28.3121149897,
  "ganar1Saque" : 0.7554582603599714,
  "ganar2Saque" : 0.5813735017310018,
  "primerSaque" : 0.5965450859588125,
  "segundoSaque" : 0.3675500614487607,
  "ganarPuntoSacando" : 0.6643487791506449,
  "ganarPuntoRestando" : 0.3876700993532081,
  "probAce" : 0.10115081816911697,
  "clay" : {
    "nombre" : "Clay",
    "probVictoria" : 0.5714285969734192,
    "probGanarPrimerSaque" : 0.7156968663136164,
    "probGanarSegundoSaque" : 0.5241975312431654,
    "probPrimerSaque" : 0.5273093630870184,
    "probSegundoSaque" : 0.4266268014907837,
    "probGanarPuntoSacando" : 0.6010303748428448,
    "probGanarPuntoRestando" : 0.38068163073553674,
    "probAce" : 0.0
  },
  "grass" : {
    "nombre" : "Grass",
    "probVictoria" : 0.0,
    "probGanarPrimerSaque" : 0.0,
    "probGanarSegundoSaque" : 0.0,
    "probPrimerSaque" : 0.0,
    "probSegundoSaque" : 0.0,
    "probGanarPuntoSacando" : 0.0,
    "probGanarPuntoRestando" : 0.0,
    "probAce" : 0.0
  },
  "hard" : {
    "nombre" : "Hard",
    "probVictoria" : 0.6666666865348816,
    "probGanarPrimerSaque" : 0.766303547223409,
    "probGanarSegundoSaque" : 0.6049085040887197,
    "probPrimerSaque" : 0.6227154572804768,
    "probSegundoSaque" : 0.34303768376509347,
    "probGanarPuntoSacando" : 0.6846954759572785,
    "probGanarPuntoRestando" : 0.40057777408013445,
    "probAce" : 0.0
  },
  "other" : {
    "nombre" : "Other",
    "probVictoria" : 0.5,
    "probGanarPrimerSaque" : 0.7934027910232544,
    "probGanarSegundoSaque" : 0.5763888955116272,
    "probPrimerSaque" : 0.6079744696617126,
    "probSegundoSaque" : 0.3741626739501953,
    "probGanarPuntoSacando" : 0.6980318514803159,
    "probGanarPuntoRestando" : 0.3118279447542749,
    "probAce" : 0.0
  },
  "partidos" : [ {
    "torneo" : "Canada Masters",
    "fecha" : "20040726",
    "superficie" : "Hard",
    "resultado" : "7-6(1) 6-2",
    "contrincante" : "Feliciano Lopez",
    "ganador" : false,
    "winnerAces" : 11,
    "winnerPrimerSaqueDentro" : 45,
    "winnerPrimerSaqueGanado" : 33,
    "winnerSegundoSaqueGanado" : 15,
    "winnerDobleFalta" : 0,
    "winnerServingPoints" : 63,
    "winnerServingGames" : 10,
    "loserAces" : 5,
    "loserPrimerSaqueDentro" : 28,
    "loserPrimerSaqueGanado" : 22,
    "loserSegundoSaqueGanado" : 16,
    "loserDobleFalta" : 3,
    "loserServingPoints" : 56,
    "loserServingGames" : 10
  }, {
    "torneo" : "Marseille",
    "fecha" : "20040223",
    "superficie" : "Hard",
    "resultado" : "4-6 6-4 7-6(2)",
    "contrincante" : "Jarkko Nieminen",
    "ganador" : false,
    "winnerAces" : 3,
    "winnerPrimerSaqueDentro" : 82,
    "winnerPrimerSaqueGanado" : 54,
    "winnerSegundoSaqueGanado" : 21,
    "winnerDobleFalta" : 4,
    "winnerServingPoints" : 120,
    "winnerServingGames" : 16,
    "loserAces" : 10,
    "loserPrimerSaqueDentro" : 67,
    "loserPrimerSaqueGanado" : 48,
    "loserSegundoSaqueGanado" : 18,
    "loserDobleFalta" : 3,
    "loserServingPoints" : 104,
    "loserServingGames" : 16
  }, {
    "torneo" : "Doha",
    "fecha" : "20040105",
    "superficie" : "Hard",
    "resultado" : "6-3 6-0",
    "contrincante" : "Younes El Aynaoui",
    "ganador" : true,
    "winnerAces" : 10,
    "winnerPrimerSaqueDentro" : 26,
    "winnerPrimerSaqueGanado" : 23,
    "winnerSegundoSaqueGanado" : 9,
    "winnerDobleFalta" : 2,
    "winnerServingPoints" : 39,
    "winnerServingGames" : 8,
    "loserAces" : 1,
    "loserPrimerSaqueDentro" : 27,
    "loserPrimerSaqueGanado" : 16,
    "loserSegundoSaqueGanado" : 9,
    "loserDobleFalta" : 5,
    "loserServingPoints" : 52,
    "loserServingGames" : 7
  }, {
    "torneo" : "Doha",
    "fecha" : "20040105",
    "superficie" : "Hard",
    "resultado" : "6-3 6-2",
    "contrincante" : "Ivo Heuberger",
    "ganador" : true,
    "winnerAces" : 5,
    "winnerPrimerSaqueDentro" : 32,
    "winnerPrimerSaqueGanado" : 24,
    "winnerSegundoSaqueGanado" : 7,
    "winnerDobleFalta" : 1,
    "winnerServingPoints" : 43,
    "winnerServingGames" : 8,
    "loserAces" : 5,
    "loserPrimerSaqueDentro" : 35,
    "loserPrimerSaqueGanado" : 22,
    "loserSegundoSaqueGanado" : 7,
    "loserDobleFalta" : 3,
    "loserServingPoints" : 60,
    "loserServingGames" : 9
  }, {
    "torneo" : "Doha",
    "fecha" : "20040105",
    "superficie" : "Hard",
    "resultado" : "6-4 6-2",
    "contrincante" : "Hyung Taik Lee",
    "ganador" : true,
    "winnerAces" : 4,
    "winnerPrimerSaqueDentro" : 33,
    "winnerPrimerSaqueGanado" : 24,
    "winnerSegundoSaqueGanado" : 11,
    "winnerDobleFalta" : 3,
    "winnerServingPoints" : 50,
    "winnerServingGames" : 9,
    "loserAces" : 1,
    "loserPrimerSaqueDentro" : 29,
    "loserPrimerSaqueGanado" : 20,
    "loserSegundoSaqueGanado" : 7,
    "loserDobleFalta" : 1,
    "loserServingPoints" : 48,
    "loserServingGames" : 9
  }, {
    "torneo" : "Doha",
    "fecha" : "20040105",
    "superficie" : "Hard",
    "resultado" : "6-2 6-3",
    "contrincante" : "Agustin Calleri",
    "ganador" : true,
    "winnerAces" : 9,
    "winnerPrimerSaqueDentro" : 32,
    "winnerPrimerSaqueGanado" : 29,
    "winnerSegundoSaqueGanado" : 7,
    "winnerDobleFalta" : 1,
    "winnerServingPoints" : 44,
    "winnerServingGames" : 9,
    "loserAces" : 5,
    "loserPrimerSaqueDentro" : 43,
    "loserPrimerSaqueGanado" : 26,
    "loserSegundoSaqueGanado" : 9,
    "loserDobleFalta" : 5,
    "loserServingPoints" : 65,
    "loserServingGames" : 8
  }, {
    "torneo" : "Doha",
    "fecha" : "20040105",
    "superficie" : "Hard",
    "resultado" : "6-3 7-6(4)",
    "contrincante" : "Ivan Ljubicic",
    "ganador" : true,
    "winnerAces" : 8,
    "winnerPrimerSaqueDentro" : 40,
    "winnerPrimerSaqueGanado" : 33,
    "winnerSegundoSaqueGanado" : 16,
    "winnerDobleFalta" : 1,
    "winnerServingPoints" : 65,
    "winnerServingGames" : 10,
    "loserAces" : 7,
    "loserPrimerSaqueDentro" : 50,
    "loserPrimerSaqueGanado" : 35,
    "loserSegundoSaqueGanado" : 9,
    "loserDobleFalta" : 1,
    "loserServingPoints" : 68,
    "loserServingGames" : 11
  }, {
    "torneo" : "Monte Carlo Masters",
    "fecha" : "20040419",
    "superficie" : "Clay",
    "resultado" : "6-4 6-2",
    "contrincante" : "Gregory Carraz",
    "ganador" : true,
    "winnerAces" : 6,
    "winnerPrimerSaqueDentro" : 21,
    "winnerPrimerSaqueGanado" : 18,
    "winnerSegundoSaqueGanado" : 20,
    "winnerDobleFalta" : 0,
    "winnerServingPoints" : 50,
    "winnerServingGames" : 9,
    "loserAces" : 5,
    "loserPrimerSaqueDentro" : 34,
    "loserPrimerSaqueGanado" : 26,
    "loserSegundoSaqueGanado" : 9,
    "loserDobleFalta" : 2,
    "loserServingPoints" : 64,
    "loserServingGames" : 9
  }, {
    "torneo" : "Monte Carlo Masters",
    "fecha" : "20040419",
    "superficie" : "Clay",
    "resultado" : "6-2 6-3",
    "contrincante" : "Agustin Calleri",
    "ganador" : false,
    "winnerAces" : 1,
    "winnerPrimerSaqueDentro" : 24,
    "winnerPrimerSaqueGanado" : 20,
    "winnerSegundoSaqueGanado" : 11,
    "winnerDobleFalta" : 1,
    "winnerServingPoints" : 41,
    "winnerServingGames" : 8,
    "loserAces" : 3,
    "loserPrimerSaqueDentro" : 33,
    "loserPrimerSaqueGanado" : 22,
    "loserSegundoSaqueGanado" : 10,
    "loserDobleFalta" : 4,
    "loserServingPoints" : 63,
    "loserServingGames" : 9
  }, {
    "torneo" : "Roland Garros",
    "fecha" : "20040524",
    "superficie" : "Clay",
    "resultado" : "7-6(7) 6-2 6-2",
    "contrincante" : "Wayne Arthurs",
    "ganador" : true,
    "winnerAces" : 12,
    "winnerPrimerSaqueDentro" : 43,
    "winnerPrimerSaqueGanado" : 35,
    "winnerSegundoSaqueGanado" : 30,
    "winnerDobleFalta" : 6,
    "winnerServingPoints" : 86,
    "winnerServingGames" : 14,
    "loserAces" : 7,
    "loserPrimerSaqueDentro" : 36,
    "loserPrimerSaqueGanado" : 30,
    "loserSegundoSaqueGanado" : 23,
    "loserDobleFalta" : 11,
    "loserServingPoints" : 86,