{
  "nombre" : "Paul Henri Mathieu",
  "mano" : "R",
  "nacionalidad" : "FRA",
  "edad" : 22.6694045175,
  "ganar1Saque" : 0.7371997958735416,
  "ganar2Saque" : 0.5620651264723978,
  "primerSaque" : 0.5146059629164244,
  "segundoSaque" : 0.4482450704825552,
  "ganarPuntoSacando" : 0.6313103330487015,
  "ganarPuntoRestando" : 0.33343311449492924,
  "probAce" : 0.07147456705570221,
  "clay" : {
    "nombre" : "Clay",
    "probVictoria" : 0.5,
    "probGanarPrimerSaque" : 0.6499722361564636,
    "probGanarSegundoSaque" : 0.5174378097057343,
    "probPrimerSaque" : 0.5620945632457733,
    "probSegundoSaque" : 0.40382028222084043,
    "probGanarPuntoSacando" : 0.5742977425513491,
    "probGanarPuntoRestando" : 0.3691142039087584,
    "probAce" : 0.0
  },
  "grass" : {
    "nombre" : "Grass",
    "probVictoria" : 0.0,
    "probGanarPrimerSaque" : 0.0,
    "probGanarSegundoSaque" : 0.0,
    "probPrimerSaque" : 0.0,
    "probSegundoSaque" : 0.0,
    "probGanarPuntoSacando" : 0.0,
    "probGanarPuntoRestando" : 0.0,
    "probAce" : 0.0
  },
  "hard" : {
    "nombre" : "Hard",
    "probVictoria" : 0.75,
    "probGanarPrimerSaque" : 0.7744730114936829,
    "probGanarSegundoSaque" : 0.5865487625653093,
    "probPrimerSaque" : 0.5025528777729381,
    "probSegundoSaque" : 0.45916239510882983,
    "probGanarPuntoSacando" : 0.6585347753512318,
    "probGanarPuntoRestando" : 0.3458265641695672,
    "probAce" : 0.0
  },
  "other" : {
    "nombre" : "Other",
    "probVictoria" : 0.0,
    "probGanarPrimerSaque" : 0.7459106047948202,
    "probGanarSegundoSaque" : 0.546670655409495,
    "probPrimerSaque" : 0.47965294122695923,
    "probSegundoSaque" : 0.4822561939557393,
    "probGanarPuntoSacando" : 0.6214135251072881,
    "probGanarPuntoRestando" : 0.2285219833315417,
    "probAce" : 0.0
  },
  "partidos" : [ {
    "torneo" : "Bucharest",
    "fecha" : "20040913",
    "superficie" : "Clay",
    "resultado" : "6-1 6-2",
    "contrincante" : "Albert Costa",
    "ganador" : true,
    "winnerAces" : 1,
    "winnerPrimerSaqueDentro" : 30,
    "winnerPrimerSaqueGanado" : 21,
    "winnerSegundoSaqueGanado" : 18,
    "winnerDobleFalta" : 1,
    "winnerServingPoints" : 58,
    "winnerServingGames" : 8,
    "loserAces" : 3,
    "loserPrimerSaqueDentro" : 26,
    "loserPrimerSaqueGanado" : 12,
    "loserSegundoSaqueGanado" : 7,
    "loserDobleFalta" : 0,
    "loserServingPoints" : 40,
    "loserServingGames" : 7
  }, {
    "torneo" : "Bucharest",
    "fecha" : "20040913",
    "superficie" : "Clay",
    "resultado" : "3-6 6-3 6-1",
    "contrincante" : "Alex Corretja",
    "ganador" : true,
    "winnerAces" : 2,
    "winnerPrimerSaqueDentro" : 49,
    "winnerPrimerSaqueGanado" : 33,
    "winnerSegundoSaqueGanado" : 18,
    "winnerDobleFalta" : 3,
    "winnerServingPoints" : 86,
    "winnerServingGames" : 13,
    "loserAces" : 3,
    "loserPrimerSaqueDentro" : 39,
    "loserPrimerSaqueGanado" : 22,
    "loserSegundoSaqueGanado" : 14,
    "loserDobleFalta" : 0,
    "loserServingPoints" : 67,
    "loserServingGames" : 12
  }, {
    "torneo" : "Bucharest",
    "fecha" : "20040913",
    "superficie" : "Clay",
    "resultado" : "6-2 7-6(2)",
    "contrincante" : "Jose Acasuso",
    "ganador" : false,
    "winnerAces" : 5,
    "winnerPrimerSaqueDentro" : 34,
    "winnerPrimerSaqueGanado" : 27,
    "winnerSegundoSaqueGanado" : 16,
    "winnerDobleFalta" : 3,
    "winnerServingPoints" : 62,
    "winnerServingGames" : 10,
    "loserAces" : 1,
    "loserPrimerSaqueDentro" : 36,
    "loserPrimerSaqueGanado" : 24,
    "loserSegundoSaqueGanado" : 15,
    "loserDobleFalta" : 5,
    "loserServingPoints" : 75,
    "loserServingGames" : 10
  }, {
    "torneo" : "Lyon",
    "fecha" : "20041004",
    "superficie" : "Carpet",
    "resultado" : "4-6 7-5 6-2",
    "contrincante" : "Radek Stepanek",
    "ganador" : false,
    "winnerAces" : 9,
    "winnerPrimerSaqueDentro" : 53,
    "winnerPrimerSaqueGanado" : 40,
    "winnerSegundoSaqueGanado" : 19,
    "winnerDobleFalta" : 2,
    "winnerServingPoints" : 81,
    "winnerServingGames" : 15,
    "loserAces" : 7,
    "loserPrimerSaqueDentro" : 55,
    "loserPrimerSaqueGanado" : 38,
    "loserSegundoSaqueGanado" : 17,
    "loserDobleFalta" : 1,
    "loserServingPoints" : 86,
    "loserServingGames" : 15
  }, {
    "torneo" : "Washington",
    "fecha" : "20040816",
    "superficie" : "Hard",
    "resultado" : "6-2 6-2",
    "contrincante" : "Daniel Yoo",
    "ganador" : true,
    "winnerAces" : 10,
    "winnerPrimerSaqueDentro" : 20,
    "winnerPrimerSaqueGanado" : 16,
    "winnerSegundoSaqueGanado" : 17,
    "winnerDobleFalta" : 0,
    "winnerServingPoints" : 44,
    "winnerServingGames" : 8,
    "loserAces" : 3,
    "loserPrimerSaqueDentro" : 36,
    "loserPrimerSaqueGanado" : 25,
    "loserSegundoSaqueGanado" : 3,
    "loserDobleFalta" : 5,
    "loserServingPoints" : 55,
    "loserServingGames" : 8
  }, {
    "torneo" : "Washington",
    "fecha" : "20040816",
    "superficie" : "Hard",
    "resultado" : "7-6(4) 6-4",
    "contrincante" : "Adrian Garcia",
    "ganador" : true,
    "winnerAces" : 10,
    "winnerPrimerSaqueDentro" : 32,
    "winnerPrimerSaqueGanado" : 30,
    "winnerSegundoSaqueGanado" : 21,
    "winnerDobleFalta" : 3,
    "winnerServingPoints" : 67,
    "winnerServingGames" : 11,
    "loserAces" : 3,
    "loserPrimerSaqueDentro" : 43,
    "loserPrimerSaqueGanado" : 27,
    "loserSegundoSaqueGanado" : 23,
    "loserDobleFalta" : 2,
    "loserServingPoints" : 80,
    "loserServingGames" : 11
  }, {
    "torneo" : "Washington",
    "fecha" : "20040816",
    "superficie" : "Hard",
    "resultado" : "6-4 6-4",
    "contrincante" : "Andre Agassi",
    "ganador" : false,
    "winnerAces" : 5,
    "winnerPrimerSaqueDentro" : 25,
    "winnerPrimerSaqueGanado" : 20,
    "winnerSegundoSaqueGanado" : 21,
    "winnerDobleFalta" : 2,
    "winnerServingPoints" : 51,
    "winnerServingGames" : 10,
    "loserAces" : 6,
    "loserPrimerSaqueDentro" : 27,
    "loserPrimerSaqueGanado" : 21,
    "loserSegundoSaqueGanado" : 21,
    "loserDobleFalta" : 6,
    "loserServingPoints" : 68,
    "loserServingGames" : 10
  }, {
    "torneo" : "US Open",
    "fecha" : "20040830",
    "superficie" : "Hard",
    "resultado" : "6-2 7-6(3) 7-6(12)",
    "contrincante" : "Raemon Sluiter",
    "ganador" : true,
    "winnerAces" : 10,
    "winnerPrimerSaqueDentro" : 58,
    "winnerPrimerSaqueGanado" : 44,
    "winnerSegundoSaqueGanado" : 39,
    "winnerDobleFalta" : 4,
    "winnerServingPoints" : 122,
    "winnerServingGames" : 16,
    "loserAces" : 17,
    "loserPrimerSaqueDentro" : 65,
    "loserPrimerSaqueGanado" : 51,
    "loserSegundoSaqueGanado" : 17,
    "loserDobleFalta" : 10,
    "loserServingPoints" : 112,
    "loserServingGames" : 16
  }, {
    "torneo" : "US Open",
    "fecha" : "20040830",
    "superficie" : "Hard",
    "resultado" : "6-7(6) 6-4 6-3 7-6(6)",
    "contrincante" : "Taylor Dent",
    "ganador" : true,
    "winnerAces" : 6,
    "winnerPrimerSaqueDentro" : 79,
    "winnerPrimerSaqueGanado" : 56,
    "winnerSegundoSaqueGanado" : 33,
    "winnerDobleFalta" : 3,
    "winnerServingPoints" : 132,
    "winnerServingGames" : 21,
    "loserAces" : 15,
    "loserPrimerSaqueDentro" : 80,
    "loserPrimerSaqueGanado" : 53,
    "loserSegundoSaqueGanado" : 41,
    "loserDobleFalta" : 14,
    "loserServingPoints" : 159,
    "loserServingGames" : 22
  }, {
    "torneo" : "US Open",
    "fecha" : "20040830",
    "superficie" : "Hard",
    "resultado" : "4-6 4-6 6-4 6-2 7-6(4)",
    "contrincante" : "Sargis Sargsian",
    "ganador" : false,
    "winnerAces" : 19,
    "winnerPrimerSaqueDentro" : 82,
    "winnerPrimerSaqueGanado" : 65,
    "winnerSegundoSaqueGanado" : 40,
    "winnerDobleFalta" : 6,
    "winnerServingPoints" : 161,
    "winnerServingGames" : 25,
    "loserAces" : 16,
    "loserPrimerSaqueDentro" : 82,
    "loserPrimerSaqueGanado" : 59,
    "loserSegundoSaqueGanado" : 49,
    "loserDobleFalta" : 10,
    "loserServingPoints" : 180,