{
  "nombre" : "Todd Reid",
  "mano" : "R",
  "nacionalidad" : "AUS",
  "edad" : 20.1642710472,
  "ganar1Saque" : 0.6661670881768932,
  "ganar2Saque" : 0.5584191381931305,
  "primerSaque" : 0.7067188154096189,
  "segundoSaque" : 0.26965560472529865,
  "ganarPuntoSacando" : 0.6213736658208978,
  "ganarPuntoRestando" : 0.3752443832800958,
  "probAce" : 0.047212742269039154,
  "clay" : {
    "nombre" : "Clay",
    "probVictoria" : 0.0,
    "probGanarPrimerSaque" : 0.5972222089767456,
    "probGanarSegundoSaque" : 0.4444444477558136,
    "probPrimerSaque" : 0.7128713130950928,
    "probSegundoSaque" : 0.2673267424106598,
    "probGanarPuntoSacando" : 0.5445544667238709,
    "probGanarPuntoRestando" : 0.31428568819685576,
    "probAce" : 0.0
  },
  "grass" : {
    "nombre" : "Grass",
    "probVictoria" : 0.20000000298023224,
    "probGanarPrimerSaque" : 2.500172972679138,
    "probGanarSegundoSaque" : 0.43781863152980804,
    "probPrimerSaque" : 0.6830449104309082,
    "probSegundoSaque" : 0.2827172316610813,
    "probGanarPuntoSacando" : 1.8315092956611498,
    "probGanarPuntoRestando" : 0.35469680965742734,
    "probAce" : 0.0
  },
  "hard" : {
    "nombre" : "Hard",
    "probVictoria" : 0.523809552192688,
    "probGanarPrimerSaque" : 0.6791359914673699,
    "probGanarSegundoSaque" : 0.5915511780314975,
    "probPrimerSaque" : 0.7116378777556949,
    "probSegundoSaque" : 0.26688240220149356,
    "probGanarPuntoSacando" : 0.6411734950935183,
    "probGanarPuntoRestando" : 0.3831971049230911,
    "probAce" : 0.0
  },
  "other" : {
    "nombre" : "Other",
    "probVictoria" : 0.0,
    "probGanarPrimerSaque" : 0.0,
    "probGanarSegundoSaque" : 0.0,
    "probPrimerSaque" : 0.0,
    "probSegundoSaque" : 0.0,
    "probGanarPuntoSacando" : 0.0,
    "probGanarPuntoRestando" : 0.0,
    "probAce" : 0.0
  },
  "partidos" : [ {
    "torneo" : "Cincinnati Masters",
    "fecha" : "20040802",
    "superficie" : "Hard",
    "resultado" : "6-4 6-4",
    "contrincante" : "Feliciano Lopez",
    "ganador" : false,
    "winnerAces" : 9,
    "winnerPrimerSaqueDentro" : 33,
    "winnerPrimerSaqueGanado" : 29,
    "winnerSegundoSaqueGanado" : 10,
    "winnerDobleFalta" : 7,
    "winnerServingPoints" : 57,
    "winnerServingGames" : 10,
    "loserAces" : 4,
    "loserPrimerSaqueDentro" : 42,
    "loserPrimerSaqueGanado" : 24,
    "loserSegundoSaqueGanado" : 13,
    "loserDobleFalta" : 3,
    "loserServingPoints" : 65,
    "loserServingGames" : 10
  }, {
    "torneo" : "Canada Masters",
    "fecha" : "20040726",
    "superficie" : "Hard",
    "resultado" : "7-6(2) 5-7 6-3",
    "contrincante" : "Gaston Gaudio",
    "ganador" : true,
    "winnerAces" : 6,
    "winnerPrimerSaqueDentro" : 82,
    "winnerPrimerSaqueGanado" : 59,
    "winnerSegundoSaqueGanado" : 14,
    "winnerDobleFalta" : 2,
    "winnerServingPoints" : 110,
    "winnerServingGames" : 16,
    "loserAces" : 7,
    "loserPrimerSaqueDentro" : 76,
    "loserPrimerSaqueGanado" : 53,
    "loserSegundoSaqueGanado" : 11,
    "loserDobleFalta" : 4,
    "loserServingPoints" : 102,
    "loserServingGames" : 17
  }, {
    "torneo" : "Canada Masters",
    "fecha" : "20040726",
    "superficie" : "Hard",
    "resultado" : "6-3 6-3",
    "contrincante" : "Jan Hernych",
    "ganador" : false,
    "winnerAces" : 7,
    "winnerPrimerSaqueDentro" : 36,
    "winnerPrimerSaqueGanado" : 30,
    "winnerSegundoSaqueGanado" : 7,
    "winnerDobleFalta" : 1,
    "winnerServingPoints" : 50,
    "winnerServingGames" : 9,
    "loserAces" : 4,
    "loserPrimerSaqueDentro" : 50,
    "loserPrimerSaqueGanado" : 26,
    "loserSegundoSaqueGanado" : 10,
    "loserDobleFalta" : 2,
    "loserServingPoints" : 69,
    "loserServingGames" : 9
  }, {
    "torneo" : "Adelaide",
    "fecha" : "20040105",
    "superficie" : "Hard",
    "resultado" : "6-0 6-1",
    "contrincante" : "Wayne Ferreira",
    "ganador" : true,
    "winnerAces" : 1,
    "winnerPrimerSaqueDentro" : 21,
    "winnerPrimerSaqueGanado" : 20,
    "winnerSegundoSaqueGanado" : 8,
    "winnerDobleFalta" : 0,
    "winnerServingPoints" : 31,
    "winnerServingGames" : 7,
    "loserAces" : 1,
    "loserPrimerSaqueDentro" : 14,
    "loserPrimerSaqueGanado" : 5,
    "loserSegundoSaqueGanado" : 6,
    "loserDobleFalta" : 3,
    "loserServingPoints" : 33,
    "loserServingGames" : 6
  }, {
    "torneo" : "Adelaide",
    "fecha" : "20040105",
    "superficie" : "Hard",
    "resultado" : "6-3 6-2",
    "contrincante" : "Raemon Sluiter",
    "ganador" : true,
    "winnerAces" : 3,
    "winnerPrimerSaqueDentro" : 45,
    "winnerPrimerSaqueGanado" : 33,
    "winnerSegundoSaqueGanado" : 8,
    "winnerDobleFalta" : 0,
    "winnerServingPoints" : 59,
    "winnerServingGames" : 9,
    "loserAces" : 5,
    "loserPrimerSaqueDentro" : 27,
    "loserPrimerSaqueGanado" : 20,
    "loserSegundoSaqueGanado" : 5,
    "loserDobleFalta" : 2,
    "loserServingPoints" : 44,
    "loserServingGames" : 8
  }, {
    "torneo" : "Adelaide",
    "fecha" : "20040105",
    "superficie" : "Hard",
    "resultado" : "6-2 7-5",
    "contrincante" : "Jarkko Nieminen",
    "ganador" : false,
    "winnerAces" : 3,
    "winnerPrimerSaqueDentro" : 35,
    "winnerPrimerSaqueGanado" : 28,
    "winnerSegundoSaqueGanado" : 10,
    "winnerDobleFalta" : 1,
    "winnerServingPoints" : 52,
    "winnerServingGames" : 10,
    "loserAces" : 2,
    "loserPrimerSaqueDentro" : 61,
    "loserPrimerSaqueGanado" : 32,
    "loserSegundoSaqueGanado" : 12,
    "loserDobleFalta" : 1,
    "loserServingPoints" : 84,
    "loserServingGames" : 10
  }, {
    "torneo" : "Sydney",
    "fecha" : "20040112",
    "superficie" : "Hard",
    "resultado" : "7-6(5) 2-6 6-4",
    "contrincante" : "Nicolas Massu",
    "ganador" : true,
    "winnerAces" : 3,
    "winnerPrimerSaqueDentro" : 66,
    "winnerPrimerSaqueGanado" : 40,
    "winnerSegundoSaqueGanado" : 15,
    "winnerDobleFalta" : 5,
    "winnerServingPoints" : 96,
    "winnerServingGames" : 15,
    "loserAces" : 6,
    "loserPrimerSaqueDentro" : 65,
    "loserPrimerSaqueGanado" : 42,
    "loserSegundoSaqueGanado" : 20,
    "loserDobleFalta" : 4,
    "loserServingPoints" : 105,
    "loserServingGames" : 15
  }, {
    "torneo" : "Sydney",
    "fecha" : "20040112",
    "superficie" : "Hard",
    "resultado" : "6-4 6-1",
    "contrincante" : "Felix Mantilla",
    "ganador" : true,
    "winnerAces" : 5,
    "winnerPrimerSaqueDentro" : 49,
    "winnerPrimerSaqueGanado" : 30,
    "winnerSegundoSaqueGanado" : 10,
    "winnerDobleFalta" : 1,
    "winnerServingPoints" : 65,
    "winnerServingGames" : 9,
    "loserAces" : 0,
    "loserPrimerSaqueDentro" : 42,
    "loserPrimerSaqueGanado" : 20,
    "loserSegundoSaqueGanado" : 10,
    "loserDobleFalta" : 2,
    "loserServingPoints" : 67,
    "loserServingGames" : 8
  }, {
    "torneo" : "Sydney",
    "fecha" : "20040112",
    "superficie" : "Hard",
    "resultado" : "6-4 6-4",
    "contrincante" : "Wayne Ferreira",
    "ganador" : false,
    "winnerAces" : 8,
    "winnerPrimerSaqueDentro" : 37,
    "winnerPrimerSaqueGanado" : 30,
    "winnerSegundoSaqueGanado" : 14,
    "winnerDobleFalta" : 1,
    "winnerServingPoints" : 58,
    "winnerServingGames" : 10,
    "loserAces" : 3,
    "loserPrimerSaqueDentro" : 40,
    "loserPrimerSaqueGanado" : 31,
    "loserSegundoSaqueGanado" : 7,
    "loserDobleFalta" : 0,
    "loserServingPoints" : 58,
    "loserServingGames" : 10
  }, {
    "torneo" : "Indianapolis",
    "fecha" : "20040719",
    "superficie" : "Hard",
    "resultado" : "4-6 6-3 3-0 RET",
    "contrincante" : "Michael Llodra",
    "ganador" : true,
    "winnerAces" : 4,
    "winnerPrimerSaqueDentro" : 46,
    "winnerPrimerSaqueGanado" : 33,
    "winnerSegundoSaqueGanado" : 11,
    "winnerDobleFalta" : 1,
    "winnerServingPoints" : 60,
    "winnerServingGames" : 11,
    "loserAces" : 5,
    "loserPrimerSaqueDentro" : 42,
    "loserPrimerSaqueGanado" : 29,
    "loserSegundoSaqueGanado" : 17,
    "loserDobleFalta" : 6,
    "loserServingPoints" : 78,