{
  "nombre" : "Todd Martin",
  "mano" : "R",
  "nacionalidad" : "USA",
  "edad" : 33.8015058179,
  "ganar1Saque" : 0.7530043554306031,
  "ganar2Saque" : 0.5662213039398193,
  "primerSaque" : 0.6253164970874786,
  "segundoSaque" : 0.33027932107448577,
  "ganarPuntoSacando" : 0.657877233672633,
  "ganarPuntoRestando" : 0.3530786001460355,
  "probAce" : 0.10967472940683365,
  "clay" : {
    "nombre" : "Clay",
    "probVictoria" : 0.4285714328289032,
    "probGanarPrimerSaque" : 0.7784849745886666,
    "probGanarSegundoSaque" : 0.5488833912781307,
    "probPrimerSaque" : 0.5990654017244067,
    "probSegundoSaque" : 0.3638548382690975,
    "probGanarPuntoSacando" : 0.6660772916004721,
    "probGanarPuntoRestando" : 0.3801794305820944,
    "probAce" : 0.0
  },
  "grass" : {
    "nombre" : "Grass",
    "probVictoria" : 0.5,
    "probGanarPrimerSaque" : 1.5417528748512268,
    "probGanarSegundoSaque" : 0.5883508920669556,
    "probPrimerSaque" : 0.6489351242780685,
    "probSegundoSaque" : 0.29914814978837967,
    "probGanarPuntoSacando" : 1.1765016742358227,
    "probGanarPuntoRestando" : 0.35778430881761497,
    "probAce" : 0.0
  },
  "hard" : {
    "nombre" : "Hard",
    "probVictoria" : 0.375,
    "probGanarPrimerSaque" : 0.7351577367101397,
    "probGanarSegundoSaque" : 0.5685675208057676,
    "probPrimerSaque" : 0.6316938655717033,
    "probSegundoSaque" : 0.3223861828446388,
    "probGanarPuntoSacando" : 0.6476929452293838,
    "probGanarPuntoRestando" : 0.33818369673612636,
    "probAce" : 0.0
  },
  "other" : {
    "nombre" : "Other",
    "probVictoria" : 0.0,
    "probGanarPrimerSaque" : 0.0,
    "probGanarSegundoSaque" : 0.0,
    "probPrimerSaque" : 0.0,
    "probSegundoSaque" : 0.0,
    "probGanarPuntoSacando" : 0.0,
    "probGanarPuntoRestando" : 0.0,
    "probAce" : 0.0
  },
  "partidos" : [ {
    "torneo" : "Barcelona",
    "fecha" : "20040426",
    "superficie" : "Clay",
    "resultado" : "6-4 6-7(8) 6-4",
    "contrincante" : "David Ferrer",
    "ganador" : true,
    "winnerAces" : 7,
    "winnerPrimerSaqueDentro" : 69,
    "winnerPrimerSaqueGanado" : 48,
    "winnerSegundoSaqueGanado" : 18,
    "winnerDobleFalta" : 3,
    "winnerServingPoints" : 102,
    "winnerServingGames" : 16,
    "loserAces" : 1,
    "loserPrimerSaqueDentro" : 83,
    "loserPrimerSaqueGanado" : 52,
    "loserSegundoSaqueGanado" : 17,
    "loserDobleFalta" : 3,
    "loserServingPoints" : 121,
    "loserServingGames" : 16
  }, {
    "torneo" : "Barcelona",
    "fecha" : "20040426",
    "superficie" : "Clay",
    "resultado" : "6-2 6-4",
    "contrincante" : "David Nalbandian",
    "ganador" : false,
    "winnerAces" : 3,
    "winnerPrimerSaqueDentro" : 32,
    "winnerPrimerSaqueGanado" : 24,
    "winnerSegundoSaqueGanado" : 12,
    "winnerDobleFalta" : 1,
    "winnerServingPoints" : 51,
    "winnerServingGames" : 9,
    "loserAces" : 7,
    "loserPrimerSaqueDentro" : 33,
    "loserPrimerSaqueGanado" : 25,
    "loserSegundoSaqueGanado" : 14,
    "loserDobleFalta" : 1,
    "loserServingPoints" : 72,
    "loserServingGames" : 9
  }, {
    "torneo" : "San Jose",
    "fecha" : "20040209",
    "superficie" : "Hard",
    "resultado" : "6-4 7-6(1)",
    "contrincante" : "Wesley Moodie",
    "ganador" : false,
    "winnerAces" : 15,
    "winnerPrimerSaqueDentro" : 49,
    "winnerPrimerSaqueGanado" : 40,
    "winnerSegundoSaqueGanado" : 10,
    "winnerDobleFalta" : 1,
    "winnerServingPoints" : 65,
    "winnerServingGames" : 11,
    "loserAces" : 8,
    "loserPrimerSaqueDentro" : 48,
    "loserPrimerSaqueGanado" : 39,
    "loserSegundoSaqueGanado" : 4,
    "loserDobleFalta" : 4,
    "loserServingPoints" : 68,
    "loserServingGames" : 11
  }, {
    "torneo" : "Rome Masters",
    "fecha" : "20040503",
    "superficie" : "Clay",
    "resultado" : "7-5 3-6 6-3",
    "contrincante" : "Martin Verkerk",
    "ganador" : false,
    "winnerAces" : 18,
    "winnerPrimerSaqueDentro" : 60,
    "winnerPrimerSaqueGanado" : 49,
    "winnerSegundoSaqueGanado" : 14,
    "winnerDobleFalta" : 8,
    "winnerServingPoints" : 92,
    "winnerServingGames" : 15,
    "loserAces" : 9,
    "loserPrimerSaqueDentro" : 51,
    "loserPrimerSaqueGanado" : 41,
    "loserSegundoSaqueGanado" : 14,
    "loserDobleFalta" : 7,
    "loserServingPoints" : 80,
    "loserServingGames" : 15
  }, {
    "torneo" : "Washington",
    "fecha" : "20040816",
    "superficie" : "Hard",
    "resultado" : "6-7(5) 7-6(3) 7-6(5)",
    "contrincante" : "Raemon Sluiter",
    "ganador" : false,
    "winnerAces" : 19,
    "winnerPrimerSaqueDentro" : 78,
    "winnerPrimerSaqueGanado" : 66,
    "winnerSegundoSaqueGanado" : 18,
    "winnerDobleFalta" : 10,
    "winnerServingPoints" : 126,
    "winnerServingGames" : 18,
    "loserAces" : 17,
    "loserPrimerSaqueDentro" : 85,
    "loserPrimerSaqueGanado" : 61,
    "loserSegundoSaqueGanado" : 26,
    "loserDobleFalta" : 6,
    "loserServingPoints" : 132,
    "loserServingGames" : 18
  }, {
    "torneo" : "US Open",
    "fecha" : "20040830",
    "superficie" : "Hard",
    "resultado" : "4-6 6-4 6-4 7-5",
    "contrincante" : "Fabrice Santoro",
    "ganador" : false,
    "winnerAces" : 7,
    "winnerPrimerSaqueDentro" : 62,
    "winnerPrimerSaqueGanado" : 45,
    "winnerSegundoSaqueGanado" : 37,
    "winnerDobleFalta" : 4,
    "winnerServingPoints" : 125,
    "winnerServingGames" : 21,
    "loserAces" : 16,
    "loserPrimerSaqueDentro" : 88,
    "loserPrimerSaqueGanado" : 62,
    "loserSegundoSaqueGanado" : 17,
    "loserDobleFalta" : 6,
    "loserServingPoints" : 128,
    "loserServingGames" : 21
  }, {
    "torneo" : "Roland Garros",
    "fecha" : "20040524",
    "superficie" : "Clay",
    "resultado" : "7-6(5) 6-4 7-5",
    "contrincante" : "Andy Roddick",
    "ganador" : false,
    "winnerAces" : 14,
    "winnerPrimerSaqueDentro" : 70,
    "winnerPrimerSaqueGanado" : 51,
    "winnerSegundoSaqueGanado" : 27,
    "winnerDobleFalta" : 1,
    "winnerServingPoints" : 111,
    "winnerServingGames" : 17,
    "loserAces" : 13,
    "loserPrimerSaqueDentro" : 63,
    "loserPrimerSaqueGanado" : 47,
    "loserSegundoSaqueGanado" : 24,
    "loserDobleFalta" : 3,
    "loserServingPoints" : 104,
    "loserServingGames" : 17
  }, {
    "torneo" : "Long Island",
    "fecha" : "20040823",
    "superficie" : "Hard",
    "resultado" : "1-6 6-3 6-3",
    "contrincante" : "Jurgen Melzer",
    "ganador" : false,
    "winnerAces" : 3,
    "winnerPrimerSaqueDentro" : 44,
    "winnerPrimerSaqueGanado" : 34,
    "winnerSegundoSaqueGanado" : 11,
    "winnerDobleFalta" : 4,
    "winnerServingPoints" : 72,
    "winnerServingGames" : 12,
    "loserAces" : 9,
    "loserPrimerSaqueDentro" : 44,
    "loserPrimerSaqueGanado" : 35,
    "loserSegundoSaqueGanado" : 12,
    "loserDobleFalta" : 4,
    "loserServingPoints" : 73,
    "loserServingGames" : 13
  }, {
    "torneo" : "Houston",
    "fecha" : "20040412",
    "superficie" : "Clay",
    "resultado" : "6-1 6-2",
    "contrincante" : "Martin Vassallo Arguello",
    "ganador" : true,
    "winnerAces" : 4,
    "winnerPrimerSaqueDentro" : 22,
    "winnerPrimerSaqueGanado" : 19,
    "winnerSegundoSaqueGanado" : 9,
    "winnerDobleFalta" : 3,
    "winnerServingPoints" : 39,
    "winnerServingGames" : 7,
    "loserAces" : 1,
    "loserPrimerSaqueDentro" : 28,
    "loserPrimerSaqueGanado" : 12,
    "loserSegundoSaqueGanado" : 3,
    "loserDobleFalta" : 6,
    "loserServingPoints" : 44,
    "loserServingGames" : 8
  }, {
    "torneo" : "Houston",
    "fecha" : "20040412",
    "superficie" : "Clay",
    "resultado" : "7-6(3) 7-6(6)",
    "contrincante" : "Franco Squillari",
    "ganador" : true,
    "winnerAces" : 9,
    "winnerPrimerSaqueDentro" : 58,
    "winnerPrimerSaqueGanado" : 46,
    "winnerSegundoSaqueGanado" : 15,
    "winnerDobleFalta" : 2,
    "winnerServingPoints" : 87,
    "winnerServingGames" : 12,
    "loserAces" : 2,
    "loserPrimerSaqueDentro" : 55,
    "loserPrimerSaqueGanado" : 45,
    "loserSegundoSaqueGanado" : 12,
    "loserDobleFalta" : 8,