{
  "nombre" : "Wayne Ferreira",
  "mano" : "R",
  "nacionalidad" : "RSA",
  "edad" : 32.4024640657,
  "ganar1Saque" : 0.6963458116407748,
  "ganar2Saque" : 0.5781156453821394,
  "primerSaque" : 0.5704725859341798,
  "segundoSaque" : 0.3957094704663312,
  "ganarPuntoSacando" : 0.6260120317736159,
  "ganarPuntoRestando" : 0.33417376746347727,
  "probAce" : 0.08110599219799042,
  "clay" : {
    "nombre" : "Clay",
    "probVictoria" : 0.0,
    "probGanarPrimerSaque" : 0.6184210777282715,
    "probGanarSegundoSaque" : 0.5666666626930237,
    "probPrimerSaque" : 0.5277777910232544,
    "probSegundoSaque" : 0.4166666567325592,
    "probGanarPuntoSacando" : 0.5625000141517464,
    "probGanarPuntoRestando" : 0.3170731823836389,
    "probAce" : 0.0
  },
  "grass" : {
    "nombre" : "Grass",
    "probVictoria" : 0.6000000238418579,
    "probGanarPrimerSaque" : 1.2685914635658264,
    "probGanarSegundoSaque" : 0.6560641050338745,
    "probPrimerSaque" : 0.5729121804237366,
    "probSegundoSaque" : 0.3912477731704712,
    "probGanarPuntoSacando" : 0.9834751216100184,
    "probGanarPuntoRestando" : 0.3537706782587025,
    "probAce" : 0.0
  },
  "hard" : {
    "nombre" : "Hard",
    "probVictoria" : 0.4285714328289032,
    "probGanarPrimerSaque" : 0.6846257831369128,
    "probGanarSegundoSaque" : 0.5601016779740652,
    "probPrimerSaque" : 0.5719248155752817,
    "probSegundoSaque" : 0.3957738180955251,
    "probGanarPuntoSacando" : 0.6132280543721678,
    "probGanarPuntoRestando" : 0.33032214989698716,
    "probAce" : 0.0
  },
  "other" : {
    "nombre" : "Other",
    "probVictoria" : 0.0,
    "probGanarPrimerSaque" : 0.0,
    "probGanarSegundoSaque" : 0.0,
    "probPrimerSaque" : 0.0,
    "probSegundoSaque" : 0.0,
    "probGanarPuntoSacando" : 0.0,
    "probGanarPuntoRestando" : 0.0,
    "probAce" : 0.0
  },
  "partidos" : [ {
    "torneo" : "San Jose",
    "fecha" : "20040209",
    "superficie" : "Hard",
    "resultado" : "6-7(12) 7-6(5) 6-1",
    "contrincante" : "Jan Michael Gambill",
    "ganador" : false,
    "winnerAces" : 18,
    "winnerPrimerSaqueDentro" : 74,
    "winnerPrimerSaqueGanado" : 64,
    "winnerSegundoSaqueGanado" : 23,
    "winnerDobleFalta" : 3,
    "winnerServingPoints" : 119,
    "winnerServingGames" : 16,
    "loserAces" : 13,
    "loserPrimerSaqueDentro" : 69,
    "loserPrimerSaqueGanado" : 57,
    "loserSegundoSaqueGanado" : 20,
    "loserDobleFalta" : 8,
    "loserServingPoints" : 120,
    "loserServingGames" : 15
  }, {
    "torneo" : "Los Angeles",
    "fecha" : "20040712",
    "superficie" : "Hard",
    "resultado" : "6-3 7-6(4)",
    "contrincante" : "Paradorn Srichaphan",
    "ganador" : false,
    "winnerAces" : 2,
    "winnerPrimerSaqueDentro" : 46,
    "winnerPrimerSaqueGanado" : 38,
    "winnerSegundoSaqueGanado" : 19,
    "winnerDobleFalta" : 2,
    "winnerServingPoints" : 79,
    "winnerServingGames" : 11,
    "loserAces" : 2,
    "loserPrimerSaqueDentro" : 42,
    "loserPrimerSaqueGanado" : 31,
    "loserSegundoSaqueGanado" : 12,
    "loserDobleFalta" : 3,
    "loserServingPoints" : 64,
    "loserServingGames" : 10
  }, {
    "torneo" : "Adelaide",
    "fecha" : "20040105",
    "superficie" : "Hard",
    "resultado" : "6-0 6-1",
    "contrincante" : "Todd Reid",
    "ganador" : false,
    "winnerAces" : 1,
    "winnerPrimerSaqueDentro" : 21,
    "winnerPrimerSaqueGanado" : 20,
    "winnerSegundoSaqueGanado" : 8,
    "winnerDobleFalta" : 0,
    "winnerServingPoints" : 31,
    "winnerServingGames" : 7,
    "loserAces" : 1,
    "loserPrimerSaqueDentro" : 14,
    "loserPrimerSaqueGanado" : 5,
    "loserSegundoSaqueGanado" : 6,
    "loserDobleFalta" : 3,
    "loserServingPoints" : 33,
    "loserServingGames" : 6
  }, {
    "torneo" : "Sydney",
    "fecha" : "20040112",
    "superficie" : "Hard",
    "resultado" : "6-2 6-4",
    "contrincante" : "James Blake",
    "ganador" : true,
    "winnerAces" : 6,
    "winnerPrimerSaqueDentro" : 36,
    "winnerPrimerSaqueGanado" : 24,
    "winnerSegundoSaqueGanado" : 20,
    "winnerDobleFalta" : 2,
    "winnerServingPoints" : 65,
    "winnerServingGames" : 9,
    "loserAces" : 7,
    "loserPrimerSaqueDentro" : 28,
    "loserPrimerSaqueGanado" : 21,
    "loserSegundoSaqueGanado" : 8,
    "loserDobleFalta" : 1,
    "loserServingPoints" : 47,
    "loserServingGames" : 9
  }, {
    "torneo" : "Sydney",
    "fecha" : "20040112",
    "superficie" : "Hard",
    "resultado" : "7-6(4) 7-5",
    "contrincante" : "Chris Guccione",
    "ganador" : true,
    "winnerAces" : 3,
    "winnerPrimerSaqueDentro" : 48,
    "winnerPrimerSaqueGanado" : 38,
    "winnerSegundoSaqueGanado" : 20,
    "winnerDobleFalta" : 1,
    "winnerServingPoints" : 80,
    "winnerServingGames" : 12,
    "loserAces" : 7,
    "loserPrimerSaqueDentro" : 35,
    "loserPrimerSaqueGanado" : 29,
    "loserSegundoSaqueGanado" : 21,
    "loserDobleFalta" : 3,
    "loserServingPoints" : 69,
    "loserServingGames" : 12
  }, {
    "torneo" : "Sydney",
    "fecha" : "20040112",
    "superficie" : "Hard",
    "resultado" : "6-4 6-4",
    "contrincante" : "Todd Reid",
    "ganador" : true,
    "winnerAces" : 8,
    "winnerPrimerSaqueDentro" : 37,
    "winnerPrimerSaqueGanado" : 30,
    "winnerSegundoSaqueGanado" : 14,
    "winnerDobleFalta" : 1,
    "winnerServingPoints" : 58,
    "winnerServingGames" : 10,
    "loserAces" : 3,
    "loserPrimerSaqueDentro" : 40,
    "loserPrimerSaqueGanado" : 31,
    "loserSegundoSaqueGanado" : 7,
    "loserDobleFalta" : 0,
    "loserServingPoints" : 58,
    "loserServingGames" : 10
  }, {
    "torneo" : "Sydney",
    "fecha" : "20040112",
    "superficie" : "Hard",
    "resultado" : "6-2 6-1",
    "contrincante" : "Carlos Moya",
    "ganador" : false,
    "winnerAces" : 5,
    "winnerPrimerSaqueDentro" : 27,
    "winnerPrimerSaqueGanado" : 20,
    "winnerSegundoSaqueGanado" : 12,
    "winnerDobleFalta" : 1,
    "winnerServingPoints" : 46,
    "winnerServingGames" : 7,
    "loserAces" : 0,
    "loserPrimerSaqueDentro" : 30,
    "loserPrimerSaqueGanado" : 13,
    "loserSegundoSaqueGanado" : 10,
    "loserDobleFalta" : 2,
    "loserServingPoints" : 54,
    "loserServingGames" : 8
  }, {
    "torneo" : "Washington",
    "fecha" : "20040816",
    "superficie" : "Hard",
    "resultado" : "4-6 6-4 7-6(2)",
    "contrincante" : "Alberto Martin",
    "ganador" : false,
    "winnerAces" : 4,
    "winnerPrimerSaqueDentro" : 59,
    "winnerPrimerSaqueGanado" : 45,
    "winnerSegundoSaqueGanado" : 20,
    "winnerDobleFalta" : 3,
    "winnerServingPoints" : 95,
    "winnerServingGames" : 16,
    "loserAces" : 8,
    "loserPrimerSaqueDentro" : 45,
    "loserPrimerSaqueGanado" : 31,
    "loserSegundoSaqueGanado" : 28,
    "loserDobleFalta" : 5,
    "loserServingPoints" : 90,
    "loserServingGames" : 16
  }, {
    "torneo" : "US Open",
    "fecha" : "20040830",
    "superficie" : "Hard",
    "resultado" : "6-1 7-5 6-4",
    "contrincante" : "Lleyton Hewitt",
    "ganador" : false,
    "winnerAces" : 8,
    "winnerPrimerSaqueDentro" : 45,
    "winnerPrimerSaqueGanado" : 34,
    "winnerSegundoSaqueGanado" : 26,
    "winnerDobleFalta" : 1,
    "winnerServingPoints" : 80,
    "winnerServingGames" : 15,
    "loserAces" : 8,
    "loserPrimerSaqueDentro" : 44,
    "loserPrimerSaqueGanado" : 32,
    "loserSegundoSaqueGanado" : 20,
    "loserDobleFalta" : 2,
    "loserServingPoints" : 84,
    "loserServingGames" : 14
  }, {
    "torneo" : "Nottingham",
    "fecha" : "20040614",
    "superficie" : "Grass",
    "resultado" : "4-6 6-4 7-6(5)",
    "contrincante" : "Alberto Martin",
    "ganador" : true,
    "winnerAces" : 11,
    "winnerPrimerSaqueDentro" : 49,
    "winnerPrimerSaqueGanado" : 41,
    "winnerSegundoSaqueGanado" : 18,
    "winnerDobleFalta" : 6,
    "winnerServingPoints" : 85,
    "winnerServingGames" : 16,
    "loserAces" : 2,
    "loserPrimerSaqueDentro" : 66,
    "loserPrimerSaqueGanado" : 47,
    "loserSegundoSaqueGanado" : 19,
    "loserDobleFalta" : 3,
    "loserServingPoints" : 105,