{
  "nombre" : "Alex Bogdanovic",
  "mano" : "L",
  "nacionalidad" : "GBR",
  "edad" : 29.1471594798,
  "ganar1Saque" : 0.6505496174097061,
  "ganar2Saque" : 0.6077940732240676,
  "primerSaque" : 0.6290371119976044,
  "segundoSaque" : 0.30928895324468614,
  "ganarPuntoSacando" : 0.5972038452423439,
  "ganarPuntoRestando" : 0.3512183581932143,
  "probAce" : 0.06733524054288864,
  "clay" : {
    "nombre" : "Clay",
    "probVictoria" : 0.5,
    "probGanarPrimerSaque" : 0.7536719739437103,
    "probGanarSegundoSaque" : 0.5872727483510971,
    "probPrimerSaque" : 0.586554616689682,
    "probSegundoSaque" : 0.3409663885831833,
    "probGanarPuntoSacando" : 0.6423100439049032,
    "probGanarPuntoRestando" : 0.41420170480608864,
    "probAce" : 0.0
  },
  "grass" : {
    "nombre" : "Grass",
    "probVictoria" : 0.25,
    "probGanarPrimerSaque" : 1.3648103475570679,
    "probGanarSegundoSaque" : 0.5395114868879318,
    "probPrimerSaque" : 0.6129472255706787,
    "probSegundoSaque" : 0.3259551227092743,
    "probGanarPuntoSacando" : 1.0124132488768773,
    "probGanarPuntoRestando" : 0.33807797134182016,
    "probAce" : 0.0
  },
  "hard" : {
    "nombre" : "Hard",
    "probVictoria" : 0.3333333432674408,
    "probGanarPrimerSaque" : 0.6055569797754288,
    "probGanarSegundoSaque" : 0.6373953769604365,
    "probPrimerSaque" : 0.6485612392425537,
    "probSegundoSaque" : 0.29317441831032437,
    "probGanarPuntoSacando" : 0.579608804109196,
    "probGanarPuntoRestando" : 0.33460403827272084,
    "probAce" : 0.0
  },
  "other" : {
    "nombre" : "Other",
    "probVictoria" : 0.0,
    "probGanarPrimerSaque" : 0.0,
    "probGanarSegundoSaque" : 0.0,
    "probPrimerSaque" : 0.0,
    "probSegundoSaque" : 0.0,
    "probGanarPuntoSacando" : 0.0,
    "probGanarPuntoRestando" : 0.0,
    "probAce" : 0.0
  },
  "partidos" : [ {
    "torneo" : "Binghamton CH",
    "fecha" : "20130715",
    "superficie" : "Hard",
    "resultado" : "6-2 6-1",
    "contrincante" : "Stephane Bohli",
    "ganador" : false,
    "winnerAces" : 2,
    "winnerPrimerSaqueDentro" : 26,
    "winnerPrimerSaqueGanado" : 19,
    "winnerSegundoSaqueGanado" : 11,
    "winnerDobleFalta" : 1,
    "winnerServingPoints" : 47,
    "winnerServingGames" : 8,
    "loserAces" : 1,
    "loserPrimerSaqueDentro" : 20,
    "loserPrimerSaqueGanado" : 3,
    "loserSegundoSaqueGanado" : 9,
    "loserDobleFalta" : 3,
    "loserServingPoints" : 37,
    "loserServingGames" : 7
  }, {
    "torneo" : "Nottingham CH",
    "fecha" : "20130604",
    "superficie" : "Grass",
    "resultado" : "6-3 7-5",
    "contrincante" : "Michael Berrer",
    "ganador" : false,
    "winnerAces" : 5,
    "winnerPrimerSaqueDentro" : 45,
    "winnerPrimerSaqueGanado" : 33,
    "winnerSegundoSaqueGanado" : 10,
    "winnerDobleFalta" : 2,
    "winnerServingPoints" : 63,
    "winnerServingGames" : 11,
    "loserAces" : 2,
    "loserPrimerSaqueDentro" : 42,
    "loserPrimerSaqueGanado" : 26,
    "loserSegundoSaqueGanado" : 11,
    "loserDobleFalta" : 2,
    "loserServingPoints" : 68,
    "loserServingGames" : 10
  }, {
    "torneo" : "Dallas CH",
    "fecha" : "20130204",
    "superficie" : "Hard",
    "resultado" : "6-3 6-3",
    "contrincante" : "Pierre Hugues Herbert",
    "ganador" : false,
    "winnerAces" : 6,
    "winnerPrimerSaqueDentro" : 27,
    "winnerPrimerSaqueGanado" : 22,
    "winnerSegundoSaqueGanado" : 15,
    "winnerDobleFalta" : 0,
    "winnerServingPoints" : 48,
    "winnerServingGames" : 9,
    "loserAces" : 0,
    "loserPrimerSaqueDentro" : 40,
    "loserPrimerSaqueGanado" : 22,
    "loserSegundoSaqueGanado" : 14,
    "loserDobleFalta" : 3,
    "loserServingPoints" : 65,
    "loserServingGames" : 9
  }, {
    "torneo" : "Tallahassee CH",
    "fecha" : "20130429",
    "superficie" : "Clay",
    "resultado" : "7-5 6-1",
    "contrincante" : "Austin Krajicek",
    "ganador" : true,
    "winnerAces" : 4,
    "winnerPrimerSaqueDentro" : 38,
    "winnerPrimerSaqueGanado" : 29,
    "winnerSegundoSaqueGanado" : 18,
    "winnerDobleFalta" : 5,
    "winnerServingPoints" : 68,
    "winnerServingGames" : 10,
    "loserAces" : 0,
    "loserPrimerSaqueDentro" : 30,
    "loserPrimerSaqueGanado" : 17,
    "loserSegundoSaqueGanado" : 18,
    "loserDobleFalta" : 4,
    "loserServingPoints" : 61,
    "loserServingGames" : 9
  }, {
    "torneo" : "Tallahassee CH",
    "fecha" : "20130429",
    "superficie" : "Clay",
    "resultado" : "7-5 7-5",
    "contrincante" : "Ryan Harrison",
    "ganador" : false,
    "winnerAces" : 3,
    "winnerPrimerSaqueDentro" : 56,
    "winnerPrimerSaqueGanado" : 39,
    "winnerSegundoSaqueGanado" : 16,
    "winnerDobleFalta" : 5,
    "winnerServingPoints" : 92,
    "winnerServingGames" : 12,
    "loserAces" : 3,
    "loserPrimerSaqueDentro" : 43,
    "loserPrimerSaqueGanado" : 32,
    "loserSegundoSaqueGanado" : 10,
    "loserDobleFalta" : 5,
    "loserServingPoints" : 70,
    "loserServingGames" : 12
  }, {
    "torneo" : "Winnetka CH",
    "fecha" : "20130701",
    "superficie" : "Hard",
    "resultado" : "0-6 6-3 6-3",
    "contrincante" : "Austin Krajicek",
    "ganador" : false,
    "winnerAces" : 8,
    "winnerPrimerSaqueDentro" : 41,
    "winnerPrimerSaqueGanado" : 28,
    "winnerSegundoSaqueGanado" : 17,
    "winnerDobleFalta" : 0,
    "winnerServingPoints" : 72,
    "winnerServingGames" : 12,
    "loserAces" : 1,
    "loserPrimerSaqueDentro" : 50,
    "loserPrimerSaqueGanado" : 29,
    "loserSegundoSaqueGanado" : 15,
    "loserDobleFalta" : 4,
    "loserServingPoints" : 76,
    "loserServingGames" : 12
  }, {
    "torneo" : "Rimouski CH",
    "fecha" : "20130318",
    "superficie" : "Hard",
    "resultado" : "6-7(10) 6-4 6-3",
    "contrincante" : "Hiroki Moriya",
    "ganador" : true,
    "winnerAces" : 17,
    "winnerPrimerSaqueDentro" : 81,
    "winnerPrimerSaqueGanado" : 64,
    "winnerSegundoSaqueGanado" : 12,
    "winnerDobleFalta" : 8,
    "winnerServingPoints" : 114,
    "winnerServingGames" : 16,
    "loserAces" : 5,
    "loserPrimerSaqueDentro" : 54,
    "loserPrimerSaqueGanado" : 40,
    "loserSegundoSaqueGanado" : 16,
    "loserDobleFalta" : 2,
    "loserServingPoints" : 86,
    "loserServingGames" : 15
  }, {
    "torneo" : "Rimouski CH",
    "fecha" : "20130318",
    "superficie" : "Hard",
    "resultado" : "6-2 6-4",
    "contrincante" : "Adam El Mihdawy",
    "ganador" : true,
    "winnerAces" : 4,
    "winnerPrimerSaqueDentro" : 29,
    "winnerPrimerSaqueGanado" : 26,
    "winnerSegundoSaqueGanado" : 12,
    "winnerDobleFalta" : 3,
    "winnerServingPoints" : 47,
    "winnerServingGames" : 9,
    "loserAces" : 4,
    "loserPrimerSaqueDentro" : 26,
    "loserPrimerSaqueGanado" : 19,
    "loserSegundoSaqueGanado" : 11,
    "loserDobleFalta" : 6,
    "loserServingPoints" : 52,
    "loserServingGames" : 9
  }, {
    "torneo" : "Rimouski CH",
    "fecha" : "20130318",
    "superficie" : "Hard",
    "resultado" : "6-4 6-3",
    "contrincante" : "Rik De Voest",
    "ganador" : false,
    "winnerAces" : 3,
    "winnerPrimerSaqueDentro" : 51,
    "winnerPrimerSaqueGanado" : 41,
    "winnerSegundoSaqueGanado" : 5,
    "winnerDobleFalta" : 1,
    "winnerServingPoints" : 63,
    "winnerServingGames" : 10,
    "loserAces" : 5,
    "loserPrimerSaqueDentro" : 42,
    "loserPrimerSaqueGanado" : 28,
    "loserSegundoSaqueGanado" : 7,
    "loserDobleFalta" : 2,
    "loserServingPoints" : 56,
    "loserServingGames" : 9
  }, {
    "torneo" : "Wimbledon Q",
    "fecha" : "20130624",
    "superficie" : "Grass",
    "resultado" : "7-6(5) 6-3",
    "contrincante" : "Marek Semjan",
    "ganador" : true,
    "winnerAces" : 0,
    "winnerPrimerSaqueDentro" : 0,
    "winnerPrimerSaqueGanado" : 0,
    "winnerSegundoSaqueGanado" : 0,
    "winnerDobleFalta" : 0,
    "winnerServingPoints" : 0,
    "winnerServingGames" : 0,
    "loserAces" : 0,
    "loserPrimerSaqueDentro" : 0,
    "loserPrimerSaqueGanado" : 0,
    "loserSegundoSaqueGanado" : 0,
    "loserDobleFalta" : 0,
    "loserServingPoints" : 0,