{
  "nombre" : "Alexander Ward",
  "mano" : "U",
  "nacionalidad" : "GBR",
  "edad" : 23.189596167,
  "ganar1Saque" : 0.6988563939281132,
  "ganar2Saque" : 0.5776994176532911,
  "primerSaque" : 0.6348251518995865,
  "segundoSaque" : 0.3361954371566358,
  "ganarPuntoSacando" : 0.6378715246944938,
  "ganarPuntoRestando" : 0.38358176168794517,
  "probAce" : 0.04875217750668526,
  "clay" : {
    "nombre" : "Clay",
    "probVictoria" : 0.529411792755127,
    "probGanarPrimerSaque" : 0.7181063930193583,
    "probGanarSegundoSaque" : 0.6236408392588297,
    "probPrimerSaque" : 0.6158397912979126,
    "probSegundoSaque" : 0.35777451197306315,
    "probGanarPuntoSacando" : 0.6653612881190377,
    "probGanarPuntoRestando" : 0.3958092397171764,
    "probAce" : 0.0
  },
  "grass" : {
    "nombre" : "Grass",
    "probVictoria" : 0.0,
    "probGanarPrimerSaque" : 0.0,
    "probGanarSegundoSaque" : 0.0,
    "probPrimerSaque" : 0.0,
    "probSegundoSaque" : 0.0,
    "probGanarPuntoSacando" : 0.0,
    "probGanarPuntoRestando" : 0.0,
    "probAce" : 0.0
  },
  "hard" : {
    "nombre" : "Hard",
    "probVictoria" : 0.4285714328289032,
    "probGanarPrimerSaque" : 0.6604412581239428,
    "probGanarSegundoSaque" : 0.4869520664215088,
    "probPrimerSaque" : 0.6736259460449219,
    "probSegundoSaque" : 0.28998248279094696,
    "probGanarPuntoSacando" : 0.5860979365319307,
    "probGanarPuntoRestando" : 0.381196352085233,
    "probAce" : 0.0
  },
  "other" : {
    "nombre" : "Other",
    "probVictoria" : 0.0,
    "probGanarPrimerSaque" : 0.6790123581886292,
    "probGanarSegundoSaque" : 0.523809552192688,
    "probPrimerSaque" : 0.6480000019073486,
    "probSegundoSaque" : 0.335999995470047,
    "probGanarPuntoSacando" : 0.6160000165652555,
    "probGanarPuntoRestando" : 0.21686745846846023,
    "probAce" : 0.0
  },
  "partidos" : [ {
    "torneo" : "Stuttgart",
    "fecha" : "20130708",
    "superficie" : "Clay",
    "resultado" : "6-3 7-6(5)",
    "contrincante" : "Fabio Fognini",
    "ganador" : false,
    "winnerAces" : 6,
    "winnerPrimerSaqueDentro" : 45,
    "winnerPrimerSaqueGanado" : 33,
    "winnerSegundoSaqueGanado" : 14,
    "winnerDobleFalta" : 2,
    "winnerServingPoints" : 67,
    "winnerServingGames" : 11,
    "loserAces" : 4,
    "loserPrimerSaqueDentro" : 48,
    "loserPrimerSaqueGanado" : 31,
    "loserSegundoSaqueGanado" : 11,
    "loserDobleFalta" : 0,
    "loserServingPoints" : 66,
    "loserServingGames" : 10
  }, {
    "torneo" : "Seville CH",
    "fecha" : "20130909",
    "superficie" : "Clay",
    "resultado" : "4-6 6-4 6-4",
    "contrincante" : "Alberto Brizzi",
    "ganador" : true,
    "winnerAces" : 6,
    "winnerPrimerSaqueDentro" : 53,
    "winnerPrimerSaqueGanado" : 41,
    "winnerSegundoSaqueGanado" : 16,
    "winnerDobleFalta" : 1,
    "winnerServingPoints" : 76,
    "winnerServingGames" : 15,
    "loserAces" : 2,
    "loserPrimerSaqueDentro" : 50,
    "loserPrimerSaqueGanado" : 39,
    "loserSegundoSaqueGanado" : 13,
    "loserDobleFalta" : 2,
    "loserServingPoints" : 77,
    "loserServingGames" : 15
  }, {
    "torneo" : "Seville CH",
    "fecha" : "20130909",
    "superficie" : "Clay",
    "resultado" : "4-6 7-5 7-5",
    "contrincante" : "Andrey Kuznetsov",
    "ganador" : true,
    "winnerAces" : 4,
    "winnerPrimerSaqueDentro" : 81,
    "winnerPrimerSaqueGanado" : 53,
    "winnerSegundoSaqueGanado" : 12,
    "winnerDobleFalta" : 2,
    "winnerServingPoints" : 110,
    "winnerServingGames" : 17,
    "loserAces" : 9,
    "loserPrimerSaqueDentro" : 54,
    "loserPrimerSaqueGanado" : 38,
    "loserSegundoSaqueGanado" : 19,
    "loserDobleFalta" : 6,
    "loserServingPoints" : 104,
    "loserServingGames" : 17
  }, {
    "torneo" : "Seville CH",
    "fecha" : "20130909",
    "superficie" : "Clay",
    "resultado" : "7-6(4) 1-6 7-6(3)",
    "contrincante" : "Renzo Olivo",
    "ganador" : false,
    "winnerAces" : 2,
    "winnerPrimerSaqueDentro" : 63,
    "winnerPrimerSaqueGanado" : 41,
    "winnerSegundoSaqueGanado" : 14,
    "winnerDobleFalta" : 2,
    "winnerServingPoints" : 90,
    "winnerServingGames" : 15,
    "loserAces" : 3,
    "loserPrimerSaqueDentro" : 75,
    "loserPrimerSaqueGanado" : 47,
    "loserSegundoSaqueGanado" : 21,
    "loserDobleFalta" : 2,
    "loserServingPoints" : 112,
    "loserServingGames" : 16
  }, {
    "torneo" : "Segovia CH",
    "fecha" : "20130729",
    "superficie" : "Hard",
    "resultado" : "4-6 6-4 7-6(3)",
    "contrincante" : "Arnau Brugues Davi",
    "ganador" : true,
    "winnerAces" : 9,
    "winnerPrimerSaqueDentro" : 74,
    "winnerPrimerSaqueGanado" : 54,
    "winnerSegundoSaqueGanado" : 12,
    "winnerDobleFalta" : 7,
    "winnerServingPoints" : 110,
    "winnerServingGames" : 16,
    "loserAces" : 4,
    "loserPrimerSaqueDentro" : 58,
    "loserPrimerSaqueGanado" : 36,
    "loserSegundoSaqueGanado" : 32,
    "loserDobleFalta" : 13,
    "loserServingPoints" : 117,
    "loserServingGames" : 16
  }, {
    "torneo" : "Segovia CH",
    "fecha" : "20130729",
    "superficie" : "Hard",
    "resultado" : "6-1 7-6(3)",
    "contrincante" : "Pablo Carreno Busta",
    "ganador" : false,
    "winnerAces" : 2,
    "winnerPrimerSaqueDentro" : 31,
    "winnerPrimerSaqueGanado" : 29,
    "winnerSegundoSaqueGanado" : 14,
    "winnerDobleFalta" : 0,
    "winnerServingPoints" : 59,
    "winnerServingGames" : 10,
    "loserAces" : 1,
    "loserPrimerSaqueDentro" : 37,
    "loserPrimerSaqueGanado" : 26,
    "loserSegundoSaqueGanado" : 14,
    "loserDobleFalta" : 2,
    "loserServingPoints" : 69,
    "loserServingGames" : 9
  }, {
    "torneo" : "Kenitra CH",
    "fecha" : "20130916",
    "superficie" : "Clay",
    "resultado" : "5-7 6-4 6-4",
    "contrincante" : "Mehdi Jdi",
    "ganador" : true,
    "winnerAces" : 6,
    "winnerPrimerSaqueDentro" : 58,
    "winnerPrimerSaqueGanado" : 46,
    "winnerSegundoSaqueGanado" : 18,
    "winnerDobleFalta" : 2,
    "winnerServingPoints" : 87,
    "winnerServingGames" : 16,
    "loserAces" : 3,
    "loserPrimerSaqueDentro" : 51,
    "loserPrimerSaqueGanado" : 37,
    "loserSegundoSaqueGanado" : 27,
    "loserDobleFalta" : 5,
    "loserServingPoints" : 93,
    "loserServingGames" : 16
  }, {
    "torneo" : "Kenitra CH",
    "fecha" : "20130916",
    "superficie" : "Clay",
    "resultado" : "6-3 3-6 6-3",
    "contrincante" : "Blaz Rola",
    "ganador" : false,
    "winnerAces" : 5,
    "winnerPrimerSaqueDentro" : 51,
    "winnerPrimerSaqueGanado" : 37,
    "winnerSegundoSaqueGanado" : 19,
    "winnerDobleFalta" : 6,
    "winnerServingPoints" : 87,
    "winnerServingGames" : 14,
    "loserAces" : 2,
    "loserPrimerSaqueDentro" : 40,
    "loserPrimerSaqueGanado" : 27,
    "loserSegundoSaqueGanado" : 18,
    "loserDobleFalta" : 4,
    "loserServingPoints" : 80,
    "loserServingGames" : 13
  }, {
    "torneo" : "Guimaraes CH",
    "fecha" : "20130722",
    "superficie" : "Hard",
    "resultado" : "3-6 6-3 7-5",
    "contrincante" : "Josselin Ouanna",
    "ganador" : false,
    "winnerAces" : 5,
    "winnerPrimerSaqueDentro" : 43,
    "winnerPrimerSaqueGanado" : 34,
    "winnerSegundoSaqueGanado" : 29,
    "winnerDobleFalta" : 6,
    "winnerServingPoints" : 96,
    "winnerServingGames" : 15,
    "loserAces" : 2,
    "loserPrimerSaqueDentro" : 69,
    "loserPrimerSaqueGanado" : 44,
    "loserSegundoSaqueGanado" : 14,
    "loserDobleFalta" : 2,
    "loserServingPoints" : 98,
    "loserServingGames" : 15
  }, {
    "torneo" : "Braunschweig CH",
    "fecha" : "20130701",
    "superficie" : "Clay",
    "resultado" : "6-4 7-5",
    "contrincante" : "Bjorn Phau",
    "ganador" : false,
    "winnerAces" : 2,
    "winnerPrimerSaqueDentro" : 52,
    "winnerPrimerSaqueGanado" : 38,
    "winnerSegundoSaqueGanado" : 22,
    "winnerDobleFalta" : 2,
    "winnerServingPoints" : 92,
    "winnerServingGames" : 11,
    "loserAces" : 2,
    "loserPrimerSaqueDentro" : 24,
    "loserPrimerSaqueGanado" : 18,
    "loserSegundoSaqueGanado" : 21,
    "loserDobleFalta" : 2,