{
  "nombre" : "Blaz Rola",
  "mano" : "L",
  "nacionalidad" : "SLO",
  "edad" : 22.9486652977,
  "ganar1Saque" : 0.7140721247113985,
  "ganar2Saque" : 0.5931948361725643,
  "primerSaque" : 0.5859799148707554,
  "segundoSaque" : 0.3813434274032198,
  "ganarPuntoSacando" : 0.6446428747939019,
  "ganarPuntoRestando" : 0.41841818854968965,
  "probAce" : 0.06816015392541885,
  "clay" : {
    "nombre" : "Clay",
    "probVictoria" : 0.699999988079071,
    "probGanarPrimerSaque" : 0.698980239033699,
    "probGanarSegundoSaque" : 0.6014753937721252,
    "probPrimerSaque" : 0.5726022228598595,
    "probSegundoSaque" : 0.3897301435470581,
    "probGanarPuntoSacando" : 0.6346507301606457,
    "probGanarPuntoRestando" : 0.45098493384497385,
    "probAce" : 0.0
  },
  "grass" : {
    "nombre" : "Grass",
    "probVictoria" : 0.0,
    "probGanarPrimerSaque" : 0.0,
    "probGanarSegundoSaque" : 0.0,
    "probPrimerSaque" : 0.0,
    "probSegundoSaque" : 0.0,
    "probGanarPuntoSacando" : 0.0,
    "probGanarPuntoRestando" : 0.0,
    "probAce" : 0.0
  },
  "hard" : {
    "nombre" : "Hard",
    "probVictoria" : 0.20000000298023224,
    "probGanarPrimerSaque" : 0.7181373119354248,
    "probGanarSegundoSaque" : 0.5754069983959198,
    "probPrimerSaque" : 0.5842827320098877,
    "probSegundoSaque" : 0.3950205981731415,
    "probGanarPuntoSacando" : 0.6468928472752351,
    "probGanarPuntoRestando" : 0.34921049576174273,
    "probAce" : 0.0
  },
  "other" : {
    "nombre" : "Other",
    "probVictoria" : 0.75,
    "probGanarPrimerSaque" : 0.7844500690698624,
    "probGanarSegundoSaque" : 0.574026845395565,
    "probPrimerSaque" : 0.6549898535013199,
    "probSegundoSaque" : 0.3223133832216263,
    "probGanarPuntoSacando" : 0.6988233704186514,
    "probGanarPuntoRestando" : 0.342094078058203,
    "probAce" : 0.0
  },
  "partidos" : [ {
    "torneo" : "Kenitra CH",
    "fecha" : "20130916",
    "superficie" : "Clay",
    "resultado" : "7-5 6-0",
    "contrincante" : "Germain Gigounon",
    "ganador" : true,
    "winnerAces" : 1,
    "winnerPrimerSaqueDentro" : 37,
    "winnerPrimerSaqueGanado" : 23,
    "winnerSegundoSaqueGanado" : 17,
    "winnerDobleFalta" : 1,
    "winnerServingPoints" : 62,
    "winnerServingGames" : 9,
    "loserAces" : 1,
    "loserPrimerSaqueDentro" : 29,
    "loserPrimerSaqueGanado" : 18,
    "loserSegundoSaqueGanado" : 10,
    "loserDobleFalta" : 5,
    "loserServingPoints" : 61,
    "loserServingGames" : 9
  }, {
    "torneo" : "Kenitra CH",
    "fecha" : "20130916",
    "superficie" : "Clay",
    "resultado" : "6-3 3-6 6-3",
    "contrincante" : "Alexander Ward",
    "ganador" : true,
    "winnerAces" : 5,
    "winnerPrimerSaqueDentro" : 51,
    "winnerPrimerSaqueGanado" : 37,
    "winnerSegundoSaqueGanado" : 19,
    "winnerDobleFalta" : 6,
    "winnerServingPoints" : 87,
    "winnerServingGames" : 14,
    "loserAces" : 2,
    "loserPrimerSaqueDentro" : 40,
    "loserPrimerSaqueGanado" : 27,
    "loserSegundoSaqueGanado" : 18,
    "loserDobleFalta" : 4,
    "loserServingPoints" : 80,
    "loserServingGames" : 13
  }, {
    "torneo" : "Kenitra CH",
    "fecha" : "20130916",
    "superficie" : "Clay",
    "resultado" : "6-1 3-6 6-2",
    "contrincante" : "Alexander Rumyantsev",
    "ganador" : true,
    "winnerAces" : 2,
    "winnerPrimerSaqueDentro" : 46,
    "winnerPrimerSaqueGanado" : 32,
    "winnerSegundoSaqueGanado" : 16,
    "winnerDobleFalta" : 2,
    "winnerServingPoints" : 78,
    "winnerServingGames" : 12,
    "loserAces" : 3,
    "loserPrimerSaqueDentro" : 39,
    "loserPrimerSaqueGanado" : 24,
    "loserSegundoSaqueGanado" : 13,
    "loserDobleFalta" : 5,
    "loserServingPoints" : 71,
    "loserServingGames" : 12
  }, {
    "torneo" : "Kenitra CH",
    "fecha" : "20130916",
    "superficie" : "Clay",
    "resultado" : "6-4 6-3",
    "contrincante" : "Dominic Thiem",
    "ganador" : false,
    "winnerAces" : 3,
    "winnerPrimerSaqueDentro" : 25,
    "winnerPrimerSaqueGanado" : 18,
    "winnerSegundoSaqueGanado" : 19,
    "winnerDobleFalta" : 2,
    "winnerServingPoints" : 55,
    "winnerServingGames" : 9,
    "loserAces" : 4,
    "loserPrimerSaqueDentro" : 32,
    "loserPrimerSaqueGanado" : 23,
    "loserSegundoSaqueGanado" : 12,
    "loserDobleFalta" : 3,
    "loserServingPoints" : 60,
    "loserServingGames" : 10
  }, {
    "torneo" : "Portoroz CH",
    "fecha" : "20130701",
    "superficie" : "Hard",
    "resultado" : "6-1 6-3",
    "contrincante" : "Karol Beck",
    "ganador" : false,
    "winnerAces" : 6,
    "winnerPrimerSaqueDentro" : 36,
    "winnerPrimerSaqueGanado" : 27,
    "winnerSegundoSaqueGanado" : 11,
    "winnerDobleFalta" : 4,
    "winnerServingPoints" : 58,
    "winnerServingGames" : 8,
    "loserAces" : 0,
    "loserPrimerSaqueDentro" : 29,
    "loserPrimerSaqueGanado" : 18,
    "loserSegundoSaqueGanado" : 9,
    "loserDobleFalta" : 0,
    "loserServingPoints" : 51,
    "loserServingGames" : 8
  }, {
    "torneo" : "Eskisehir CH",
    "fecha" : "20130715",
    "superficie" : "Hard",
    "resultado" : "6-3 6-4",
    "contrincante" : "Gilad Ben Zvi",
    "ganador" : true,
    "winnerAces" : 5,
    "winnerPrimerSaqueDentro" : 27,
    "winnerPrimerSaqueGanado" : 25,
    "winnerSegundoSaqueGanado" : 16,
    "winnerDobleFalta" : 0,
    "winnerServingPoints" : 49,
    "winnerServingGames" : 10,
    "loserAces" : 2,
    "loserPrimerSaqueDentro" : 53,
    "loserPrimerSaqueGanado" : 33,
    "loserSegundoSaqueGanado" : 6,
    "loserDobleFalta" : 1,
    "loserServingPoints" : 68,
    "loserServingGames" : 9
  }, {
    "torneo" : "Eskisehir CH",
    "fecha" : "20130715",
    "superficie" : "Hard",
    "resultado" : "6-4 5-7 7-6(3)",
    "contrincante" : "Maximilian Neuchrist",
    "ganador" : false,
    "winnerAces" : 14,
    "winnerPrimerSaqueDentro" : 81,
    "winnerPrimerSaqueGanado" : 62,
    "winnerSegundoSaqueGanado" : 14,
    "winnerDobleFalta" : 4,
    "winnerServingPoints" : 115,
    "winnerServingGames" : 17,
    "loserAces" : 10,
    "loserPrimerSaqueDentro" : 68,
    "loserPrimerSaqueGanado" : 52,
    "loserSegundoSaqueGanado" : 19,
    "loserDobleFalta" : 2,
    "loserServingPoints" : 106,
    "loserServingGames" : 17
  }, {
    "torneo" : "Maui CH",
    "fecha" : "20130121",
    "superficie" : "Hard",
    "resultado" : "6-1 7-6(10)",
    "contrincante" : "Tennys Sandgren",
    "ganador" : false,
    "winnerAces" : 6,
    "winnerPrimerSaqueDentro" : 43,
    "winnerPrimerSaqueGanado" : 34,
    "winnerSegundoSaqueGanado" : 23,
    "winnerDobleFalta" : 2,
    "winnerServingPoints" : 79,
    "winnerServingGames" : 10,
    "loserAces" : 5,
    "loserPrimerSaqueDentro" : 35,
    "loserPrimerSaqueGanado" : 23,
    "loserSegundoSaqueGanado" : 16,
    "loserDobleFalta" : 2,
    "loserServingPoints" : 60,
    "loserServingGames" : 9
  }, {
    "torneo" : "Brasov CH",
    "fecha" : "20130903",
    "superficie" : "Clay",
    "resultado" : "7-6(4) 6-4",
    "contrincante" : "Aleksandr Nedovyesov",
    "ganador" : false,
    "winnerAces" : 8,
    "winnerPrimerSaqueDentro" : 56,
    "winnerPrimerSaqueGanado" : 43,
    "winnerSegundoSaqueGanado" : 10,
    "winnerDobleFalta" : 0,
    "winnerServingPoints" : 75,
    "winnerServingGames" : 11,
    "loserAces" : 2,
    "loserPrimerSaqueDentro" : 41,
    "loserPrimerSaqueGanado" : 29,
    "loserSegundoSaqueGanado" : 19,
    "loserDobleFalta" : 1,
    "loserServingPoints" : 70,
    "loserServingGames" : 11
  }, {
    "torneo" : "Yokohama CH",
    "fecha" : "20131111",
    "superficie" : "Hard",
    "resultado" : "7-6(4) 6-4",
    "contrincante" : "Benjamin Mitchell",
    "ganador" : false,
    "winnerAces" : 4,
    "winnerPrimerSaqueDentro" : 53,
    "winnerPrimerSaqueGanado" : 37,
    "winnerSegundoSaqueGanado" : 8,
    "winnerDobleFalta" : 3,
    "winnerServingPoints" : 70,
    "winnerServingGames" : 11,
    "loserAces" : 4,
    "loserPrimerSaqueDentro" : 45,
    "loserPrimerSaqueGanado" : 28,
    "loserSegundoSaqueGanado" : 15,
    "loserDobleFalta" : 4,
    "loserServingPoints" : 78,