{
  "nombre" : "Borna Coric",
  "mano" : "R",
  "nacionalidad" : "CRO",
  "edad" : 16.6844626968,
  "ganar1Saque" : 0.671563059091568,
  "ganar2Saque" : 0.5199928830067316,
  "primerSaque" : 0.6783358653386434,
  "segundoSaque" : 0.2995559647679329,
  "ganarPuntoSacando" : 0.6113122785598857,
  "ganarPuntoRestando" : 0.35759120295854546,
  "probAce" : 0.058394160121679306,
  "clay" : {
    "nombre" : "Clay",
    "probVictoria" : 0.0,
    "probGanarPrimerSaque" : 0.6607142686843872,
    "probGanarSegundoSaque" : 0.3888888955116272,
    "probPrimerSaque" : 0.5894736647605896,
    "probSegundoSaque" : 0.378947377204895,
    "probGanarPuntoSacando" : 0.5368420882992382,
    "probGanarPuntoRestando" : 0.31707316756374215,
    "probAce" : 0.0
  },
  "grass" : {
    "nombre" : "Grass",
    "probVictoria" : 0.0,
    "probGanarPrimerSaque" : 0.0,
    "probGanarSegundoSaque" : 0.0,
    "probPrimerSaque" : 0.0,
    "probSegundoSaque" : 0.0,
    "probGanarPuntoSacando" : 0.0,
    "probGanarPuntoRestando" : 0.0,
    "probAce" : 0.0
  },
  "hard" : {
    "nombre" : "Hard",
    "probVictoria" : 0.6000000238418579,
    "probGanarPrimerSaque" : 0.6566821485757828,
    "probGanarSegundoSaque" : 0.5041956678032875,
    "probPrimerSaque" : 0.6714174300432205,
    "probSegundoSaque" : 0.3097253069281578,
    "probGanarPuntoSacando" : 0.5970699985142331,
    "probGanarPuntoRestando" : 0.40423389038594726,
    "probAce" : 0.0
  },
  "other" : {
    "nombre" : "Other",
    "probVictoria" : 0.0,
    "probGanarPrimerSaque" : 0.7419354915618896,
    "probGanarSegundoSaque" : 0.7142857313156128,
    "probPrimerSaque" : 0.7948718070983887,
    "probSegundoSaque" : 0.1794871836900711,
    "probGanarPuntoSacando" : 0.7179487391920727,
    "probGanarPuntoRestando" : 0.21153848864374092,
    "probAce" : 0.0
  },
  "partidos" : [ {
    "torneo" : "Umag",
    "fecha" : "20130722",
    "superficie" : "Clay",
    "resultado" : "6-7(5) 6-4 6-0",
    "contrincante" : "Horacio Zeballos",
    "ganador" : false,
    "winnerAces" : 6,
    "winnerPrimerSaqueDentro" : 47,
    "winnerPrimerSaqueGanado" : 38,
    "winnerSegundoSaqueGanado" : 18,
    "winnerDobleFalta" : 4,
    "winnerServingPoints" : 82,
    "winnerServingGames" : 14,
    "loserAces" : 1,
    "loserPrimerSaqueDentro" : 56,
    "loserPrimerSaqueGanado" : 37,
    "loserSegundoSaqueGanado" : 14,
    "loserDobleFalta" : 3,
    "loserServingPoints" : 95,
    "loserServingGames" : 14
  }, {
    "torneo" : "Yokohama CH",
    "fecha" : "20131111",
    "superficie" : "Hard",
    "resultado" : "6-2 6-2",
    "contrincante" : "Germain Gigounon",
    "ganador" : true,
    "winnerAces" : 4,
    "winnerPrimerSaqueDentro" : 27,
    "winnerPrimerSaqueGanado" : 18,
    "winnerSegundoSaqueGanado" : 10,
    "winnerDobleFalta" : 0,
    "winnerServingPoints" : 45,
    "winnerServingGames" : 8,
    "loserAces" : 1,
    "loserPrimerSaqueDentro" : 26,
    "loserPrimerSaqueGanado" : 14,
    "loserSegundoSaqueGanado" : 7,
    "loserDobleFalta" : 3,
    "loserServingPoints" : 53,
    "loserServingGames" : 8
  }, {
    "torneo" : "Yokohama CH",
    "fecha" : "20131111",
    "superficie" : "Hard",
    "resultado" : " W/O",
    "contrincante" : "Blaz Kavcic",
    "ganador" : true,
    "winnerAces" : 0,
    "winnerPrimerSaqueDentro" : 0,
    "winnerPrimerSaqueGanado" : 0,
    "winnerSegundoSaqueGanado" : 0,
    "winnerDobleFalta" : 0,
    "winnerServingPoints" : 0,
    "winnerServingGames" : 0,
    "loserAces" : 0,
    "loserPrimerSaqueDentro" : 0,
    "loserPrimerSaqueGanado" : 0,
    "loserSegundoSaqueGanado" : 0,
    "loserDobleFalta" : 0,
    "loserServingPoints" : 0,
    "loserServingGames" : 0
  }, {
    "torneo" : "Yokohama CH",
    "fecha" : "20131111",
    "superficie" : "Hard",
    "resultado" : "2-6 6-3 7-6(7)",
    "contrincante" : "Pierre Hugues Herbert",
    "ganador" : false,
    "winnerAces" : 12,
    "winnerPrimerSaqueDentro" : 61,
    "winnerPrimerSaqueGanado" : 48,
    "winnerSegundoSaqueGanado" : 16,
    "winnerDobleFalta" : 10,
    "winnerServingPoints" : 101,
    "winnerServingGames" : 15,
    "loserAces" : 4,
    "loserPrimerSaqueDentro" : 85,
    "loserPrimerSaqueGanado" : 57,
    "loserSegundoSaqueGanado" : 16,
    "loserDobleFalta" : 7,
    "loserServingPoints" : 123,
    "loserServingGames" : 14
  }, {
    "torneo" : "Toyota CH",
    "fecha" : "20131118",
    "superficie" : "Carpet",
    "resultado" : "6-3 6-4",
    "contrincante" : "Tatsuma Ito",
    "ganador" : false,
    "winnerAces" : 8,
    "winnerPrimerSaqueDentro" : 34,
    "winnerPrimerSaqueGanado" : 31,
    "winnerSegundoSaqueGanado" : 10,
    "winnerDobleFalta" : 1,
    "winnerServingPoints" : 52,
    "winnerServingGames" : 10,
    "loserAces" : 5,
    "loserPrimerSaqueDentro" : 31,
    "loserPrimerSaqueGanado" : 23,
    "loserSegundoSaqueGanado" : 5,
    "loserDobleFalta" : 1,
    "loserServingPoints" : 39,
    "loserServingGames" : 9
  }, {
    "torneo" : "Zagreb Q",
    "fecha" : "20130204",
    "superficie" : "Hard",
    "resultado" : "6-3 6-1",
    "contrincante" : "Grzegorz Panfil",
    "ganador" : true,
    "winnerAces" : 6,
    "winnerPrimerSaqueDentro" : 38,
    "winnerPrimerSaqueGanado" : 28,
    "winnerSegundoSaqueGanado" : 8,
    "winnerDobleFalta" : 1,
    "winnerServingPoints" : 54,
    "winnerServingGames" : 8,
    "loserAces" : 8,
    "loserPrimerSaqueDentro" : 30,
    "loserPrimerSaqueGanado" : 15,
    "loserSegundoSaqueGanado" : 11,
    "loserDobleFalta" : 2,
    "loserServingPoints" : 56,
    "loserServingGames" : 8
  }, {
    "torneo" : "Zagreb Q",
    "fecha" : "20130204",
    "superficie" : "Hard",
    "resultado" : "6-2 6-2",
    "contrincante" : "Michael Berrer",
    "ganador" : false,
    "winnerAces" : 7,
    "winnerPrimerSaqueDentro" : 29,
    "winnerPrimerSaqueGanado" : 26,
    "winnerSegundoSaqueGanado" : 6,
    "winnerDobleFalta" : 1,
    "winnerServingPoints" : 36,
    "winnerServingGames" : 8,
    "loserAces" : 4,
    "loserPrimerSaqueDentro" : 38,
    "loserPrimerSaqueGanado" : 21,
    "loserSegundoSaqueGanado" : 7,
    "loserDobleFalta" : 0,
    "loserServingPoints" : 55,
    "loserServingGames" : 8
  } ]
}