{
  "nombre" : "Boy Westerhof",
  "mano" : "U",
  "nacionalidad" : "NED",
  "edad" : 27.742642026,
  "ganar1Saque" : 0.7212055531831888,
  "ganar2Saque" : 0.5237340084635295,
  "primerSaque" : 0.5316604307064643,
  "segundoSaque" : 0.425349374803213,
  "ganarPuntoSacando" : 0.6062063880964109,
  "ganarPuntoRestando" : 0.3459098095237612,
  "probAce" : 0.08304696530103683,
  "clay" : {
    "nombre" : "Clay",
    "probVictoria" : 0.3888888955116272,
    "probGanarPrimerSaque" : 0.7278757260905372,
    "probGanarSegundoSaque" : 0.5234852681557337,
    "probPrimerSaque" : 0.5347767141130235,
    "probSegundoSaque" : 0.42177541222837234,
    "probGanarPuntoSacando" : 0.6100442038531932,
    "probGanarPuntoRestando" : 0.3537780641634735,
    "probAce" : 0.0
  },
  "grass" : {
    "nombre" : "Grass",
    "probVictoria" : 0.0,
    "probGanarPrimerSaque" : 0.0,
    "probGanarSegundoSaque" : 0.0,
    "probPrimerSaque" : 0.0,
    "probSegundoSaque" : 0.0,
    "probGanarPuntoSacando" : 0.0,
    "probGanarPuntoRestando" : 0.0,
    "probAce" : 0.0
  },
  "hard" : {
    "nombre" : "Hard",
    "probVictoria" : 0.1428571492433548,
    "probGanarPrimerSaque" : 0.6927973287446159,
    "probGanarSegundoSaque" : 0.5167751887014934,
    "probPrimerSaque" : 0.534663553748812,
    "probSegundoSaque" : 0.4277712936912264,
    "probGanarPuntoSacando" : 0.5914750728326458,
    "probGanarPuntoRestando" : 0.3267735114280067,
    "probAce" : 0.0
  },
  "other" : {
    "nombre" : "Other",
    "probVictoria" : 0.0,
    "probGanarPrimerSaque" : 0.800000011920929,
    "probGanarSegundoSaque" : 0.5769230723381042,
    "probPrimerSaque" : 0.4545454680919647,
    "probSegundoSaque" : 0.4727272689342499,
    "probGanarPuntoSacando" : 0.6363636482637247,
    "probGanarPuntoRestando" : 0.33823531267922,
    "probAce" : 0.0
  },
  "partidos" : [ {
    "torneo" : "Umag",
    "fecha" : "20130722",
    "superficie" : "Clay",
    "resultado" : "6-2 6-2",
    "contrincante" : "Aljaz Bedene",
    "ganador" : false,
    "winnerAces" : 13,
    "winnerPrimerSaqueDentro" : 33,
    "winnerPrimerSaqueGanado" : 26,
    "winnerSegundoSaqueGanado" : 9,
    "winnerDobleFalta" : 8,
    "winnerServingPoints" : 56,
    "winnerServingGames" : 8,
    "loserAces" : 1,
    "loserPrimerSaqueDentro" : 25,
    "loserPrimerSaqueGanado" : 14,
    "loserSegundoSaqueGanado" : 8,
    "loserDobleFalta" : 2,
    "loserServingPoints" : 52,
    "loserServingGames" : 8
  }, {
    "torneo" : "Todi CH",
    "fecha" : "20130701",
    "superficie" : "Clay",
    "resultado" : "6-4 7-6(3)",
    "contrincante" : "Santiago Giraldo",
    "ganador" : false,
    "winnerAces" : 5,
    "winnerPrimerSaqueDentro" : 49,
    "winnerPrimerSaqueGanado" : 38,
    "winnerSegundoSaqueGanado" : 14,
    "winnerDobleFalta" : 0,
    "winnerServingPoints" : 72,
    "winnerServingGames" : 11,
    "loserAces" : 8,
    "loserPrimerSaqueDentro" : 31,
    "loserPrimerSaqueGanado" : 26,
    "loserSegundoSaqueGanado" : 14,
    "loserDobleFalta" : 2,
    "loserServingPoints" : 61,
    "loserServingGames" : 11
  }, {
    "torneo" : "Alphen aan den Rijn CH",
    "fecha" : "20130903",
    "superficie" : "Clay",
    "resultado" : "7-5 6-3",
    "contrincante" : "Dudi Sela",
    "ganador" : true,
    "winnerAces" : 3,
    "winnerPrimerSaqueDentro" : 39,
    "winnerPrimerSaqueGanado" : 30,
    "winnerSegundoSaqueGanado" : 16,
    "winnerDobleFalta" : 4,
    "winnerServingPoints" : 69,
    "winnerServingGames" : 11,
    "loserAces" : 0,
    "loserPrimerSaqueDentro" : 38,
    "loserPrimerSaqueGanado" : 24,
    "loserSegundoSaqueGanado" : 9,
    "loserDobleFalta" : 2,
    "loserServingPoints" : 56,
    "loserServingGames" : 10
  }, {
    "torneo" : "Alphen aan den Rijn CH",
    "fecha" : "20130903",
    "superficie" : "Clay",
    "resultado" : "6-3 6-2",
    "contrincante" : "Jordi Samper Montana",
    "ganador" : true,
    "winnerAces" : 6,
    "winnerPrimerSaqueDentro" : 28,
    "winnerPrimerSaqueGanado" : 24,
    "winnerSegundoSaqueGanado" : 14,
    "winnerDobleFalta" : 1,
    "winnerServingPoints" : 55,
    "winnerServingGames" : 9,
    "loserAces" : 2,
    "loserPrimerSaqueDentro" : 39,
    "loserPrimerSaqueGanado" : 22,
    "loserSegundoSaqueGanado" : 5,
    "loserDobleFalta" : 3,
    "loserServingPoints" : 54,
    "loserServingGames" : 8
  }, {
    "torneo" : "Alphen aan den Rijn CH",
    "fecha" : "20130903",
    "superficie" : "Clay",
    "resultado" : "6-4 6-4",
    "contrincante" : "Thomas Schoorel",
    "ganador" : false,
    "winnerAces" : 5,
    "winnerPrimerSaqueDentro" : 34,
    "winnerPrimerSaqueGanado" : 26,
    "winnerSegundoSaqueGanado" : 21,
    "winnerDobleFalta" : 2,
    "winnerServingPoints" : 64,
    "winnerServingGames" : 10,
    "loserAces" : 6,
    "loserPrimerSaqueDentro" : 38,
    "loserPrimerSaqueGanado" : 27,
    "loserSegundoSaqueGanado" : 13,
    "loserDobleFalta" : 2,
    "loserServingPoints" : 65,
    "loserServingGames" : 10
  }, {
    "torneo" : "Sibiu CH",
    "fecha" : "20130923",
    "superficie" : "Clay",
    "resultado" : "6-3 4-6 6-4",
    "contrincante" : "Steven Diez",
    "ganador" : false,
    "winnerAces" : 2,
    "winnerPrimerSaqueDentro" : 46,
    "winnerPrimerSaqueGanado" : 33,
    "winnerSegundoSaqueGanado" : 15,
    "winnerDobleFalta" : 6,
    "winnerServingPoints" : 77,
    "winnerServingGames" : 14,
    "loserAces" : 4,
    "loserPrimerSaqueDentro" : 39,
    "loserPrimerSaqueGanado" : 29,
    "loserSegundoSaqueGanado" : 24,
    "loserDobleFalta" : 6,
    "loserServingPoints" : 97,
    "loserServingGames" : 15
  }, {
    "torneo" : "Trnava CH",
    "fecha" : "20130916",
    "superficie" : "Clay",
    "resultado" : "2-6 7-6(5) 7-6(4)",
    "contrincante" : "Filip Krajinovic",
    "ganador" : false,
    "winnerAces" : 9,
    "winnerPrimerSaqueDentro" : 64,
    "winnerPrimerSaqueGanado" : 43,
    "winnerSegundoSaqueGanado" : 28,
    "winnerDobleFalta" : 4,
    "winnerServingPoints" : 114,
    "winnerServingGames" : 16,
    "loserAces" : 12,
    "loserPrimerSaqueDentro" : 70,
    "loserPrimerSaqueGanado" : 56,
    "loserSegundoSaqueGanado" : 28,
    "loserDobleFalta" : 5,
    "loserServingPoints" : 130,
    "loserServingGames" : 16
  }, {
    "torneo" : "Kazan2 CH",
    "fecha" : "20131021",
    "superficie" : "Hard",
    "resultado" : "6-3 6-0",
    "contrincante" : "Matteo Viola",
    "ganador" : false,
    "winnerAces" : 6,
    "winnerPrimerSaqueDentro" : 26,
    "winnerPrimerSaqueGanado" : 20,
    "winnerSegundoSaqueGanado" : 12,
    "winnerDobleFalta" : 7,
    "winnerServingPoints" : 48,
    "winnerServingGames" : 8,
    "loserAces" : 3,
    "loserPrimerSaqueDentro" : 25,
    "loserPrimerSaqueGanado" : 13,
    "loserSegundoSaqueGanado" : 2,
    "loserDobleFalta" : 4,
    "loserServingPoints" : 38,
    "loserServingGames" : 7
  }, {
    "torneo" : "Poznan CH",
    "fecha" : "20130715",
    "superficie" : "Clay",
    "resultado" : "6-4 7-6(5)",
    "contrincante" : "Andreas Beck",
    "ganador" : true,
    "winnerAces" : 8,
    "winnerPrimerSaqueDentro" : 42,
    "winnerPrimerSaqueGanado" : 38,
    "winnerSegundoSaqueGanado" : 17,
    "winnerDobleFalta" : 6,
    "winnerServingPoints" : 80,
    "winnerServingGames" : 11,
    "loserAces" : 2,
    "loserPrimerSaqueDentro" : 39,
    "loserPrimerSaqueGanado" : 30,
    "loserSegundoSaqueGanado" : 17,
    "loserDobleFalta" : 2,
    "loserServingPoints" : 69,
    "loserServingGames" : 11
  }, {
    "torneo" : "Poznan CH",
    "fecha" : "20130715",
    "superficie" : "Clay",
    "resultado" : "6-3 6-1",
    "contrincante" : "Joao Sousa",
    "ganador" : false,
    "winnerAces" : 1,
    "winnerPrimerSaqueDentro" : 23,
    "winnerPrimerSaqueGanado" : 20,
    "winnerSegundoSaqueGanado" : 11,
    "winnerDobleFalta" : 3,
    "winnerServingPoints" : 43,
    "winnerServingGames" : 8,
    "loserAces" : 4,
    "loserPrimerSaqueDentro" : 39,
    "loserPrimerSaqueGanado" : 24,
    "loserSegundoSaqueGanado" : 6,
    "loserDobleFalta" : 7,
    "loserServingPoints" : 64,