{
  "nombre" : "Brydan Klein",
  "mano" : "R",
  "nacionalidad" : "AUS",
  "edad" : 23.3648186174,
  "ganar1Saque" : 0.668602933054385,
  "ganar2Saque" : 0.5353246421917625,
  "primerSaque" : 0.6340833047161931,
  "segundoSaque" : 0.3258436186158139,
  "ganarPuntoSacando" : 0.5983820758800438,
  "ganarPuntoRestando" : 0.3256891155836666,
  "probAce" : 0.08631578832864761,
  "clay" : {
    "nombre" : "Clay",
    "probVictoria" : 0.0,
    "probGanarPrimerSaque" : 0.6904761791229248,
    "probGanarSegundoSaque" : 0.4545454680919647,
    "probPrimerSaque" : 0.65625,
    "probSegundoSaque" : 0.34375,
    "probGanarPuntoSacando" : 0.6093749972060323,
    "probGanarPuntoRestando" : 0.3333333503955984,
    "probAce" : 0.0
  },
  "grass" : {
    "nombre" : "Grass",
    "probVictoria" : 0.3333333432674408,
    "probGanarPrimerSaque" : 1.8523194789886475,
    "probGanarSegundoSaque" : 0.6044752399126688,
    "probPrimerSaque" : 0.6570187211036682,
    "probSegundoSaque" : 0.3081327974796295,
    "probGanarPuntoSacando" : 1.403267221841995,
    "probGanarPuntoRestando" : 0.3556166902952887,
    "probAce" : 0.0
  },
  "hard" : {
    "nombre" : "Hard",
    "probVictoria" : 0.3684210479259491,
    "probGanarPrimerSaque" : 0.6755300948494359,
    "probGanarSegundoSaque" : 0.5286576622410825,
    "probPrimerSaque" : 0.6292952550084967,
    "probSegundoSaque" : 0.32769762293288585,
    "probGanarPuntoSacando" : 0.5983477425658489,
    "probGanarPuntoRestando" : 0.320561380902256,
    "probAce" : 0.0
  },
  "other" : {
    "nombre" : "Other",
    "probVictoria" : 0.0,
    "probGanarPrimerSaque" : 0.0,
    "probGanarSegundoSaque" : 0.0,
    "probPrimerSaque" : 0.0,
    "probSegundoSaque" : 0.0,
    "probGanarPuntoSacando" : 0.0,
    "probGanarPuntoRestando" : 0.0,
    "probAce" : 0.0
  },
  "partidos" : [ {
    "torneo" : "Busan CH",
    "fecha" : "20130513",
    "superficie" : "Hard",
    "resultado" : "6-3 6-3",
    "contrincante" : "Ruben Bemelmans",
    "ganador" : false,
    "winnerAces" : 4,
    "winnerPrimerSaqueDentro" : 36,
    "winnerPrimerSaqueGanado" : 27,
    "winnerSegundoSaqueGanado" : 13,
    "winnerDobleFalta" : 1,
    "winnerServingPoints" : 56,
    "winnerServingGames" : 9,
    "loserAces" : 4,
    "loserPrimerSaqueDentro" : 28,
    "loserPrimerSaqueGanado" : 18,
    "loserSegundoSaqueGanado" : 10,
    "loserDobleFalta" : 4,
    "loserServingPoints" : 50,
    "loserServingGames" : 9
  }, {
    "torneo" : "Nottingham CH",
    "fecha" : "20130604",
    "superficie" : "Grass",
    "resultado" : "2-6 6-3 6-2",
    "contrincante" : "Prakash Amritraj",
    "ganador" : true,
    "winnerAces" : 8,
    "winnerPrimerSaqueDentro" : 42,
    "winnerPrimerSaqueGanado" : 30,
    "winnerSegundoSaqueGanado" : 18,
    "winnerDobleFalta" : 0,
    "winnerServingPoints" : 68,
    "winnerServingGames" : 13,
    "loserAces" : 3,
    "loserPrimerSaqueDentro" : 51,
    "loserPrimerSaqueGanado" : 33,
    "loserSegundoSaqueGanado" : 14,
    "loserDobleFalta" : 1,
    "loserServingPoints" : 78,
    "loserServingGames" : 12
  }, {
    "torneo" : "Nottingham CH",
    "fecha" : "20130604",
    "superficie" : "Grass",
    "resultado" : "6-2 6-2",
    "contrincante" : "Daniel Evans",
    "ganador" : false,
    "winnerAces" : 2,
    "winnerPrimerSaqueDentro" : 25,
    "winnerPrimerSaqueGanado" : 20,
    "winnerSegundoSaqueGanado" : 10,
    "winnerDobleFalta" : 1,
    "winnerServingPoints" : 43,
    "winnerServingGames" : 8,
    "loserAces" : 1,
    "loserPrimerSaqueDentro" : 38,
    "loserPrimerSaqueGanado" : 16,
    "loserSegundoSaqueGanado" : 9,
    "loserDobleFalta" : 3,
    "loserServingPoints" : 55,
    "loserServingGames" : 8
  }, {
    "torneo" : "Traralgon CH",
    "fecha" : "20131028",
    "superficie" : "Hard",
    "resultado" : "7-6(5) 6-4",
    "contrincante" : "Gavin Van Peperzeel",
    "ganador" : true,
    "winnerAces" : 9,
    "winnerPrimerSaqueDentro" : 50,
    "winnerPrimerSaqueGanado" : 41,
    "winnerSegundoSaqueGanado" : 9,
    "winnerDobleFalta" : 2,
    "winnerServingPoints" : 71,
    "winnerServingGames" : 11,
    "loserAces" : 4,
    "loserPrimerSaqueDentro" : 48,
    "loserPrimerSaqueGanado" : 29,
    "loserSegundoSaqueGanado" : 20,
    "loserDobleFalta" : 1,
    "loserServingPoints" : 76,
    "loserServingGames" : 11
  }, {
    "torneo" : "Traralgon CH",
    "fecha" : "20131028",
    "superficie" : "Hard",
    "resultado" : "6-4 7-5",
    "contrincante" : "Jordan Thompson",
    "ganador" : true,
    "winnerAces" : 4,
    "winnerPrimerSaqueDentro" : 37,
    "winnerPrimerSaqueGanado" : 28,
    "winnerSegundoSaqueGanado" : 10,
    "winnerDobleFalta" : 3,
    "winnerServingPoints" : 60,
    "winnerServingGames" : 11,
    "loserAces" : 2,
    "loserPrimerSaqueDentro" : 62,
    "loserPrimerSaqueGanado" : 36,
    "loserSegundoSaqueGanado" : 14,
    "loserDobleFalta" : 6,
    "loserServingPoints" : 97,
    "loserServingGames" : 11
  }, {
    "torneo" : "Traralgon CH",
    "fecha" : "20131028",
    "superficie" : "Hard",
    "resultado" : "6-2 3-6 6-4",
    "contrincante" : "Bumpei Sato",
    "ganador" : true,
    "winnerAces" : 10,
    "winnerPrimerSaqueDentro" : 56,
    "winnerPrimerSaqueGanado" : 36,
    "winnerSegundoSaqueGanado" : 15,
    "winnerDobleFalta" : 1,
    "winnerServingPoints" : 82,
    "winnerServingGames" : 13,
    "loserAces" : 1,
    "loserPrimerSaqueDentro" : 58,
    "loserPrimerSaqueGanado" : 37,
    "loserSegundoSaqueGanado" : 16,
    "loserDobleFalta" : 2,
    "loserServingPoints" : 92,
    "loserServingGames" : 14
  }, {
    "torneo" : "Traralgon CH",
    "fecha" : "20131028",
    "superficie" : "Hard",
    "resultado" : "6-1 6-4",
    "contrincante" : "Bradley Klahn",
    "ganador" : false,
    "winnerAces" : 3,
    "winnerPrimerSaqueDentro" : 37,
    "winnerPrimerSaqueGanado" : 31,
    "winnerSegundoSaqueGanado" : 8,
    "winnerDobleFalta" : 4,
    "winnerServingPoints" : 53,
    "winnerServingGames" : 9,
    "loserAces" : 4,
    "loserPrimerSaqueDentro" : 38,
    "loserPrimerSaqueGanado" : 26,
    "loserSegundoSaqueGanado" : 5,
    "loserDobleFalta" : 6,
    "loserServingPoints" : 57,
    "loserServingGames" : 8
  }, {
    "torneo" : "Eskisehir CH",
    "fecha" : "20130715",
    "superficie" : "Hard",
    "resultado" : "6-4 6-1",
    "contrincante" : "David Goffin",
    "ganador" : false,
    "winnerAces" : 3,
    "winnerPrimerSaqueDentro" : 26,
    "winnerPrimerSaqueGanado" : 22,
    "winnerSegundoSaqueGanado" : 14,
    "winnerDobleFalta" : 2,
    "winnerServingPoints" : 52,
    "winnerServingGames" : 8,
    "loserAces" : 4,
    "loserPrimerSaqueDentro" : 42,
    "loserPrimerSaqueGanado" : 23,
    "loserSegundoSaqueGanado" : 14,
    "loserDobleFalta" : 3,
    "loserServingPoints" : 68,
    "loserServingGames" : 9
  }, {
    "torneo" : "Nottingham2 CH",
    "fecha" : "20130610",
    "superficie" : "Grass",
    "resultado" : "7-6(2) 6-4",
    "contrincante" : "Somdev Devvarman",
    "ganador" : false,
    "winnerAces" : 0,
    "winnerPrimerSaqueDentro" : 45,
    "winnerPrimerSaqueGanado" : 27,
    "winnerSegundoSaqueGanado" : 23,
    "winnerDobleFalta" : 1,
    "winnerServingPoints" : 79,
    "winnerServingGames" : 11,
    "loserAces" : 3,
    "loserPrimerSaqueDentro" : 53,
    "loserPrimerSaqueGanado" : 38,
    "loserSegundoSaqueGanado" : 11,
    "loserDobleFalta" : 4,
    "loserServingPoints" : 80,
    "loserServingGames" : 11
  }, {
    "torneo" : "Melbourne CH",
    "fecha" : "20131021",
    "superficie" : "Hard",
    "resultado" : "6-3 6-4",
    "contrincante" : "Michael Venus",
    "ganador" : false,
    "winnerAces" : 5,
    "winnerPrimerSaqueDentro" : 38,
    "winnerPrimerSaqueGanado" : 29,
    "winnerSegundoSaqueGanado" : 15,
    "winnerDobleFalta" : 2,
    "winnerServingPoints" : 61,
    "winnerServingGames" : 10,
    "loserAces" : 5,
    "loserPrimerSaqueDentro" : 48,
    "loserPrimerSaqueGanado" : 32,
    "loserSegundoSaqueGanado" : 5,
    "loserDobleFalta" : 0,
    "loserServingPoints" : 59,