{
  "nombre" : "Chase Buchanan",
  "mano" : "R",
  "nacionalidad" : "USA",
  "edad" : 22.1136208077,
  "ganar1Saque" : 0.6518779098987579,
  "ganar2Saque" : 0.5736529380083084,
  "primerSaque" : 0.6244877465069294,
  "segundoSaque" : 0.3114601029083133,
  "ganarPuntoSacando" : 0.5857597700560465,
  "ganarPuntoRestando" : 0.3507746570419006,
  "probAce" : 0.05924595892429352,
  "clay" : {
    "nombre" : "Clay",
    "probVictoria" : 0.6000000238418579,
    "probGanarPrimerSaque" : 0.7273076891899108,
    "probGanarSegundoSaque" : 0.6434030592441559,
    "probPrimerSaque" : 0.6037174701690674,
    "probSegundoSaque" : 0.306650784611702,
    "probGanarPuntoSacando" : 0.6363884110910332,
    "probGanarPuntoRestando" : 0.4420920160430423,
    "probAce" : 0.0
  },
  "grass" : {
    "nombre" : "Grass",
    "probVictoria" : 0.0,
    "probGanarPrimerSaque" : 0.0,
    "probGanarSegundoSaque" : 0.0,
    "probPrimerSaque" : 0.0,
    "probSegundoSaque" : 0.0,
    "probGanarPuntoSacando" : 0.0,
    "probGanarPuntoRestando" : 0.0,
    "probAce" : 0.0
  },
  "hard" : {
    "nombre" : "Hard",
    "probVictoria" : 0.3333333432674408,
    "probGanarPrimerSaque" : 0.6015385654237535,
    "probGanarSegundoSaque" : 0.5446035232808855,
    "probPrimerSaque" : 0.619209369023641,
    "probSegundoSaque" : 0.3192995289961497,
    "probGanarPuntoSacando" : 0.5463699640126589,
    "probGanarPuntoRestando" : 0.3098540662614995,
    "probAce" : 0.0
  },
  "other" : {
    "nombre" : "Other",
    "probVictoria" : 0.5,
    "probGanarPrimerSaque" : 0.6898305118083954,
    "probGanarSegundoSaque" : 0.5300000011920929,
    "probPrimerSaque" : 0.7001661360263824,
    "probSegundoSaque" : 0.28820598125457764,
    "probGanarPuntoSacando" : 0.6357451343744804,
    "probGanarPuntoRestando" : 0.30662391805085143,
    "probAce" : 0.0
  },
  "partidos" : [ {
    "torneo" : "Binghamton CH",
    "fecha" : "20130715",
    "superficie" : "Hard",
    "resultado" : "6-2 5-7 6-1",
    "contrincante" : "Ilija Bozoljac",
    "ganador" : false,
    "winnerAces" : 16,
    "winnerPrimerSaqueDentro" : 37,
    "winnerPrimerSaqueGanado" : 35,
    "winnerSegundoSaqueGanado" : 20,
    "winnerDobleFalta" : 5,
    "winnerServingPoints" : 70,
    "winnerServingGames" : 14,
    "loserAces" : 3,
    "loserPrimerSaqueDentro" : 45,
    "loserPrimerSaqueGanado" : 33,
    "loserSegundoSaqueGanado" : 14,
    "loserDobleFalta" : 11,
    "loserServingPoints" : 81,
    "loserServingGames" : 13
  }, {
    "torneo" : "Quito CH",
    "fecha" : "20130916",
    "superficie" : "Clay",
    "resultado" : "6-1 6-1",
    "contrincante" : "Wilson Leite",
    "ganador" : true,
    "winnerAces" : 3,
    "winnerPrimerSaqueDentro" : 32,
    "winnerPrimerSaqueGanado" : 24,
    "winnerSegundoSaqueGanado" : 11,
    "winnerDobleFalta" : 4,
    "winnerServingPoints" : 55,
    "winnerServingGames" : 7,
    "loserAces" : 0,
    "loserPrimerSaqueDentro" : 20,
    "loserPrimerSaqueGanado" : 12,
    "loserSegundoSaqueGanado" : 8,
    "loserDobleFalta" : 7,
    "loserServingPoints" : 47,
    "loserServingGames" : 7
  }, {
    "torneo" : "Quito CH",
    "fecha" : "20130916",
    "superficie" : "Clay",
    "resultado" : "6-3 6-3",
    "contrincante" : "Bruno Santanna",
    "ganador" : true,
    "winnerAces" : 5,
    "winnerPrimerSaqueDentro" : 39,
    "winnerPrimerSaqueGanado" : 31,
    "winnerSegundoSaqueGanado" : 10,
    "winnerDobleFalta" : 3,
    "winnerServingPoints" : 57,
    "winnerServingGames" : 9,
    "loserAces" : 3,
    "loserPrimerSaqueDentro" : 32,
    "loserPrimerSaqueGanado" : 20,
    "loserSegundoSaqueGanado" : 13,
    "loserDobleFalta" : 7,
    "loserServingPoints" : 60,
    "loserServingGames" : 9
  }, {
    "torneo" : "Quito CH",
    "fecha" : "20130916",
    "superficie" : "Clay",
    "resultado" : "6-4 7-6(0)",
    "contrincante" : "Renzo Olivo",
    "ganador" : true,
    "winnerAces" : 2,
    "winnerPrimerSaqueDentro" : 52,
    "winnerPrimerSaqueGanado" : 39,
    "winnerSegundoSaqueGanado" : 13,
    "winnerDobleFalta" : 5,
    "winnerServingPoints" : 72,
    "winnerServingGames" : 11,
    "loserAces" : 11,
    "loserPrimerSaqueDentro" : 51,
    "loserPrimerSaqueGanado" : 37,
    "loserSegundoSaqueGanado" : 9,
    "loserDobleFalta" : 6,
    "loserServingPoints" : 71,
    "loserServingGames" : 11
  }, {
    "torneo" : "Quito CH",
    "fecha" : "20130916",
    "superficie" : "Clay",
    "resultado" : "6-4 6-2",
    "contrincante" : "Marco Trungelliti",
    "ganador" : false,
    "winnerAces" : 3,
    "winnerPrimerSaqueDentro" : 31,
    "winnerPrimerSaqueGanado" : 23,
    "winnerSegundoSaqueGanado" : 17,
    "winnerDobleFalta" : 8,
    "winnerServingPoints" : 67,
    "winnerServingGames" : 9,
    "loserAces" : 3,
    "loserPrimerSaqueDentro" : 24,
    "loserPrimerSaqueGanado" : 15,
    "loserSegundoSaqueGanado" : 8,
    "loserDobleFalta" : 8,
    "loserServingPoints" : 49,
    "loserServingGames" : 9
  }, {
    "torneo" : "Yokohama CH",
    "fecha" : "20131111",
    "superficie" : "Hard",
    "resultado" : "3-6 6-4 6-2",
    "contrincante" : "Masato Shiga",
    "ganador" : true,
    "winnerAces" : 6,
    "winnerPrimerSaqueDentro" : 53,
    "winnerPrimerSaqueGanado" : 30,
    "winnerSegundoSaqueGanado" : 13,
    "winnerDobleFalta" : 2,
    "winnerServingPoints" : 76,
    "winnerServingGames" : 14,
    "loserAces" : 0,
    "loserPrimerSaqueDentro" : 60,
    "loserPrimerSaqueGanado" : 32,
    "loserSegundoSaqueGanado" : 13,
    "loserDobleFalta" : 5,
    "loserServingPoints" : 88,
    "loserServingGames" : 13
  }, {
    "torneo" : "Yokohama CH",
    "fecha" : "20131111",
    "superficie" : "Hard",
    "resultado" : "6-1 6-1",
    "contrincante" : "Go Soeda",
    "ganador" : false,
    "winnerAces" : 6,
    "winnerPrimerSaqueDentro" : 27,
    "winnerPrimerSaqueGanado" : 24,
    "winnerSegundoSaqueGanado" : 4,
    "winnerDobleFalta" : 1,
    "winnerServingPoints" : 33,
    "winnerServingGames" : 7,
    "loserAces" : 2,
    "loserPrimerSaqueDentro" : 29,
    "loserPrimerSaqueGanado" : 12,
    "loserSegundoSaqueGanado" : 4,
    "loserDobleFalta" : 2,
    "loserServingPoints" : 42,
    "loserServingGames" : 7
  }, {
    "torneo" : "Toyota CH",
    "fecha" : "20131118",
    "superficie" : "Carpet",
    "resultado" : "6-4 3-6 7-5",
    "contrincante" : "Sho Katayama",
    "ganador" : true,
    "winnerAces" : 13,
    "winnerPrimerSaqueDentro" : 59,
    "winnerPrimerSaqueGanado" : 46,
    "winnerSegundoSaqueGanado" : 14,
    "winnerDobleFalta" : 2,
    "winnerServingPoints" : 86,
    "winnerServingGames" : 15,
    "loserAces" : 2,
    "loserPrimerSaqueDentro" : 79,
    "loserPrimerSaqueGanado" : 56,
    "loserSegundoSaqueGanado" : 14,
    "loserDobleFalta" : 1,
    "loserServingPoints" : 117,
    "loserServingGames" : 16
  }, {
    "torneo" : "Toyota CH",
    "fecha" : "20131118",
    "superficie" : "Carpet",
    "resultado" : "7-5 6-2",
    "contrincante" : "Matthew Ebden",
    "ganador" : false,
    "winnerAces" : 10,
    "winnerPrimerSaqueDentro" : 36,
    "winnerPrimerSaqueGanado" : 30,
    "winnerSegundoSaqueGanado" : 11,
    "winnerDobleFalta" : 2,
    "winnerServingPoints" : 52,
    "winnerServingGames" : 10,
    "loserAces" : 2,
    "loserPrimerSaqueDentro" : 50,
    "loserPrimerSaqueGanado" : 30,
    "loserSegundoSaqueGanado" : 10,
    "loserDobleFalta" : 0,
    "loserServingPoints" : 70,
    "loserServingGames" : 10
  }, {
    "torneo" : "Cali CH",
    "fecha" : "20130909",
    "superficie" : "Clay",
    "resultado" : "2-6 7-6(8) 6-4",
    "contrincante" : "Thales Turini",
    "ganador" : false,
    "winnerAces" : 1,
    "winnerPrimerSaqueDentro" : 68,
    "winnerPrimerSaqueGanado" : 45,
    "winnerSegundoSaqueGanado" : 25,
    "winnerDobleFalta" : 9,
    "winnerServingPoints" : 123,
    "winnerServingGames" : 15,
    "loserAces" : 8,
    "loserPrimerSaqueDentro" : 60,
    "loserPrimerSaqueGanado" : 43,
    "loserSegundoSaqueGanado" : 26,
    "loserDobleFalta" : 10,
    "loserServingPoints" : 111,