{
  "nombre" : "Christian Harrison",
  "mano" : "R",
  "nacionalidad" : "USA",
  "edad" : 19.1485284052,
  "ganar1Saque" : 0.6665874696694888,
  "ganar2Saque" : 0.5758643058630136,
  "primerSaque" : 0.5794007342595321,
  "segundoSaque" : 0.3753059391792004,
  "ganarPuntoSacando" : 0.602346563526402,
  "ganarPuntoRestando" : 0.3702786373599182,
  "probAce" : 0.04071969538927078,
  "clay" : {
    "nombre" : "Clay",
    "probVictoria" : 0.5,
    "probGanarPrimerSaque" : 0.7092437148094177,
    "probGanarSegundoSaque" : 0.5810185223817825,
    "probPrimerSaque" : 0.5432787835597992,
    "probSegundoSaque" : 0.401413694024086,
    "probGanarPuntoSacando" : 0.618545853994781,
    "probGanarPuntoRestando" : 0.3763575407741718,
    "probAce" : 0.0
  },
  "grass" : {
    "nombre" : "Grass",
    "probVictoria" : 0.5,
    "probGanarPrimerSaque" : 1.3765182495117188,
    "probGanarSegundoSaque" : 0.6563025265932083,
    "probPrimerSaque" : 0.5531135648488998,
    "probSegundoSaque" : 0.38461539149284363,
    "probGanarPuntoSacando" : 1.0137949692703834,
    "probGanarPuntoRestando" : 0.4471416464940763,
    "probAce" : 0.0
  },
  "hard" : {
    "nombre" : "Hard",
    "probVictoria" : 0.3333333432674408,
    "probGanarPrimerSaque" : 0.652292380730311,
    "probGanarSegundoSaque" : 0.5568437642521329,
    "probPrimerSaque" : 0.593269427617391,
    "probSegundoSaque" : 0.3674354486995273,
    "probGanarPuntoSacando" : 0.5915892657285732,
    "probGanarPuntoRestando" : 0.3518471012380488,
    "probAce" : 0.0
  },
  "other" : {
    "nombre" : "Other",
    "probVictoria" : 0.0,
    "probGanarPrimerSaque" : 0.0,
    "probGanarSegundoSaque" : 0.0,
    "probPrimerSaque" : 0.0,
    "probSegundoSaque" : 0.0,
    "probGanarPuntoSacando" : 0.0,
    "probGanarPuntoRestando" : 0.0,
    "probAce" : 0.0
  },
  "partidos" : [ {
    "torneo" : "Atlanta",
    "fecha" : "20130722",
    "superficie" : "Hard",
    "resultado" : "6-1 6-7(7) 6-2",
    "contrincante" : "Alejandro Falla",
    "ganador" : true,
    "winnerAces" : 2,
    "winnerPrimerSaqueDentro" : 59,
    "winnerPrimerSaqueGanado" : 43,
    "winnerSegundoSaqueGanado" : 28,
    "winnerDobleFalta" : 1,
    "winnerServingPoints" : 103,
    "winnerServingGames" : 14,
    "loserAces" : 4,
    "loserPrimerSaqueDentro" : 48,
    "loserPrimerSaqueGanado" : 30,
    "loserSegundoSaqueGanado" : 17,
    "loserDobleFalta" : 4,
    "loserServingPoints" : 85,
    "loserServingGames" : 13
  }, {
    "torneo" : "Atlanta",
    "fecha" : "20130722",
    "superficie" : "Hard",
    "resultado" : "7-6(9) 4-6 7-5",
    "contrincante" : "John Isner",
    "ganador" : false,
    "winnerAces" : 29,
    "winnerPrimerSaqueDentro" : 74,
    "winnerPrimerSaqueGanado" : 63,
    "winnerSegundoSaqueGanado" : 16,
    "winnerDobleFalta" : 3,
    "winnerServingPoints" : 106,
    "winnerServingGames" : 17,
    "loserAces" : 9,
    "loserPrimerSaqueDentro" : 67,
    "loserPrimerSaqueGanado" : 50,
    "loserSegundoSaqueGanado" : 33,
    "loserDobleFalta" : 3,
    "loserServingPoints" : 113,
    "loserServingGames" : 17
  }, {
    "torneo" : "Binghamton CH",
    "fecha" : "20130715",
    "superficie" : "Hard",
    "resultado" : "4-6 6-2 6-3",
    "contrincante" : "Alex Kuznetsov",
    "ganador" : false,
    "winnerAces" : 12,
    "winnerPrimerSaqueDentro" : 52,
    "winnerPrimerSaqueGanado" : 36,
    "winnerSegundoSaqueGanado" : 16,
    "winnerDobleFalta" : 2,
    "winnerServingPoints" : 82,
    "winnerServingGames" : 14,
    "loserAces" : 5,
    "loserPrimerSaqueDentro" : 54,
    "loserPrimerSaqueGanado" : 37,
    "loserSegundoSaqueGanado" : 18,
    "loserDobleFalta" : 13,
    "loserServingPoints" : 104,
    "loserServingGames" : 13
  }, {
    "torneo" : "Tallahassee CH",
    "fecha" : "20130429",
    "superficie" : "Clay",
    "resultado" : "7-6(4) 6-1",
    "contrincante" : "Steve Johnson",
    "ganador" : true,
    "winnerAces" : 6,
    "winnerPrimerSaqueDentro" : 35,
    "winnerPrimerSaqueGanado" : 27,
    "winnerSegundoSaqueGanado" : 19,
    "winnerDobleFalta" : 2,
    "winnerServingPoints" : 64,
    "winnerServingGames" : 10,
    "loserAces" : 1,
    "loserPrimerSaqueDentro" : 31,
    "loserPrimerSaqueGanado" : 19,
    "loserSegundoSaqueGanado" : 15,
    "loserDobleFalta" : 0,
    "loserServingPoints" : 57,
    "loserServingGames" : 9
  }, {
    "torneo" : "Tallahassee CH",
    "fecha" : "20130429",
    "superficie" : "Clay",
    "resultado" : "6-4 6-3",
    "contrincante" : "Frank Dancevic",
    "ganador" : false,
    "winnerAces" : 8,
    "winnerPrimerSaqueDentro" : 35,
    "winnerPrimerSaqueGanado" : 27,
    "winnerSegundoSaqueGanado" : 14,
    "winnerDobleFalta" : 5,
    "winnerServingPoints" : 63,
    "winnerServingGames" : 9,
    "loserAces" : 2,
    "loserPrimerSaqueDentro" : 34,
    "loserPrimerSaqueGanado" : 22,
    "loserSegundoSaqueGanado" : 11,
    "loserDobleFalta" : 5,
    "loserServingPoints" : 63,
    "loserServingGames" : 10
  }, {
    "torneo" : "Winnetka CH",
    "fecha" : "20130701",
    "superficie" : "Hard",
    "resultado" : "3-6 7-5 6-2",
    "contrincante" : "Adam Feeney",
    "ganador" : true,
    "winnerAces" : 1,
    "winnerPrimerSaqueDentro" : 55,
    "winnerPrimerSaqueGanado" : 39,
    "winnerSegundoSaqueGanado" : 14,
    "winnerDobleFalta" : 2,
    "winnerServingPoints" : 82,
    "winnerServingGames" : 14,
    "loserAces" : 5,
    "loserPrimerSaqueDentro" : 63,
    "loserPrimerSaqueGanado" : 43,
    "loserSegundoSaqueGanado" : 14,
    "loserDobleFalta" : 16,
    "loserServingPoints" : 104,
    "loserServingGames" : 15
  }, {
    "torneo" : "Winnetka CH",
    "fecha" : "20130701",
    "superficie" : "Hard",
    "resultado" : "6-3 1-6 6-1",
    "contrincante" : "Tim Smyczek",
    "ganador" : false,
    "winnerAces" : 4,
    "winnerPrimerSaqueDentro" : 57,
    "winnerPrimerSaqueGanado" : 34,
    "winnerSegundoSaqueGanado" : 16,
    "winnerDobleFalta" : 5,
    "winnerServingPoints" : 90,
    "winnerServingGames" : 12,
    "loserAces" : 0,
    "loserPrimerSaqueDentro" : 39,
    "loserPrimerSaqueGanado" : 24,
    "loserSegundoSaqueGanado" : 11,
    "loserDobleFalta" : 3,
    "loserServingPoints" : 67,
    "loserServingGames" : 11
  }, {
    "torneo" : "Newport Q",
    "fecha" : "20130708",
    "superficie" : "Grass",
    "resultado" : "6-0 6-4",
    "contrincante" : "Takura Happy",
    "ganador" : true,
    "winnerAces" : 2,
    "winnerPrimerSaqueDentro" : 19,
    "winnerPrimerSaqueGanado" : 13,
    "winnerSegundoSaqueGanado" : 16,
    "winnerDobleFalta" : 3,
    "winnerServingPoints" : 39,
    "winnerServingGames" : 8,
    "loserAces" : 1,
    "loserPrimerSaqueDentro" : 29,
    "loserPrimerSaqueGanado" : 16,
    "loserSegundoSaqueGanado" : 10,
    "loserDobleFalta" : 8,
    "loserServingPoints" : 61,
    "loserServingGames" : 8
  }, {
    "torneo" : "Newport Q",
    "fecha" : "20130708",
    "superficie" : "Grass",
    "resultado" : "6-2 4-6 6-4",
    "contrincante" : "Alex Kuznetsov",
    "ganador" : false,
    "winnerAces" : 8,
    "winnerPrimerSaqueDentro" : 47,
    "winnerPrimerSaqueGanado" : 37,
    "winnerSegundoSaqueGanado" : 16,
    "winnerDobleFalta" : 6,
    "winnerServingPoints" : 78,
    "winnerServingGames" : 14,
    "loserAces" : 4,
    "loserPrimerSaqueDentro" : 65,
    "loserPrimerSaqueGanado" : 45,
    "loserSegundoSaqueGanado" : 13,
    "loserDobleFalta" : 5,
    "loserServingPoints" : 105,
    "loserServingGames" : 14
  }, {
    "torneo" : "Memphis Q",
    "fecha" : "20130218",
    "superficie" : "Hard",
    "resultado" : "7-5 6-4",
    "contrincante" : "Michael Russell",
    "ganador" : false,
    "winnerAces" : 1,
    "winnerPrimerSaqueDentro" : 53,
    "winnerPrimerSaqueGanado" : 38,
    "winnerSegundoSaqueGanado" : 13,
    "winnerDobleFalta" : 1,
    "winnerServingPoints" : 74,
    "winnerServingGames" : 11,
    "loserAces" : 5,
    "loserPrimerSaqueDentro" : 41,
    "loserPrimerSaqueGanado" : 29,
    "loserSegundoSaqueGanado" : 16,
    "loserDobleFalta" : 2,
    "loserServingPoints" : 72,