{
  "nombre" : "Danai Udomchoke",
  "mano" : "R",
  "nacionalidad" : "THA",
  "edad" : 31.7535934292,
  "ganar1Saque" : 0.7019413866494831,
  "ganar2Saque" : 0.5520340847341638,
  "primerSaque" : 0.638440307817961,
  "segundoSaque" : 0.2892570621088931,
  "ganarPuntoSacando" : 0.6078274324968383,
  "ganarPuntoRestando" : 0.3481241241558333,
  "probAce" : 0.0528273805975914,
  "clay" : {
    "nombre" : "Clay",
    "probVictoria" : 0.0,
    "probGanarPrimerSaque" : 0.5348837375640869,
    "probGanarSegundoSaque" : 0.4117647111415863,
    "probPrimerSaque" : 0.682539701461792,
    "probSegundoSaque" : 0.2698412835597992,
    "probGanarPuntoSacando" : 0.476190504732835,
    "probGanarPuntoRestando" : 0.27906976754182367,
    "probAce" : 0.0
  },
  "grass" : {
    "nombre" : "Grass",
    "probVictoria" : 0.5,
    "probGanarPrimerSaque" : 0.0,
    "probGanarSegundoSaque" : 0.0,
    "probPrimerSaque" : 0.0,
    "probSegundoSaque" : 0.0,
    "probGanarPuntoSacando" : 0.0,
    "probGanarPuntoRestando" : 0.0,
    "probAce" : 0.0
  },
  "hard" : {
    "nombre" : "Hard",
    "probVictoria" : 0.375,
    "probGanarPrimerSaque" : 0.7022289708256721,
    "probGanarSegundoSaque" : 0.574158251285553,
    "probPrimerSaque" : 0.6324973329901695,
    "probSegundoSaque" : 0.2948653865605593,
    "probGanarPuntoSacando" : 0.6134573459079184,
    "probGanarPuntoRestando" : 0.34762162311215,
    "probAce" : 0.0
  },
  "other" : {
    "nombre" : "Other",
    "probVictoria" : 0.5,
    "probGanarPrimerSaque" : 0.7831695377826691,
    "probGanarSegundoSaque" : 0.445175439119339,
    "probPrimerSaque" : 0.6639344096183777,
    "probSegundoSaque" : 0.2540983557701111,
    "probGanarPuntoSacando" : 0.6330915518082953,
    "probGanarPuntoRestando" : 0.3866713108123044,
    "probAce" : 0.0
  },
  "partidos" : [ {
    "torneo" : "Busan CH",
    "fecha" : "20130513",
    "superficie" : "Hard",
    "resultado" : "3-0 RET",
    "contrincante" : "Yuichi Sugita",
    "ganador" : true,
    "winnerAces" : 0,
    "winnerPrimerSaqueDentro" : 9,
    "winnerPrimerSaqueGanado" : 8,
    "winnerSegundoSaqueGanado" : 1,
    "winnerDobleFalta" : 3,
    "winnerServingPoints" : 13,
    "winnerServingGames" : 2,
    "loserAces" : 0,
    "loserPrimerSaqueDentro" : 5,
    "loserPrimerSaqueGanado" : 2,
    "loserSegundoSaqueGanado" : 0,
    "loserDobleFalta" : 0,
    "loserServingPoints" : 6,
    "loserServingGames" : 1
  }, {
    "torneo" : "Busan CH",
    "fecha" : "20130513",
    "superficie" : "Hard",
    "resultado" : "6-3 3-6 6-3",
    "contrincante" : "Ruben Bemelmans",
    "ganador" : true,
    "winnerAces" : 7,
    "winnerPrimerSaqueDentro" : 60,
    "winnerPrimerSaqueGanado" : 45,
    "winnerSegundoSaqueGanado" : 12,
    "winnerDobleFalta" : 10,
    "winnerServingPoints" : 91,
    "winnerServingGames" : 14,
    "loserAces" : 5,
    "loserPrimerSaqueDentro" : 46,
    "loserPrimerSaqueGanado" : 32,
    "loserSegundoSaqueGanado" : 15,
    "loserDobleFalta" : 3,
    "loserServingPoints" : 80,
    "loserServingGames" : 13
  }, {
    "torneo" : "Busan CH",
    "fecha" : "20130513",
    "superficie" : "Hard",
    "resultado" : "6-3 1-6 6-3",
    "contrincante" : "James Mcgee",
    "ganador" : false,
    "winnerAces" : 3,
    "winnerPrimerSaqueDentro" : 41,
    "winnerPrimerSaqueGanado" : 33,
    "winnerSegundoSaqueGanado" : 8,
    "winnerDobleFalta" : 5,
    "winnerServingPoints" : 62,
    "winnerServingGames" : 13,
    "loserAces" : 1,
    "loserPrimerSaqueDentro" : 55,
    "loserPrimerSaqueGanado" : 39,
    "loserSegundoSaqueGanado" : 11,
    "loserDobleFalta" : 9,
    "loserServingPoints" : 89,
    "loserServingGames" : 12
  }, {
    "torneo" : "Kun-Ming CH",
    "fecha" : "20130506",
    "superficie" : "Hard",
    "resultado" : "6-4 6-2",
    "contrincante" : "Ruben Bemelmans",
    "ganador" : false,
    "winnerAces" : 6,
    "winnerPrimerSaqueDentro" : 31,
    "winnerPrimerSaqueGanado" : 25,
    "winnerSegundoSaqueGanado" : 12,
    "winnerDobleFalta" : 3,
    "winnerServingPoints" : 53,
    "winnerServingGames" : 9,
    "loserAces" : 2,
    "loserPrimerSaqueDentro" : 39,
    "loserPrimerSaqueGanado" : 22,
    "loserSegundoSaqueGanado" : 5,
    "loserDobleFalta" : 7,
    "loserServingPoints" : 52,
    "loserServingGames" : 9
  }, {
    "torneo" : "Kaohsiung CH",
    "fecha" : "20130916",
    "superficie" : "Hard",
    "resultado" : "6-4 6-1",
    "contrincante" : "Yen Hsun Lu",
    "ganador" : false,
    "winnerAces" : 5,
    "winnerPrimerSaqueDentro" : 23,
    "winnerPrimerSaqueGanado" : 20,
    "winnerSegundoSaqueGanado" : 13,
    "winnerDobleFalta" : 0,
    "winnerServingPoints" : 43,
    "winnerServingGames" : 8,
    "loserAces" : 0,
    "loserPrimerSaqueDentro" : 32,
    "loserPrimerSaqueGanado" : 21,
    "loserSegundoSaqueGanado" : 7,
    "loserDobleFalta" : 0,
    "loserServingPoints" : 49,
    "loserServingGames" : 9
  }, {
    "torneo" : "Traralgon CH",
    "fecha" : "20131028",
    "superficie" : "Hard",
    "resultado" : "6-2 1-6 6-3",
    "contrincante" : "Ryan Agar",
    "ganador" : true,
    "winnerAces" : 7,
    "winnerPrimerSaqueDentro" : 47,
    "winnerPrimerSaqueGanado" : 35,
    "winnerSegundoSaqueGanado" : 10,
    "winnerDobleFalta" : 7,
    "winnerServingPoints" : 74,
    "winnerServingGames" : 12,
    "loserAces" : 4,
    "loserPrimerSaqueDentro" : 49,
    "loserPrimerSaqueGanado" : 30,
    "loserSegundoSaqueGanado" : 12,
    "loserDobleFalta" : 0,
    "loserServingPoints" : 76,
    "loserServingGames" : 12
  }, {
    "torneo" : "Traralgon CH",
    "fecha" : "20131028",
    "superficie" : "Hard",
    "resultado" : "7-6(4) 6-4",
    "contrincante" : "Matt Reid",
    "ganador" : true,
    "winnerAces" : 7,
    "winnerPrimerSaqueDentro" : 37,
    "winnerPrimerSaqueGanado" : 28,
    "winnerSegundoSaqueGanado" : 15,
    "winnerDobleFalta" : 4,
    "winnerServingPoints" : 65,
    "winnerServingGames" : 11,
    "loserAces" : 6,
    "loserPrimerSaqueDentro" : 43,
    "loserPrimerSaqueGanado" : 30,
    "loserSegundoSaqueGanado" : 12,
    "loserDobleFalta" : 4,
    "loserServingPoints" : 74,
    "loserServingGames" : 11
  }, {
    "torneo" : "Traralgon CH",
    "fecha" : "20131028",
    "superficie" : "Hard",
    "resultado" : "6-3 7-6(3)",
    "contrincante" : "Bradley Klahn",
    "ganador" : false,
    "winnerAces" : 4,
    "winnerPrimerSaqueDentro" : 51,
    "winnerPrimerSaqueGanado" : 39,
    "winnerSegundoSaqueGanado" : 10,
    "winnerDobleFalta" : 1,
    "winnerServingPoints" : 65,
    "winnerServingGames" : 11,
    "loserAces" : 2,
    "loserPrimerSaqueDentro" : 52,
    "loserPrimerSaqueGanado" : 35,
    "loserSegundoSaqueGanado" : 14,
    "loserDobleFalta" : 4,
    "loserServingPoints" : 78,
    "loserServingGames" : 10
  }, {
    "torneo" : "Shanghai CH",
    "fecha" : "20130902",
    "superficie" : "Hard",
    "resultado" : "4-6 6-3 6-4",
    "contrincante" : "Ti Chen",
    "ganador" : false,
    "winnerAces" : 10,
    "winnerPrimerSaqueDentro" : 59,
    "winnerPrimerSaqueGanado" : 44,
    "winnerSegundoSaqueGanado" : 15,
    "winnerDobleFalta" : 1,
    "winnerServingPoints" : 83,
    "winnerServingGames" : 15,
    "loserAces" : 7,
    "loserPrimerSaqueDentro" : 63,
    "loserPrimerSaqueGanado" : 45,
    "loserSegundoSaqueGanado" : 10,
    "loserDobleFalta" : 2,
    "loserServingPoints" : 91,
    "loserServingGames" : 14
  }, {
    "torneo" : "Melbourne CH",
    "fecha" : "20131021",
    "superficie" : "Hard",
    "resultado" : "6-3 6-4",
    "contrincante" : "Tatsuma Ito",
    "ganador" : false,
    "winnerAces" : 4,
    "winnerPrimerSaqueDentro" : 35,
    "winnerPrimerSaqueGanado" : 24,
    "winnerSegundoSaqueGanado" : 16,
    "winnerDobleFalta" : 1,
    "winnerServingPoints" : 62,
    "winnerServingGames" : 10,
    "loserAces" : 5,
    "loserPrimerSaqueDentro" : 33,
    "loserPrimerSaqueGanado" : 23,
    "loserSegundoSaqueGanado" : 6,
    "loserDobleFalta" : 1,
    "loserServingPoints" : 54,
    "loserServingGames" : 9
  }, {
    "torneo" : "Toyota CH",