{
  "nombre" : "Daniel Smethurst",
  "mano" : "U",
  "nacionalidad" : "GBR",
  "edad" : 22.7542778919,
  "ganar1Saque" : 0.6163675023449792,
  "ganar2Saque" : 0.49736546145545113,
  "primerSaque" : 0.6056784590085348,
  "segundoSaque" : 0.3314718935224745,
  "ganarPuntoSacando" : 0.5381831902845642,
  "ganarPuntoRestando" : 0.31452650043855157,
  "probAce" : 0.0393013097345829,
  "clay" : {
    "nombre" : "Clay",
    "probVictoria" : 0.0,
    "probGanarPrimerSaque" : 0.5887883504231771,
    "probGanarSegundoSaque" : 0.4702651600042979,
    "probPrimerSaque" : 0.5908225774765015,
    "probSegundoSaque" : 0.3412059545516968,
    "probGanarPuntoSacando" : 0.508326723596832,
    "probGanarPuntoRestando" : 0.28498452655207557,
    "probAce" : 0.0
  },
  "grass" : {
    "nombre" : "Grass",
    "probVictoria" : 0.0,
    "probGanarPrimerSaque" : 1.0881458818912506,
    "probGanarSegundoSaque" : 0.47727273404598236,
    "probPrimerSaque" : 0.610172688961029,
    "probSegundoSaque" : 0.287537544965744,
    "probGanarPuntoSacando" : 0.801190728962125,
    "probGanarPuntoRestando" : 0.27698411390153493,
    "probAce" : 0.0
  },
  "hard" : {
    "nombre" : "Hard",
    "probVictoria" : 0.75,
    "probGanarPrimerSaque" : 0.6731991469860077,
    "probGanarSegundoSaque" : 0.5277370512485504,
    "probPrimerSaque" : 0.6145732551813126,
    "probSegundoSaque" : 0.34613852202892303,
    "probGanarPuntoSacando" : 0.5964003140875489,
    "probGanarPuntoRestando" : 0.35545417412191677,
    "probAce" : 0.0
  },
  "other" : {
    "nombre" : "Other",
    "probVictoria" : 0.0,
    "probGanarPrimerSaque" : 0.0,
    "probGanarSegundoSaque" : 0.0,
    "probPrimerSaque" : 0.0,
    "probSegundoSaque" : 0.0,
    "probGanarPuntoSacando" : 0.0,
    "probGanarPuntoRestando" : 0.0,
    "probAce" : 0.0
  },
  "partidos" : [ {
    "torneo" : "Poznan CH",
    "fecha" : "20130715",
    "superficie" : "Clay",
    "resultado" : "6-4 6-2",
    "contrincante" : "Peter Gojowczyk",
    "ganador" : false,
    "winnerAces" : 2,
    "winnerPrimerSaqueDentro" : 36,
    "winnerPrimerSaqueGanado" : 28,
    "winnerSegundoSaqueGanado" : 12,
    "winnerDobleFalta" : 1,
    "winnerServingPoints" : 55,
    "winnerServingGames" : 9,
    "loserAces" : 2,
    "loserPrimerSaqueDentro" : 34,
    "loserPrimerSaqueGanado" : 21,
    "loserSegundoSaqueGanado" : 11,
    "loserDobleFalta" : 2,
    "loserServingPoints" : 56,
    "loserServingGames" : 9
  }, {
    "torneo" : "Nottingham2 CH",
    "fecha" : "20130610",
    "superficie" : "Grass",
    "resultado" : "7-6(3) 6-1",
    "contrincante" : "Ruben Bemelmans",
    "ganador" : false,
    "winnerAces" : 6,
    "winnerPrimerSaqueDentro" : 39,
    "winnerPrimerSaqueGanado" : 30,
    "winnerSegundoSaqueGanado" : 17,
    "winnerDobleFalta" : 2,
    "winnerServingPoints" : 63,
    "winnerServingGames" : 10,
    "loserAces" : 6,
    "loserPrimerSaqueDentro" : 47,
    "loserPrimerSaqueGanado" : 31,
    "loserSegundoSaqueGanado" : 10,
    "loserDobleFalta" : 5,
    "loserServingPoints" : 72,
    "loserServingGames" : 9
  }, {
    "torneo" : "Champaign CH",
    "fecha" : "20131111",
    "superficie" : "Hard",
    "resultado" : "7-6(6) 7-6(8)",
    "contrincante" : "Peter Polansky",
    "ganador" : true,
    "winnerAces" : 3,
    "winnerPrimerSaqueDentro" : 71,
    "winnerPrimerSaqueGanado" : 49,
    "winnerSegundoSaqueGanado" : 15,
    "winnerDobleFalta" : 5,
    "winnerServingPoints" : 106,
    "winnerServingGames" : 12,
    "loserAces" : 2,
    "loserPrimerSaqueDentro" : 47,
    "loserPrimerSaqueGanado" : 35,
    "loserSegundoSaqueGanado" : 16,
    "loserDobleFalta" : 1,
    "loserServingPoints" : 77,
    "loserServingGames" : 12
  }, {
    "torneo" : "Champaign CH",
    "fecha" : "20131111",
    "superficie" : "Hard",
    "resultado" : "2-6 7-6(5) 6-2",
    "contrincante" : "Prajnesh Gunneswaran",
    "ganador" : true,
    "winnerAces" : 5,
    "winnerPrimerSaqueDentro" : 66,
    "winnerPrimerSaqueGanado" : 45,
    "winnerSegundoSaqueGanado" : 24,
    "winnerDobleFalta" : 4,
    "winnerServingPoints" : 114,
    "winnerServingGames" : 14,
    "loserAces" : 7,
    "loserPrimerSaqueDentro" : 66,
    "loserPrimerSaqueGanado" : 45,
    "loserSegundoSaqueGanado" : 17,
    "loserDobleFalta" : 3,
    "loserServingPoints" : 101,
    "loserServingGames" : 14
  }, {
    "torneo" : "Champaign CH",
    "fecha" : "20131111",
    "superficie" : "Hard",
    "resultado" : "7-6(2) 7-5",
    "contrincante" : "Dimitar Kutrovsky",
    "ganador" : true,
    "winnerAces" : 5,
    "winnerPrimerSaqueDentro" : 63,
    "winnerPrimerSaqueGanado" : 43,
    "winnerSegundoSaqueGanado" : 18,
    "winnerDobleFalta" : 5,
    "winnerServingPoints" : 99,
    "winnerServingGames" : 12,
    "loserAces" : 5,
    "loserPrimerSaqueDentro" : 56,
    "loserPrimerSaqueGanado" : 37,
    "loserSegundoSaqueGanado" : 10,
    "loserDobleFalta" : 1,
    "loserServingPoints" : 82,
    "loserServingGames" : 12
  }, {
    "torneo" : "Champaign CH",
    "fecha" : "20131111",
    "superficie" : "Hard",
    "resultado" : "7-5 6-3",
    "contrincante" : "Tennys Sandgren",
    "ganador" : false,
    "winnerAces" : 8,
    "winnerPrimerSaqueDentro" : 38,
    "winnerPrimerSaqueGanado" : 32,
    "winnerSegundoSaqueGanado" : 11,
    "winnerDobleFalta" : 3,
    "winnerServingPoints" : 59,
    "winnerServingGames" : 11,
    "loserAces" : 4,
    "loserPrimerSaqueDentro" : 47,
    "loserPrimerSaqueGanado" : 30,
    "loserSegundoSaqueGanado" : 16,
    "loserDobleFalta" : 2,
    "loserServingPoints" : 82,
    "loserServingGames" : 10
  }, {
    "torneo" : "Tampere CH",
    "fecha" : "20130722",
    "superficie" : "Clay",
    "resultado" : "6-0 6-2",
    "contrincante" : "Jurgen Zopp",
    "ganador" : false,
    "winnerAces" : 4,
    "winnerPrimerSaqueDentro" : 27,
    "winnerPrimerSaqueGanado" : 23,
    "winnerSegundoSaqueGanado" : 5,
    "winnerDobleFalta" : 1,
    "winnerServingPoints" : 37,
    "winnerServingGames" : 7,
    "loserAces" : 2,
    "loserPrimerSaqueDentro" : 30,
    "loserPrimerSaqueGanado" : 16,
    "loserSegundoSaqueGanado" : 5,
    "loserDobleFalta" : 6,
    "loserServingPoints" : 47,
    "loserServingGames" : 7
  }, {
    "torneo" : "Eastbourne Q",
    "fecha" : "20130617",
    "superficie" : "Grass",
    "resultado" : "6-0 6-1",
    "contrincante" : "Frederik Nielsen",
    "ganador" : false,
    "winnerAces" : 3,
    "winnerPrimerSaqueDentro" : 31,
    "winnerPrimerSaqueGanado" : 23,
    "winnerSegundoSaqueGanado" : 5,
    "winnerDobleFalta" : 3,
    "winnerServingPoints" : 40,
    "winnerServingGames" : 7,
    "loserAces" : 0,
    "loserPrimerSaqueDentro" : 21,
    "loserPrimerSaqueGanado" : 9,
    "loserSegundoSaqueGanado" : 5,
    "loserDobleFalta" : 5,
    "loserServingPoints" : 37,
    "loserServingGames" : 6
  }, {
    "torneo" : "Stuttgart Q",
    "fecha" : "20130708",
    "superficie" : "Clay",
    "resultado" : "6-2 6-2",
    "contrincante" : "Damir Dzumhur",
    "ganador" : false,
    "winnerAces" : 1,
    "winnerPrimerSaqueDentro" : 41,
    "winnerPrimerSaqueGanado" : 30,
    "winnerSegundoSaqueGanado" : 9,
    "winnerDobleFalta" : 3,
    "winnerServingPoints" : 59,
    "winnerServingGames" : 8,
    "loserAces" : 0,
    "loserPrimerSaqueDentro" : 39,
    "loserPrimerSaqueGanado" : 24,
    "loserSegundoSaqueGanado" : 13,
    "loserDobleFalta" : 3,
    "loserServingPoints" : 74,
    "loserServingGames" : 8
  } ]
}