{
  "nombre" : "Edward Corrie",
  "mano" : "U",
  "nacionalidad" : "GBR",
  "edad" : 25.3004791239,
  "ganar1Saque" : 0.6909740475507883,
  "ganar2Saque" : 0.4921731444505545,
  "primerSaque" : 0.6022226443657508,
  "segundoSaque" : 0.35582268925813526,
  "ganarPuntoSacando" : 0.5912465899431707,
  "ganarPuntoRestando" : 0.3730984621859023,
  "probAce" : 0.05733944848179817,
  "clay" : {
    "nombre" : "Clay",
    "probVictoria" : 0.0,
    "probGanarPrimerSaque" : 0.6321770548820496,
    "probGanarSegundoSaque" : 0.38819876313209534,
    "probPrimerSaque" : 0.5982523560523987,
    "probSegundoSaque" : 0.3212915509939194,
    "probGanarPuntoSacando" : 0.5029263952260847,
    "probGanarPuntoRestando" : 0.39307129596491824,
    "probAce" : 0.0
  },
  "grass" : {
    "nombre" : "Grass",
    "probVictoria" : 0.0,
    "probGanarPrimerSaque" : 1.3122966885566711,
    "probGanarSegundoSaque" : 0.4752415418624878,
    "probPrimerSaque" : 0.6370851397514343,
    "probSegundoSaque" : 0.3311688303947449,
    "probGanarPuntoSacando" : 0.9934299047980666,
    "probGanarPuntoRestando" : 0.2954283047722061,
    "probAce" : 0.0
  },
  "hard" : {
    "nombre" : "Hard",
    "probVictoria" : 0.4444444477558136,
    "probGanarPrimerSaque" : 0.7117790910932753,
    "probGanarSegundoSaque" : 0.5190411408742269,
    "probPrimerSaque" : 0.5953577094607883,
    "probSegundoSaque" : 0.3689749108420478,
    "probGanarPuntoSacando" : 0.6152763279927967,
    "probGanarPuntoRestando" : 0.38592008966027574,
    "probAce" : 0.0
  },
  "other" : {
    "nombre" : "Other",
    "probVictoria" : 0.0,
    "probGanarPrimerSaque" : 0.0,
    "probGanarSegundoSaque" : 0.0,
    "probPrimerSaque" : 0.0,
    "probSegundoSaque" : 0.0,
    "probGanarPuntoSacando" : 0.0,
    "probGanarPuntoRestando" : 0.0,
    "probAce" : 0.0
  },
  "partidos" : [ {
    "torneo" : "Queen's Club",
    "fecha" : "20130610",
    "superficie" : "Grass",
    "resultado" : "6-4 7-6(1)",
    "contrincante" : "Sergiy Stakhovsky",
    "ganador" : false,
    "winnerAces" : 8,
    "winnerPrimerSaqueDentro" : 55,
    "winnerPrimerSaqueGanado" : 43,
    "winnerSegundoSaqueGanado" : 7,
    "winnerDobleFalta" : 2,
    "winnerServingPoints" : 71,
    "winnerServingGames" : 11,
    "loserAces" : 2,
    "loserPrimerSaqueDentro" : 58,
    "loserPrimerSaqueGanado" : 40,
    "loserSegundoSaqueGanado" : 17,
    "loserDobleFalta" : 5,
    "loserServingPoints" : 99,
    "loserServingGames" : 11
  }, {
    "torneo" : "Nottingham CH",
    "fecha" : "20130604",
    "superficie" : "Grass",
    "resultado" : "7-5 7-5",
    "contrincante" : "Ruben Bemelmans",
    "ganador" : false,
    "winnerAces" : 7,
    "winnerPrimerSaqueDentro" : 37,
    "winnerPrimerSaqueGanado" : 31,
    "winnerSegundoSaqueGanado" : 12,
    "winnerDobleFalta" : 4,
    "winnerServingPoints" : 61,
    "winnerServingGames" : 12,
    "loserAces" : 3,
    "loserPrimerSaqueDentro" : 53,
    "loserPrimerSaqueGanado" : 33,
    "loserSegundoSaqueGanado" : 11,
    "loserDobleFalta" : 1,
    "loserServingPoints" : 77,
    "loserServingGames" : 12
  }, {
    "torneo" : "Liberec CH",
    "fecha" : "20130729",
    "superficie" : "Clay",
    "resultado" : "7-5 6-2",
    "contrincante" : "Simone Vagnozzi",
    "ganador" : false,
    "winnerAces" : 1,
    "winnerPrimerSaqueDentro" : 58,
    "winnerPrimerSaqueGanado" : 40,
    "winnerSegundoSaqueGanado" : 6,
    "winnerDobleFalta" : 3,
    "winnerServingPoints" : 79,
    "winnerServingGames" : 10,
    "loserAces" : 3,
    "loserPrimerSaqueDentro" : 38,
    "loserPrimerSaqueGanado" : 23,
    "loserSegundoSaqueGanado" : 8,
    "loserDobleFalta" : 7,
    "loserServingPoints" : 68,
    "loserServingGames" : 10
  }, {
    "torneo" : "Eskisehir CH",
    "fecha" : "20130715",
    "superficie" : "Hard",
    "resultado" : "6-3 6-2",
    "contrincante" : "Cem Ilkel",
    "ganador" : true,
    "winnerAces" : 1,
    "winnerPrimerSaqueDentro" : 27,
    "winnerPrimerSaqueGanado" : 22,
    "winnerSegundoSaqueGanado" : 14,
    "winnerDobleFalta" : 0,
    "winnerServingPoints" : 45,
    "winnerServingGames" : 9,
    "loserAces" : 1,
    "loserPrimerSaqueDentro" : 32,
    "loserPrimerSaqueGanado" : 19,
    "loserSegundoSaqueGanado" : 12,
    "loserDobleFalta" : 2,
    "loserServingPoints" : 55,
    "loserServingGames" : 8
  }, {
    "torneo" : "Eskisehir CH",
    "fecha" : "20130715",
    "superficie" : "Hard",
    "resultado" : "6-1 6-4",
    "contrincante" : "Uladzimir Ignatik",
    "ganador" : true,
    "winnerAces" : 0,
    "winnerPrimerSaqueDentro" : 34,
    "winnerPrimerSaqueGanado" : 27,
    "winnerSegundoSaqueGanado" : 11,
    "winnerDobleFalta" : 1,
    "winnerServingPoints" : 51,
    "winnerServingGames" : 9,
    "loserAces" : 1,
    "loserPrimerSaqueDentro" : 26,
    "loserPrimerSaqueGanado" : 17,
    "loserSegundoSaqueGanado" : 13,
    "loserDobleFalta" : 7,
    "loserServingPoints" : 53,
    "loserServingGames" : 8
  }, {
    "torneo" : "Eskisehir CH",
    "fecha" : "20130715",
    "superficie" : "Hard",
    "resultado" : "6-1 6-4",
    "contrincante" : "Marco Chiudinelli",
    "ganador" : false,
    "winnerAces" : 4,
    "winnerPrimerSaqueDentro" : 28,
    "winnerPrimerSaqueGanado" : 24,
    "winnerSegundoSaqueGanado" : 16,
    "winnerDobleFalta" : 0,
    "winnerServingPoints" : 56,
    "winnerServingGames" : 9,
    "loserAces" : 5,
    "loserPrimerSaqueDentro" : 31,
    "loserPrimerSaqueGanado" : 19,
    "loserSegundoSaqueGanado" : 9,
    "loserDobleFalta" : 1,
    "loserServingPoints" : 52,
    "loserServingGames" : 8
  }, {
    "torneo" : "Champaign CH",
    "fecha" : "20131111",
    "superficie" : "Hard",
    "resultado" : "6-3 6-3",
    "contrincante" : "Eric Quigley",
    "ganador" : true,
    "winnerAces" : 6,
    "winnerPrimerSaqueDentro" : 27,
    "winnerPrimerSaqueGanado" : 24,
    "winnerSegundoSaqueGanado" : 12,
    "winnerDobleFalta" : 0,
    "winnerServingPoints" : 42,
    "winnerServingGames" : 9,
    "loserAces" : 6,
    "loserPrimerSaqueDentro" : 34,
    "loserPrimerSaqueGanado" : 20,
    "loserSegundoSaqueGanado" : 13,
    "loserDobleFalta" : 4,
    "loserServingPoints" : 61,
    "loserServingGames" : 9
  }, {
    "torneo" : "Champaign CH",
    "fecha" : "20131111",
    "superficie" : "Hard",
    "resultado" : "7-6(3) 6-3",
    "contrincante" : "Dennis Nevolo",
    "ganador" : false,
    "winnerAces" : 0,
    "winnerPrimerSaqueDentro" : 38,
    "winnerPrimerSaqueGanado" : 29,
    "winnerSegundoSaqueGanado" : 15,
    "winnerDobleFalta" : 2,
    "winnerServingPoints" : 59,
    "winnerServingGames" : 10,
    "loserAces" : 7,
    "loserPrimerSaqueDentro" : 62,
    "loserPrimerSaqueGanado" : 42,
    "loserSegundoSaqueGanado" : 10,
    "loserDobleFalta" : 3,
    "loserServingPoints" : 92,
    "loserServingGames" : 11
  }, {
    "torneo" : "Napa CH",
    "fecha" : "20130923",
    "superficie" : "Hard",
    "resultado" : "6-0 6-2",
    "contrincante" : "Denis Kudla",
    "ganador" : false,
    "winnerAces" : 1,
    "winnerPrimerSaqueDentro" : 29,
    "winnerPrimerSaqueGanado" : 20,
    "winnerSegundoSaqueGanado" : 10,
    "winnerDobleFalta" : 1,
    "winnerServingPoints" : 49,
    "winnerServingGames" : 7,
    "loserAces" : 5,
    "loserPrimerSaqueDentro" : 26,
    "loserPrimerSaqueGanado" : 14,
    "loserSegundoSaqueGanado" : 5,
    "loserDobleFalta" : 6,
    "loserServingPoints" : 50,
    "loserServingGames" : 7
  }, {
    "torneo" : "Istanbul CH",
    "fecha" : "20130708",
    "superficie" : "Hard",
    "resultado" : "6-3 7-6(4)",
    "contrincante" : "Mikhail Ledovskikh",
    "ganador" : false,
    "winnerAces" : 8,
    "winnerPrimerSaqueDentro" : 47,
    "winnerPrimerSaqueGanado" : 33,
    "winnerSegundoSaqueGanado" : 21,
    "winnerDobleFalta" : 4,
    "winnerServingPoints" : 92,
    "winnerServingGames" : 11,
    "loserAces" : 8,
    "loserPrimerSaqueDentro" : 36,
    "loserPrimerSaqueGanado" : 22,
    "loserSegundoSaqueGanado" : 10,
    "loserDobleFalta" : 2,
    "loserServingPoints" : 60,