{
  "nombre" : "Enrique Lopez Perez",
  "mano" : "U",
  "nacionalidad" : "ESP",
  "edad" : 22.288843258,
  "ganar1Saque" : 0.6884072422981262,
  "ganar2Saque" : 0.5590064062012566,
  "primerSaque" : 0.6017777566556577,
  "segundoSaque" : 0.33378891508888314,
  "ganarPuntoSacando" : 0.6008583077893271,
  "ganarPuntoRestando" : 0.35559423370603,
  "probAce" : 0.07670614868402481,
  "clay" : {
    "nombre" : "Clay",
    "probVictoria" : 0.30000001192092896,
    "probGanarPrimerSaque" : 0.6579399406909943,
    "probGanarSegundoSaque" : 0.5115611732006073,
    "probPrimerSaque" : 0.6296954870223999,
    "probSegundoSaque" : 0.30888883396983147,
    "probGanarPuntoSacando" : 0.5723173456790791,
    "probGanarPuntoRestando" : 0.3587138192848502,
    "probAce" : 0.0
  },
  "grass" : {
    "nombre" : "Grass",
    "probVictoria" : 0.0,
    "probGanarPrimerSaque" : 0.0,
    "probGanarSegundoSaque" : 0.0,
    "probPrimerSaque" : 0.0,
    "probSegundoSaque" : 0.0,
    "probGanarPuntoSacando" : 0.0,
    "probGanarPuntoRestando" : 0.0,
    "probAce" : 0.0
  },
  "hard" : {
    "nombre" : "Hard",
    "probVictoria" : 0.46666666865348816,
    "probGanarPrimerSaque" : 0.7029755473136902,
    "probGanarSegundoSaque" : 0.581598178545634,
    "probPrimerSaque" : 0.5810500264167786,
    "probSegundoSaque" : 0.3556784709294637,
    "probGanarPuntoSacando" : 0.6153259111774414,
    "probGanarPuntoRestando" : 0.35222717372243884,
    "probAce" : 0.0
  },
  "other" : {
    "nombre" : "Other",
    "probVictoria" : 0.5,
    "probGanarPrimerSaque" : 0.7314814627170563,
    "probGanarSegundoSaque" : 0.6267942786216736,
    "probPrimerSaque" : 0.6176470816135406,
    "probSegundoSaque" : 0.29411765187978745,
    "probGanarPuntoSacando" : 0.6361486521414856,
    "probGanarPuntoRestando" : 0.36524925568886246,
    "probAce" : 0.0
  },
  "partidos" : [ {
    "torneo" : "Trnava CH",
    "fecha" : "20130916",
    "superficie" : "Clay",
    "resultado" : "6-1 6-2",
    "contrincante" : "Pavol Cervenak",
    "ganador" : false,
    "winnerAces" : 5,
    "winnerPrimerSaqueDentro" : 36,
    "winnerPrimerSaqueGanado" : 24,
    "winnerSegundoSaqueGanado" : 13,
    "winnerDobleFalta" : 1,
    "winnerServingPoints" : 54,
    "winnerServingGames" : 8,
    "loserAces" : 2,
    "loserPrimerSaqueDentro" : 31,
    "loserPrimerSaqueGanado" : 18,
    "loserSegundoSaqueGanado" : 6,
    "loserDobleFalta" : 3,
    "loserServingPoints" : 51,
    "loserServingGames" : 7
  }, {
    "torneo" : "Busan CH",
    "fecha" : "20130513",
    "superficie" : "Hard",
    "resultado" : "6-4 7-6(3)",
    "contrincante" : "Yen Hsun Lu",
    "ganador" : true,
    "winnerAces" : 13,
    "winnerPrimerSaqueDentro" : 45,
    "winnerPrimerSaqueGanado" : 33,
    "winnerSegundoSaqueGanado" : 15,
    "winnerDobleFalta" : 8,
    "winnerServingPoints" : 80,
    "winnerServingGames" : 11,
    "loserAces" : 3,
    "loserPrimerSaqueDentro" : 50,
    "loserPrimerSaqueGanado" : 29,
    "loserSegundoSaqueGanado" : 11,
    "loserDobleFalta" : 3,
    "loserServingPoints" : 71,
    "loserServingGames" : 11
  }, {
    "torneo" : "Busan CH",
    "fecha" : "20130513",
    "superficie" : "Hard",
    "resultado" : "6-3 6-4",
    "contrincante" : "James Mcgee",
    "ganador" : false,
    "winnerAces" : 3,
    "winnerPrimerSaqueDentro" : 30,
    "winnerPrimerSaqueGanado" : 26,
    "winnerSegundoSaqueGanado" : 14,
    "winnerDobleFalta" : 3,
    "winnerServingPoints" : 48,
    "winnerServingGames" : 10,
    "loserAces" : 1,
    "loserPrimerSaqueDentro" : 29,
    "loserPrimerSaqueGanado" : 21,
    "loserSegundoSaqueGanado" : 10,
    "loserDobleFalta" : 4,
    "loserServingPoints" : 48,
    "loserServingGames" : 9
  }, {
    "torneo" : "Seville CH",
    "fecha" : "20130909",
    "superficie" : "Clay",
    "resultado" : "6-4 6-1",
    "contrincante" : "Oscar Hernandez",
    "ganador" : true,
    "winnerAces" : 4,
    "winnerPrimerSaqueDentro" : 24,
    "winnerPrimerSaqueGanado" : 22,
    "winnerSegundoSaqueGanado" : 11,
    "winnerDobleFalta" : 2,
    "winnerServingPoints" : 40,
    "winnerServingGames" : 8,
    "loserAces" : 0,
    "loserPrimerSaqueDentro" : 46,
    "loserPrimerSaqueGanado" : 25,
    "loserSegundoSaqueGanado" : 8,
    "loserDobleFalta" : 3,
    "loserServingPoints" : 65,
    "loserServingGames" : 9
  }, {
    "torneo" : "Seville CH",
    "fecha" : "20130909",
    "superficie" : "Clay",
    "resultado" : "7-6(2) 6-2",
    "contrincante" : "Albert Ramos",
    "ganador" : false,
    "winnerAces" : 2,
    "winnerPrimerSaqueDentro" : 35,
    "winnerPrimerSaqueGanado" : 27,
    "winnerSegundoSaqueGanado" : 17,
    "winnerDobleFalta" : 1,
    "winnerServingPoints" : 62,
    "winnerServingGames" : 10,
    "loserAces" : 6,
    "loserPrimerSaqueDentro" : 42,
    "loserPrimerSaqueGanado" : 24,
    "loserSegundoSaqueGanado" : 17,
    "loserDobleFalta" : 1,
    "loserServingPoints" : 69,
    "loserServingGames" : 10
  }, {
    "torneo" : "Segovia CH",
    "fecha" : "20130729",
    "superficie" : "Hard",
    "resultado" : "6-3 7-5",
    "contrincante" : "Andrey Golubev",
    "ganador" : false,
    "winnerAces" : 2,
    "winnerPrimerSaqueDentro" : 33,
    "winnerPrimerSaqueGanado" : 25,
    "winnerSegundoSaqueGanado" : 15,
    "winnerDobleFalta" : 2,
    "winnerServingPoints" : 59,
    "winnerServingGames" : 10,
    "loserAces" : 3,
    "loserPrimerSaqueDentro" : 46,
    "loserPrimerSaqueGanado" : 33,
    "loserSegundoSaqueGanado" : 10,
    "loserDobleFalta" : 8,
    "loserServingPoints" : 78,
    "loserServingGames" : 11
  }, {
    "torneo" : "Eskisehir CH",
    "fecha" : "20130715",
    "superficie" : "Hard",
    "resultado" : "6-4 6-3",
    "contrincante" : "Jaime Pulgar Garcia",
    "ganador" : true,
    "winnerAces" : 7,
    "winnerPrimerSaqueDentro" : 47,
    "winnerPrimerSaqueGanado" : 31,
    "winnerSegundoSaqueGanado" : 11,
    "winnerDobleFalta" : 2,
    "winnerServingPoints" : 68,
    "winnerServingGames" : 10,
    "loserAces" : 1,
    "loserPrimerSaqueDentro" : 35,
    "loserPrimerSaqueGanado" : 22,
    "loserSegundoSaqueGanado" : 4,
    "loserDobleFalta" : 1,
    "loserServingPoints" : 46,
    "loserServingGames" : 9
  }, {
    "torneo" : "Eskisehir CH",
    "fecha" : "20130715",
    "superficie" : "Hard",
    "resultado" : "3-6 6-3 6-4",
    "contrincante" : "Dzmitry Zhyrmont",
    "ganador" : true,
    "winnerAces" : 10,
    "winnerPrimerSaqueDentro" : 46,
    "winnerPrimerSaqueGanado" : 34,
    "winnerSegundoSaqueGanado" : 16,
    "winnerDobleFalta" : 3,
    "winnerServingPoints" : 78,
    "winnerServingGames" : 14,
    "loserAces" : 4,
    "loserPrimerSaqueDentro" : 46,
    "loserPrimerSaqueGanado" : 27,
    "loserSegundoSaqueGanado" : 24,
    "loserDobleFalta" : 7,
    "loserServingPoints" : 84,
    "loserServingGames" : 14
  }, {
    "torneo" : "Eskisehir CH",
    "fecha" : "20130715",
    "superficie" : "Hard",
    "resultado" : "4-6 7-6(3) 6-0",
    "contrincante" : "Teymuraz Gabashvili",
    "ganador" : false,
    "winnerAces" : 7,
    "winnerPrimerSaqueDentro" : 50,
    "winnerPrimerSaqueGanado" : 42,
    "winnerSegundoSaqueGanado" : 19,
    "winnerDobleFalta" : 7,
    "winnerServingPoints" : 89,
    "winnerServingGames" : 14,
    "loserAces" : 11,
    "loserPrimerSaqueDentro" : 51,
    "loserPrimerSaqueGanado" : 39,
    "loserSegundoSaqueGanado" : 16,
    "loserDobleFalta" : 7,
    "loserServingPoints" : 96,
    "loserServingGames" : 14
  }, {
    "torneo" : "Como CH",
    "fecha" : "20130826",
    "superficie" : "Clay",
    "resultado" : "7-5 6-2",
    "contrincante" : "Marco Trungelliti",
    "ganador" : true,
    "winnerAces" : 5,
    "winnerPrimerSaqueDentro" : 46,
    "winnerPrimerSaqueGanado" : 30,
    "winnerSegundoSaqueGanado" : 11,
    "winnerDobleFalta" : 4,
    "winnerServingPoints" : 67,
    "winnerServingGames" : 10,
    "loserAces" : 2,
    "loserPrimerSaqueDentro" : 28,
    "loserPrimerSaqueGanado" : 18,
    "loserSegundoSaqueGanado" : 11,
    "loserDobleFalta" : 8,
    "loserServingPoints" : 59,