{
  "nombre" : "Filip Veger",
  "mano" : "U",
  "nacionalidad" : "CRO",
  "edad" : 18.1245722108,
  "ganar1Saque" : 0.6281474668246049,
  "ganar2Saque" : 0.5037858004753406,
  "primerSaque" : 0.6581354095385625,
  "segundoSaque" : 0.30103013607171863,
  "ganarPuntoSacando" : 0.5650607983973134,
  "ganarPuntoRestando" : 0.3434097633607418,
  "probAce" : 0.04620853066444397,
  "clay" : {
    "nombre" : "Clay",
    "probVictoria" : 0.0,
    "probGanarPrimerSaque" : 0.5416666865348816,
    "probGanarSegundoSaque" : 0.2777777910232544,
    "probPrimerSaque" : 0.5454545617103577,
    "probSegundoSaque" : 0.40909090638160706,
    "probGanarPuntoSacando" : 0.4090909333993693,
    "probGanarPuntoRestando" : 0.30434783271997845,
    "probAce" : 0.0
  },
  "grass" : {
    "nombre" : "Grass",
    "probVictoria" : 0.0,
    "probGanarPrimerSaque" : 0.0,
    "probGanarSegundoSaque" : 0.0,
    "probPrimerSaque" : 0.0,
    "probSegundoSaque" : 0.0,
    "probGanarPuntoSacando" : 0.0,
    "probGanarPuntoRestando" : 0.0,
    "probAce" : 0.0
  },
  "hard" : {
    "nombre" : "Hard",
    "probVictoria" : 0.3636363744735718,
    "probGanarPrimerSaque" : 0.6358746154741808,
    "probGanarSegundoSaque" : 0.5205439139496196,
    "probPrimerSaque" : 0.673664158040827,
    "probSegundoSaque" : 0.2963505834341049,
    "probGanarPuntoSacando" : 0.5826294300549909,
    "probGanarPuntoRestando" : 0.3604415579854075,
    "probAce" : 0.0
  },
  "other" : {
    "nombre" : "Other",
    "probVictoria" : 0.0,
    "probGanarPrimerSaque" : 0.6296296119689941,
    "probGanarSegundoSaque" : 0.5454545617103577,
    "probPrimerSaque" : 0.6000000238418579,
    "probSegundoSaque" : 0.24444444477558136,
    "probGanarPuntoSacando" : 0.5111111196805327,
    "probGanarPuntoRestando" : 0.1951219531301842,
    "probAce" : 0.0
  },
  "partidos" : [ {
    "torneo" : "Zagreb",
    "fecha" : "20130204",
    "superficie" : "Hard",
    "resultado" : "6-2 6-4",
    "contrincante" : "Lukas Rosol",
    "ganador" : false,
    "winnerAces" : 6,
    "winnerPrimerSaqueDentro" : 38,
    "winnerPrimerSaqueGanado" : 31,
    "winnerSegundoSaqueGanado" : 8,
    "winnerDobleFalta" : 0,
    "winnerServingPoints" : 52,
    "winnerServingGames" : 9,
    "loserAces" : 1,
    "loserPrimerSaqueDentro" : 46,
    "loserPrimerSaqueGanado" : 24,
    "loserSegundoSaqueGanado" : 11,
    "loserDobleFalta" : 1,
    "loserServingPoints" : 62,
    "loserServingGames" : 9
  }, {
    "torneo" : "Petange CH",
    "fecha" : "20130909",
    "superficie" : "Hard",
    "resultado" : "7-6(1) 6-1",
    "contrincante" : "Josselin Ouanna",
    "ganador" : false,
    "winnerAces" : 10,
    "winnerPrimerSaqueDentro" : 32,
    "winnerPrimerSaqueGanado" : 29,
    "winnerSegundoSaqueGanado" : 17,
    "winnerDobleFalta" : 2,
    "winnerServingPoints" : 58,
    "winnerServingGames" : 10,
    "loserAces" : 3,
    "loserPrimerSaqueDentro" : 32,
    "loserPrimerSaqueGanado" : 20,
    "loserSegundoSaqueGanado" : 18,
    "loserDobleFalta" : 5,
    "loserServingPoints" : 62,
    "loserServingGames" : 9
  }, {
    "torneo" : "Portoroz CH",
    "fecha" : "20130701",
    "superficie" : "Hard",
    "resultado" : "6-1 6-4",
    "contrincante" : "Evgeny Korolev",
    "ganador" : true,
    "winnerAces" : 6,
    "winnerPrimerSaqueDentro" : 37,
    "winnerPrimerSaqueGanado" : 28,
    "winnerSegundoSaqueGanado" : 10,
    "winnerDobleFalta" : 1,
    "winnerServingPoints" : 56,
    "winnerServingGames" : 9,
    "loserAces" : 1,
    "loserPrimerSaqueDentro" : 29,
    "loserPrimerSaqueGanado" : 18,
    "loserSegundoSaqueGanado" : 8,
    "loserDobleFalta" : 5,
    "loserServingPoints" : 50,
    "loserServingGames" : 8
  }, {
    "torneo" : "Portoroz CH",
    "fecha" : "20130701",
    "superficie" : "Hard",
    "resultado" : "6-0 6-3",
    "contrincante" : "Aljaz Bedene",
    "ganador" : false,
    "winnerAces" : 8,
    "winnerPrimerSaqueDentro" : 28,
    "winnerPrimerSaqueGanado" : 26,
    "winnerSegundoSaqueGanado" : 9,
    "winnerDobleFalta" : 1,
    "winnerServingPoints" : 50,
    "winnerServingGames" : 7,
    "loserAces" : 1,
    "loserPrimerSaqueDentro" : 29,
    "loserPrimerSaqueGanado" : 14,
    "loserSegundoSaqueGanado" : 5,
    "loserDobleFalta" : 1,
    "loserServingPoints" : 42,
    "loserServingGames" : 8
  }, {
    "torneo" : "Eskisehir CH",
    "fecha" : "20130715",
    "superficie" : "Hard",
    "resultado" : "6-4 6-4",
    "contrincante" : "Karol Beck",
    "ganador" : false,
    "winnerAces" : 3,
    "winnerPrimerSaqueDentro" : 32,
    "winnerPrimerSaqueGanado" : 22,
    "winnerSegundoSaqueGanado" : 17,
    "winnerDobleFalta" : 8,
    "winnerServingPoints" : 60,
    "winnerServingGames" : 10,
    "loserAces" : 2,
    "loserPrimerSaqueDentro" : 38,
    "loserPrimerSaqueGanado" : 25,
    "loserSegundoSaqueGanado" : 7,
    "loserDobleFalta" : 4,
    "loserServingPoints" : 62,
    "loserServingGames" : 10
  }, {
    "torneo" : "Eckental CH",
    "fecha" : "20131028",
    "superficie" : "Carpet",
    "resultado" : "6-2 6-2",
    "contrincante" : "Andrea Arnaboldi",
    "ganador" : false,
    "winnerAces" : 3,
    "winnerPrimerSaqueDentro" : 25,
    "winnerPrimerSaqueGanado" : 21,
    "winnerSegundoSaqueGanado" : 12,
    "winnerDobleFalta" : 2,
    "winnerServingPoints" : 41,
    "winnerServingGames" : 8,
    "loserAces" : 5,
    "loserPrimerSaqueDentro" : 27,
    "loserPrimerSaqueGanado" : 17,
    "loserSegundoSaqueGanado" : 6,
    "loserDobleFalta" : 7,
    "loserServingPoints" : 45,
    "loserServingGames" : 8
  }, {
    "torneo" : "Istanbul CH",
    "fecha" : "20130708",
    "superficie" : "Hard",
    "resultado" : "2-6 6-4 6-4",
    "contrincante" : "Mohamed Safwat",
    "ganador" : false,
    "winnerAces" : 1,
    "winnerPrimerSaqueDentro" : 49,
    "winnerPrimerSaqueGanado" : 33,
    "winnerSegundoSaqueGanado" : 16,
    "winnerDobleFalta" : 5,
    "winnerServingPoints" : 84,
    "winnerServingGames" : 14,
    "loserAces" : 4,
    "loserPrimerSaqueDentro" : 58,
    "loserPrimerSaqueGanado" : 38,
    "loserSegundoSaqueGanado" : 8,
    "loserDobleFalta" : 2,
    "loserServingPoints" : 80,
    "loserServingGames" : 14
  }, {
    "torneo" : "Vienna Q",
    "fecha" : "20131014",
    "superficie" : "Hard",
    "resultado" : "6-4 6-2",
    "contrincante" : "Jaroslav Pospisil",
    "ganador" : false,
    "winnerAces" : 6,
    "winnerPrimerSaqueDentro" : 25,
    "winnerPrimerSaqueGanado" : 23,
    "winnerSegundoSaqueGanado" : 13,
    "winnerDobleFalta" : 2,
    "winnerServingPoints" : 44,
    "winnerServingGames" : 9,
    "loserAces" : 2,
    "loserPrimerSaqueDentro" : 33,
    "loserPrimerSaqueGanado" : 20,
    "loserSegundoSaqueGanado" : 10,
    "loserDobleFalta" : 1,
    "loserServingPoints" : 52,
    "loserServingGames" : 9
  }, {
    "torneo" : "Zagreb Q",
    "fecha" : "20130204",
    "superficie" : "Hard",
    "resultado" : "6-7(4) 6-4 6-1",
    "contrincante" : "Simon Greul",
    "ganador" : true,
    "winnerAces" : 4,
    "winnerPrimerSaqueDentro" : 63,
    "winnerPrimerSaqueGanado" : 43,
    "winnerSegundoSaqueGanado" : 14,
    "winnerDobleFalta" : 3,
    "winnerServingPoints" : 92,
    "winnerServingGames" : 14,
    "loserAces" : 3,
    "loserPrimerSaqueDentro" : 64,
    "loserPrimerSaqueGanado" : 43,
    "loserSegundoSaqueGanado" : 11,
    "loserDobleFalta" : 5,
    "loserServingPoints" : 99,
    "loserServingGames" : 15
  }, {
    "torneo" : "Zagreb Q",
    "fecha" : "20130204",
    "superficie" : "Hard",
    "resultado" : "6-4 6-2",
    "contrincante" : "Kamil Capkovic",
    "ganador" : true,
    "winnerAces" : 3,
    "winnerPrimerSaqueDentro" : 49,
    "winnerPrimerSaqueGanado" : 35,
    "winnerSegundoSaqueGanado" : 6,
    "winnerDobleFalta" : 0,
    "winnerServingPoints" : 61,
    "winnerServingGames" : 9,
    "loserAces" : 5,
    "loserPrimerSaqueDentro" : 41,
    "loserPrimerSaqueGanado" : 24,
    "loserSegundoSaqueGanado" : 8,
    "loserDobleFalta" : 3,
    "loserServingPoints" : 63,
    "loserServingGames" : 9
  }, {
    "torneo" : "Zagreb Q",