{
  "nombre" : "Greg Ouellette",
  "mano" : "U",
  "nacionalidad" : "USA",
  "edad" : 27.1759069131,
  "ganar1Saque" : 0.6747526367505391,
  "ganar2Saque" : 0.5797775864601136,
  "primerSaque" : 0.5993856191635132,
  "segundoSaque" : 0.35950947999954225,
  "ganarPuntoSacando" : 0.6128725655846,
  "ganarPuntoRestando" : 0.36034984819226573,
  "probAce" : 0.05218135192990303,
  "clay" : {
    "nombre" : "Clay",
    "probVictoria" : 0.5,
    "probGanarPrimerSaque" : 0.6631726026535034,
    "probGanarSegundoSaque" : 0.6586257517337799,
    "probPrimerSaque" : 0.5508241951465607,
    "probSegundoSaque" : 0.38049450516700745,
    "probGanarPuntoSacando" : 0.6158949945960588,
    "probGanarPuntoRestando" : 0.4335674500408361,
    "probAce" : 0.0
  },
  "grass" : {
    "nombre" : "Grass",
    "probVictoria" : 0.5,
    "probGanarPrimerSaque" : 1.3991052210330963,
    "probGanarSegundoSaque" : 0.6539824157953262,
    "probPrimerSaque" : 0.6158745437860489,
    "probSegundoSaque" : 0.3526233062148094,
    "probGanarPuntoSacando" : 1.0922827313765335,
    "probGanarPuntoRestando" : 0.34953332576997476,
    "probAce" : 0.0
  },
  "hard" : {
    "nombre" : "Hard",
    "probVictoria" : 0.2222222238779068,
    "probGanarPrimerSaque" : 0.6663037670983208,
    "probGanarSegundoSaque" : 0.5292758478058709,
    "probPrimerSaque" : 0.6028486357794868,
    "probSegundoSaque" : 0.35790666275554234,
    "probGanarPuntoSacando" : 0.5911116693752652,
    "probGanarPuntoRestando" : 0.34888661330249027,
    "probAce" : 0.0
  },
  "other" : {
    "nombre" : "Other",
    "probVictoria" : 0.0,
    "probGanarPrimerSaque" : 0.0,
    "probGanarSegundoSaque" : 0.0,
    "probPrimerSaque" : 0.0,
    "probSegundoSaque" : 0.0,
    "probGanarPuntoSacando" : 0.0,
    "probGanarPuntoRestando" : 0.0,
    "probAce" : 0.0
  },
  "partidos" : [ {
    "torneo" : "Lexington CH",
    "fecha" : "20130722",
    "superficie" : "Hard",
    "resultado" : "6-0 4-6 6-4",
    "contrincante" : "Maxime Authom",
    "ganador" : false,
    "winnerAces" : 14,
    "winnerPrimerSaqueDentro" : 33,
    "winnerPrimerSaqueGanado" : 30,
    "winnerSegundoSaqueGanado" : 20,
    "winnerDobleFalta" : 7,
    "winnerServingPoints" : 68,
    "winnerServingGames" : 13,
    "loserAces" : 4,
    "loserPrimerSaqueDentro" : 48,
    "loserPrimerSaqueGanado" : 34,
    "loserSegundoSaqueGanado" : 12,
    "loserDobleFalta" : 5,
    "loserServingPoints" : 82,
    "loserServingGames" : 13
  }, {
    "torneo" : "Binghamton CH",
    "fecha" : "20130715",
    "superficie" : "Hard",
    "resultado" : "7-5 7-6(3)",
    "contrincante" : "Yuichi Sugita",
    "ganador" : false,
    "winnerAces" : 4,
    "winnerPrimerSaqueDentro" : 44,
    "winnerPrimerSaqueGanado" : 28,
    "winnerSegundoSaqueGanado" : 18,
    "winnerDobleFalta" : 1,
    "winnerServingPoints" : 73,
    "winnerServingGames" : 12,
    "loserAces" : 8,
    "loserPrimerSaqueDentro" : 52,
    "loserPrimerSaqueGanado" : 32,
    "loserSegundoSaqueGanado" : 18,
    "loserDobleFalta" : 4,
    "loserServingPoints" : 91,
    "loserServingGames" : 12
  }, {
    "torneo" : "Napa CH",
    "fecha" : "20130923",
    "superficie" : "Hard",
    "resultado" : "6-3 6-2",
    "contrincante" : "Donald Young",
    "ganador" : false,
    "winnerAces" : 3,
    "winnerPrimerSaqueDentro" : 31,
    "winnerPrimerSaqueGanado" : 25,
    "winnerSegundoSaqueGanado" : 11,
    "winnerDobleFalta" : 7,
    "winnerServingPoints" : 55,
    "winnerServingGames" : 9,
    "loserAces" : 3,
    "loserPrimerSaqueDentro" : 40,
    "loserPrimerSaqueGanado" : 22,
    "loserSegundoSaqueGanado" : 10,
    "loserDobleFalta" : 1,
    "loserServingPoints" : 62,
    "loserServingGames" : 8
  }, {
    "torneo" : "Tiburon CH",
    "fecha" : "20131007",
    "superficie" : "Hard",
    "resultado" : "2-6 6-3 6-1",
    "contrincante" : "Donald Young",
    "ganador" : false,
    "winnerAces" : 4,
    "winnerPrimerSaqueDentro" : 49,
    "winnerPrimerSaqueGanado" : 37,
    "winnerSegundoSaqueGanado" : 13,
    "winnerDobleFalta" : 5,
    "winnerServingPoints" : 76,
    "winnerServingGames" : 12,
    "loserAces" : 3,
    "loserPrimerSaqueDentro" : 54,
    "loserPrimerSaqueGanado" : 33,
    "loserSegundoSaqueGanado" : 13,
    "loserDobleFalta" : 5,
    "loserServingPoints" : 83,
    "loserServingGames" : 12
  }, {
    "torneo" : "Manta CH",
    "fecha" : "20130701",
    "superficie" : "Hard",
    "resultado" : "6-3 6-4",
    "contrincante" : "Sergio Galdos",
    "ganador" : true,
    "winnerAces" : 7,
    "winnerPrimerSaqueDentro" : 33,
    "winnerPrimerSaqueGanado" : 28,
    "winnerSegundoSaqueGanado" : 9,
    "winnerDobleFalta" : 2,
    "winnerServingPoints" : 50,
    "winnerServingGames" : 10,
    "loserAces" : 1,
    "loserPrimerSaqueDentro" : 38,
    "loserPrimerSaqueGanado" : 23,
    "loserSegundoSaqueGanado" : 9,
    "loserDobleFalta" : 0,
    "loserServingPoints" : 56,
    "loserServingGames" : 9
  }, {
    "torneo" : "Manta CH",
    "fecha" : "20130701",
    "superficie" : "Hard",
    "resultado" : "7-6(4) 5-7 6-4",
    "contrincante" : "Peter Polansky",
    "ganador" : true,
    "winnerAces" : 4,
    "winnerPrimerSaqueDentro" : 70,
    "winnerPrimerSaqueGanado" : 42,
    "winnerSegundoSaqueGanado" : 34,
    "winnerDobleFalta" : 1,
    "winnerServingPoints" : 131,
    "winnerServingGames" : 17,
    "loserAces" : 4,
    "loserPrimerSaqueDentro" : 69,
    "loserPrimerSaqueGanado" : 45,
    "loserSegundoSaqueGanado" : 28,
    "loserDobleFalta" : 6,
    "loserServingPoints" : 122,
    "loserServingGames" : 17
  }, {
    "torneo" : "Manta CH",
    "fecha" : "20130701",
    "superficie" : "Hard",
    "resultado" : "6-3 3-6 6-3",
    "contrincante" : "Michael Russell",
    "ganador" : false,
    "winnerAces" : 7,
    "winnerPrimerSaqueDentro" : 55,
    "winnerPrimerSaqueGanado" : 42,
    "winnerSegundoSaqueGanado" : 17,
    "winnerDobleFalta" : 3,
    "winnerServingPoints" : 89,
    "winnerServingGames" : 14,
    "loserAces" : 3,
    "loserPrimerSaqueDentro" : 44,
    "loserPrimerSaqueGanado" : 25,
    "loserSegundoSaqueGanado" : 25,
    "loserDobleFalta" : 1,
    "loserServingPoints" : 85,
    "loserServingGames" : 13
  }, {
    "torneo" : "s-Hertogenbosch Q",
    "fecha" : "20130616",
    "superficie" : "Grass",
    "resultado" : "7-5 6-1",
    "contrincante" : "Treat Conrad Huey",
    "ganador" : true,
    "winnerAces" : 5,
    "winnerPrimerSaqueDentro" : 34,
    "winnerPrimerSaqueGanado" : 24,
    "winnerSegundoSaqueGanado" : 16,
    "winnerDobleFalta" : 1,
    "winnerServingPoints" : 55,
    "winnerServingGames" : 10,
    "loserAces" : 4,
    "loserPrimerSaqueDentro" : 50,
    "loserPrimerSaqueGanado" : 29,
    "loserSegundoSaqueGanado" : 8,
    "loserDobleFalta" : 5,
    "loserServingPoints" : 68,
    "loserServingGames" : 9
  }, {
    "torneo" : "s-Hertogenbosch Q",
    "fecha" : "20130616",
    "superficie" : "Grass",
    "resultado" : "6-3 6-2",
    "contrincante" : "Nicolas Mahut",
    "ganador" : false,
    "winnerAces" : 11,
    "winnerPrimerSaqueDentro" : 36,
    "winnerPrimerSaqueGanado" : 29,
    "winnerSegundoSaqueGanado" : 8,
    "winnerDobleFalta" : 0,
    "winnerServingPoints" : 47,
    "winnerServingGames" : 9,
    "loserAces" : 1,
    "loserPrimerSaqueDentro" : 28,
    "loserPrimerSaqueGanado" : 17,
    "loserSegundoSaqueGanado" : 13,
    "loserDobleFalta" : 2,
    "loserServingPoints" : 53,
    "loserServingGames" : 8
  }, {
    "torneo" : "San Jose Q",
    "fecha" : "20130211",
    "superficie" : "Hard",
    "resultado" : "4-6 7-6(5) 7-6(4)",
    "contrincante" : "Chris Wettengel",
    "ganador" : false,
    "winnerAces" : 10,
    "winnerPrimerSaqueDentro" : 75,
    "winnerPrimerSaqueGanado" : 57,
    "winnerSegundoSaqueGanado" : 24,
    "winnerDobleFalta" : 6,
    "winnerServingPoints" : 116,
    "winnerServingGames" : 17,
    "loserAces" : 6,
    "loserPrimerSaqueDentro" : 70,
    "loserPrimerSaqueGanado" : 58,
    "loserSegundoSaqueGanado" : 23,
    "loserDobleFalta" : 5,
    "loserServingPoints" : 117,