{
  "nombre" : "Grzegorz Panfil",
  "mano" : "L",
  "nacionalidad" : "POL",
  "edad" : 25.7275838467,
  "ganar1Saque" : 0.7014498029436383,
  "ganar2Saque" : 0.5448967757679167,
  "primerSaque" : 0.5806084204287756,
  "segundoSaque" : 0.3915141352585384,
  "ganarPuntoSacando" : 0.6206024520671234,
  "ganarPuntoRestando" : 0.4013937580525184,
  "probAce" : 0.07973664999008179,
  "clay" : {
    "nombre" : "Clay",
    "probVictoria" : 0.5882353186607361,
    "probGanarPrimerSaque" : 0.7024919005001292,
    "probGanarSegundoSaque" : 0.5539341095615836,
    "probPrimerSaque" : 0.5967793710091535,
    "probSegundoSaque" : 0.37599971715141745,
    "probGanarPuntoSacando" : 0.6275117430351697,
    "probGanarPuntoRestando" : 0.41502374583328455,
    "probAce" : 0.0
  },
  "grass" : {
    "nombre" : "Grass",
    "probVictoria" : 0.0,
    "probGanarPrimerSaque" : 0.0,
    "probGanarSegundoSaque" : 0.0,
    "probPrimerSaque" : 0.0,
    "probSegundoSaque" : 0.0,
    "probGanarPuntoSacando" : 0.0,
    "probGanarPuntoRestando" : 0.0,
    "probAce" : 0.0
  },
  "hard" : {
    "nombre" : "Hard",
    "probVictoria" : 0.3333333432674408,
    "probGanarPrimerSaque" : 0.6793611844380697,
    "probGanarSegundoSaque" : 0.5515079498291016,
    "probPrimerSaque" : 0.5472434759140015,
    "probSegundoSaque" : 0.440851757923762,
    "probGanarPuntoSacando" : 0.6149092251640317,
    "probGanarPuntoRestando" : 0.3306142552386558,
    "probAce" : 0.0
  },
  "other" : {
    "nombre" : "Other",
    "probVictoria" : 0.0,
    "probGanarPrimerSaque" : 0.75,
    "probGanarSegundoSaque" : 0.37142857909202576,
    "probPrimerSaque" : 0.4057970941066742,
    "probSegundoSaque" : 0.5072463750839233,
    "probGanarPuntoSacando" : 0.49275362092700803,
    "probGanarPuntoRestando" : 0.38202247422108115,
    "probAce" : 0.0
  },
  "partidos" : [ {
    "torneo" : "Sibiu CH",
    "fecha" : "20130923",
    "superficie" : "Clay",
    "resultado" : "7-5 6-2",
    "contrincante" : "Rui Machado",
    "ganador" : true,
    "winnerAces" : 3,
    "winnerPrimerSaqueDentro" : 39,
    "winnerPrimerSaqueGanado" : 26,
    "winnerSegundoSaqueGanado" : 13,
    "winnerDobleFalta" : 3,
    "winnerServingPoints" : 63,
    "winnerServingGames" : 10,
    "loserAces" : 3,
    "loserPrimerSaqueDentro" : 44,
    "loserPrimerSaqueGanado" : 25,
    "loserSegundoSaqueGanado" : 14,
    "loserDobleFalta" : 9,
    "loserServingPoints" : 76,
    "loserServingGames" : 10
  }, {
    "torneo" : "Sibiu CH",
    "fecha" : "20130923",
    "superficie" : "Clay",
    "resultado" : "7-5 2-6 6-3",
    "contrincante" : "Boris Pashanski",
    "ganador" : false,
    "winnerAces" : 5,
    "winnerPrimerSaqueDentro" : 47,
    "winnerPrimerSaqueGanado" : 34,
    "winnerSegundoSaqueGanado" : 22,
    "winnerDobleFalta" : 12,
    "winnerServingPoints" : 95,
    "winnerServingGames" : 15,
    "loserAces" : 10,
    "loserPrimerSaqueDentro" : 47,
    "loserPrimerSaqueGanado" : 32,
    "loserSegundoSaqueGanado" : 19,
    "loserDobleFalta" : 3,
    "loserServingPoints" : 88,
    "loserServingGames" : 14
  }, {
    "torneo" : "Tyumen CH",
    "fecha" : "20131118",
    "superficie" : "Hard",
    "resultado" : "6-4 6-2",
    "contrincante" : "Radu Albot",
    "ganador" : true,
    "winnerAces" : 4,
    "winnerPrimerSaqueDentro" : 22,
    "winnerPrimerSaqueGanado" : 16,
    "winnerSegundoSaqueGanado" : 18,
    "winnerDobleFalta" : 0,
    "winnerServingPoints" : 47,
    "winnerServingGames" : 9,
    "loserAces" : 4,
    "loserPrimerSaqueDentro" : 42,
    "loserPrimerSaqueGanado" : 25,
    "loserSegundoSaqueGanado" : 9,
    "loserDobleFalta" : 3,
    "loserServingPoints" : 62,
    "loserServingGames" : 9
  }, {
    "torneo" : "Tyumen CH",
    "fecha" : "20131118",
    "superficie" : "Hard",
    "resultado" : "6-4 7-6(0)",
    "contrincante" : "Alexander Bury",
    "ganador" : false,
    "winnerAces" : 18,
    "winnerPrimerSaqueDentro" : 43,
    "winnerPrimerSaqueGanado" : 39,
    "winnerSegundoSaqueGanado" : 7,
    "winnerDobleFalta" : 1,
    "winnerServingPoints" : 58,
    "winnerServingGames" : 11,
    "loserAces" : 2,
    "loserPrimerSaqueDentro" : 37,
    "loserPrimerSaqueGanado" : 30,
    "loserSegundoSaqueGanado" : 10,
    "loserDobleFalta" : 0,
    "loserServingPoints" : 58,
    "loserServingGames" : 11
  }, {
    "torneo" : "Poznan CH",
    "fecha" : "20130715",
    "superficie" : "Clay",
    "resultado" : "6-2 6-1",
    "contrincante" : "Gerald Melzer",
    "ganador" : true,
    "winnerAces" : 5,
    "winnerPrimerSaqueDentro" : 36,
    "winnerPrimerSaqueGanado" : 25,
    "winnerSegundoSaqueGanado" : 14,
    "winnerDobleFalta" : 2,
    "winnerServingPoints" : 62,
    "winnerServingGames" : 8,
    "loserAces" : 1,
    "loserPrimerSaqueDentro" : 32,
    "loserPrimerSaqueGanado" : 15,
    "loserSegundoSaqueGanado" : 8,
    "loserDobleFalta" : 3,
    "loserServingPoints" : 55,
    "loserServingGames" : 7
  }, {
    "torneo" : "Poznan CH",
    "fecha" : "20130715",
    "superficie" : "Clay",
    "resultado" : "6-3 5-7 6-3",
    "contrincante" : "Peter Gojowczyk",
    "ganador" : true,
    "winnerAces" : 3,
    "winnerPrimerSaqueDentro" : 43,
    "winnerPrimerSaqueGanado" : 28,
    "winnerSegundoSaqueGanado" : 30,
    "winnerDobleFalta" : 5,
    "winnerServingPoints" : 87,
    "winnerServingGames" : 15,
    "loserAces" : 14,
    "loserPrimerSaqueDentro" : 48,
    "loserPrimerSaqueGanado" : 36,
    "loserSegundoSaqueGanado" : 16,
    "loserDobleFalta" : 6,
    "loserServingPoints" : 84,
    "loserServingGames" : 15
  }, {
    "torneo" : "Poznan CH",
    "fecha" : "20130715",
    "superficie" : "Clay",
    "resultado" : "6-4 6-4",
    "contrincante" : "Damir Dzumhur",
    "ganador" : false,
    "winnerAces" : 2,
    "winnerPrimerSaqueDentro" : 40,
    "winnerPrimerSaqueGanado" : 28,
    "winnerSegundoSaqueGanado" : 9,
    "winnerDobleFalta" : 0,
    "winnerServingPoints" : 63,
    "winnerServingGames" : 10,
    "loserAces" : 0,
    "loserPrimerSaqueDentro" : 39,
    "loserPrimerSaqueGanado" : 20,
    "loserSegundoSaqueGanado" : 11,
    "loserDobleFalta" : 0,
    "loserServingPoints" : 61,
    "loserServingGames" : 10
  }, {
    "torneo" : "Liberec CH",
    "fecha" : "20130729",
    "superficie" : "Clay",
    "resultado" : "1-6 6-3 6-2",
    "contrincante" : "Bjorn Phau",
    "ganador" : true,
    "winnerAces" : 4,
    "winnerPrimerSaqueDentro" : 37,
    "winnerPrimerSaqueGanado" : 23,
    "winnerSegundoSaqueGanado" : 18,
    "winnerDobleFalta" : 1,
    "winnerServingPoints" : 71,
    "winnerServingGames" : 12,
    "loserAces" : 7,
    "loserPrimerSaqueDentro" : 44,
    "loserPrimerSaqueGanado" : 26,
    "loserSegundoSaqueGanado" : 13,
    "loserDobleFalta" : 5,
    "loserServingPoints" : 72,
    "loserServingGames" : 12
  }, {
    "torneo" : "Liberec CH",
    "fecha" : "20130729",
    "superficie" : "Clay",
    "resultado" : "6-2 7-5",
    "contrincante" : "Simone Vagnozzi",
    "ganador" : true,
    "winnerAces" : 6,
    "winnerPrimerSaqueDentro" : 40,
    "winnerPrimerSaqueGanado" : 32,
    "winnerSegundoSaqueGanado" : 4,
    "winnerDobleFalta" : 1,
    "winnerServingPoints" : 56,
    "winnerServingGames" : 10,
    "loserAces" : 1,
    "loserPrimerSaqueDentro" : 53,
    "loserPrimerSaqueGanado" : 28,
    "loserSegundoSaqueGanado" : 12,
    "loserDobleFalta" : 5,
    "loserServingPoints" : 83,
    "loserServingGames" : 10
  }, {
    "torneo" : "Liberec CH",
    "fecha" : "20130729",
    "superficie" : "Clay",
    "resultado" : "7-5 6-2",
    "contrincante" : "Blaz Kavcic",
    "ganador" : false,
    "winnerAces" : 8,
    "winnerPrimerSaqueDentro" : 26,
    "winnerPrimerSaqueGanado" : 24,
    "winnerSegundoSaqueGanado" : 14,
    "winnerDobleFalta" : 3,
    "winnerServingPoints" : 50,
    "winnerServingGames" : 10,
    "loserAces" : 5,
    "loserPrimerSaqueDentro" : 43,
    "loserPrimerSaqueGanado" : 24,
    "loserSegundoSaqueGanado" : 12,
    "loserDobleFalta" : 3,
    "loserServingPoints" : 69,