{
  "nombre" : "Jason Jung",
  "mano" : "U",
  "nacionalidad" : "USA",
  "edad" : 24.0246406571,
  "ganar1Saque" : 0.6317876428365707,
  "ganar2Saque" : 0.5955431371927261,
  "primerSaque" : 0.6441668033599853,
  "segundoSaque" : 0.3073867246508598,
  "ganarPuntoSacando" : 0.5900386806183436,
  "ganarPuntoRestando" : 0.35091263141672646,
  "probAce" : 0.03515625,
  "clay" : {
    "nombre" : "Clay",
    "probVictoria" : 0.0,
    "probGanarPrimerSaque" : 0.0,
    "probGanarSegundoSaque" : 0.0,
    "probPrimerSaque" : 0.0,
    "probSegundoSaque" : 0.0,
    "probGanarPuntoSacando" : 0.0,
    "probGanarPuntoRestando" : 0.0,
    "probAce" : 0.0
  },
  "grass" : {
    "nombre" : "Grass",
    "probVictoria" : 0.0,
    "probGanarPrimerSaque" : 0.7209302186965942,
    "probGanarSegundoSaque" : 0.6428571343421936,
    "probPrimerSaque" : 0.5733333230018616,
    "probSegundoSaque" : 0.3733333349227905,
    "probGanarPuntoSacando" : 0.6533333157806567,
    "probGanarPuntoRestando" : 0.2976190174073525,
    "probAce" : 0.0
  },
  "hard" : {
    "nombre" : "Hard",
    "probVictoria" : 0.3333333432674408,
    "probGanarPrimerSaque" : 0.557054137190183,
    "probGanarSegundoSaque" : 0.5538524041573206,
    "probPrimerSaque" : 0.6472330292065939,
    "probSegundoSaque" : 0.2906302735209465,
    "probGanarPuntoSacando" : 0.5215101123561436,
    "probGanarPuntoRestando" : 0.370137341863311,
    "probAce" : 0.0
  },
  "other" : {
    "nombre" : "Other",
    "probVictoria" : 0.6666666865348816,
    "probGanarPrimerSaque" : 0.751540462176005,
    "probGanarSegundoSaque" : 0.6631532708803812,
    "probPrimerSaque" : 0.661645511786143,
    "probSegundoSaque" : 0.3189174234867096,
    "probGanarPuntoSacando" : 0.7087445062503924,
    "probGanarPuntoRestando" : 0.33022774852668224,
    "probAce" : 0.0
  },
  "partidos" : [ {
    "torneo" : "Winnetka CH",
    "fecha" : "20130701",
    "superficie" : "Hard",
    "resultado" : "7-5 4-6 7-5",
    "contrincante" : "Evan King",
    "ganador" : true,
    "winnerAces" : 3,
    "winnerPrimerSaqueDentro" : 80,
    "winnerPrimerSaqueGanado" : 49,
    "winnerSegundoSaqueGanado" : 18,
    "winnerDobleFalta" : 10,
    "winnerServingPoints" : 117,
    "winnerServingGames" : 17,
    "loserAces" : 4,
    "loserPrimerSaqueDentro" : 58,
    "loserPrimerSaqueGanado" : 39,
    "loserSegundoSaqueGanado" : 25,
    "loserDobleFalta" : 6,
    "loserServingPoints" : 111,
    "loserServingGames" : 17
  }, {
    "torneo" : "Winnetka CH",
    "fecha" : "20130701",
    "superficie" : "Hard",
    "resultado" : "6-2 6-3",
    "contrincante" : "Mischa Zverev",
    "ganador" : false,
    "winnerAces" : 2,
    "winnerPrimerSaqueDentro" : 33,
    "winnerPrimerSaqueGanado" : 26,
    "winnerSegundoSaqueGanado" : 9,
    "winnerDobleFalta" : 4,
    "winnerServingPoints" : 55,
    "winnerServingGames" : 8,
    "loserAces" : 0,
    "loserPrimerSaqueDentro" : 32,
    "loserPrimerSaqueGanado" : 17,
    "loserSegundoSaqueGanado" : 10,
    "loserDobleFalta" : 3,
    "loserServingPoints" : 54,
    "loserServingGames" : 9
  }, {
    "torneo" : "Toyota CH",
    "fecha" : "20131118",
    "superficie" : "Carpet",
    "resultado" : "7-5 6-3",
    "contrincante" : "Yusuke Watanuki",
    "ganador" : true,
    "winnerAces" : 5,
    "winnerPrimerSaqueDentro" : 43,
    "winnerPrimerSaqueGanado" : 33,
    "winnerSegundoSaqueGanado" : 16,
    "winnerDobleFalta" : 1,
    "winnerServingPoints" : 68,
    "winnerServingGames" : 11,
    "loserAces" : 3,
    "loserPrimerSaqueDentro" : 29,
    "loserPrimerSaqueGanado" : 20,
    "loserSegundoSaqueGanado" : 14,
    "loserDobleFalta" : 3,
    "loserServingPoints" : 56,
    "loserServingGames" : 10
  }, {
    "torneo" : "Toyota CH",
    "fecha" : "20131118",
    "superficie" : "Carpet",
    "resultado" : "4-6 6-3 6-4",
    "contrincante" : "Hiroki Moriya",
    "ganador" : true,
    "winnerAces" : 8,
    "winnerPrimerSaqueDentro" : 65,
    "winnerPrimerSaqueGanado" : 49,
    "winnerSegundoSaqueGanado" : 13,
    "winnerDobleFalta" : 3,
    "winnerServingPoints" : 91,
    "winnerServingGames" : 15,
    "loserAces" : 7,
    "loserPrimerSaqueDentro" : 53,
    "loserPrimerSaqueGanado" : 39,
    "loserSegundoSaqueGanado" : 21,
    "loserDobleFalta" : 0,
    "loserServingPoints" : 92,
    "loserServingGames" : 14
  }, {
    "torneo" : "Toyota CH",
    "fecha" : "20131118",
    "superficie" : "Carpet",
    "resultado" : "6-7(6) 7-6(1) 6-4",
    "contrincante" : "Samuel Groth",
    "ganador" : false,
    "winnerAces" : 28,
    "winnerPrimerSaqueDentro" : 61,
    "winnerPrimerSaqueGanado" : 54,
    "winnerSegundoSaqueGanado" : 24,
    "winnerDobleFalta" : 4,
    "winnerServingPoints" : 104,
    "winnerServingGames" : 17,
    "loserAces" : 4,
    "loserPrimerSaqueDentro" : 60,
    "loserPrimerSaqueGanado" : 44,
    "loserSegundoSaqueGanado" : 25,
    "loserDobleFalta" : 1,
    "loserServingPoints" : 94,
    "loserServingGames" : 17
  }, {
    "torneo" : "Yeongwol CH",
    "fecha" : "20131104",
    "superficie" : "Hard",
    "resultado" : "6-3 6-4",
    "contrincante" : "Valery Rudnev",
    "ganador" : false,
    "winnerAces" : 2,
    "winnerPrimerSaqueDentro" : 42,
    "winnerPrimerSaqueGanado" : 26,
    "winnerSegundoSaqueGanado" : 16,
    "winnerDobleFalta" : 7,
    "winnerServingPoints" : 75,
    "winnerServingGames" : 10,
    "loserAces" : 0,
    "loserPrimerSaqueDentro" : 35,
    "loserPrimerSaqueGanado" : 18,
    "loserSegundoSaqueGanado" : 13,
    "loserDobleFalta" : 5,
    "loserServingPoints" : 62,
    "loserServingGames" : 9
  }, {
    "torneo" : "San Jose Q",
    "fecha" : "20130211",
    "superficie" : "Hard",
    "resultado" : "6-3 2-6 6-2",
    "contrincante" : "Prakash Amritraj",
    "ganador" : true,
    "winnerAces" : 0,
    "winnerPrimerSaqueDentro" : 53,
    "winnerPrimerSaqueGanado" : 33,
    "winnerSegundoSaqueGanado" : 22,
    "winnerDobleFalta" : 3,
    "winnerServingPoints" : 87,
    "winnerServingGames" : 13,
    "loserAces" : 7,
    "loserPrimerSaqueDentro" : 40,
    "loserPrimerSaqueGanado" : 30,
    "loserSegundoSaqueGanado" : 15,
    "loserDobleFalta" : 2,
    "loserServingPoints" : 76,
    "loserServingGames" : 12
  }, {
    "torneo" : "San Jose Q",
    "fecha" : "20130211",
    "superficie" : "Hard",
    "resultado" : "6-3 6-3",
    "contrincante" : "Illya Marchenko",
    "ganador" : false,
    "winnerAces" : 3,
    "winnerPrimerSaqueDentro" : 30,
    "winnerPrimerSaqueGanado" : 22,
    "winnerSegundoSaqueGanado" : 12,
    "winnerDobleFalta" : 0,
    "winnerServingPoints" : 46,
    "winnerServingGames" : 9,
    "loserAces" : 0,
    "loserPrimerSaqueDentro" : 47,
    "loserPrimerSaqueGanado" : 27,
    "loserSegundoSaqueGanado" : 5,
    "loserDobleFalta" : 2,
    "loserServingPoints" : 60,
    "loserServingGames" : 9
  }, {
    "torneo" : "Newport Q",
    "fecha" : "20130708",
    "superficie" : "Grass",
    "resultado" : "7-6(4) 7-5",
    "contrincante" : "Takanyi Garanganga",
    "ganador" : false,
    "winnerAces" : 7,
    "winnerPrimerSaqueDentro" : 52,
    "winnerPrimerSaqueGanado" : 44,
    "winnerSegundoSaqueGanado" : 15,
    "winnerDobleFalta" : 4,
    "winnerServingPoints" : 84,
    "winnerServingGames" : 12,
    "loserAces" : 4,
    "loserPrimerSaqueDentro" : 43,
    "loserPrimerSaqueGanado" : 31,
    "loserSegundoSaqueGanado" : 18,
    "loserDobleFalta" : 4,
    "loserServingPoints" : 75,
    "loserServingGames" : 12
  }, {
    "torneo" : "Atlanta Q",
    "fecha" : "20130722",
    "superficie" : "Hard",
    "resultado" : "6-2 6-0",
    "contrincante" : "Prakash Amritraj",
    "ganador" : false,
    "winnerAces" : 2,
    "winnerPrimerSaqueDentro" : 19,
    "winnerPrimerSaqueGanado" : 14,
    "winnerSegundoSaqueGanado" : 13,
    "winnerDobleFalta" : 2,
    "winnerServingPoints" : 40,
    "winnerServingGames" : 7,
    "loserAces" : 3,
    "loserPrimerSaqueDentro" : 39,
    "loserPrimerSaqueGanado" : 19,
    "loserSegundoSaqueGanado" : 6,
    "loserDobleFalta" : 5,
    "loserServingPoints" : 60,