{
  "nombre" : "Jose Rubin Statham",
  "mano" : "R",
  "nacionalidad" : "NZL",
  "edad" : 26.0506502396,
  "ganar1Saque" : 0.7193835973739624,
  "ganar2Saque" : 0.563472052415212,
  "primerSaque" : 0.6703823252960488,
  "segundoSaque" : 0.29923983525346826,
  "ganarPuntoSacando" : 0.6508753329220551,
  "ganarPuntoRestando" : 0.3647917315131363,
  "probAce" : 0.06275100260972977,
  "clay" : {
    "nombre" : "Clay",
    "probVictoria" : 0.5,
    "probGanarPrimerSaque" : 0.8333333432674408,
    "probGanarSegundoSaque" : 0.6111111342906952,
    "probPrimerSaque" : 0.6655231714248657,
    "probSegundoSaque" : 0.30617496371269226,
    "probGanarPuntoSacando" : 0.7417095788313093,
    "probGanarPuntoRestando" : 0.4064516142501387,
    "probAce" : 0.0
  },
  "grass" : {
    "nombre" : "Grass",
    "probVictoria" : 0.0,
    "probGanarPrimerSaque" : 0.0,
    "probGanarSegundoSaque" : 0.0,
    "probPrimerSaque" : 0.0,
    "probSegundoSaque" : 0.0,
    "probGanarPuntoSacando" : 0.0,
    "probGanarPuntoRestando" : 0.0,
    "probAce" : 0.0
  },
  "hard" : {
    "nombre" : "Hard",
    "probVictoria" : 0.4583333432674408,
    "probGanarPrimerSaque" : 0.708997905254364,
    "probGanarSegundoSaque" : 0.5666110838452975,
    "probPrimerSaque" : 0.6716114183266958,
    "probSegundoSaque" : 0.29707400997479755,
    "probGanarPuntoSacando" : 0.6444965155126284,
    "probGanarPuntoRestando" : 0.3615047156797066,
    "probAce" : 0.0
  },
  "other" : {
    "nombre" : "Other",
    "probVictoria" : 0.0,
    "probGanarPrimerSaque" : 0.7407407164573669,
    "probGanarSegundoSaque" : 0.3928571343421936,
    "probPrimerSaque" : 0.650602400302887,
    "probSegundoSaque" : 0.33734938502311707,
    "probGanarPuntoSacando" : 0.6144578008015262,
    "probGanarPuntoRestando" : 0.3603603460414465,
    "probAce" : 0.0
  },
  "partidos" : [ {
    "torneo" : "Busan CH",
    "fecha" : "20130513",
    "superficie" : "Hard",
    "resultado" : "3-6 6-4 7-6(10)",
    "contrincante" : "Dane Propoggia",
    "ganador" : false,
    "winnerAces" : 8,
    "winnerPrimerSaqueDentro" : 62,
    "winnerPrimerSaqueGanado" : 44,
    "winnerSegundoSaqueGanado" : 20,
    "winnerDobleFalta" : 9,
    "winnerServingPoints" : 105,
    "winnerServingGames" : 16,
    "loserAces" : 11,
    "loserPrimerSaqueDentro" : 63,
    "loserPrimerSaqueGanado" : 45,
    "loserSegundoSaqueGanado" : 16,
    "loserDobleFalta" : 3,
    "loserServingPoints" : 97,
    "loserServingGames" : 15
  }, {
    "torneo" : "Kaohsiung CH",
    "fecha" : "20130916",
    "superficie" : "Hard",
    "resultado" : "6-4 6-2",
    "contrincante" : "Jack Sock",
    "ganador" : false,
    "winnerAces" : 10,
    "winnerPrimerSaqueDentro" : 28,
    "winnerPrimerSaqueGanado" : 24,
    "winnerSegundoSaqueGanado" : 18,
    "winnerDobleFalta" : 4,
    "winnerServingPoints" : 59,
    "winnerServingGames" : 9,
    "loserAces" : 6,
    "loserPrimerSaqueDentro" : 28,
    "loserPrimerSaqueGanado" : 18,
    "loserSegundoSaqueGanado" : 13,
    "loserDobleFalta" : 2,
    "loserServingPoints" : 51,
    "loserServingGames" : 9
  }, {
    "torneo" : "Kyoto CH",
    "fecha" : "20130304",
    "superficie" : "Carpet",
    "resultado" : "6-4 4-6 6-3",
    "contrincante" : "James Duckworth",
    "ganador" : false,
    "winnerAces" : 13,
    "winnerPrimerSaqueDentro" : 64,
    "winnerPrimerSaqueGanado" : 44,
    "winnerSegundoSaqueGanado" : 27,
    "winnerDobleFalta" : 4,
    "winnerServingPoints" : 111,
    "winnerServingGames" : 15,
    "loserAces" : 7,
    "loserPrimerSaqueDentro" : 54,
    "loserPrimerSaqueGanado" : 40,
    "loserSegundoSaqueGanado" : 11,
    "loserDobleFalta" : 1,
    "loserServingPoints" : 83,
    "loserServingGames" : 14
  }, {
    "torneo" : "Bangkok CH",
    "fecha" : "20130826",
    "superficie" : "Hard",
    "resultado" : "6-4 3-6 6-1",
    "contrincante" : "Neil Pauffley",
    "ganador" : true,
    "winnerAces" : 8,
    "winnerPrimerSaqueDentro" : 45,
    "winnerPrimerSaqueGanado" : 36,
    "winnerSegundoSaqueGanado" : 12,
    "winnerDobleFalta" : 0,
    "winnerServingPoints" : 72,
    "winnerServingGames" : 13,
    "loserAces" : 8,
    "loserPrimerSaqueDentro" : 56,
    "loserPrimerSaqueGanado" : 37,
    "loserSegundoSaqueGanado" : 17,
    "loserDobleFalta" : 12,
    "loserServingPoints" : 104,
    "loserServingGames" : 13
  }, {
    "torneo" : "Bangkok CH",
    "fecha" : "20130826",
    "superficie" : "Hard",
    "resultado" : "7-6(6) 6-2",
    "contrincante" : "Matt Reid",
    "ganador" : false,
    "winnerAces" : 12,
    "winnerPrimerSaqueDentro" : 36,
    "winnerPrimerSaqueGanado" : 28,
    "winnerSegundoSaqueGanado" : 15,
    "winnerDobleFalta" : 1,
    "winnerServingPoints" : 62,
    "winnerServingGames" : 10,
    "loserAces" : 4,
    "loserPrimerSaqueDentro" : 32,
    "loserPrimerSaqueGanado" : 23,
    "loserSegundoSaqueGanado" : 13,
    "loserDobleFalta" : 4,
    "loserServingPoints" : 55,
    "loserServingGames" : 10
  }, {
    "torneo" : "Traralgon CH",
    "fecha" : "20131028",
    "superficie" : "Hard",
    "resultado" : "7-6(5) 7-6(4)",
    "contrincante" : "Jordan Thompson",
    "ganador" : false,
    "winnerAces" : 3,
    "winnerPrimerSaqueDentro" : 63,
    "winnerPrimerSaqueGanado" : 47,
    "winnerSegundoSaqueGanado" : 19,
    "winnerDobleFalta" : 4,
    "winnerServingPoints" : 97,
    "winnerServingGames" : 12,
    "loserAces" : 6,
    "loserPrimerSaqueDentro" : 70,
    "loserPrimerSaqueGanado" : 46,
    "loserSegundoSaqueGanado" : 14,
    "loserDobleFalta" : 1,
    "loserServingPoints" : 93,
    "loserServingGames" : 12
  }, {
    "torneo" : "Shanghai CH",
    "fecha" : "20130902",
    "superficie" : "Hard",
    "resultado" : "7-6(4) 6-3",
    "contrincante" : "Artem Sitak",
    "ganador" : true,
    "winnerAces" : 2,
    "winnerPrimerSaqueDentro" : 51,
    "winnerPrimerSaqueGanado" : 37,
    "winnerSegundoSaqueGanado" : 16,
    "winnerDobleFalta" : 0,
    "winnerServingPoints" : 75,
    "winnerServingGames" : 11,
    "loserAces" : 3,
    "loserPrimerSaqueDentro" : 55,
    "loserPrimerSaqueGanado" : 36,
    "loserSegundoSaqueGanado" : 10,
    "loserDobleFalta" : 1,
    "loserServingPoints" : 75,
    "loserServingGames" : 10
  }, {
    "torneo" : "Shanghai CH",
    "fecha" : "20130902",
    "superficie" : "Hard",
    "resultado" : "7-6(4) 7-6(5)",
    "contrincante" : "Malek Jaziri",
    "ganador" : false,
    "winnerAces" : 8,
    "winnerPrimerSaqueDentro" : 41,
    "winnerPrimerSaqueGanado" : 32,
    "winnerSegundoSaqueGanado" : 16,
    "winnerDobleFalta" : 4,
    "winnerServingPoints" : 77,
    "winnerServingGames" : 12,
    "loserAces" : 5,
    "loserPrimerSaqueDentro" : 51,
    "loserPrimerSaqueGanado" : 36,
    "loserSegundoSaqueGanado" : 11,
    "loserDobleFalta" : 3,
    "loserServingPoints" : 82,
    "loserServingGames" : 12
  }, {
    "torneo" : "Melbourne CH",
    "fecha" : "20131021",
    "superficie" : "Hard",
    "resultado" : "6-4 6-4",
    "contrincante" : "Jonathan Dasnieres De Veigy",
    "ganador" : true,
    "winnerAces" : 16,
    "winnerPrimerSaqueDentro" : 46,
    "winnerPrimerSaqueGanado" : 37,
    "winnerSegundoSaqueGanado" : 9,
    "winnerDobleFalta" : 3,
    "winnerServingPoints" : 64,
    "winnerServingGames" : 10,
    "loserAces" : 1,
    "loserPrimerSaqueDentro" : 46,
    "loserPrimerSaqueGanado" : 30,
    "loserSegundoSaqueGanado" : 15,
    "loserDobleFalta" : 3,
    "loserServingPoints" : 78,
    "loserServingGames" : 10
  }, {
    "torneo" : "Melbourne CH",
    "fecha" : "20131021",
    "superficie" : "Hard",
    "resultado" : "6-3 6-4",
    "contrincante" : "James Duckworth",
    "ganador" : false,
    "winnerAces" : 13,
    "winnerPrimerSaqueDentro" : 35,
    "winnerPrimerSaqueGanado" : 30,
    "winnerSegundoSaqueGanado" : 13,
    "winnerDobleFalta" : 2,
    "winnerServingPoints" : 57,
    "winnerServingGames" : 10,
    "loserAces" : 1,
    "loserPrimerSaqueDentro" : 40,
    "loserPrimerSaqueGanado" : 28,
    "loserSegundoSaqueGanado" : 8,
    "loserDobleFalta" : 3,