{
  "nombre" : "Jurgen Zopp",
  "mano" : "R",
  "nacionalidad" : "EST",
  "edad" : 25.2758384668,
  "ganar1Saque" : 0.6581923894584178,
  "ganar2Saque" : 0.535144904255867,
  "primerSaque" : 0.6006428614258766,
  "segundoSaque" : 0.35756917744874955,
  "ganarPuntoSacando" : 0.5866898834036993,
  "ganarPuntoRestando" : 0.3669070017143814,
  "probAce" : 0.05841269716620445,
  "clay" : {
    "nombre" : "Clay",
    "probVictoria" : 0.375,
    "probGanarPrimerSaque" : 0.5965571086853743,
    "probGanarSegundoSaque" : 0.5165194645524025,
    "probPrimerSaque" : 0.5887032561004162,
    "probSegundoSaque" : 0.3640400841832161,
    "probGanarPuntoSacando" : 0.539228901690856,
    "probGanarPuntoRestando" : 0.36296465988722826,
    "probAce" : 0.0
  },
  "grass" : {
    "nombre" : "Grass",
    "probVictoria" : 0.0,
    "probGanarPrimerSaque" : 0.7846153974533081,
    "probGanarSegundoSaque" : 0.5625,
    "probPrimerSaque" : 0.524193525314331,
    "probSegundoSaque" : 0.3870967626571655,
    "probGanarPuntoSacando" : 0.6290322402016102,
    "probGanarPuntoRestando" : 0.13253011060837405,
    "probAce" : 0.0
  },
  "hard" : {
    "nombre" : "Hard",
    "probVictoria" : 0.4545454680919647,
    "probGanarPrimerSaque" : 0.6915250474756415,
    "probGanarSegundoSaque" : 0.5462038516998291,
    "probPrimerSaque" : 0.6162761503999884,
    "probSegundoSaque" : 0.3501787375320088,
    "probGanarPuntoSacando" : 0.6174393693868242,
    "probGanarPuntoRestando" : 0.39108114950740247,
    "probAce" : 0.0
  },
  "other" : {
    "nombre" : "Other",
    "probVictoria" : 0.0,
    "probGanarPrimerSaque" : 0.0,
    "probGanarSegundoSaque" : 0.0,
    "probPrimerSaque" : 0.0,
    "probSegundoSaque" : 0.0,
    "probGanarPuntoSacando" : 0.0,
    "probGanarPuntoRestando" : 0.0,
    "probAce" : 0.0
  },
  "partidos" : [ {
    "torneo" : "Bastad",
    "fecha" : "20130708",
    "superficie" : "Clay",
    "resultado" : "6-1 6-2",
    "contrincante" : "Filippo Volandri",
    "ganador" : false,
    "winnerAces" : 0,
    "winnerPrimerSaqueDentro" : 31,
    "winnerPrimerSaqueGanado" : 20,
    "winnerSegundoSaqueGanado" : 10,
    "winnerDobleFalta" : 3,
    "winnerServingPoints" : 47,
    "winnerServingGames" : 8,
    "loserAces" : 0,
    "loserPrimerSaqueDentro" : 15,
    "loserPrimerSaqueGanado" : 3,
    "loserSegundoSaqueGanado" : 7,
    "loserDobleFalta" : 3,
    "loserServingPoints" : 38,
    "loserServingGames" : 7
  }, {
    "torneo" : "Wimbledon",
    "fecha" : "20130624",
    "superficie" : "Grass",
    "resultado" : "6-4 7-6(2) 7-5",
    "contrincante" : "Nicolas Almagro",
    "ganador" : false,
    "winnerAces" : 11,
    "winnerPrimerSaqueDentro" : 46,
    "winnerPrimerSaqueGanado" : 43,
    "winnerSegundoSaqueGanado" : 29,
    "winnerDobleFalta" : 4,
    "winnerServingPoints" : 83,
    "winnerServingGames" : 17,
    "loserAces" : 11,
    "loserPrimerSaqueDentro" : 65,
    "loserPrimerSaqueGanado" : 51,
    "loserSegundoSaqueGanado" : 27,
    "loserDobleFalta" : 11,
    "loserServingPoints" : 124,
    "loserServingGames" : 17
  }, {
    "torneo" : "Stockholm",
    "fecha" : "20131014",
    "superficie" : "Hard",
    "resultado" : "5-5 RET",
    "contrincante" : "Pablo Carreno Busta",
    "ganador" : false,
    "winnerAces" : 0,
    "winnerPrimerSaqueDentro" : 22,
    "winnerPrimerSaqueGanado" : 18,
    "winnerSegundoSaqueGanado" : 5,
    "winnerDobleFalta" : 3,
    "winnerServingPoints" : 36,
    "winnerServingGames" : 5,
    "loserAces" : 3,
    "loserPrimerSaqueDentro" : 25,
    "loserPrimerSaqueGanado" : 18,
    "loserSegundoSaqueGanado" : 3,
    "loserDobleFalta" : 2,
    "loserServingPoints" : 38,
    "loserServingGames" : 5
  }, {
    "torneo" : "US Open",
    "fecha" : "20130826",
    "superficie" : "Hard",
    "resultado" : "6-1 3-6 1-6 6-3 6-4",
    "contrincante" : "Marcel Granollers",
    "ganador" : false,
    "winnerAces" : 13,
    "winnerPrimerSaqueDentro" : 59,
    "winnerPrimerSaqueGanado" : 43,
    "winnerSegundoSaqueGanado" : 27,
    "winnerDobleFalta" : 9,
    "winnerServingPoints" : 113,
    "winnerServingGames" : 21,
    "loserAces" : 5,
    "loserPrimerSaqueDentro" : 69,
    "loserPrimerSaqueGanado" : 46,
    "loserSegundoSaqueGanado" : 27,
    "loserDobleFalta" : 9,
    "loserServingPoints" : 135,
    "loserServingGames" : 21
  }, {
    "torneo" : "St. Petersburg",
    "fecha" : "20130916",
    "superficie" : "Hard",
    "resultado" : "6-1 3-6 6-3",
    "contrincante" : "Daniel Gimeno Traver",
    "ganador" : true,
    "winnerAces" : 2,
    "winnerPrimerSaqueDentro" : 55,
    "winnerPrimerSaqueGanado" : 38,
    "winnerSegundoSaqueGanado" : 15,
    "winnerDobleFalta" : 2,
    "winnerServingPoints" : 84,
    "winnerServingGames" : 13,
    "loserAces" : 6,
    "loserPrimerSaqueDentro" : 42,
    "loserPrimerSaqueGanado" : 29,
    "loserSegundoSaqueGanado" : 17,
    "loserDobleFalta" : 5,
    "loserServingPoints" : 86,
    "loserServingGames" : 12
  }, {
    "torneo" : "St. Petersburg",
    "fecha" : "20130916",
    "superficie" : "Hard",
    "resultado" : "6-3 1-6 6-3",
    "contrincante" : "Ernests Gulbis",
    "ganador" : false,
    "winnerAces" : 9,
    "winnerPrimerSaqueDentro" : 42,
    "winnerPrimerSaqueGanado" : 30,
    "winnerSegundoSaqueGanado" : 17,
    "winnerDobleFalta" : 4,
    "winnerServingPoints" : 70,
    "winnerServingGames" : 13,
    "loserAces" : 1,
    "loserPrimerSaqueDentro" : 45,
    "loserPrimerSaqueGanado" : 29,
    "loserSegundoSaqueGanado" : 19,
    "loserDobleFalta" : 4,
    "loserServingPoints" : 79,
    "loserServingGames" : 12
  }, {
    "torneo" : "Roland Garros",
    "fecha" : "20130527",
    "superficie" : "Clay",
    "resultado" : "6-3 6-2 6-1",
    "contrincante" : "Tommy Robredo",
    "ganador" : false,
    "winnerAces" : 6,
    "winnerPrimerSaqueDentro" : 41,
    "winnerPrimerSaqueGanado" : 37,
    "winnerSegundoSaqueGanado" : 12,
    "winnerDobleFalta" : 3,
    "winnerServingPoints" : 63,
    "winnerServingGames" : 12,
    "loserAces" : 3,
    "loserPrimerSaqueDentro" : 61,
    "loserPrimerSaqueGanado" : 35,
    "loserSegundoSaqueGanado" : 9,
    "loserDobleFalta" : 0,
    "loserServingPoints" : 90,
    "loserServingGames" : 12
  }, {
    "torneo" : "Petange CH",
    "fecha" : "20130909",
    "superficie" : "Hard",
    "resultado" : "6-3 6-1",
    "contrincante" : "Maximilian Neuchrist",
    "ganador" : true,
    "winnerAces" : 8,
    "winnerPrimerSaqueDentro" : 32,
    "winnerPrimerSaqueGanado" : 27,
    "winnerSegundoSaqueGanado" : 9,
    "winnerDobleFalta" : 0,
    "winnerServingPoints" : 49,
    "winnerServingGames" : 8,
    "loserAces" : 2,
    "loserPrimerSaqueDentro" : 25,
    "loserPrimerSaqueGanado" : 16,
    "loserSegundoSaqueGanado" : 8,
    "loserDobleFalta" : 2,
    "loserServingPoints" : 45,
    "loserServingGames" : 8
  }, {
    "torneo" : "Petange CH",
    "fecha" : "20130909",
    "superficie" : "Hard",
    "resultado" : "7-6(3) 6-3",
    "contrincante" : "Stefan Seifert",
    "ganador" : true,
    "winnerAces" : 8,
    "winnerPrimerSaqueDentro" : 46,
    "winnerPrimerSaqueGanado" : 31,
    "winnerSegundoSaqueGanado" : 10,
    "winnerDobleFalta" : 1,
    "winnerServingPoints" : 69,
    "winnerServingGames" : 10,
    "loserAces" : 1,
    "loserPrimerSaqueDentro" : 43,
    "loserPrimerSaqueGanado" : 29,
    "loserSegundoSaqueGanado" : 8,
    "loserDobleFalta" : 3,
    "loserServingPoints" : 71,
    "loserServingGames" : 11
  }, {
    "torneo" : "Petange CH",
    "fecha" : "20130909",
    "superficie" : "Hard",
    "resultado" : "6-3 6-3",
    "contrincante" : "Stephane Bohli",
    "ganador" : true,
    "winnerAces" : 11,
    "winnerPrimerSaqueDentro" : 37,
    "winnerPrimerSaqueGanado" : 26,
    "winnerSegundoSaqueGanado" : 15,
    "winnerDobleFalta" : 1,
    "winnerServingPoints" : 58,
    "winnerServingGames" : 9,
    "loserAces" : 3,
    "loserPrimerSaqueDentro" : 23,
    "loserPrimerSaqueGanado" : 15,
    "loserSegundoSaqueGanado" : 14,
    "loserDobleFalta" : 2,
    "loserServingPoints" : 52,