{
  "nombre" : "Karol Beck",
  "mano" : "R",
  "nacionalidad" : "SVK",
  "edad" : 31.4360027379,
  "ganar1Saque" : 0.7452170563780743,
  "ganar2Saque" : 0.5898811739424,
  "primerSaque" : 0.5349394134853197,
  "segundoSaque" : 0.4017123398573502,
  "ganarPuntoSacando" : 0.6356085216803457,
  "ganarPuntoRestando" : 0.37175133336599353,
  "probAce" : 0.0783439502120018,
  "clay" : {
    "nombre" : "Clay",
    "probVictoria" : 0.0,
    "probGanarPrimerSaque" : 0.6060606241226196,
    "probGanarSegundoSaque" : 0.43589743971824646,
    "probPrimerSaque" : 0.42307692766189575,
    "probSegundoSaque" : 0.5,
    "probGanarPuntoSacando" : 0.47435898668977217,
    "probGanarPuntoRestando" : 0.34482760328058026,
    "probAce" : 0.0
  },
  "grass" : {
    "nombre" : "Grass",
    "probVictoria" : 0.3333333432674408,
    "probGanarPrimerSaque" : 0.761904776096344,
    "probGanarSegundoSaque" : 0.59375,
    "probPrimerSaque" : 0.5249999761581421,
    "probSegundoSaque" : 0.4000000059604645,
    "probGanarPuntoSacando" : 0.637499992824381,
    "probGanarPuntoRestando" : 0.40186916010257834,
    "probAce" : 0.0
  },
  "hard" : {
    "nombre" : "Hard",
    "probVictoria" : 0.4761904776096344,
    "probGanarPrimerSaque" : 0.751048899832226,
    "probGanarSegundoSaque" : 0.5970295029027122,
    "probPrimerSaque" : 0.5407395050639198,
    "probSegundoSaque" : 0.39711351479802814,
    "probGanarPuntoSacando" : 0.643210294709895,
    "probGanarPuntoRestando" : 0.3715992335254615,
    "probAce" : 0.0
  },
  "other" : {
    "nombre" : "Other",
    "probVictoria" : 0.0,
    "probGanarPrimerSaque" : 0.0,
    "probGanarSegundoSaque" : 0.0,
    "probPrimerSaque" : 0.0,
    "probSegundoSaque" : 0.0,
    "probGanarPuntoSacando" : 0.0,
    "probGanarPuntoRestando" : 0.0,
    "probAce" : 0.0
  },
  "partidos" : [ {
    "torneo" : "Petange CH",
    "fecha" : "20130909",
    "superficie" : "Hard",
    "resultado" : "6-4 6-4",
    "contrincante" : "Kenny De Schepper",
    "ganador" : true,
    "winnerAces" : 7,
    "winnerPrimerSaqueDentro" : 42,
    "winnerPrimerSaqueGanado" : 32,
    "winnerSegundoSaqueGanado" : 14,
    "winnerDobleFalta" : 8,
    "winnerServingPoints" : 75,
    "winnerServingGames" : 10,
    "loserAces" : 6,
    "loserPrimerSaqueDentro" : 30,
    "loserPrimerSaqueGanado" : 23,
    "loserSegundoSaqueGanado" : 9,
    "loserDobleFalta" : 4,
    "loserServingPoints" : 54,
    "loserServingGames" : 10
  }, {
    "torneo" : "Petange CH",
    "fecha" : "20130909",
    "superficie" : "Hard",
    "resultado" : "7-6(4) 6-3",
    "contrincante" : "Niels Desein",
    "ganador" : false,
    "winnerAces" : 13,
    "winnerPrimerSaqueDentro" : 62,
    "winnerPrimerSaqueGanado" : 45,
    "winnerSegundoSaqueGanado" : 12,
    "winnerDobleFalta" : 2,
    "winnerServingPoints" : 86,
    "winnerServingGames" : 11,
    "loserAces" : 6,
    "loserPrimerSaqueDentro" : 29,
    "loserPrimerSaqueGanado" : 22,
    "loserSegundoSaqueGanado" : 19,
    "loserDobleFalta" : 5,
    "loserServingPoints" : 63,
    "loserServingGames" : 10
  }, {
    "torneo" : "Quimper CH",
    "fecha" : "20130211",
    "superficie" : "Hard",
    "resultado" : "6-3 7-6(6)",
    "contrincante" : "Jan Mertl",
    "ganador" : true,
    "winnerAces" : 6,
    "winnerPrimerSaqueDentro" : 37,
    "winnerPrimerSaqueGanado" : 31,
    "winnerSegundoSaqueGanado" : 15,
    "winnerDobleFalta" : 3,
    "winnerServingPoints" : 67,
    "winnerServingGames" : 11,
    "loserAces" : 9,
    "loserPrimerSaqueDentro" : 50,
    "loserPrimerSaqueGanado" : 32,
    "loserSegundoSaqueGanado" : 13,
    "loserDobleFalta" : 2,
    "loserServingPoints" : 78,
    "loserServingGames" : 10
  }, {
    "torneo" : "Quimper CH",
    "fecha" : "20130211",
    "superficie" : "Hard",
    "resultado" : "6-7(3) 6-4 6-4",
    "contrincante" : "Kenny De Schepper",
    "ganador" : false,
    "winnerAces" : 24,
    "winnerPrimerSaqueDentro" : 69,
    "winnerPrimerSaqueGanado" : 56,
    "winnerSegundoSaqueGanado" : 13,
    "winnerDobleFalta" : 6,
    "winnerServingPoints" : 91,
    "winnerServingGames" : 16,
    "loserAces" : 5,
    "loserPrimerSaqueDentro" : 53,
    "loserPrimerSaqueGanado" : 40,
    "loserSegundoSaqueGanado" : 26,
    "loserDobleFalta" : 6,
    "loserServingPoints" : 93,
    "loserServingGames" : 16
  }, {
    "torneo" : "Prostejov CH",
    "fecha" : "20130603",
    "superficie" : "Clay",
    "resultado" : "7-6(0) 6-2",
    "contrincante" : "Albert Montanes",
    "ganador" : false,
    "winnerAces" : 2,
    "winnerPrimerSaqueDentro" : 38,
    "winnerPrimerSaqueGanado" : 25,
    "winnerSegundoSaqueGanado" : 13,
    "winnerDobleFalta" : 2,
    "winnerServingPoints" : 58,
    "winnerServingGames" : 10,
    "loserAces" : 3,
    "loserPrimerSaqueDentro" : 33,
    "loserPrimerSaqueGanado" : 20,
    "loserSegundoSaqueGanado" : 17,
    "loserDobleFalta" : 6,
    "loserServingPoints" : 78,
    "loserServingGames" : 10
  }, {
    "torneo" : "Portoroz CH",
    "fecha" : "20130701",
    "superficie" : "Hard",
    "resultado" : "6-1 6-3",
    "contrincante" : "Blaz Rola",
    "ganador" : true,
    "winnerAces" : 6,
    "winnerPrimerSaqueDentro" : 36,
    "winnerPrimerSaqueGanado" : 27,
    "winnerSegundoSaqueGanado" : 11,
    "winnerDobleFalta" : 4,
    "winnerServingPoints" : 58,
    "winnerServingGames" : 8,
    "loserAces" : 0,
    "loserPrimerSaqueDentro" : 29,
    "loserPrimerSaqueGanado" : 18,
    "loserSegundoSaqueGanado" : 9,
    "loserDobleFalta" : 0,
    "loserServingPoints" : 51,
    "loserServingGames" : 8
  }, {
    "torneo" : "Portoroz CH",
    "fecha" : "20130701",
    "superficie" : "Hard",
    "resultado" : "6-4 6-2",
    "contrincante" : "Grega Zemlja",
    "ganador" : false,
    "winnerAces" : 7,
    "winnerPrimerSaqueDentro" : 40,
    "winnerPrimerSaqueGanado" : 31,
    "winnerSegundoSaqueGanado" : 11,
    "winnerDobleFalta" : 2,
    "winnerServingPoints" : 60,
    "winnerServingGames" : 9,
    "loserAces" : 4,
    "loserPrimerSaqueDentro" : 21,
    "loserPrimerSaqueGanado" : 14,
    "loserSegundoSaqueGanado" : 16,
    "loserDobleFalta" : 3,
    "loserServingPoints" : 52,
    "loserServingGames" : 9
  }, {
    "torneo" : "Sarajevo CH",
    "fecha" : "20130311",
    "superficie" : "Hard",
    "resultado" : "6-7(5) 6-4 7-5",
    "contrincante" : "Adrian Menendez Maceiras",
    "ganador" : true,
    "winnerAces" : 13,
    "winnerPrimerSaqueDentro" : 61,
    "winnerPrimerSaqueGanado" : 49,
    "winnerSegundoSaqueGanado" : 24,
    "winnerDobleFalta" : 3,
    "winnerServingPoints" : 94,
    "winnerServingGames" : 17,
    "loserAces" : 11,
    "loserPrimerSaqueDentro" : 66,
    "loserPrimerSaqueGanado" : 48,
    "loserSegundoSaqueGanado" : 18,
    "loserDobleFalta" : 3,
    "loserServingPoints" : 96,
    "loserServingGames" : 17
  }, {
    "torneo" : "Sarajevo CH",
    "fecha" : "20130311",
    "superficie" : "Hard",
    "resultado" : "6-2 7-6(3)",
    "contrincante" : "Fabrice Martin",
    "ganador" : true,
    "winnerAces" : 4,
    "winnerPrimerSaqueDentro" : 32,
    "winnerPrimerSaqueGanado" : 29,
    "winnerSegundoSaqueGanado" : 15,
    "winnerDobleFalta" : 1,
    "winnerServingPoints" : 53,
    "winnerServingGames" : 10,
    "loserAces" : 11,
    "loserPrimerSaqueDentro" : 41,
    "loserPrimerSaqueGanado" : 34,
    "loserSegundoSaqueGanado" : 7,
    "loserDobleFalta" : 2,
    "loserServingPoints" : 65,
    "loserServingGames" : 10
  }, {
    "torneo" : "Sarajevo CH",
    "fecha" : "20130311",
    "superficie" : "Hard",
    "resultado" : "6-4 6-3",
    "contrincante" : "Tomislav Brkic",
    "ganador" : true,
    "winnerAces" : 11,
    "winnerPrimerSaqueDentro" : 31,
    "winnerPrimerSaqueGanado" : 28,
    "winnerSegundoSaqueGanado" : 9,
    "winnerDobleFalta" : 2,
    "winnerServingPoints" : 48,
    "winnerServingGames" : 9,
    "loserAces" : 2,
    "loserPrimerSaqueDentro" : 34,
    "loserPrimerSaqueGanado" : 23,
    "loserSegundoSaqueGanado" : 16,
    "loserDobleFalta" : 5,
    "loserServingPoints" : 63,