{
  "nombre" : "Kevin Krawietz",
  "mano" : "R",
  "nacionalidad" : "GER",
  "edad" : 21.2621492129,
  "ganar1Saque" : 0.679548317193985,
  "ganar2Saque" : 0.519568708539009,
  "primerSaque" : 0.5819405674934387,
  "segundoSaque" : 0.3755703330039978,
  "ganarPuntoSacando" : 0.5905913262315317,
  "ganarPuntoRestando" : 0.34856512912511906,
  "probAce" : 0.0477815717458725,
  "clay" : {
    "nombre" : "Clay",
    "probVictoria" : 0.20000000298023224,
    "probGanarPrimerSaque" : 0.669461464881897,
    "probGanarSegundoSaque" : 0.4812299072742462,
    "probPrimerSaque" : 0.5676082670688629,
    "probSegundoSaque" : 0.3833143413066864,
    "probGanarPuntoSacando" : 0.5644541868749013,
    "probGanarPuntoRestando" : 0.37964480226057196,
    "probAce" : 0.0
  },
  "grass" : {
    "nombre" : "Grass",
    "probVictoria" : 0.0,
    "probGanarPrimerSaque" : 0.6666666865348816,
    "probGanarSegundoSaque" : 0.5625,
    "probPrimerSaque" : 0.7118644118309021,
    "probSegundoSaque" : 0.2711864411830902,
    "probGanarPuntoSacando" : 0.6271186618628981,
    "probGanarPuntoRestando" : 0.20754718623223312,
    "probAce" : 0.0
  },
  "hard" : {
    "nombre" : "Hard",
    "probVictoria" : 0.6666666865348816,
    "probGanarPrimerSaque" : 0.7002193729082743,
    "probGanarSegundoSaque" : 0.5518696506818136,
    "probPrimerSaque" : 0.5933055281639099,
    "probSegundoSaque" : 0.3768150607744853,
    "probGanarPuntoSacando" : 0.6233968208352071,
    "probGanarPuntoRestando" : 0.3573959305724122,
    "probAce" : 0.0
  },
  "other" : {
    "nombre" : "Other",
    "probVictoria" : 0.0,
    "probGanarPrimerSaque" : 0.6808510422706604,
    "probGanarSegundoSaque" : 0.5714285969734192,
    "probPrimerSaque" : 0.4895833432674408,
    "probSegundoSaque" : 0.4375,
    "probGanarPuntoSacando" : 0.5833333407178625,
    "probGanarPuntoRestando" : 0.3076923019988609,
    "probAce" : 0.0
  },
  "partidos" : [ {
    "torneo" : "Munich",
    "fecha" : "20130429",
    "superficie" : "Clay",
    "resultado" : "6-2 6-4",
    "contrincante" : "Marinko Matosevic",
    "ganador" : false,
    "winnerAces" : 6,
    "winnerPrimerSaqueDentro" : 49,
    "winnerPrimerSaqueGanado" : 39,
    "winnerSegundoSaqueGanado" : 7,
    "winnerDobleFalta" : 4,
    "winnerServingPoints" : 71,
    "winnerServingGames" : 9,
    "loserAces" : 1,
    "loserPrimerSaqueDentro" : 30,
    "loserPrimerSaqueGanado" : 22,
    "loserSegundoSaqueGanado" : 11,
    "loserDobleFalta" : 2,
    "loserServingPoints" : 54,
    "loserServingGames" : 9
  }, {
    "torneo" : "Eckental CH",
    "fecha" : "20131028",
    "superficie" : "Carpet",
    "resultado" : "4-6 6-3 6-2",
    "contrincante" : "Miloslav Mecir",
    "ganador" : false,
    "winnerAces" : 10,
    "winnerPrimerSaqueDentro" : 45,
    "winnerPrimerSaqueGanado" : 38,
    "winnerSegundoSaqueGanado" : 16,
    "winnerDobleFalta" : 4,
    "winnerServingPoints" : 78,
    "winnerServingGames" : 14,
    "loserAces" : 5,
    "loserPrimerSaqueDentro" : 47,
    "loserPrimerSaqueGanado" : 32,
    "loserSegundoSaqueGanado" : 24,
    "loserDobleFalta" : 7,
    "loserServingPoints" : 96,
    "loserServingGames" : 13
  }, {
    "torneo" : "Oberstaufen CH",
    "fecha" : "20130722",
    "superficie" : "Clay",
    "resultado" : "3-6 6-3 7-5",
    "contrincante" : "Martin Alund",
    "ganador" : false,
    "winnerAces" : 1,
    "winnerPrimerSaqueDentro" : 55,
    "winnerPrimerSaqueGanado" : 41,
    "winnerSegundoSaqueGanado" : 19,
    "winnerDobleFalta" : 2,
    "winnerServingPoints" : 91,
    "winnerServingGames" : 15,
    "loserAces" : 5,
    "loserPrimerSaqueDentro" : 65,
    "loserPrimerSaqueGanado" : 47,
    "loserSegundoSaqueGanado" : 15,
    "loserDobleFalta" : 2,
    "loserServingPoints" : 101,
    "loserServingGames" : 15
  }, {
    "torneo" : "Furth CH",
    "fecha" : "20130604",
    "superficie" : "Clay",
    "resultado" : "6-3 4-6 6-3",
    "contrincante" : "Taro Daniel",
    "ganador" : true,
    "winnerAces" : 4,
    "winnerPrimerSaqueDentro" : 61,
    "winnerPrimerSaqueGanado" : 39,
    "winnerSegundoSaqueGanado" : 19,
    "winnerDobleFalta" : 8,
    "winnerServingPoints" : 98,
    "winnerServingGames" : 14,
    "loserAces" : 2,
    "loserPrimerSaqueDentro" : 74,
    "loserPrimerSaqueGanado" : 43,
    "loserSegundoSaqueGanado" : 15,
    "loserDobleFalta" : 3,
    "loserServingPoints" : 99,
    "loserServingGames" : 14
  }, {
    "torneo" : "Furth CH",
    "fecha" : "20130604",
    "superficie" : "Clay",
    "resultado" : "6-2 6-1",
    "contrincante" : "Simon Greul",
    "ganador" : false,
    "winnerAces" : 3,
    "winnerPrimerSaqueDentro" : 29,
    "winnerPrimerSaqueGanado" : 22,
    "winnerSegundoSaqueGanado" : 11,
    "winnerDobleFalta" : 2,
    "winnerServingPoints" : 52,
    "winnerServingGames" : 8,
    "loserAces" : 2,
    "loserPrimerSaqueDentro" : 23,
    "loserPrimerSaqueGanado" : 14,
    "loserSegundoSaqueGanado" : 9,
    "loserDobleFalta" : 4,
    "loserServingPoints" : 55,
    "loserServingGames" : 7
  }, {
    "torneo" : "s-Hertogenbosch Q",
    "fecha" : "20130616",
    "superficie" : "Grass",
    "resultado" : "6-3 6-4",
    "contrincante" : "Stephane Bohli",
    "ganador" : false,
    "winnerAces" : 6,
    "winnerPrimerSaqueDentro" : 37,
    "winnerPrimerSaqueGanado" : 31,
    "winnerSegundoSaqueGanado" : 11,
    "winnerDobleFalta" : 2,
    "winnerServingPoints" : 53,
    "winnerServingGames" : 10,
    "loserAces" : 1,
    "loserPrimerSaqueDentro" : 42,
    "loserPrimerSaqueGanado" : 28,
    "loserSegundoSaqueGanado" : 9,
    "loserDobleFalta" : 1,
    "loserServingPoints" : 59,
    "loserServingGames" : 9
  }, {
    "torneo" : "Vienna Q",
    "fecha" : "20131014",
    "superficie" : "Hard",
    "resultado" : "6-7(4) 6-4 6-1",
    "contrincante" : "Mario Haider Maurer",
    "ganador" : true,
    "winnerAces" : 3,
    "winnerPrimerSaqueDentro" : 55,
    "winnerPrimerSaqueGanado" : 41,
    "winnerSegundoSaqueGanado" : 17,
    "winnerDobleFalta" : 2,
    "winnerServingPoints" : 89,
    "winnerServingGames" : 14,
    "loserAces" : 6,
    "loserPrimerSaqueDentro" : 60,
    "loserPrimerSaqueGanado" : 41,
    "loserSegundoSaqueGanado" : 11,
    "loserDobleFalta" : 8,
    "loserServingPoints" : 94,
    "loserServingGames" : 15
  }, {
    "torneo" : "Vienna Q",
    "fecha" : "20131014",
    "superficie" : "Hard",
    "resultado" : "7-6(6) 6-7(4) 6-4",
    "contrincante" : "Ryan Harrison",
    "ganador" : true,
    "winnerAces" : 6,
    "winnerPrimerSaqueDentro" : 68,
    "winnerPrimerSaqueGanado" : 49,
    "winnerSegundoSaqueGanado" : 29,
    "winnerDobleFalta" : 7,
    "winnerServingPoints" : 127,
    "winnerServingGames" : 17,
    "loserAces" : 21,
    "loserPrimerSaqueDentro" : 71,
    "loserPrimerSaqueGanado" : 51,
    "loserSegundoSaqueGanado" : 26,
    "loserDobleFalta" : 8,
    "loserServingPoints" : 125,
    "loserServingGames" : 17
  }, {
    "torneo" : "Vienna Q",
    "fecha" : "20131014",
    "superficie" : "Hard",
    "resultado" : "6-3 7-6(5)",
    "contrincante" : "Miloslav Mecir",
    "ganador" : false,
    "winnerAces" : 10,
    "winnerPrimerSaqueDentro" : 37,
    "winnerPrimerSaqueGanado" : 33,
    "winnerSegundoSaqueGanado" : 11,
    "winnerDobleFalta" : 2,
    "winnerServingPoints" : 58,
    "winnerServingGames" : 10,
    "loserAces" : 9,
    "loserPrimerSaqueDentro" : 52,
    "loserPrimerSaqueGanado" : 33,
    "loserSegundoSaqueGanado" : 17,
    "loserDobleFalta" : 1,
    "loserServingPoints" : 83,
    "loserServingGames" : 11
  }, {
    "torneo" : "Hamburg Q",
    "fecha" : "20130715",
    "superficie" : "Clay",
    "resultado" : "7-5 5-7 6-4",
    "contrincante" : "Lukasz Kubot",
    "ganador" : false,
    "winnerAces" : 4,
    "winnerPrimerSaqueDentro" : 61,
    "winnerPrimerSaqueGanado" : 43,
    "winnerSegundoSaqueGanado" : 19,
    "winnerDobleFalta" : 12,
    "winnerServingPoints" : 108,
    "winnerServingGames" : 17,
    "loserAces" : 6,
    "loserPrimerSaqueDentro" : 70,
    "loserPrimerSaqueGanado" : 45,