{
  "nombre" : "Kimmer Coppejans",
  "mano" : "R",
  "nacionalidad" : "BEL",
  "edad" : 19.6057494867,
  "ganar1Saque" : 0.6351382434368134,
  "ganar2Saque" : 0.5003162682056427,
  "primerSaque" : 0.5871010720729828,
  "segundoSaque" : 0.3701753874619802,
  "ganarPuntoSacando" : 0.55809511207286,
  "ganarPuntoRestando" : 0.4173273743875861,
  "probAce" : 0.04147031158208847,
  "clay" : {
    "nombre" : "Clay",
    "probVictoria" : 0.6000000238418579,
    "probGanarPrimerSaque" : 0.6159419238567352,
    "probGanarSegundoSaque" : 0.48276644945144653,
    "probPrimerSaque" : 0.5346960723400116,
    "probSegundoSaque" : 0.39651970863342284,
    "probGanarPuntoSacando" : 0.5207681393502265,
    "probGanarPuntoRestando" : 0.4621448813950165,
    "probAce" : 0.0
  },
  "grass" : {
    "nombre" : "Grass",
    "probVictoria" : 0.0,
    "probGanarPrimerSaque" : 0.5882353186607361,
    "probGanarSegundoSaque" : 0.8333333134651184,
    "probPrimerSaque" : 0.6415094137191772,
    "probSegundoSaque" : 0.3396226465702057,
    "probGanarPuntoSacando" : 0.6603773597971045,
    "probGanarPuntoRestando" : 0.31147542140311657,
    "probAce" : 0.0
  },
  "hard" : {
    "nombre" : "Hard",
    "probVictoria" : 0.375,
    "probGanarPrimerSaque" : 0.6503598392009735,
    "probGanarSegundoSaque" : 0.46488961204886436,
    "probPrimerSaque" : 0.5994842648506165,
    "probSegundoSaque" : 0.368475116789341,
    "probGanarPuntoSacando" : 0.5611807441856175,
    "probGanarPuntoRestando" : 0.41607748365813824,
    "probAce" : 0.0
  },
  "other" : {
    "nombre" : "Other",
    "probVictoria" : 0.0,
    "probGanarPrimerSaque" : 0.65625,
    "probGanarSegundoSaque" : 0.5384615659713745,
    "probPrimerSaque" : 0.695652186870575,
    "probSegundoSaque" : 0.28260868787765503,
    "probGanarPuntoSacando" : 0.6086956642655323,
    "probGanarPuntoRestando" : 0.30909091817048606,
    "probAce" : 0.0
  },
  "partidos" : [ {
    "torneo" : "Kenitra CH",
    "fecha" : "20130916",
    "superficie" : "Clay",
    "resultado" : "6-2 5-7 7-5",
    "contrincante" : "Andreas Beck",
    "ganador" : false,
    "winnerAces" : 7,
    "winnerPrimerSaqueDentro" : 68,
    "winnerPrimerSaqueGanado" : 44,
    "winnerSegundoSaqueGanado" : 24,
    "winnerDobleFalta" : 3,
    "winnerServingPoints" : 109,
    "winnerServingGames" : 16,
    "loserAces" : 6,
    "loserPrimerSaqueDentro" : 55,
    "loserPrimerSaqueGanado" : 38,
    "loserSegundoSaqueGanado" : 23,
    "loserDobleFalta" : 8,
    "loserServingPoints" : 112,
    "loserServingGames" : 16
  }, {
    "torneo" : "Yokohama CH",
    "fecha" : "20131111",
    "superficie" : "Hard",
    "resultado" : "6-3 7-5",
    "contrincante" : "James Duckworth",
    "ganador" : true,
    "winnerAces" : 3,
    "winnerPrimerSaqueDentro" : 37,
    "winnerPrimerSaqueGanado" : 25,
    "winnerSegundoSaqueGanado" : 13,
    "winnerDobleFalta" : 2,
    "winnerServingPoints" : 64,
    "winnerServingGames" : 10,
    "loserAces" : 2,
    "loserPrimerSaqueDentro" : 27,
    "loserPrimerSaqueGanado" : 17,
    "loserSegundoSaqueGanado" : 14,
    "loserDobleFalta" : 4,
    "loserServingPoints" : 66,
    "loserServingGames" : 11
  }, {
    "torneo" : "Yokohama CH",
    "fecha" : "20131111",
    "superficie" : "Hard",
    "resultado" : "4-6 6-1 6-2",
    "contrincante" : "Marco Chiudinelli",
    "ganador" : false,
    "winnerAces" : 2,
    "winnerPrimerSaqueDentro" : 43,
    "winnerPrimerSaqueGanado" : 27,
    "winnerSegundoSaqueGanado" : 22,
    "winnerDobleFalta" : 1,
    "winnerServingPoints" : 79,
    "winnerServingGames" : 13,
    "loserAces" : 4,
    "loserPrimerSaqueDentro" : 61,
    "loserPrimerSaqueGanado" : 36,
    "loserSegundoSaqueGanado" : 7,
    "loserDobleFalta" : 4,
    "loserServingPoints" : 88,
    "loserServingGames" : 12
  }, {
    "torneo" : "Toyota CH",
    "fecha" : "20131118",
    "superficie" : "Carpet",
    "resultado" : "6-3 6-2",
    "contrincante" : "James Ward",
    "ganador" : false,
    "winnerAces" : 4,
    "winnerPrimerSaqueDentro" : 34,
    "winnerPrimerSaqueGanado" : 27,
    "winnerSegundoSaqueGanado" : 11,
    "winnerDobleFalta" : 0,
    "winnerServingPoints" : 55,
    "winnerServingGames" : 9,
    "loserAces" : 2,
    "loserPrimerSaqueDentro" : 32,
    "loserPrimerSaqueGanado" : 21,
    "loserSegundoSaqueGanado" : 7,
    "loserDobleFalta" : 1,
    "loserServingPoints" : 46,
    "loserServingGames" : 8
  }, {
    "torneo" : "Le Gosier CH",
    "fecha" : "20130325",
    "superficie" : "Hard",
    "resultado" : "7-6(2) 6-2",
    "contrincante" : "Marius Copil",
    "ganador" : false,
    "winnerAces" : 4,
    "winnerPrimerSaqueDentro" : 24,
    "winnerPrimerSaqueGanado" : 22,
    "winnerSegundoSaqueGanado" : 22,
    "winnerDobleFalta" : 6,
    "winnerServingPoints" : 60,
    "winnerServingGames" : 10,
    "loserAces" : 2,
    "loserPrimerSaqueDentro" : 45,
    "loserPrimerSaqueGanado" : 25,
    "loserSegundoSaqueGanado" : 15,
    "loserDobleFalta" : 2,
    "loserServingPoints" : 71,
    "loserServingGames" : 10
  }, {
    "torneo" : "Meknes CH",
    "fecha" : "20130909",
    "superficie" : "Clay",
    "resultado" : "6-4 4-6 6-4",
    "contrincante" : "Alessandro Giannessi",
    "ganador" : true,
    "winnerAces" : 6,
    "winnerPrimerSaqueDentro" : 52,
    "winnerPrimerSaqueGanado" : 36,
    "winnerSegundoSaqueGanado" : 21,
    "winnerDobleFalta" : 3,
    "winnerServingPoints" : 97,
    "winnerServingGames" : 15,
    "loserAces" : 3,
    "loserPrimerSaqueDentro" : 69,
    "loserPrimerSaqueGanado" : 43,
    "loserSegundoSaqueGanado" : 20,
    "loserDobleFalta" : 11,
    "loserServingPoints" : 117,
    "loserServingGames" : 15
  }, {
    "torneo" : "Meknes CH",
    "fecha" : "20130909",
    "superficie" : "Clay",
    "resultado" : "1-6 7-5 6-3",
    "contrincante" : "David Guez",
    "ganador" : true,
    "winnerAces" : 3,
    "winnerPrimerSaqueDentro" : 45,
    "winnerPrimerSaqueGanado" : 28,
    "winnerSegundoSaqueGanado" : 14,
    "winnerDobleFalta" : 5,
    "winnerServingPoints" : 84,
    "winnerServingGames" : 14,
    "loserAces" : 1,
    "loserPrimerSaqueDentro" : 51,
    "loserPrimerSaqueGanado" : 29,
    "loserSegundoSaqueGanado" : 21,
    "loserDobleFalta" : 7,
    "loserServingPoints" : 102,
    "loserServingGames" : 14
  }, {
    "torneo" : "Meknes CH",
    "fecha" : "20130909",
    "superficie" : "Clay",
    "resultado" : "6-3 6-1",
    "contrincante" : "Juan Lizariturry",
    "ganador" : true,
    "winnerAces" : 3,
    "winnerPrimerSaqueDentro" : 29,
    "winnerPrimerSaqueGanado" : 20,
    "winnerSegundoSaqueGanado" : 10,
    "winnerDobleFalta" : 4,
    "winnerServingPoints" : 50,
    "winnerServingGames" : 8,
    "loserAces" : 0,
    "loserPrimerSaqueDentro" : 29,
    "loserPrimerSaqueGanado" : 15,
    "loserSegundoSaqueGanado" : 6,
    "loserDobleFalta" : 3,
    "loserServingPoints" : 51,
    "loserServingGames" : 8
  }, {
    "torneo" : "Meknes CH",
    "fecha" : "20130909",
    "superficie" : "Clay",
    "resultado" : "6-2 6-2",
    "contrincante" : "Cedrik Marcel Stebe",
    "ganador" : false,
    "winnerAces" : 4,
    "winnerPrimerSaqueDentro" : 35,
    "winnerPrimerSaqueGanado" : 21,
    "winnerSegundoSaqueGanado" : 9,
    "winnerDobleFalta" : 2,
    "winnerServingPoints" : 48,
    "winnerServingGames" : 8,
    "loserAces" : 0,
    "loserPrimerSaqueDentro" : 26,
    "loserPrimerSaqueGanado" : 10,
    "loserSegundoSaqueGanado" : 8,
    "loserDobleFalta" : 5,
    "loserServingPoints" : 49,
    "loserServingGames" : 8
  }, {
    "torneo" : "Yeongwol CH",
    "fecha" : "20131104",
    "superficie" : "Hard",
    "resultado" : "6-4 5-7 6-3",
    "contrincante" : "Ze Zhang",
    "ganador" : false,
    "winnerAces" : 6,
    "winnerPrimerSaqueDentro" : 74,
    "winnerPrimerSaqueGanado" : 50,
    "winnerSegundoSaqueGanado" : 13,
    "winnerDobleFalta" : 4,
    "winnerServingPoints" : 110,
    "winnerServingGames" : 15,
    "loserAces" : 4,
    "loserPrimerSaqueDentro" : 65,
    "loserPrimerSaqueGanado" : 42,
    "loserSegundoSaqueGanado" : 16,