{
  "nombre" : "Mao Xin Gong",
  "mano" : "R",
  "nacionalidad" : "CHN",
  "edad" : 26.12183436,
  "ganar1Saque" : 0.6035408154129982,
  "ganar2Saque" : 0.49397166445851326,
  "primerSaque" : 0.5788637325167656,
  "segundoSaque" : 0.35624217614531517,
  "ganarPuntoSacando" : 0.5253414298370046,
  "ganarPuntoRestando" : 0.31213096660284206,
  "probAce" : 0.037906136363744736,
  "clay" : {
    "nombre" : "Clay",
    "probVictoria" : 0.0,
    "probGanarPrimerSaque" : 0.5555555820465088,
    "probGanarSegundoSaque" : 0.5454545617103577,
    "probPrimerSaque" : 0.4821428656578064,
    "probSegundoSaque" : 0.3928571343421936,
    "probGanarPuntoSacando" : 0.48214287638750264,
    "probGanarPuntoRestando" : 0.37037036195397377,
    "probAce" : 0.0
  },
  "grass" : {
    "nombre" : "Grass",
    "probVictoria" : 0.0,
    "probGanarPrimerSaque" : 0.0,
    "probGanarSegundoSaque" : 0.0,
    "probPrimerSaque" : 0.0,
    "probSegundoSaque" : 0.0,
    "probGanarPuntoSacando" : 0.0,
    "probGanarPuntoRestando" : 0.0,
    "probAce" : 0.0
  },
  "hard" : {
    "nombre" : "Hard",
    "probVictoria" : 0.1666666716337204,
    "probGanarPrimerSaque" : 0.6076087156931559,
    "probGanarSegundoSaque" : 0.48855312665303546,
    "probPrimerSaque" : 0.5995608568191528,
    "probSegundoSaque" : 0.34720808267593384,
    "probGanarPuntoSacando" : 0.5339279965823067,
    "probGanarPuntoRestando" : 0.2865996195112274,
    "probAce" : 0.0
  },
  "other" : {
    "nombre" : "Other",
    "probVictoria" : 0.0,
    "probGanarPrimerSaque" : 0.6271186470985413,
    "probGanarSegundoSaque" : 0.4749999940395355,
    "probPrimerSaque" : 0.5514018535614014,
    "probSegundoSaque" : 0.37383177876472473,
    "probGanarPuntoSacando" : 0.5233644770980872,
    "probGanarPuntoRestando" : 0.40707965380139877,
    "probAce" : 0.0
  },
  "partidos" : [ {
    "torneo" : "Shanghai Masters",
    "fecha" : "20131007",
    "superficie" : "Hard",
    "resultado" : "7-5 6-2",
    "contrincante" : "Philipp Kohlschreiber",
    "ganador" : false,
    "winnerAces" : 9,
    "winnerPrimerSaqueDentro" : 32,
    "winnerPrimerSaqueGanado" : 29,
    "winnerSegundoSaqueGanado" : 11,
    "winnerDobleFalta" : 0,
    "winnerServingPoints" : 48,
    "winnerServingGames" : 10,
    "loserAces" : 2,
    "loserPrimerSaqueDentro" : 31,
    "loserPrimerSaqueGanado" : 20,
    "loserSegundoSaqueGanado" : 11,
    "loserDobleFalta" : 0,
    "loserServingPoints" : 52,
    "loserServingGames" : 10
  }, {
    "torneo" : "Kun-Ming CH",
    "fecha" : "20130506",
    "superficie" : "Hard",
    "resultado" : "4-6 7-6(5) 7-5",
    "contrincante" : "Hiroki Moriya",
    "ganador" : true,
    "winnerAces" : 7,
    "winnerPrimerSaqueDentro" : 71,
    "winnerPrimerSaqueGanado" : 50,
    "winnerSegundoSaqueGanado" : 24,
    "winnerDobleFalta" : 10,
    "winnerServingPoints" : 117,
    "winnerServingGames" : 17,
    "loserAces" : 7,
    "loserPrimerSaqueDentro" : 58,
    "loserPrimerSaqueGanado" : 43,
    "loserSegundoSaqueGanado" : 30,
    "loserDobleFalta" : 5,
    "loserServingPoints" : 115,
    "loserServingGames" : 17
  }, {
    "torneo" : "Kun-Ming CH",
    "fecha" : "20130506",
    "superficie" : "Hard",
    "resultado" : "6-3 6-1",
    "contrincante" : "Yen Hsun Lu",
    "ganador" : false,
    "winnerAces" : 2,
    "winnerPrimerSaqueDentro" : 32,
    "winnerPrimerSaqueGanado" : 26,
    "winnerSegundoSaqueGanado" : 9,
    "winnerDobleFalta" : 2,
    "winnerServingPoints" : 50,
    "winnerServingGames" : 8,
    "loserAces" : 0,
    "loserPrimerSaqueDentro" : 26,
    "loserPrimerSaqueGanado" : 16,
    "loserSegundoSaqueGanado" : 7,
    "loserDobleFalta" : 6,
    "loserServingPoints" : 44,
    "loserServingGames" : 8
  }, {
    "torneo" : "Kyoto CH",
    "fecha" : "20130304",
    "superficie" : "Carpet",
    "resultado" : "6-7(6) 6-1 6-3",
    "contrincante" : "Artem Sitak",
    "ganador" : false,
    "winnerAces" : 8,
    "winnerPrimerSaqueDentro" : 54,
    "winnerPrimerSaqueGanado" : 39,
    "winnerSegundoSaqueGanado" : 28,
    "winnerDobleFalta" : 8,
    "winnerServingPoints" : 113,
    "winnerServingGames" : 14,
    "loserAces" : 3,
    "loserPrimerSaqueDentro" : 59,
    "loserPrimerSaqueGanado" : 37,
    "loserSegundoSaqueGanado" : 19,
    "loserDobleFalta" : 8,
    "loserServingPoints" : 107,
    "loserServingGames" : 14
  }, {
    "torneo" : "Shanghai CH",
    "fecha" : "20130902",
    "superficie" : "Hard",
    "resultado" : "6-2 6-3",
    "contrincante" : "Di Wu",
    "ganador" : false,
    "winnerAces" : 0,
    "winnerPrimerSaqueDentro" : 32,
    "winnerPrimerSaqueGanado" : 20,
    "winnerSegundoSaqueGanado" : 16,
    "winnerDobleFalta" : 4,
    "winnerServingPoints" : 58,
    "winnerServingGames" : 9,
    "loserAces" : 2,
    "loserPrimerSaqueDentro" : 37,
    "loserPrimerSaqueGanado" : 19,
    "loserSegundoSaqueGanado" : 6,
    "loserDobleFalta" : 2,
    "loserServingPoints" : 57,
    "loserServingGames" : 8
  }, {
    "torneo" : "Beijing CH",
    "fecha" : "20130708",
    "superficie" : "Hard",
    "resultado" : "6-1 6-4",
    "contrincante" : "Yen Hsun Lu",
    "ganador" : false,
    "winnerAces" : 3,
    "winnerPrimerSaqueDentro" : 28,
    "winnerPrimerSaqueGanado" : 21,
    "winnerSegundoSaqueGanado" : 12,
    "winnerDobleFalta" : 0,
    "winnerServingPoints" : 42,
    "winnerServingGames" : 9,
    "loserAces" : 3,
    "loserPrimerSaqueDentro" : 29,
    "loserPrimerSaqueGanado" : 19,
    "loserSegundoSaqueGanado" : 6,
    "loserDobleFalta" : 1,
    "loserServingPoints" : 51,
    "loserServingGames" : 8
  }, {
    "torneo" : "An-Ning CH",
    "fecha" : "20130429",
    "superficie" : "Clay",
    "resultado" : "6-4 6-1",
    "contrincante" : "Matthew Ebden",
    "ganador" : false,
    "winnerAces" : 3,
    "winnerPrimerSaqueDentro" : 32,
    "winnerPrimerSaqueGanado" : 25,
    "winnerSegundoSaqueGanado" : 9,
    "winnerDobleFalta" : 4,
    "winnerServingPoints" : 54,
    "winnerServingGames" : 9,
    "loserAces" : 2,
    "loserPrimerSaqueDentro" : 27,
    "loserPrimerSaqueGanado" : 15,
    "loserSegundoSaqueGanado" : 12,
    "loserDobleFalta" : 7,
    "loserServingPoints" : 56,
    "loserServingGames" : 8
  }, {
    "torneo" : "Beijing Q",
    "fecha" : "20130930",
    "superficie" : "Hard",
    "resultado" : "6-4 6-2",
    "contrincante" : "Yen Hsun Lu",
    "ganador" : false,
    "winnerAces" : 5,
    "winnerPrimerSaqueDentro" : 31,
    "winnerPrimerSaqueGanado" : 23,
    "winnerSegundoSaqueGanado" : 13,
    "winnerDobleFalta" : 3,
    "winnerServingPoints" : 51,
    "winnerServingGames" : 9,
    "loserAces" : 2,
    "loserPrimerSaqueDentro" : 41,
    "loserPrimerSaqueGanado" : 21,
    "loserSegundoSaqueGanado" : 14,
    "loserDobleFalta" : 3,
    "loserServingPoints" : 70,
    "loserServingGames" : 9
  } ]
}