{
  "nombre" : "Mate Pavic",
  "mano" : "L",
  "nacionalidad" : "CRO",
  "edad" : 20.0684462697,
  "ganar1Saque" : 0.6189635207778529,
  "ganar2Saque" : 0.5472490113032492,
  "primerSaque" : 0.6140496385724921,
  "segundoSaque" : 0.3463027696860464,
  "ganarPuntoSacando" : 0.5695881745454634,
  "ganarPuntoRestando" : 0.37178304631517767,
  "probAce" : 0.061574436724185944,
  "clay" : {
    "nombre" : "Clay",
    "probVictoria" : 0.1111111119389534,
    "probGanarPrimerSaque" : 0.5476690270006657,
    "probGanarSegundoSaque" : 0.5551623106002808,
    "probPrimerSaque" : 0.5681729316711426,
    "probSegundoSaque" : 0.3911387734115124,
    "probGanarPuntoSacando" : 0.5283162218689452,
    "probGanarPuntoRestando" : 0.35293541502224934,
    "probAce" : 0.0
  },
  "grass" : {
    "nombre" : "Grass",
    "probVictoria" : 0.0,
    "probGanarPrimerSaque" : 0.0,
    "probGanarSegundoSaque" : 0.0,
    "probPrimerSaque" : 0.0,
    "probSegundoSaque" : 0.0,
    "probGanarPuntoSacando" : 0.0,
    "probGanarPuntoRestando" : 0.0,
    "probAce" : 0.0
  },
  "hard" : {
    "nombre" : "Hard",
    "probVictoria" : 0.4444444477558136,
    "probGanarPrimerSaque" : 0.6987491581175063,
    "probGanarSegundoSaque" : 0.5446456538306342,
    "probPrimerSaque" : 0.6372312042448256,
    "probSegundoSaque" : 0.32568953434626263,
    "probGanarPuntoSacando" : 0.6226501568720916,
    "probGanarPuntoRestando" : 0.3566873603676033,
    "probAce" : 0.0
  },
  "other" : {
    "nombre" : "Other",
    "probVictoria" : 0.5,
    "probGanarPrimerSaque" : 0.5451061278581619,
    "probGanarSegundoSaque" : 0.52731092274189,
    "probPrimerSaque" : 0.6932394206523895,
    "probSegundoSaque" : 0.25971831381320953,
    "probGanarPuntoSacando" : 0.5148413599802708,
    "probGanarPuntoRestando" : 0.5151041582509757,
    "probAce" : 0.0
  },
  "partidos" : [ {
    "torneo" : "Kitzbuhel",
    "fecha" : "20130728",
    "superficie" : "Clay",
    "resultado" : "7-6(2) 6-2",
    "contrincante" : "Marcel Granollers",
    "ganador" : false,
    "winnerAces" : 6,
    "winnerPrimerSaqueDentro" : 49,
    "winnerPrimerSaqueGanado" : 34,
    "winnerSegundoSaqueGanado" : 22,
    "winnerDobleFalta" : 3,
    "winnerServingPoints" : 83,
    "winnerServingGames" : 10,
    "loserAces" : 2,
    "loserPrimerSaqueDentro" : 39,
    "loserPrimerSaqueGanado" : 26,
    "loserSegundoSaqueGanado" : 19,
    "loserDobleFalta" : 3,
    "loserServingPoints" : 73,
    "loserServingGames" : 10
  }, {
    "torneo" : "Zagreb",
    "fecha" : "20130204",
    "superficie" : "Hard",
    "resultado" : "7-5 6-2",
    "contrincante" : "Philipp Petzschner",
    "ganador" : false,
    "winnerAces" : 8,
    "winnerPrimerSaqueDentro" : 31,
    "winnerPrimerSaqueGanado" : 24,
    "winnerSegundoSaqueGanado" : 9,
    "winnerDobleFalta" : 0,
    "winnerServingPoints" : 47,
    "winnerServingGames" : 10,
    "loserAces" : 2,
    "loserPrimerSaqueDentro" : 34,
    "loserPrimerSaqueGanado" : 17,
    "loserSegundoSaqueGanado" : 7,
    "loserDobleFalta" : 4,
    "loserServingPoints" : 51,
    "loserServingGames" : 10
  }, {
    "torneo" : "Umag",
    "fecha" : "20130722",
    "superficie" : "Clay",
    "resultado" : "7-5 6-2",
    "contrincante" : "Gael Monfils",
    "ganador" : false,
    "winnerAces" : 0,
    "winnerPrimerSaqueDentro" : 45,
    "winnerPrimerSaqueGanado" : 33,
    "winnerSegundoSaqueGanado" : 5,
    "winnerDobleFalta" : 3,
    "winnerServingPoints" : 64,
    "winnerServingGames" : 10,
    "loserAces" : 3,
    "loserPrimerSaqueDentro" : 32,
    "loserPrimerSaqueGanado" : 14,
    "loserSegundoSaqueGanado" : 14,
    "loserDobleFalta" : 1,
    "loserServingPoints" : 63,
    "loserServingGames" : 10
  }, {
    "torneo" : "Sibiu CH",
    "fecha" : "20130923",
    "superficie" : "Clay",
    "resultado" : "6-2 4-6 6-2",
    "contrincante" : "Alessandro Giannessi",
    "ganador" : false,
    "winnerAces" : 5,
    "winnerPrimerSaqueDentro" : 42,
    "winnerPrimerSaqueGanado" : 26,
    "winnerSegundoSaqueGanado" : 26,
    "winnerDobleFalta" : 2,
    "winnerServingPoints" : 74,
    "winnerServingGames" : 13,
    "loserAces" : 4,
    "loserPrimerSaqueDentro" : 51,
    "loserPrimerSaqueGanado" : 31,
    "loserSegundoSaqueGanado" : 17,
    "loserDobleFalta" : 7,
    "loserServingPoints" : 88,
    "loserServingGames" : 13
  }, {
    "torneo" : "Marburg CH",
    "fecha" : "20130624",
    "superficie" : "Clay",
    "resultado" : "6-3 6-0",
    "contrincante" : "Norbert Gombos",
    "ganador" : false,
    "winnerAces" : 1,
    "winnerPrimerSaqueDentro" : 23,
    "winnerPrimerSaqueGanado" : 19,
    "winnerSegundoSaqueGanado" : 12,
    "winnerDobleFalta" : 2,
    "winnerServingPoints" : 43,
    "winnerServingGames" : 8,
    "loserAces" : 1,
    "loserPrimerSaqueDentro" : 30,
    "loserPrimerSaqueGanado" : 13,
    "loserSegundoSaqueGanado" : 15,
    "loserDobleFalta" : 1,
    "loserServingPoints" : 60,
    "loserServingGames" : 7
  }, {
    "torneo" : "Portoroz CH",
    "fecha" : "20130701",
    "superficie" : "Hard",
    "resultado" : "7-6(3) 6-2",
    "contrincante" : "Flavio Cipolla",
    "ganador" : false,
    "winnerAces" : 1,
    "winnerPrimerSaqueDentro" : 47,
    "winnerPrimerSaqueGanado" : 28,
    "winnerSegundoSaqueGanado" : 9,
    "winnerDobleFalta" : 4,
    "winnerServingPoints" : 62,
    "winnerServingGames" : 10,
    "loserAces" : 4,
    "loserPrimerSaqueDentro" : 39,
    "loserPrimerSaqueGanado" : 21,
    "loserSegundoSaqueGanado" : 9,
    "loserDobleFalta" : 2,
    "loserServingPoints" : 65,
    "loserServingGames" : 10
  }, {
    "torneo" : "Eskisehir CH",
    "fecha" : "20130715",
    "superficie" : "Hard",
    "resultado" : "6-4 6-3",
    "contrincante" : "Marsel Ilhan",
    "ganador" : false,
    "winnerAces" : 7,
    "winnerPrimerSaqueDentro" : 41,
    "winnerPrimerSaqueGanado" : 36,
    "winnerSegundoSaqueGanado" : 6,
    "winnerDobleFalta" : 2,
    "winnerServingPoints" : 53,
    "winnerServingGames" : 10,
    "loserAces" : 6,
    "loserPrimerSaqueDentro" : 37,
    "loserPrimerSaqueGanado" : 28,
    "loserSegundoSaqueGanado" : 9,
    "loserDobleFalta" : 3,
    "loserServingPoints" : 58,
    "loserServingGames" : 9
  }, {
    "torneo" : "Como CH",
    "fecha" : "20130826",
    "superficie" : "Clay",
    "resultado" : "6-4 6-2",
    "contrincante" : "Alessandro Giannessi",
    "ganador" : false,
    "winnerAces" : 1,
    "winnerPrimerSaqueDentro" : 35,
    "winnerPrimerSaqueGanado" : 24,
    "winnerSegundoSaqueGanado" : 18,
    "winnerDobleFalta" : 8,
    "winnerServingPoints" : 68,
    "winnerServingGames" : 9,
    "loserAces" : 3,
    "loserPrimerSaqueDentro" : 35,
    "loserPrimerSaqueGanado" : 17,
    "loserSegundoSaqueGanado" : 12,
    "loserDobleFalta" : 2,
    "loserServingPoints" : 55,
    "loserServingGames" : 9
  }, {
    "torneo" : "Tanger CH",
    "fecha" : "20130617",
    "superficie" : "Clay",
    "resultado" : "6-4 6-4",
    "contrincante" : "Tristan Lamasine",
    "ganador" : true,
    "winnerAces" : 4,
    "winnerPrimerSaqueDentro" : 36,
    "winnerPrimerSaqueGanado" : 23,
    "winnerSegundoSaqueGanado" : 16,
    "winnerDobleFalta" : 5,
    "winnerServingPoints" : 66,
    "winnerServingGames" : 10,
    "loserAces" : 0,
    "loserPrimerSaqueDentro" : 46,
    "loserPrimerSaqueGanado" : 25,
    "loserSegundoSaqueGanado" : 9,
    "loserDobleFalta" : 2,
    "loserServingPoints" : 67,
    "loserServingGames" : 10
  }, {
    "torneo" : "Tanger CH",
    "fecha" : "20130617",
    "superficie" : "Clay",
    "resultado" : "4-6 6-3 6-4",
    "contrincante" : "Roberto Carballes Baena",
    "ganador" : false,
    "winnerAces" : 2,
    "winnerPrimerSaqueDentro" : 57,
    "winnerPrimerSaqueGanado" : 38,
    "winnerSegundoSaqueGanado" : 20,
    "winnerDobleFalta" : 10,
    "winnerServingPoints" : 102,
    "winnerServingGames" : 15,
    "loserAces" : 2,
    "loserPrimerSaqueDentro" : 58,
    "loserPrimerSaqueGanado" : 31,
    "loserSegundoSaqueGanado" : 20,
    "loserDobleFalta" : 1,
    "loserServingPoints" : 98,