{
  "nombre" : "Maximilian Marterer",
  "mano" : "U",
  "nacionalidad" : "GER",
  "edad" : 0.0,
  "ganar1Saque" : 0.6804165740807852,
  "ganar2Saque" : 0.581219216187795,
  "primerSaque" : 0.5835986435413361,
  "segundoSaque" : 0.37329404552777606,
  "ganarPuntoSacando" : 0.6140558622258143,
  "ganarPuntoRestando" : 0.32943687645902636,
  "probAce" : 0.06423982977867126,
  "clay" : {
    "nombre" : "Clay",
    "probVictoria" : 0.0,
    "probGanarPrimerSaque" : 0.6304160157839457,
    "probGanarSegundoSaque" : 0.5115079482396444,
    "probPrimerSaque" : 0.5830831329027811,
    "probSegundoSaque" : 0.36794142921765643,
    "probGanarPuntoSacando" : 0.555789911046878,
    "probGanarPuntoRestando" : 0.3533351278117707,
    "probAce" : 0.0
  },
  "grass" : {
    "nombre" : "Grass",
    "probVictoria" : 0.5,
    "probGanarPrimerSaque" : 1.42380952835083,
    "probGanarSegundoSaque" : 0.7085385918617249,
    "probPrimerSaque" : 0.5932765007019043,
    "probSegundoSaque" : 0.383759468793869,
    "probGanarPuntoSacando" : 1.1166211282788208,
    "probGanarPuntoRestando" : 0.34427285980988176,
    "probAce" : 0.0
  },
  "hard" : {
    "nombre" : "Hard",
    "probVictoria" : 0.0,
    "probGanarPrimerSaque" : 0.0,
    "probGanarSegundoSaque" : 0.0,
    "probPrimerSaque" : 0.0,
    "probSegundoSaque" : 0.0,
    "probGanarPuntoSacando" : 0.0,
    "probGanarPuntoRestando" : 0.0,
    "probAce" : 0.0
  },
  "other" : {
    "nombre" : "Other",
    "probVictoria" : 0.0,
    "probGanarPrimerSaque" : 0.7674418687820435,
    "probGanarSegundoSaque" : 0.5357142686843872,
    "probPrimerSaque" : 0.5657894611358643,
    "probSegundoSaque" : 0.3684210479259491,
    "probGanarPuntoSacando" : 0.6315789336488784,
    "probGanarPuntoRestando" : 0.2280701556990825,
    "probAce" : 0.0
  },
  "partidos" : [ {
    "torneo" : "Marburg CH",
    "fecha" : "20130624",
    "superficie" : "Clay",
    "resultado" : "6-7(5) 6-1 6-4",
    "contrincante" : "Tim Puetz",
    "ganador" : false,
    "winnerAces" : 8,
    "winnerPrimerSaqueDentro" : 41,
    "winnerPrimerSaqueGanado" : 32,
    "winnerSegundoSaqueGanado" : 25,
    "winnerDobleFalta" : 3,
    "winnerServingPoints" : 85,
    "winnerServingGames" : 15,
    "loserAces" : 3,
    "loserPrimerSaqueDentro" : 48,
    "loserPrimerSaqueGanado" : 29,
    "loserSegundoSaqueGanado" : 18,
    "loserDobleFalta" : 6,
    "loserServingPoints" : 84,
    "loserServingGames" : 14
  }, {
    "torneo" : "Eckental CH",
    "fecha" : "20131028",
    "superficie" : "Carpet",
    "resultado" : "7-5 6-4",
    "contrincante" : "Farrukh Dustov",
    "ganador" : false,
    "winnerAces" : 3,
    "winnerPrimerSaqueDentro" : 39,
    "winnerPrimerSaqueGanado" : 36,
    "winnerSegundoSaqueGanado" : 8,
    "winnerDobleFalta" : 3,
    "winnerServingPoints" : 57,
    "winnerServingGames" : 11,
    "loserAces" : 2,
    "loserPrimerSaqueDentro" : 43,
    "loserPrimerSaqueGanado" : 33,
    "loserSegundoSaqueGanado" : 15,
    "loserDobleFalta" : 5,
    "loserServingPoints" : 76,
    "loserServingGames" : 11
  }, {
    "torneo" : "Oberstaufen CH",
    "fecha" : "20130722",
    "superficie" : "Clay",
    "resultado" : "6-4 5-7 6-3",
    "contrincante" : "Martin Fischer",
    "ganador" : false,
    "winnerAces" : 2,
    "winnerPrimerSaqueDentro" : 49,
    "winnerPrimerSaqueGanado" : 34,
    "winnerSegundoSaqueGanado" : 26,
    "winnerDobleFalta" : 4,
    "winnerServingPoints" : 90,
    "winnerServingGames" : 15,
    "loserAces" : 11,
    "loserPrimerSaqueDentro" : 66,
    "loserPrimerSaqueGanado" : 45,
    "loserSegundoSaqueGanado" : 20,
    "loserDobleFalta" : 5,
    "loserServingPoints" : 113,
    "loserServingGames" : 16
  }, {
    "torneo" : "Hamburg Q",
    "fecha" : "20130715",
    "superficie" : "Clay",
    "resultado" : "6-3 6-4",
    "contrincante" : "Jan Hajek",
    "ganador" : false,
    "winnerAces" : 2,
    "winnerPrimerSaqueDentro" : 47,
    "winnerPrimerSaqueGanado" : 32,
    "winnerSegundoSaqueGanado" : 12,
    "winnerDobleFalta" : 4,
    "winnerServingPoints" : 73,
    "winnerServingGames" : 10,
    "loserAces" : 2,
    "loserPrimerSaqueDentro" : 38,
    "loserPrimerSaqueGanado" : 23,
    "loserSegundoSaqueGanado" : 11,
    "loserDobleFalta" : 2,
    "loserServingPoints" : 64,
    "loserServingGames" : 9
  }, {
    "torneo" : "Halle Q",
    "fecha" : "20130610",
    "superficie" : "Grass",
    "resultado" : "7-6(4) 6-4",
    "contrincante" : "Bradley Mousley",
    "ganador" : true,
    "winnerAces" : 7,
    "winnerPrimerSaqueDentro" : 42,
    "winnerPrimerSaqueGanado" : 31,
    "winnerSegundoSaqueGanado" : 16,
    "winnerDobleFalta" : 1,
    "winnerServingPoints" : 64,
    "winnerServingGames" : 11,
    "loserAces" : 1,
    "loserPrimerSaqueDentro" : 58,
    "loserPrimerSaqueGanado" : 36,
    "loserSegundoSaqueGanado" : 14,
    "loserDobleFalta" : 5,
    "loserServingPoints" : 84,
    "loserServingGames" : 11
  }, {
    "torneo" : "Halle Q",
    "fecha" : "20130610",
    "superficie" : "Grass",
    "resultado" : "7-6(4) 6-3",
    "contrincante" : "Mirza Basic",
    "ganador" : false,
    "winnerAces" : 3,
    "winnerPrimerSaqueDentro" : 50,
    "winnerPrimerSaqueGanado" : 39,
    "winnerSegundoSaqueGanado" : 14,
    "winnerDobleFalta" : 2,
    "winnerServingPoints" : 74,
    "winnerServingGames" : 11,
    "loserAces" : 5,
    "loserPrimerSaqueDentro" : 35,
    "loserPrimerSaqueGanado" : 24,
    "loserSegundoSaqueGanado" : 19,
    "loserDobleFalta" : 2,
    "loserServingPoints" : 66,
    "loserServingGames" : 10
  } ]
}