{
  "nombre" : "Maxime Authom",
  "mano" : "R",
  "nacionalidad" : "BEL",
  "edad" : 25.7987679671,
  "ganar1Saque" : 0.6799257521828016,
  "ganar2Saque" : 0.5098142673571905,
  "primerSaque" : 0.5669525787234306,
  "segundoSaque" : 0.3795575263599555,
  "ganarPuntoSacando" : 0.5789895007616158,
  "ganarPuntoRestando" : 0.3589048970424747,
  "probAce" : 0.05348837375640869,
  "clay" : {
    "nombre" : "Clay",
    "probVictoria" : 0.0,
    "probGanarPrimerSaque" : 0.6538461744785309,
    "probGanarSegundoSaque" : 0.5592020750045776,
    "probPrimerSaque" : 0.5352969765663147,
    "probSegundoSaque" : 0.4361002892255783,
    "probGanarPuntoSacando" : 0.5938700669828485,
    "probGanarPuntoRestando" : 0.33189019578129175,
    "probAce" : 0.0
  },
  "grass" : {
    "nombre" : "Grass",
    "probVictoria" : 0.4000000059604645,
    "probGanarPrimerSaque" : 1.2976190447807312,
    "probGanarSegundoSaque" : 0.24375000596046448,
    "probPrimerSaque" : 0.6685222685337067,
    "probSegundoSaque" : 0.2854251116514206,
    "probGanarPuntoSacando" : 0.9370596001756559,
    "probGanarPuntoRestando" : 0.2725290559615901,
    "probAce" : 0.0
  },
  "hard" : {
    "nombre" : "Hard",
    "probVictoria" : 0.25,
    "probGanarPrimerSaque" : 0.6856453329324722,
    "probGanarSegundoSaque" : 0.5314819127321243,
    "probPrimerSaque" : 0.5599611699581146,
    "probSegundoSaque" : 0.3833164915442467,
    "probGanarPuntoSacando" : 0.5876605449128915,
    "probGanarPuntoRestando" : 0.3702439512766814,
    "probAce" : 0.0
  },
  "other" : {
    "nombre" : "Other",
    "probVictoria" : 0.0,
    "probGanarPrimerSaque" : 0.0,
    "probGanarSegundoSaque" : 0.0,
    "probPrimerSaque" : 0.0,
    "probSegundoSaque" : 0.0,
    "probGanarPuntoSacando" : 0.0,
    "probGanarPuntoRestando" : 0.0,
    "probAce" : 0.0
  },
  "partidos" : [ {
    "torneo" : "Australian Open",
    "fecha" : "20130114",
    "superficie" : "Hard",
    "resultado" : "1-6 7-6(5) 7-6(4) 6-2",
    "contrincante" : "Carlos Berlocq",
    "ganador" : false,
    "winnerAces" : 10,
    "winnerPrimerSaqueDentro" : 80,
    "winnerPrimerSaqueGanado" : 59,
    "winnerSegundoSaqueGanado" : 27,
    "winnerDobleFalta" : 9,
    "winnerServingPoints" : 134,
    "winnerServingGames" : 20,
    "loserAces" : 4,
    "loserPrimerSaqueDentro" : 83,
    "loserPrimerSaqueGanado" : 57,
    "loserSegundoSaqueGanado" : 29,
    "loserDobleFalta" : 6,
    "loserServingPoints" : 141,
    "loserServingGames" : 19
  }, {
    "torneo" : "Lexington CH",
    "fecha" : "20130722",
    "superficie" : "Hard",
    "resultado" : "6-0 4-6 6-4",
    "contrincante" : "Greg Ouellette",
    "ganador" : true,
    "winnerAces" : 14,
    "winnerPrimerSaqueDentro" : 33,
    "winnerPrimerSaqueGanado" : 30,
    "winnerSegundoSaqueGanado" : 20,
    "winnerDobleFalta" : 7,
    "winnerServingPoints" : 68,
    "winnerServingGames" : 13,
    "loserAces" : 4,
    "loserPrimerSaqueDentro" : 48,
    "loserPrimerSaqueGanado" : 34,
    "loserSegundoSaqueGanado" : 12,
    "loserDobleFalta" : 5,
    "loserServingPoints" : 82,
    "loserServingGames" : 13
  }, {
    "torneo" : "Lexington CH",
    "fecha" : "20130722",
    "superficie" : "Hard",
    "resultado" : "7-5 6-3",
    "contrincante" : "Tatsuma Ito",
    "ganador" : false,
    "winnerAces" : 8,
    "winnerPrimerSaqueDentro" : 35,
    "winnerPrimerSaqueGanado" : 22,
    "winnerSegundoSaqueGanado" : 14,
    "winnerDobleFalta" : 1,
    "winnerServingPoints" : 59,
    "winnerServingGames" : 10,
    "loserAces" : 2,
    "loserPrimerSaqueDentro" : 33,
    "loserPrimerSaqueGanado" : 20,
    "loserSegundoSaqueGanado" : 16,
    "loserDobleFalta" : 5,
    "loserServingPoints" : 71,
    "loserServingGames" : 11
  }, {
    "torneo" : "Quimper CH",
    "fecha" : "20130211",
    "superficie" : "Hard",
    "resultado" : "7-6(2) 6-3",
    "contrincante" : "Roberto Bautista Agut",
    "ganador" : false,
    "winnerAces" : 5,
    "winnerPrimerSaqueDentro" : 44,
    "winnerPrimerSaqueGanado" : 32,
    "winnerSegundoSaqueGanado" : 8,
    "winnerDobleFalta" : 2,
    "winnerServingPoints" : 59,
    "winnerServingGames" : 10,
    "loserAces" : 5,
    "loserPrimerSaqueDentro" : 44,
    "loserPrimerSaqueGanado" : 28,
    "loserSegundoSaqueGanado" : 11,
    "loserDobleFalta" : 3,
    "loserServingPoints" : 72,
    "loserServingGames" : 11
  }, {
    "torneo" : "Nottingham CH",
    "fecha" : "20130604",
    "superficie" : "Grass",
    "resultado" : "6-4 6-4",
    "contrincante" : "Steve Johnson",
    "ganador" : false,
    "winnerAces" : 10,
    "winnerPrimerSaqueDentro" : 36,
    "winnerPrimerSaqueGanado" : 31,
    "winnerSegundoSaqueGanado" : 13,
    "winnerDobleFalta" : 1,
    "winnerServingPoints" : 64,
    "winnerServingGames" : 10,
    "loserAces" : 1,
    "loserPrimerSaqueDentro" : 49,
    "loserPrimerSaqueGanado" : 35,
    "loserSegundoSaqueGanado" : 6,
    "loserDobleFalta" : 7,
    "loserServingPoints" : 76,
    "loserServingGames" : 10
  }, {
    "torneo" : "Bergamo CH",
    "fecha" : "20130204",
    "superficie" : "Hard",
    "resultado" : "7-6(3) 6-7(3) 6-3",
    "contrincante" : "Farrukh Dustov",
    "ganador" : false,
    "winnerAces" : 25,
    "winnerPrimerSaqueDentro" : 66,
    "winnerPrimerSaqueGanado" : 53,
    "winnerSegundoSaqueGanado" : 17,
    "winnerDobleFalta" : 3,
    "winnerServingPoints" : 94,
    "winnerServingGames" : 16,
    "loserAces" : 12,
    "loserPrimerSaqueDentro" : 79,
    "loserPrimerSaqueGanado" : 55,
    "loserSegundoSaqueGanado" : 23,
    "loserDobleFalta" : 2,
    "loserServingPoints" : 116,
    "loserServingGames" : 17
  }, {
    "torneo" : "Mons CH",
    "fecha" : "20130930",
    "superficie" : "Hard",
    "resultado" : "4-6 6-2 6-2",
    "contrincante" : "Jan Lennard Struff",
    "ganador" : true,
    "winnerAces" : 8,
    "winnerPrimerSaqueDentro" : 41,
    "winnerPrimerSaqueGanado" : 31,
    "winnerSegundoSaqueGanado" : 20,
    "winnerDobleFalta" : 4,
    "winnerServingPoints" : 76,
    "winnerServingGames" : 13,
    "loserAces" : 9,
    "loserPrimerSaqueDentro" : 56,
    "loserPrimerSaqueGanado" : 33,
    "loserSegundoSaqueGanado" : 15,
    "loserDobleFalta" : 7,
    "loserServingPoints" : 90,
    "loserServingGames" : 13
  }, {
    "torneo" : "Mons CH",
    "fecha" : "20130930",
    "superficie" : "Hard",
    "resultado" : "6-3 6-2",
    "contrincante" : "Radek Stepanek",
    "ganador" : false,
    "winnerAces" : 6,
    "winnerPrimerSaqueDentro" : 33,
    "winnerPrimerSaqueGanado" : 26,
    "winnerSegundoSaqueGanado" : 4,
    "winnerDobleFalta" : 0,
    "winnerServingPoints" : 40,
    "winnerServingGames" : 8,
    "loserAces" : 3,
    "loserPrimerSaqueDentro" : 40,
    "loserPrimerSaqueGanado" : 24,
    "loserSegundoSaqueGanado" : 13,
    "loserDobleFalta" : 1,
    "loserServingPoints" : 76,
    "loserServingGames" : 9
  }, {
    "torneo" : "Nottingham2 CH",
    "fecha" : "20130610",
    "superficie" : "Grass",
    "resultado" : "6-1 6-2",
    "contrincante" : "Matthew Ebden",
    "ganador" : false,
    "winnerAces" : 4,
    "winnerPrimerSaqueDentro" : 28,
    "winnerPrimerSaqueGanado" : 23,
    "winnerSegundoSaqueGanado" : 10,
    "winnerDobleFalta" : 1,
    "winnerServingPoints" : 43,
    "winnerServingGames" : 8,
    "loserAces" : 0,
    "loserPrimerSaqueDentro" : 36,
    "loserPrimerSaqueGanado" : 21,
    "loserSegundoSaqueGanado" : 3,
    "loserDobleFalta" : 0,
    "loserServingPoints" : 52,
    "loserServingGames" : 7
  }, {
    "torneo" : "Vancouver CH",
    "fecha" : "20130729",
    "superficie" : "Hard",
    "resultado" : "6-1 6-4",
    "contrincante" : "Tatsuma Ito",
    "ganador" : false,
    "winnerAces" : 8,
    "winnerPrimerSaqueDentro" : 31,
    "winnerPrimerSaqueGanado" : 24,
    "winnerSegundoSaqueGanado" : 18,
    "winnerDobleFalta" : 4,
    "winnerServingPoints" : 64,
    "winnerServingGames" : 9,
    "loserAces" : 4,
    "loserPrimerSaqueDentro" : 31,
    "loserPrimerSaqueGanado" : 20,
    "loserSegundoSaqueGanado" : 9,
    "loserDobleFalta" : 6,