{
  "nombre" : "Michael Venus",
  "mano" : "R",
  "nacionalidad" : "NZL",
  "edad" : 25.9192334018,
  "ganar1Saque" : 0.7284138287816729,
  "ganar2Saque" : 0.5845659588064466,
  "primerSaque" : 0.6202371950660434,
  "segundoSaque" : 0.3521849305502006,
  "ganarPuntoSacando" : 0.6576646716151218,
  "ganarPuntoRestando" : 0.3588949623038715,
  "probAce" : 0.09945839643478394,
  "clay" : {
    "nombre" : "Clay",
    "probVictoria" : 0.0,
    "probGanarPrimerSaque" : 0.6804684599240621,
    "probGanarSegundoSaque" : 0.5288351575533549,
    "probPrimerSaque" : 0.5653011997540792,
    "probSegundoSaque" : 0.3913930853207906,
    "probGanarPuntoSacando" : 0.5916520607307969,
    "probGanarPuntoRestando" : 0.3566776107555176,
    "probAce" : 0.0
  },
  "grass" : {
    "nombre" : "Grass",
    "probVictoria" : 0.0,
    "probGanarPrimerSaque" : 0.0,
    "probGanarSegundoSaque" : 0.0,
    "probPrimerSaque" : 0.0,
    "probSegundoSaque" : 0.0,
    "probGanarPuntoSacando" : 0.0,
    "probGanarPuntoRestando" : 0.0,
    "probAce" : 0.0
  },
  "hard" : {
    "nombre" : "Hard",
    "probVictoria" : 0.4583333432674408,
    "probGanarPrimerSaque" : 0.7363022913535436,
    "probGanarSegundoSaque" : 0.5924517239133517,
    "probPrimerSaque" : 0.6229766507943472,
    "probSegundoSaque" : 0.35026237679024536,
    "probGanarPuntoSacando" : 0.666212684391003,
    "probGanarPuntoRestando" : 0.3627013571127051,
    "probAce" : 0.0
  },
  "other" : {
    "nombre" : "Other",
    "probVictoria" : 0.0,
    "probGanarPrimerSaque" : 0.6829268336296082,
    "probGanarSegundoSaque" : 0.5625,
    "probPrimerSaque" : 0.719298243522644,
    "probSegundoSaque" : 0.28070175647735596,
    "probGanarPuntoSacando" : 0.6491228099027708,
    "probGanarPuntoRestando" : 0.27419354153692166,
    "probAce" : 0.0
  },
  "partidos" : [ {
    "torneo" : "Kaohsiung CH",
    "fecha" : "20130916",
    "superficie" : "Hard",
    "resultado" : "6-3 6-4",
    "contrincante" : "Matthew Ebden",
    "ganador" : false,
    "winnerAces" : 8,
    "winnerPrimerSaqueDentro" : 59,
    "winnerPrimerSaqueGanado" : 39,
    "winnerSegundoSaqueGanado" : 5,
    "winnerDobleFalta" : 0,
    "winnerServingPoints" : 65,
    "winnerServingGames" : 10,
    "loserAces" : 5,
    "loserPrimerSaqueDentro" : 39,
    "loserPrimerSaqueGanado" : 21,
    "loserSegundoSaqueGanado" : 8,
    "loserDobleFalta" : 0,
    "loserServingPoints" : 49,
    "loserServingGames" : 9
  }, {
    "torneo" : "Binghamton CH",
    "fecha" : "20130715",
    "superficie" : "Hard",
    "resultado" : "6-3 7-5",
    "contrincante" : "Fritz Wolmarans",
    "ganador" : true,
    "winnerAces" : 7,
    "winnerPrimerSaqueDentro" : 35,
    "winnerPrimerSaqueGanado" : 32,
    "winnerSegundoSaqueGanado" : 13,
    "winnerDobleFalta" : 1,
    "winnerServingPoints" : 55,
    "winnerServingGames" : 11,
    "loserAces" : 10,
    "loserPrimerSaqueDentro" : 40,
    "loserPrimerSaqueGanado" : 28,
    "loserSegundoSaqueGanado" : 10,
    "loserDobleFalta" : 2,
    "loserServingPoints" : 62,
    "loserServingGames" : 10
  }, {
    "torneo" : "Binghamton CH",
    "fecha" : "20130715",
    "superficie" : "Hard",
    "resultado" : "7-6(4) 2-6 6-2",
    "contrincante" : "Rhyne Williams",
    "ganador" : false,
    "winnerAces" : 15,
    "winnerPrimerSaqueDentro" : 43,
    "winnerPrimerSaqueGanado" : 37,
    "winnerSegundoSaqueGanado" : 17,
    "winnerDobleFalta" : 6,
    "winnerServingPoints" : 81,
    "winnerServingGames" : 14,
    "loserAces" : 10,
    "loserPrimerSaqueDentro" : 48,
    "loserPrimerSaqueGanado" : 37,
    "loserSegundoSaqueGanado" : 16,
    "loserDobleFalta" : 2,
    "loserServingPoints" : 80,
    "loserServingGames" : 14
  }, {
    "torneo" : "Karshi CH",
    "fecha" : "20130506",
    "superficie" : "Hard",
    "resultado" : "7-6(15) 6-4",
    "contrincante" : "Alexander Kudryavtsev",
    "ganador" : true,
    "winnerAces" : 13,
    "winnerPrimerSaqueDentro" : 40,
    "winnerPrimerSaqueGanado" : 38,
    "winnerSegundoSaqueGanado" : 19,
    "winnerDobleFalta" : 1,
    "winnerServingPoints" : 69,
    "winnerServingGames" : 11,
    "loserAces" : 16,
    "loserPrimerSaqueDentro" : 52,
    "loserPrimerSaqueGanado" : 43,
    "loserSegundoSaqueGanado" : 18,
    "loserDobleFalta" : 6,
    "loserServingPoints" : 91,
    "loserServingGames" : 11
  }, {
    "torneo" : "Karshi CH",
    "fecha" : "20130506",
    "superficie" : "Hard",
    "resultado" : "6-4 6-4",
    "contrincante" : "Radu Albot",
    "ganador" : false,
    "winnerAces" : 4,
    "winnerPrimerSaqueDentro" : 49,
    "winnerPrimerSaqueGanado" : 34,
    "winnerSegundoSaqueGanado" : 12,
    "winnerDobleFalta" : 4,
    "winnerServingPoints" : 72,
    "winnerServingGames" : 10,
    "loserAces" : 2,
    "loserPrimerSaqueDentro" : 38,
    "loserPrimerSaqueGanado" : 22,
    "loserSegundoSaqueGanado" : 12,
    "loserDobleFalta" : 0,
    "loserServingPoints" : 57,
    "loserServingGames" : 10
  }, {
    "torneo" : "Kyoto CH",
    "fecha" : "20130304",
    "superficie" : "Carpet",
    "resultado" : "7-5 6-3",
    "contrincante" : "Andrea Arnaboldi",
    "ganador" : false,
    "winnerAces" : 4,
    "winnerPrimerSaqueDentro" : 35,
    "winnerPrimerSaqueGanado" : 29,
    "winnerSegundoSaqueGanado" : 16,
    "winnerDobleFalta" : 4,
    "winnerServingPoints" : 62,
    "winnerServingGames" : 11,
    "loserAces" : 3,
    "loserPrimerSaqueDentro" : 41,
    "loserPrimerSaqueGanado" : 28,
    "loserSegundoSaqueGanado" : 9,
    "loserDobleFalta" : 0,
    "loserServingPoints" : 57,
    "loserServingGames" : 10
  }, {
    "torneo" : "Traralgon CH",
    "fecha" : "20131028",
    "superficie" : "Hard",
    "resultado" : "6-3 6-3",
    "contrincante" : "Dane Propoggia",
    "ganador" : true,
    "winnerAces" : 11,
    "winnerPrimerSaqueDentro" : 31,
    "winnerPrimerSaqueGanado" : 25,
    "winnerSegundoSaqueGanado" : 14,
    "winnerDobleFalta" : 0,
    "winnerServingPoints" : 50,
    "winnerServingGames" : 9,
    "loserAces" : 2,
    "loserPrimerSaqueDentro" : 35,
    "loserPrimerSaqueGanado" : 28,
    "loserSegundoSaqueGanado" : 9,
    "loserDobleFalta" : 5,
    "loserServingPoints" : 64,
    "loserServingGames" : 9
  }, {
    "torneo" : "Traralgon CH",
    "fecha" : "20131028",
    "superficie" : "Hard",
    "resultado" : "1-6 6-3 7-6(4)",
    "contrincante" : "Yuki Bhambri",
    "ganador" : false,
    "winnerAces" : 8,
    "winnerPrimerSaqueDentro" : 66,
    "winnerPrimerSaqueGanado" : 43,
    "winnerSegundoSaqueGanado" : 13,
    "winnerDobleFalta" : 1,
    "winnerServingPoints" : 87,
    "winnerServingGames" : 14,
    "loserAces" : 12,
    "loserPrimerSaqueDentro" : 65,
    "loserPrimerSaqueGanado" : 48,
    "loserSegundoSaqueGanado" : 13,
    "loserDobleFalta" : 2,
    "loserServingPoints" : 92,
    "loserServingGames" : 14
  }, {
    "torneo" : "Shanghai CH",
    "fecha" : "20130902",
    "superficie" : "Hard",
    "resultado" : "7-6(0) 6-2",
    "contrincante" : "Chuhan Wang",
    "ganador" : true,
    "winnerAces" : 8,
    "winnerPrimerSaqueDentro" : 34,
    "winnerPrimerSaqueGanado" : 27,
    "winnerSegundoSaqueGanado" : 12,
    "winnerDobleFalta" : 2,
    "winnerServingPoints" : 53,
    "winnerServingGames" : 10,
    "loserAces" : 4,
    "loserPrimerSaqueDentro" : 44,
    "loserPrimerSaqueGanado" : 25,
    "loserSegundoSaqueGanado" : 15,
    "loserDobleFalta" : 4,
    "loserServingPoints" : 80,
    "loserServingGames" : 10
  }, {
    "torneo" : "Shanghai CH",
    "fecha" : "20130902",
    "superficie" : "Hard",
    "resultado" : "6-1 4-6 6-3",
    "contrincante" : "Yuichi Sugita",
    "ganador" : false,
    "winnerAces" : 9,
    "winnerPrimerSaqueDentro" : 58,
    "winnerPrimerSaqueGanado" : 45,
    "winnerSegundoSaqueGanado" : 12,
    "winnerDobleFalta" : 3,
    "winnerServingPoints" : 82,
    "winnerServingGames" : 13,
    "loserAces" : 9,
    "loserPrimerSaqueDentro" : 47,
    "loserPrimerSaqueGanado" : 35,
    "loserSegundoSaqueGanado" : 11,
    "loserDobleFalta" : 1,
    "loserServingPoints" : 76,