{
  "nombre" : "Piotr Gadomski",
  "mano" : "U",
  "nacionalidad" : "POL",
  "edad" : 22.8501026694,
  "ganar1Saque" : 0.7156897272382464,
  "ganar2Saque" : 0.51336898122515,
  "primerSaque" : 0.6011833207947868,
  "segundoSaque" : 0.3211953214236668,
  "ganarPuntoSacando" : 0.5951524418133566,
  "ganarPuntoRestando" : 0.26041982658192614,
  "probAce" : 0.07720588147640228,
  "clay" : {
    "nombre" : "Clay",
    "probVictoria" : 0.0,
    "probGanarPrimerSaque" : 0.6782212853431702,
    "probGanarSegundoSaque" : 0.610606054464976,
    "probPrimerSaque" : 0.6329141656557719,
    "probSegundoSaque" : 0.2928811311721802,
    "probGanarPuntoSacando" : 0.6080908508752417,
    "probGanarPuntoRestando" : 0.253609394555472,
    "probAce" : 0.0
  },
  "grass" : {
    "nombre" : "Grass",
    "probVictoria" : 0.0,
    "probGanarPrimerSaque" : 0.568965494632721,
    "probGanarSegundoSaque" : 0.44117647409439087,
    "probPrimerSaque" : 0.5979381203651428,
    "probSegundoSaque" : 0.3505154550075531,
    "probGanarPuntoSacando" : 0.4948453309691363,
    "probGanarPuntoRestando" : 0.3804347775720961,
    "probAce" : 0.0
  },
  "hard" : {
    "nombre" : "Hard",
    "probVictoria" : 0.5,
    "probGanarPrimerSaque" : 0.8065476417541504,
    "probGanarSegundoSaque" : 0.3686274588108063,
    "probPrimerSaque" : 0.6100386083126068,
    "probSegundoSaque" : 0.30621437728405,
    "probGanarPuntoSacando" : 0.6049042286630697,
    "probGanarPuntoRestando" : 0.21371927559890241,
    "probAce" : 0.0
  },
  "other" : {
    "nombre" : "Other",
    "probVictoria" : 0.0,
    "probGanarPrimerSaque" : 0.7931034564971924,
    "probGanarSegundoSaque" : 0.5833333134651184,
    "probPrimerSaque" : 0.49152541160583496,
    "probSegundoSaque" : 0.4067796468734741,
    "probGanarPuntoSacando" : 0.6271186221616674,
    "probGanarPuntoRestando" : 0.2542372736371661,
    "probAce" : 0.0
  },
  "partidos" : [ {
    "torneo" : "Tyumen CH",
    "fecha" : "20131118",
    "superficie" : "Hard",
    "resultado" : "7-6(5) 5-7 6-3",
    "contrincante" : "Jules Marie",
    "ganador" : true,
    "winnerAces" : 12,
    "winnerPrimerSaqueDentro" : 72,
    "winnerPrimerSaqueGanado" : 57,
    "winnerSegundoSaqueGanado" : 16,
    "winnerDobleFalta" : 5,
    "winnerServingPoints" : 111,
    "winnerServingGames" : 17,
    "loserAces" : 2,
    "loserPrimerSaqueDentro" : 72,
    "loserPrimerSaqueGanado" : 54,
    "loserSegundoSaqueGanado" : 9,
    "loserDobleFalta" : 4,
    "loserServingPoints" : 97,
    "loserServingGames" : 16
  }, {
    "torneo" : "Tyumen CH",
    "fecha" : "20131118",
    "superficie" : "Hard",
    "resultado" : "6-3 6-2",
    "contrincante" : "Egor Gerasimov",
    "ganador" : false,
    "winnerAces" : 8,
    "winnerPrimerSaqueDentro" : 29,
    "winnerPrimerSaqueGanado" : 28,
    "winnerSegundoSaqueGanado" : 8,
    "winnerDobleFalta" : 1,
    "winnerServingPoints" : 39,
    "winnerServingGames" : 9,
    "loserAces" : 7,
    "loserPrimerSaqueDentro" : 28,
    "loserPrimerSaqueGanado" : 23,
    "loserSegundoSaqueGanado" : 4,
    "loserDobleFalta" : 6,
    "loserServingPoints" : 49,
    "loserServingGames" : 8
  }, {
    "torneo" : "Poznan CH",
    "fecha" : "20130715",
    "superficie" : "Clay",
    "resultado" : "5-7 6-4 6-3",
    "contrincante" : "Thiago Monteiro",
    "ganador" : false,
    "winnerAces" : 1,
    "winnerPrimerSaqueDentro" : 55,
    "winnerPrimerSaqueGanado" : 44,
    "winnerSegundoSaqueGanado" : 19,
    "winnerDobleFalta" : 2,
    "winnerServingPoints" : 83,
    "winnerServingGames" : 15,
    "loserAces" : 9,
    "loserPrimerSaqueDentro" : 56,
    "loserPrimerSaqueGanado" : 43,
    "loserSegundoSaqueGanado" : 15,
    "loserDobleFalta" : 5,
    "loserServingPoints" : 83,
    "loserServingGames" : 16
  }, {
    "torneo" : "Banja Luka CH",
    "fecha" : "20130909",
    "superficie" : "Clay",
    "resultado" : "5-7 6-1 7-5",
    "contrincante" : "Norbert Gombos",
    "ganador" : false,
    "winnerAces" : 2,
    "winnerPrimerSaqueDentro" : 49,
    "winnerPrimerSaqueGanado" : 35,
    "winnerSegundoSaqueGanado" : 26,
    "winnerDobleFalta" : 4,
    "winnerServingPoints" : 86,
    "winnerServingGames" : 16,
    "loserAces" : 4,
    "loserPrimerSaqueDentro" : 56,
    "loserPrimerSaqueGanado" : 38,
    "loserSegundoSaqueGanado" : 12,
    "loserDobleFalta" : 4,
    "loserServingPoints" : 84,
    "loserServingGames" : 15
  }, {
    "torneo" : "Szczecin CH",
    "fecha" : "20130916",
    "superficie" : "Clay",
    "resultado" : "6-2 6-3",
    "contrincante" : "Potito Starace",
    "ganador" : false,
    "winnerAces" : 0,
    "winnerPrimerSaqueDentro" : 41,
    "winnerPrimerSaqueGanado" : 33,
    "winnerSegundoSaqueGanado" : 4,
    "winnerDobleFalta" : 1,
    "winnerServingPoints" : 48,
    "winnerServingGames" : 9,
    "loserAces" : 5,
    "loserPrimerSaqueDentro" : 34,
    "loserPrimerSaqueGanado" : 20,
    "loserSegundoSaqueGanado" : 13,
    "loserDobleFalta" : 7,
    "loserServingPoints" : 61,
    "loserServingGames" : 8
  }, {
    "torneo" : "Eckental CH",
    "fecha" : "20131028",
    "superficie" : "Carpet",
    "resultado" : "6-3 6-4",
    "contrincante" : "Aleksandr Nedovyesov",
    "ganador" : false,
    "winnerAces" : 10,
    "winnerPrimerSaqueDentro" : 37,
    "winnerPrimerSaqueGanado" : 29,
    "winnerSegundoSaqueGanado" : 15,
    "winnerDobleFalta" : 2,
    "winnerServingPoints" : 59,
    "winnerServingGames" : 10,
    "loserAces" : 5,
    "loserPrimerSaqueDentro" : 29,
    "loserPrimerSaqueGanado" : 23,
    "loserSegundoSaqueGanado" : 14,
    "loserDobleFalta" : 6,
    "loserServingPoints" : 59,
    "loserServingGames" : 9
  }, {
    "torneo" : "Queen's Club Q",
    "fecha" : "20130610",
    "superficie" : "Grass",
    "resultado" : "6-1 5-7 6-1",
    "contrincante" : "James Mcgee",
    "ganador" : false,
    "winnerAces" : 5,
    "winnerPrimerSaqueDentro" : 59,
    "winnerPrimerSaqueGanado" : 39,
    "winnerSegundoSaqueGanado" : 18,
    "winnerDobleFalta" : 6,
    "winnerServingPoints" : 92,
    "winnerServingGames" : 13,
    "loserAces" : 0,
    "loserPrimerSaqueDentro" : 58,
    "loserPrimerSaqueGanado" : 33,
    "loserSegundoSaqueGanado" : 15,
    "loserDobleFalta" : 5,
    "loserServingPoints" : 97,
    "loserServingGames" : 13
  } ]
}