{
  "nombre" : "Riccardo Ghedin",
  "mano" : "R",
  "nacionalidad" : "ITA",
  "edad" : 27.5126625599,
  "ganar1Saque" : 0.6549632382392884,
  "ganar2Saque" : 0.5375802028179169,
  "primerSaque" : 0.616148452758789,
  "segundoSaque" : 0.34770934462547304,
  "ganarPuntoSacando" : 0.5904762458604704,
  "ganarPuntoRestando" : 0.35153643670236706,
  "probAce" : 0.05190538614988327,
  "clay" : {
    "nombre" : "Clay",
    "probVictoria" : 0.2857142984867096,
    "probGanarPrimerSaque" : 0.6138206890651158,
    "probGanarSegundoSaque" : 0.5427468078477042,
    "probPrimerSaque" : 0.5629563416753497,
    "probSegundoSaque" : 0.3781604468822479,
    "probGanarPuntoSacando" : 0.5507996249603413,
    "probGanarPuntoRestando" : 0.3949718894747596,
    "probAce" : 0.0
  },
  "grass" : {
    "nombre" : "Grass",
    "probVictoria" : 0.6666666865348816,
    "probGanarPrimerSaque" : 1.0737583637237549,
    "probGanarSegundoSaque" : 0.6095352619886398,
    "probPrimerSaque" : 0.6246436635653178,
    "probSegundoSaque" : 0.35390445838371914,
    "probGanarPuntoSacando" : 0.8864336048601752,
    "probGanarPuntoRestando" : 0.44059732850195593,
    "probAce" : 0.0
  },
  "hard" : {
    "nombre" : "Hard",
    "probVictoria" : 0.1666666716337204,
    "probGanarPrimerSaque" : 0.6485252231359482,
    "probGanarSegundoSaque" : 0.49858882029851276,
    "probPrimerSaque" : 0.6429295788208643,
    "probSegundoSaque" : 0.3268486447632313,
    "probGanarPuntoSacando" : 0.5799191287741694,
    "probGanarPuntoRestando" : 0.28166864335201036,
    "probAce" : 0.0
  },
  "other" : {
    "nombre" : "Other",
    "probVictoria" : 0.0,
    "probGanarPrimerSaque" : 0.0,
    "probGanarSegundoSaque" : 0.0,
    "probPrimerSaque" : 0.0,
    "probSegundoSaque" : 0.0,
    "probGanarPuntoSacando" : 0.0,
    "probGanarPuntoRestando" : 0.0,
    "probAce" : 0.0
  },
  "partidos" : [ {
    "torneo" : "Halle",
    "fecha" : "20130610",
    "superficie" : "Grass",
    "resultado" : "7-6(5) 3-6 6-4",
    "contrincante" : "Jurgen Melzer",
    "ganador" : false,
    "winnerAces" : 10,
    "winnerPrimerSaqueDentro" : 74,
    "winnerPrimerSaqueGanado" : 55,
    "winnerSegundoSaqueGanado" : 14,
    "winnerDobleFalta" : 4,
    "winnerServingPoints" : 113,
    "winnerServingGames" : 15,
    "loserAces" : 3,
    "loserPrimerSaqueDentro" : 77,
    "loserPrimerSaqueGanado" : 52,
    "loserSegundoSaqueGanado" : 17,
    "loserDobleFalta" : 3,
    "loserServingPoints" : 112,
    "loserServingGames" : 16
  }, {
    "torneo" : "Petange CH",
    "fecha" : "20130909",
    "superficie" : "Hard",
    "resultado" : "6-2 6-1",
    "contrincante" : "Niels Desein",
    "ganador" : false,
    "winnerAces" : 7,
    "winnerPrimerSaqueDentro" : 26,
    "winnerPrimerSaqueGanado" : 23,
    "winnerSegundoSaqueGanado" : 6,
    "winnerDobleFalta" : 1,
    "winnerServingPoints" : 36,
    "winnerServingGames" : 7,
    "loserAces" : 7,
    "loserPrimerSaqueDentro" : 30,
    "loserPrimerSaqueGanado" : 19,
    "loserSegundoSaqueGanado" : 2,
    "loserDobleFalta" : 4,
    "loserServingPoints" : 50,
    "loserServingGames" : 8
  }, {
    "torneo" : "Quimper CH",
    "fecha" : "20130211",
    "superficie" : "Hard",
    "resultado" : "7-5 6-3",
    "contrincante" : "Marius Copil",
    "ganador" : false,
    "winnerAces" : 19,
    "winnerPrimerSaqueDentro" : 42,
    "winnerPrimerSaqueGanado" : 35,
    "winnerSegundoSaqueGanado" : 11,
    "winnerDobleFalta" : 2,
    "winnerServingPoints" : 61,
    "winnerServingGames" : 11,
    "loserAces" : 2,
    "loserPrimerSaqueDentro" : 40,
    "loserPrimerSaqueGanado" : 29,
    "loserSegundoSaqueGanado" : 8,
    "loserDobleFalta" : 1,
    "loserServingPoints" : 54,
    "loserServingGames" : 10
  }, {
    "torneo" : "Portoroz CH",
    "fecha" : "20130701",
    "superficie" : "Hard",
    "resultado" : "7-6(4) 6-4",
    "contrincante" : "Mirza Basic",
    "ganador" : true,
    "winnerAces" : 7,
    "winnerPrimerSaqueDentro" : 57,
    "winnerPrimerSaqueGanado" : 40,
    "winnerSegundoSaqueGanado" : 8,
    "winnerDobleFalta" : 1,
    "winnerServingPoints" : 70,
    "winnerServingGames" : 11,
    "loserAces" : 5,
    "loserPrimerSaqueDentro" : 40,
    "loserPrimerSaqueGanado" : 31,
    "loserSegundoSaqueGanado" : 10,
    "loserDobleFalta" : 1,
    "loserServingPoints" : 59,
    "loserServingGames" : 11
  }, {
    "torneo" : "Portoroz CH",
    "fecha" : "20130701",
    "superficie" : "Hard",
    "resultado" : "7-5 6-1",
    "contrincante" : "Adrian Menendez Maceiras",
    "ganador" : false,
    "winnerAces" : 12,
    "winnerPrimerSaqueDentro" : 28,
    "winnerPrimerSaqueGanado" : 23,
    "winnerSegundoSaqueGanado" : 20,
    "winnerDobleFalta" : 2,
    "winnerServingPoints" : 60,
    "winnerServingGames" : 10,
    "loserAces" : 2,
    "loserPrimerSaqueDentro" : 36,
    "loserPrimerSaqueGanado" : 19,
    "loserSegundoSaqueGanado" : 11,
    "loserDobleFalta" : 1,
    "loserServingPoints" : 57,
    "loserServingGames" : 9
  }, {
    "torneo" : "Barranquilla CH",
    "fecha" : "20130408",
    "superficie" : "Clay",
    "resultado" : "6-1 6-4",
    "contrincante" : "Santiago Giraldo",
    "ganador" : false,
    "winnerAces" : 2,
    "winnerPrimerSaqueDentro" : 32,
    "winnerPrimerSaqueGanado" : 22,
    "winnerSegundoSaqueGanado" : 18,
    "winnerDobleFalta" : 0,
    "winnerServingPoints" : 63,
    "winnerServingGames" : 9,
    "loserAces" : 2,
    "loserPrimerSaqueDentro" : 26,
    "loserPrimerSaqueGanado" : 16,
    "loserSegundoSaqueGanado" : 7,
    "loserDobleFalta" : 4,
    "loserServingPoints" : 45,
    "loserServingGames" : 8
  }, {
    "torneo" : "Andria CH",
    "fecha" : "20131118",
    "superficie" : "Hard",
    "resultado" : "3-6 6-4 6-3",
    "contrincante" : "Claudio Grassi",
    "ganador" : false,
    "winnerAces" : 18,
    "winnerPrimerSaqueDentro" : 55,
    "winnerPrimerSaqueGanado" : 42,
    "winnerSegundoSaqueGanado" : 18,
    "winnerDobleFalta" : 8,
    "winnerServingPoints" : 90,
    "winnerServingGames" : 14,
    "loserAces" : 13,
    "loserPrimerSaqueDentro" : 62,
    "loserPrimerSaqueGanado" : 41,
    "loserSegundoSaqueGanado" : 15,
    "loserDobleFalta" : 1,
    "loserServingPoints" : 87,
    "loserServingGames" : 14
  }, {
    "torneo" : "Panama City CH",
    "fecha" : "20130415",
    "superficie" : "Clay",
    "resultado" : "6-1 6-4",
    "contrincante" : "Facundo Bagnis",
    "ganador" : false,
    "winnerAces" : 5,
    "winnerPrimerSaqueDentro" : 34,
    "winnerPrimerSaqueGanado" : 27,
    "winnerSegundoSaqueGanado" : 9,
    "winnerDobleFalta" : 2,
    "winnerServingPoints" : 50,
    "winnerServingGames" : 9,
    "loserAces" : 2,
    "loserPrimerSaqueDentro" : 32,
    "loserPrimerSaqueGanado" : 17,
    "loserSegundoSaqueGanado" : 7,
    "loserDobleFalta" : 2,
    "loserServingPoints" : 47,
    "loserServingGames" : 8
  }, {
    "torneo" : "Casablanca CH",
    "fecha" : "20131028",
    "superficie" : "Clay",
    "resultado" : "6-2 2-6 6-2",
    "contrincante" : "Younes Rachidi",
    "ganador" : true,
    "winnerAces" : 5,
    "winnerPrimerSaqueDentro" : 40,
    "winnerPrimerSaqueGanado" : 30,
    "winnerSegundoSaqueGanado" : 12,
    "winnerDobleFalta" : 0,
    "winnerServingPoints" : 59,
    "winnerServingGames" : 12,
    "loserAces" : 3,
    "loserPrimerSaqueDentro" : 48,
    "loserPrimerSaqueGanado" : 30,
    "loserSegundoSaqueGanado" : 9,
    "loserDobleFalta" : 9,
    "loserServingPoints" : 74,
    "loserServingGames" : 12
  }, {
    "torneo" : "Casablanca CH",
    "fecha" : "20131028",
    "superficie" : "Clay",
    "resultado" : "5-7 6-1 6-2",
    "contrincante" : "Gerald Melzer",
    "ganador" : false,
    "winnerAces" : 10,
    "winnerPrimerSaqueDentro" : 47,
    "winnerPrimerSaqueGanado" : 35,
    "winnerSegundoSaqueGanado" : 22,
    "winnerDobleFalta" : 6,
    "winnerServingPoints" : 93,
    "winnerServingGames" : 14,
    "loserAces" : 2,
    "loserPrimerSaqueDentro" : 29,
    "loserPrimerSaqueGanado" : 18,
    "loserSegundoSaqueGanado" : 21,
    "loserDobleFalta" : 7,