{
  "nombre" : "Robin Kern",
  "mano" : "U",
  "nacionalidad" : "GER",
  "edad" : 19.7618069815,
  "ganar1Saque" : 0.694866955280304,
  "ganar2Saque" : 0.5534351136949327,
  "primerSaque" : 0.5819909026225408,
  "segundoSaque" : 0.3697370125187768,
  "ganarPuntoSacando" : 0.6090316920667148,
  "ganarPuntoRestando" : 0.33094135214535586,
  "probAce" : 0.08242753893136978,
  "clay" : {
    "nombre" : "Clay",
    "probVictoria" : 0.30000001192092896,
    "probGanarPrimerSaque" : 0.6907434701919556,
    "probGanarSegundoSaque" : 0.5680379033088684,
    "probPrimerSaque" : 0.6041810512542725,
    "probSegundoSaque" : 0.3500539928674698,
    "probGanarPuntoSacando" : 0.616178052120935,
    "probGanarPuntoRestando" : 0.3279975472583848,
    "probAce" : 0.0
  },
  "grass" : {
    "nombre" : "Grass",
    "probVictoria" : 0.5,
    "probGanarPrimerSaque" : 1.4913752973079681,
    "probGanarSegundoSaque" : 0.5306231752038002,
    "probPrimerSaque" : 0.6037037074565887,
    "probSegundoSaque" : 0.3554752692580223,
    "probGanarPuntoSacando" : 1.0889722122741103,
    "probGanarPuntoRestando" : 0.3289987588555622,
    "probAce" : 0.0
  },
  "hard" : {
    "nombre" : "Hard",
    "probVictoria" : 0.0,
    "probGanarPrimerSaque" : 0.6322393715381622,
    "probGanarSegundoSaque" : 0.5227272808551788,
    "probPrimerSaque" : 0.48903508484363556,
    "probSegundoSaque" : 0.46271930634975433,
    "probGanarPuntoSacando" : 0.5510632395090536,
    "probGanarPuntoRestando" : 0.3447488449798565,
    "probAce" : 0.0
  },
  "other" : {
    "nombre" : "Other",
    "probVictoria" : 0.5,
    "probGanarPrimerSaque" : 0.6764705777168274,
    "probGanarSegundoSaque" : 0.5567528754472733,
    "probPrimerSaque" : 0.5205703675746918,
    "probSegundoSaque" : 0.4036933034658432,
    "probGanarPuntoSacando" : 0.5769079447989298,
    "probGanarPuntoRestando" : 0.33573807032529757,
    "probAce" : 0.0
  },
  "partidos" : [ {
    "torneo" : "Stuttgart",
    "fecha" : "20130708",
    "superficie" : "Clay",
    "resultado" : "3-6 6-4 6-3",
    "contrincante" : "Nils Langer",
    "ganador" : false,
    "winnerAces" : 1,
    "winnerPrimerSaqueDentro" : 52,
    "winnerPrimerSaqueGanado" : 39,
    "winnerSegundoSaqueGanado" : 15,
    "winnerDobleFalta" : 5,
    "winnerServingPoints" : 79,
    "winnerServingGames" : 14,
    "loserAces" : 3,
    "loserPrimerSaqueDentro" : 46,
    "loserPrimerSaqueGanado" : 31,
    "loserSegundoSaqueGanado" : 17,
    "loserDobleFalta" : 4,
    "loserServingPoints" : 73,
    "loserServingGames" : 14
  }, {
    "torneo" : "Petange CH",
    "fecha" : "20130909",
    "superficie" : "Hard",
    "resultado" : "7-6(3) 6-3",
    "contrincante" : "Valery Rudnev",
    "ganador" : false,
    "winnerAces" : 5,
    "winnerPrimerSaqueDentro" : 40,
    "winnerPrimerSaqueGanado" : 32,
    "winnerSegundoSaqueGanado" : 15,
    "winnerDobleFalta" : 7,
    "winnerServingPoints" : 73,
    "winnerServingGames" : 11,
    "loserAces" : 2,
    "loserPrimerSaqueDentro" : 28,
    "loserPrimerSaqueGanado" : 18,
    "loserSegundoSaqueGanado" : 14,
    "loserDobleFalta" : 1,
    "loserServingPoints" : 57,
    "loserServingGames" : 10
  }, {
    "torneo" : "Eckental CH",
    "fecha" : "20131028",
    "superficie" : "Carpet",
    "resultado" : "6-4 6-4",
    "contrincante" : "Levente Godry",
    "ganador" : true,
    "winnerAces" : 15,
    "winnerPrimerSaqueDentro" : 34,
    "winnerPrimerSaqueGanado" : 25,
    "winnerSegundoSaqueGanado" : 19,
    "winnerDobleFalta" : 6,
    "winnerServingPoints" : 69,
    "winnerServingGames" : 10,
    "loserAces" : 2,
    "loserPrimerSaqueDentro" : 30,
    "loserPrimerSaqueGanado" : 25,
    "loserSegundoSaqueGanado" : 8,
    "loserDobleFalta" : 10,
    "loserServingPoints" : 53,
    "loserServingGames" : 10
  }, {
    "torneo" : "Eckental CH",
    "fecha" : "20131028",
    "superficie" : "Carpet",
    "resultado" : "6-1 6-4",
    "contrincante" : "Simon Greul",
    "ganador" : false,
    "winnerAces" : 7,
    "winnerPrimerSaqueDentro" : 27,
    "winnerPrimerSaqueGanado" : 22,
    "winnerSegundoSaqueGanado" : 14,
    "winnerDobleFalta" : 5,
    "winnerServingPoints" : 51,
    "winnerServingGames" : 9,
    "loserAces" : 8,
    "loserPrimerSaqueDentro" : 34,
    "loserPrimerSaqueGanado" : 21,
    "loserSegundoSaqueGanado" : 11,
    "loserDobleFalta" : 4,
    "loserServingPoints" : 62,
    "loserServingGames" : 8
  }, {
    "torneo" : "Oberstaufen CH",
    "fecha" : "20130722",
    "superficie" : "Clay",
    "resultado" : "6-3 6-3",
    "contrincante" : "Alexey Vatutin",
    "ganador" : false,
    "winnerAces" : 0,
    "winnerPrimerSaqueDentro" : 38,
    "winnerPrimerSaqueGanado" : 27,
    "winnerSegundoSaqueGanado" : 10,
    "winnerDobleFalta" : 3,
    "winnerServingPoints" : 55,
    "winnerServingGames" : 9,
    "loserAces" : 6,
    "loserPrimerSaqueDentro" : 29,
    "loserPrimerSaqueGanado" : 16,
    "loserSegundoSaqueGanado" : 11,
    "loserDobleFalta" : 4,
    "loserServingPoints" : 53,
    "loserServingGames" : 9
  }, {
    "torneo" : "Furth CH",
    "fecha" : "20130604",
    "superficie" : "Clay",
    "resultado" : "7-5 6-2",
    "contrincante" : "Leonardo Kirche",
    "ganador" : false,
    "winnerAces" : 1,
    "winnerPrimerSaqueDentro" : 40,
    "winnerPrimerSaqueGanado" : 29,
    "winnerSegundoSaqueGanado" : 12,
    "winnerDobleFalta" : 4,
    "winnerServingPoints" : 63,
    "winnerServingGames" : 10,
    "loserAces" : 4,
    "loserPrimerSaqueDentro" : 34,
    "loserPrimerSaqueGanado" : 23,
    "loserSegundoSaqueGanado" : 11,
    "loserDobleFalta" : 3,
    "loserServingPoints" : 65,
    "loserServingGames" : 10
  }, {
    "torneo" : "Meerbusch CH",
    "fecha" : "20130812",
    "superficie" : "Clay",
    "resultado" : "6-2 6-4",
    "contrincante" : "Simon Greul",
    "ganador" : false,
    "winnerAces" : 3,
    "winnerPrimerSaqueDentro" : 34,
    "winnerPrimerSaqueGanado" : 27,
    "winnerSegundoSaqueGanado" : 8,
    "winnerDobleFalta" : 3,
    "winnerServingPoints" : 48,
    "winnerServingGames" : 9,
    "loserAces" : 1,
    "loserPrimerSaqueDentro" : 42,
    "loserPrimerSaqueGanado" : 26,
    "loserSegundoSaqueGanado" : 7,
    "loserDobleFalta" : 3,
    "loserServingPoints" : 63,
    "loserServingGames" : 9
  }, {
    "torneo" : "Kitzbuhel Q",
    "fecha" : "20130728",
    "superficie" : "Clay",
    "resultado" : "6-3 6-4",
    "contrincante" : "Jan Hernych",
    "ganador" : true,
    "winnerAces" : 4,
    "winnerPrimerSaqueDentro" : 26,
    "winnerPrimerSaqueGanado" : 20,
    "winnerSegundoSaqueGanado" : 14,
    "winnerDobleFalta" : 2,
    "winnerServingPoints" : 47,
    "winnerServingGames" : 10,
    "loserAces" : 4,
    "loserPrimerSaqueDentro" : 32,
    "loserPrimerSaqueGanado" : 20,
    "loserSegundoSaqueGanado" : 8,
    "loserDobleFalta" : 4,
    "loserServingPoints" : 54,
    "loserServingGames" : 9
  }, {
    "torneo" : "Kitzbuhel Q",
    "fecha" : "20130728",
    "superficie" : "Clay",
    "resultado" : "7-6(4) 6-3",
    "contrincante" : "Tihomir Grozdanov",
    "ganador" : false,
    "winnerAces" : 5,
    "winnerPrimerSaqueDentro" : 47,
    "winnerPrimerSaqueGanado" : 37,
    "winnerSegundoSaqueGanado" : 13,
    "winnerDobleFalta" : 4,
    "winnerServingPoints" : 71,
    "winnerServingGames" : 11,
    "loserAces" : 5,
    "loserPrimerSaqueDentro" : 42,
    "loserPrimerSaqueGanado" : 31,
    "loserSegundoSaqueGanado" : 12,
    "loserDobleFalta" : 1,
    "loserServingPoints" : 65,
    "loserServingGames" : 10
  }, {
    "torneo" : "s-Hertogenbosch Q",
    "fecha" : "20130616",
    "superficie" : "Grass",
    "resultado" : "6-1 6-2",
    "contrincante" : "Damiano Di Ienno",
    "ganador" : true,
    "winnerAces" : 7,
    "winnerPrimerSaqueDentro" : 26,
    "winnerPrimerSaqueGanado" : 25,
    "winnerSegundoSaqueGanado" : 8,
    "winnerDobleFalta" : 1,
    "winnerServingPoints" : 39,
    "winnerServingGames" : 8,
    "loserAces" : 2,
    "loserPrimerSaqueDentro" : 26,
    "loserPrimerSaqueGanado" : 12,
    "loserSegundoSaqueGanado" : 9,