{
  "nombre" : "Stefan Seifert",
  "mano" : "U",
  "nacionalidad" : "GER",
  "edad" : 28.5284052019,
  "ganar1Saque" : 0.638630610704422,
  "ganar2Saque" : 0.49515303373336794,
  "primerSaque" : 0.5825668752193451,
  "segundoSaque" : 0.36357833445072174,
  "ganarPuntoSacando" : 0.5520719546004971,
  "ganarPuntoRestando" : 0.3658883051897817,
  "probAce" : 0.02971768192946911,
  "clay" : {
    "nombre" : "Clay",
    "probVictoria" : 0.0,
    "probGanarPrimerSaque" : 0.550000011920929,
    "probGanarSegundoSaque" : 0.5833333134651184,
    "probPrimerSaque" : 0.594059407711029,
    "probSegundoSaque" : 0.3564356565475464,
    "probGanarPuntoSacando" : 0.5346534738938011,
    "probGanarPuntoRestando" : 0.35869563603680255,
    "probAce" : 0.0
  },
  "grass" : {
    "nombre" : "Grass",
    "probVictoria" : 0.0,
    "probGanarPrimerSaque" : 1.2333333492279053,
    "probGanarSegundoSaque" : 0.5015037506818771,
    "probPrimerSaque" : 0.5744101405143738,
    "probSegundoSaque" : 0.36781609058380127,
    "probGanarPuntoSacando" : 0.8929003314199857,
    "probGanarPuntoRestando" : 0.32588204673291266,
    "probAce" : 0.0
  },
  "hard" : {
    "nombre" : "Hard",
    "probVictoria" : 0.3333333432674408,
    "probGanarPrimerSaque" : 0.6738287905852,
    "probGanarSegundoSaque" : 0.48308714230855304,
    "probPrimerSaque" : 0.5857678751150767,
    "probSegundoSaque" : 0.3671344021956126,
    "probGanarPuntoSacando" : 0.572065168052292,
    "probGanarPuntoRestando" : 0.39216146553274284,
    "probAce" : 0.0
  },
  "other" : {
    "nombre" : "Other",
    "probVictoria" : 0.0,
    "probGanarPrimerSaque" : 0.5600000023841858,
    "probGanarSegundoSaque" : 0.46666666865348816,
    "probPrimerSaque" : 0.5681818127632141,
    "probSegundoSaque" : 0.34090909361839294,
    "probGanarPuntoSacando" : 0.47727272753462646,
    "probGanarPuntoRestando" : 0.29545452919873316,
    "probAce" : 0.0
  },
  "partidos" : [ {
    "torneo" : "Petange CH",
    "fecha" : "20130909",
    "superficie" : "Hard",
    "resultado" : "1-6 6-3 6-2",
    "contrincante" : "Nicolas Mahut",
    "ganador" : true,
    "winnerAces" : 4,
    "winnerPrimerSaqueDentro" : 37,
    "winnerPrimerSaqueGanado" : 27,
    "winnerSegundoSaqueGanado" : 18,
    "winnerDobleFalta" : 5,
    "winnerServingPoints" : 68,
    "winnerServingGames" : 12,
    "loserAces" : 9,
    "loserPrimerSaqueDentro" : 47,
    "loserPrimerSaqueGanado" : 32,
    "loserSegundoSaqueGanado" : 10,
    "loserDobleFalta" : 10,
    "loserServingPoints" : 75,
    "loserServingGames" : 12
  }, {
    "torneo" : "Petange CH",
    "fecha" : "20130909",
    "superficie" : "Hard",
    "resultado" : "7-6(3) 6-3",
    "contrincante" : "Jurgen Zopp",
    "ganador" : false,
    "winnerAces" : 8,
    "winnerPrimerSaqueDentro" : 46,
    "winnerPrimerSaqueGanado" : 31,
    "winnerSegundoSaqueGanado" : 10,
    "winnerDobleFalta" : 1,
    "winnerServingPoints" : 69,
    "winnerServingGames" : 10,
    "loserAces" : 1,
    "loserPrimerSaqueDentro" : 43,
    "loserPrimerSaqueGanado" : 29,
    "loserSegundoSaqueGanado" : 8,
    "loserDobleFalta" : 3,
    "loserServingPoints" : 71,
    "loserServingGames" : 11
  }, {
    "torneo" : "Orleans CH",
    "fecha" : "20130923",
    "superficie" : "Hard",
    "resultado" : "7-6(4) 2-2 RET",
    "contrincante" : "Sandro Ehrat",
    "ganador" : false,
    "winnerAces" : 5,
    "winnerPrimerSaqueDentro" : 24,
    "winnerPrimerSaqueGanado" : 20,
    "winnerSegundoSaqueGanado" : 14,
    "winnerDobleFalta" : 3,
    "winnerServingPoints" : 56,
    "winnerServingGames" : 8,
    "loserAces" : 3,
    "loserPrimerSaqueDentro" : 38,
    "loserPrimerSaqueGanado" : 30,
    "loserSegundoSaqueGanado" : 10,
    "loserDobleFalta" : 2,
    "loserServingPoints" : 69,
    "loserServingGames" : 8
  }, {
    "torneo" : "Marburg CH",
    "fecha" : "20130624",
    "superficie" : "Clay",
    "resultado" : "6-4 5-7 6-3",
    "contrincante" : "Alessandro Giannessi",
    "ganador" : false,
    "winnerAces" : 11,
    "winnerPrimerSaqueDentro" : 65,
    "winnerPrimerSaqueGanado" : 44,
    "winnerSegundoSaqueGanado" : 15,
    "winnerDobleFalta" : 1,
    "winnerServingPoints" : 92,
    "winnerServingGames" : 15,
    "loserAces" : 2,
    "loserPrimerSaqueDentro" : 60,
    "loserPrimerSaqueGanado" : 33,
    "loserSegundoSaqueGanado" : 21,
    "loserDobleFalta" : 5,
    "loserServingPoints" : 101,
    "loserServingGames" : 16
  }, {
    "torneo" : "St. Remy CH",
    "fecha" : "20130903",
    "superficie" : "Hard",
    "resultado" : "7-5 6-1",
    "contrincante" : "Martin Fischer",
    "ganador" : false,
    "winnerAces" : 8,
    "winnerPrimerSaqueDentro" : 34,
    "winnerPrimerSaqueGanado" : 31,
    "winnerSegundoSaqueGanado" : 13,
    "winnerDobleFalta" : 4,
    "winnerServingPoints" : 63,
    "winnerServingGames" : 10,
    "loserAces" : 2,
    "loserPrimerSaqueDentro" : 44,
    "loserPrimerSaqueGanado" : 27,
    "loserSegundoSaqueGanado" : 10,
    "loserDobleFalta" : 3,
    "loserServingPoints" : 69,
    "loserServingGames" : 9
  }, {
    "torneo" : "Eckental CH",
    "fecha" : "20131028",
    "superficie" : "Carpet",
    "resultado" : "6-2 6-2",
    "contrincante" : "Tim Puetz",
    "ganador" : false,
    "winnerAces" : 10,
    "winnerPrimerSaqueDentro" : 20,
    "winnerPrimerSaqueGanado" : 16,
    "winnerSegundoSaqueGanado" : 15,
    "winnerDobleFalta" : 2,
    "winnerServingPoints" : 44,
    "winnerServingGames" : 8,
    "loserAces" : 2,
    "loserPrimerSaqueDentro" : 25,
    "loserPrimerSaqueGanado" : 14,
    "loserSegundoSaqueGanado" : 7,
    "loserDobleFalta" : 4,
    "loserServingPoints" : 44,
    "loserServingGames" : 8
  }, {
    "torneo" : "Johannesburg CH",
    "fecha" : "20130429",
    "superficie" : "Hard",
    "resultado" : "6-3 6-4",
    "contrincante" : "Thales Turini",
    "ganador" : true,
    "winnerAces" : 4,
    "winnerPrimerSaqueDentro" : 35,
    "winnerPrimerSaqueGanado" : 22,
    "winnerSegundoSaqueGanado" : 14,
    "winnerDobleFalta" : 0,
    "winnerServingPoints" : 54,
    "winnerServingGames" : 10,
    "loserAces" : 6,
    "loserPrimerSaqueDentro" : 28,
    "loserPrimerSaqueGanado" : 20,
    "loserSegundoSaqueGanado" : 9,
    "loserDobleFalta" : 6,
    "loserServingPoints" : 55,
    "loserServingGames" : 9
  }, {
    "torneo" : "Johannesburg CH",
    "fecha" : "20130429",
    "superficie" : "Hard",
    "resultado" : "6-3 6-0",
    "contrincante" : "Rik De Voest",
    "ganador" : false,
    "winnerAces" : 5,
    "winnerPrimerSaqueDentro" : 27,
    "winnerPrimerSaqueGanado" : 22,
    "winnerSegundoSaqueGanado" : 11,
    "winnerDobleFalta" : 2,
    "winnerServingPoints" : 50,
    "winnerServingGames" : 8,
    "loserAces" : 2,
    "loserPrimerSaqueDentro" : 28,
    "loserPrimerSaqueGanado" : 17,
    "loserSegundoSaqueGanado" : 7,
    "loserDobleFalta" : 5,
    "loserServingPoints" : 53,
    "loserServingGames" : 7
  }, {
    "torneo" : "s-Hertogenbosch Q",
    "fecha" : "20130616",
    "superficie" : "Grass",
    "resultado" : "3-6 6-3 6-2",
    "contrincante" : "Steve Darcis",
    "ganador" : false,
    "winnerAces" : 6,
    "winnerPrimerSaqueDentro" : 44,
    "winnerPrimerSaqueGanado" : 29,
    "winnerSegundoSaqueGanado" : 17,
    "winnerDobleFalta" : 3,
    "winnerServingPoints" : 79,
    "winnerServingGames" : 13,
    "loserAces" : 0,
    "loserPrimerSaqueDentro" : 45,
    "loserPrimerSaqueGanado" : 33,
    "loserSegundoSaqueGanado" : 13,
    "loserDobleFalta" : 7,
    "loserServingPoints" : 87,
    "loserServingGames" : 13
  }, {
    "torneo" : "Halle Q",
    "fecha" : "20130610",
    "superficie" : "Grass",
    "resultado" : "7-5 6-1",
    "contrincante" : "Greg Jones",
    "ganador" : false,
    "winnerAces" : 6,
    "winnerPrimerSaqueDentro" : 30,
    "winnerPrimerSaqueGanado" : 25,
    "winnerSegundoSaqueGanado" : 11,
    "winnerDobleFalta" : 1,
    "winnerServingPoints" : 47,
    "winnerServingGames" : 10,
    "loserAces" : 0,
    "loserPrimerSaqueDentro" : 36,
    "loserPrimerSaqueGanado" : 18,