{
  "nombre" : "Suk Young Jeong",
  "mano" : "R",
  "nacionalidad" : "KOR",
  "edad" : 20.4490075291,
  "ganar1Saque" : 0.6356467390060425,
  "ganar2Saque" : 0.5442180413007737,
  "primerSaque" : 0.6678203916549683,
  "segundoSaque" : 0.30079869225621225,
  "ganarPuntoSacando" : 0.5881979293227287,
  "ganarPuntoRestando" : 0.36709754766978314,
  "probAce" : 0.04918032884597778,
  "clay" : {
    "nombre" : "Clay",
    "probVictoria" : 0.3333333432674408,
    "probGanarPrimerSaque" : 0.5799755950768789,
    "probGanarSegundoSaque" : 0.4993734359741211,
    "probPrimerSaque" : 0.5680307944615682,
    "probSegundoSaque" : 0.3905075391133626,
    "probGanarPuntoSacando" : 0.5244530896206787,
    "probGanarPuntoRestando" : 0.37899522442971634,
    "probAce" : 0.0
  },
  "grass" : {
    "nombre" : "Grass",
    "probVictoria" : 0.0,
    "probGanarPrimerSaque" : 0.0,
    "probGanarSegundoSaque" : 0.0,
    "probPrimerSaque" : 0.0,
    "probSegundoSaque" : 0.0,
    "probGanarPuntoSacando" : 0.0,
    "probGanarPuntoRestando" : 0.0,
    "probAce" : 0.0
  },
  "hard" : {
    "nombre" : "Hard",
    "probVictoria" : 0.4761904776096344,
    "probGanarPrimerSaque" : 0.6363506132648105,
    "probGanarSegundoSaque" : 0.5417410241706031,
    "probPrimerSaque" : 0.6881158947944641,
    "probSegundoSaque" : 0.28201024677781833,
    "probGanarPuntoSacando" : 0.5906594915657408,
    "probGanarPuntoRestando" : 0.36872170127499665,
    "probAce" : 0.0
  },
  "other" : {
    "nombre" : "Other",
    "probVictoria" : 0.0,
    "probGanarPrimerSaque" : 0.7878788113594055,
    "probGanarSegundoSaque" : 0.7307692170143127,
    "probPrimerSaque" : 0.5409836173057556,
    "probSegundoSaque" : 0.4262295067310333,
    "probGanarPuntoSacando" : 0.7377049322700042,
    "probGanarPuntoRestando" : 0.29729729168049923,
    "probAce" : 0.0
  },
  "partidos" : [ {
    "torneo" : "Bangkok",
    "fecha" : "20130923",
    "superficie" : "Hard",
    "resultado" : "6-3 6-0",
    "contrincante" : "Denis Istomin",
    "ganador" : false,
    "winnerAces" : 9,
    "winnerPrimerSaqueDentro" : 27,
    "winnerPrimerSaqueGanado" : 21,
    "winnerSegundoSaqueGanado" : 10,
    "winnerDobleFalta" : 0,
    "winnerServingPoints" : 46,
    "winnerServingGames" : 8,
    "loserAces" : 0,
    "loserPrimerSaqueDentro" : 29,
    "loserPrimerSaqueGanado" : 14,
    "loserSegundoSaqueGanado" : 5,
    "loserDobleFalta" : 0,
    "loserServingPoints" : 45,
    "loserServingGames" : 7
  }, {
    "torneo" : "Busan CH",
    "fecha" : "20130513",
    "superficie" : "Hard",
    "resultado" : "6-7(1) 6-3 6-1",
    "contrincante" : "Hyeon Chung",
    "ganador" : true,
    "winnerAces" : 5,
    "winnerPrimerSaqueDentro" : 50,
    "winnerPrimerSaqueGanado" : 39,
    "winnerSegundoSaqueGanado" : 17,
    "winnerDobleFalta" : 2,
    "winnerServingPoints" : 86,
    "winnerServingGames" : 14,
    "loserAces" : 1,
    "loserPrimerSaqueDentro" : 55,
    "loserPrimerSaqueGanado" : 37,
    "loserSegundoSaqueGanado" : 15,
    "loserDobleFalta" : 5,
    "loserServingPoints" : 96,
    "loserServingGames" : 14
  }, {
    "torneo" : "Busan CH",
    "fecha" : "20130513",
    "superficie" : "Hard",
    "resultado" : "6-3 6-2",
    "contrincante" : "Ze Zhang",
    "ganador" : false,
    "winnerAces" : 4,
    "winnerPrimerSaqueDentro" : 39,
    "winnerPrimerSaqueGanado" : 27,
    "winnerSegundoSaqueGanado" : 15,
    "winnerDobleFalta" : 3,
    "winnerServingPoints" : 62,
    "winnerServingGames" : 9,
    "loserAces" : 1,
    "loserPrimerSaqueDentro" : 39,
    "loserPrimerSaqueGanado" : 23,
    "loserSegundoSaqueGanado" : 3,
    "loserDobleFalta" : 3,
    "loserServingPoints" : 50,
    "loserServingGames" : 8
  }, {
    "torneo" : "Sarasota CH",
    "fecha" : "20130415",
    "superficie" : "Clay",
    "resultado" : "6-2 6-2",
    "contrincante" : "Ze Zhang",
    "ganador" : false,
    "winnerAces" : 2,
    "winnerPrimerSaqueDentro" : 27,
    "winnerPrimerSaqueGanado" : 20,
    "winnerSegundoSaqueGanado" : 15,
    "winnerDobleFalta" : 3,
    "winnerServingPoints" : 55,
    "winnerServingGames" : 8,
    "loserAces" : 3,
    "loserPrimerSaqueDentro" : 42,
    "loserPrimerSaqueGanado" : 20,
    "loserSegundoSaqueGanado" : 12,
    "loserDobleFalta" : 4,
    "loserServingPoints" : 74,
    "loserServingGames" : 8
  }, {
    "torneo" : "Kaohsiung CH",
    "fecha" : "20130916",
    "superficie" : "Hard",
    "resultado" : "6-3 7-6(3)",
    "contrincante" : "Hsien Yin Peng",
    "ganador" : true,
    "winnerAces" : 5,
    "winnerPrimerSaqueDentro" : 61,
    "winnerPrimerSaqueGanado" : 44,
    "winnerSegundoSaqueGanado" : 2,
    "winnerDobleFalta" : 0,
    "winnerServingPoints" : 65,
    "winnerServingGames" : 10,
    "loserAces" : 4,
    "loserPrimerSaqueDentro" : 64,
    "loserPrimerSaqueGanado" : 39,
    "loserSegundoSaqueGanado" : 2,
    "loserDobleFalta" : 0,
    "loserServingPoints" : 69,
    "loserServingGames" : 11
  }, {
    "torneo" : "Kaohsiung CH",
    "fecha" : "20130916",
    "superficie" : "Hard",
    "resultado" : "6-3 6-2",
    "contrincante" : "Matthew Ebden",
    "ganador" : false,
    "winnerAces" : 7,
    "winnerPrimerSaqueDentro" : 31,
    "winnerPrimerSaqueGanado" : 25,
    "winnerSegundoSaqueGanado" : 10,
    "winnerDobleFalta" : 2,
    "winnerServingPoints" : 47,
    "winnerServingGames" : 9,
    "loserAces" : 3,
    "loserPrimerSaqueDentro" : 38,
    "loserPrimerSaqueGanado" : 24,
    "loserSegundoSaqueGanado" : 11,
    "loserDobleFalta" : 3,
    "loserServingPoints" : 67,
    "loserServingGames" : 8
  }, {
    "torneo" : "Karshi CH",
    "fecha" : "20130506",
    "superficie" : "Hard",
    "resultado" : "6-4 3-6 7-6(3)",
    "contrincante" : "Toni Androic",
    "ganador" : true,
    "winnerAces" : 5,
    "winnerPrimerSaqueDentro" : 51,
    "winnerPrimerSaqueGanado" : 37,
    "winnerSegundoSaqueGanado" : 22,
    "winnerDobleFalta" : 3,
    "winnerServingPoints" : 85,
    "winnerServingGames" : 15,
    "loserAces" : 6,
    "loserPrimerSaqueDentro" : 58,
    "loserPrimerSaqueGanado" : 41,
    "loserSegundoSaqueGanado" : 23,
    "loserDobleFalta" : 7,
    "loserServingPoints" : 106,
    "loserServingGames" : 16
  }, {
    "torneo" : "Karshi CH",
    "fecha" : "20130506",
    "superficie" : "Hard",
    "resultado" : "7-5 6-1",
    "contrincante" : "Ti Chen",
    "ganador" : false,
    "winnerAces" : 7,
    "winnerPrimerSaqueDentro" : 39,
    "winnerPrimerSaqueGanado" : 29,
    "winnerSegundoSaqueGanado" : 12,
    "winnerDobleFalta" : 1,
    "winnerServingPoints" : 61,
    "winnerServingGames" : 10,
    "loserAces" : 3,
    "loserPrimerSaqueDentro" : 37,
    "loserPrimerSaqueGanado" : 18,
    "loserSegundoSaqueGanado" : 9,
    "loserDobleFalta" : 2,
    "loserServingPoints" : 59,
    "loserServingGames" : 9
  }, {
    "torneo" : "Kyoto CH",
    "fecha" : "20130304",
    "superficie" : "Carpet",
    "resultado" : "7-6(5) 6-4",
    "contrincante" : "Samuel Groth",
    "ganador" : false,
    "winnerAces" : 13,
    "winnerPrimerSaqueDentro" : 45,
    "winnerPrimerSaqueGanado" : 38,
    "winnerSegundoSaqueGanado" : 14,
    "winnerDobleFalta" : 4,
    "winnerServingPoints" : 74,
    "winnerServingGames" : 11,
    "loserAces" : 3,
    "loserPrimerSaqueDentro" : 33,
    "loserPrimerSaqueGanado" : 26,
    "loserSegundoSaqueGanado" : 19,
    "loserDobleFalta" : 2,
    "loserServingPoints" : 61,
    "loserServingGames" : 11
  }, {
    "torneo" : "Bangkok CH",
    "fecha" : "20130826",
    "superficie" : "Hard",
    "resultado" : "6-2 6-2",
    "contrincante" : "Warit Sornbutnark",
    "ganador" : true,
    "winnerAces" : 2,
    "winnerPrimerSaqueDentro" : 30,
    "winnerPrimerSaqueGanado" : 24,
    "winnerSegundoSaqueGanado" : 8,
    "winnerDobleFalta" : 0,
    "winnerServingPoints" : 38,
    "winnerServingGames" : 8,
    "loserAces" : 3,
    "loserPrimerSaqueDentro" : 23,
    "loserPrimerSaqueGanado" : 14,
    "loserSegundoSaqueGanado" : 11,
    "loserDobleFalta" : 1,
    "loserServingPoints" : 48,