{
  "nombre" : "Takanyi Garanganga",
  "mano" : "U",
  "nacionalidad" : "ZIM",
  "edad" : 22.855578371,
  "ganar1Saque" : 0.7366890767041374,
  "ganar2Saque" : 0.5353155653266346,
  "primerSaque" : 0.6390701427179224,
  "segundoSaque" : 0.2821948063724181,
  "ganarPuntoSacando" : 0.6218592656935388,
  "ganarPuntoRestando" : 0.35379725152901287,
  "probAce" : 0.08082544803619385,
  "clay" : {
    "nombre" : "Clay",
    "probVictoria" : 0.5,
    "probGanarPrimerSaque" : 0.6974457502365112,
    "probGanarSegundoSaque" : 0.46963562071323395,
    "probPrimerSaque" : 0.6699477732181549,
    "probSegundoSaque" : 0.23056448996067047,
    "probGanarPuntoSacando" : 0.5755335246685258,
    "probGanarPuntoRestando" : 0.35071300523695603,
    "probAce" : 0.0
  },
  "grass" : {
    "nombre" : "Grass",
    "probVictoria" : 0.5,
    "probGanarPrimerSaque" : 1.5903398990631104,
    "probGanarSegundoSaque" : 0.5031512528657913,
    "probPrimerSaque" : 0.6454613208770752,
    "probSegundoSaque" : 0.2994791716337204,
    "probGanarPuntoSacando" : 1.1771862123075054,
    "probGanarPuntoRestando" : 0.29238095642982764,
    "probAce" : 0.0
  },
  "hard" : {
    "nombre" : "Hard",
    "probVictoria" : 0.4615384638309479,
    "probGanarPrimerSaque" : 0.7337294541872464,
    "probGanarSegundoSaque" : 0.5503685279534414,
    "probPrimerSaque" : 0.6333364798472478,
    "probSegundoSaque" : 0.28747879885710204,
    "probGanarPuntoSacando" : 0.6229169130199999,
    "probGanarPuntoRestando" : 0.36372041174305014,
    "probAce" : 0.0
  },
  "other" : {
    "nombre" : "Other",
    "probVictoria" : 0.0,
    "probGanarPrimerSaque" : 0.0,
    "probGanarSegundoSaque" : 0.0,
    "probPrimerSaque" : 0.0,
    "probSegundoSaque" : 0.0,
    "probGanarPuntoSacando" : 0.0,
    "probGanarPuntoRestando" : 0.0,
    "probAce" : 0.0
  },
  "partidos" : [ {
    "torneo" : "Binghamton CH",
    "fecha" : "20130715",
    "superficie" : "Hard",
    "resultado" : "7-6(5) 6-2",
    "contrincante" : "Dennis Novikov",
    "ganador" : true,
    "winnerAces" : 5,
    "winnerPrimerSaqueDentro" : 35,
    "winnerPrimerSaqueGanado" : 31,
    "winnerSegundoSaqueGanado" : 15,
    "winnerDobleFalta" : 4,
    "winnerServingPoints" : 58,
    "winnerServingGames" : 10,
    "loserAces" : 12,
    "loserPrimerSaqueDentro" : 37,
    "loserPrimerSaqueGanado" : 32,
    "loserSegundoSaqueGanado" : 10,
    "loserDobleFalta" : 5,
    "loserServingPoints" : 65,
    "loserServingGames" : 10
  }, {
    "torneo" : "Binghamton CH",
    "fecha" : "20130715",
    "superficie" : "Hard",
    "resultado" : "6-2 6-4",
    "contrincante" : "Frederik Nielsen",
    "ganador" : true,
    "winnerAces" : 7,
    "winnerPrimerSaqueDentro" : 30,
    "winnerPrimerSaqueGanado" : 24,
    "winnerSegundoSaqueGanado" : 10,
    "winnerDobleFalta" : 10,
    "winnerServingPoints" : 56,
    "winnerServingGames" : 9,
    "loserAces" : 3,
    "loserPrimerSaqueDentro" : 40,
    "loserPrimerSaqueGanado" : 23,
    "loserSegundoSaqueGanado" : 9,
    "loserDobleFalta" : 2,
    "loserServingPoints" : 65,
    "loserServingGames" : 9
  }, {
    "torneo" : "Binghamton CH",
    "fecha" : "20130715",
    "superficie" : "Hard",
    "resultado" : "6-3 4-3 RET",
    "contrincante" : "Rhyne Williams",
    "ganador" : false,
    "winnerAces" : 12,
    "winnerPrimerSaqueDentro" : 34,
    "winnerPrimerSaqueGanado" : 29,
    "winnerSegundoSaqueGanado" : 12,
    "winnerDobleFalta" : 5,
    "winnerServingPoints" : 60,
    "winnerServingGames" : 8,
    "loserAces" : 6,
    "loserPrimerSaqueDentro" : 28,
    "loserPrimerSaqueGanado" : 22,
    "loserSegundoSaqueGanado" : 9,
    "loserDobleFalta" : 4,
    "loserServingPoints" : 50,
    "loserServingGames" : 8
  }, {
    "torneo" : "Champaign CH",
    "fecha" : "20131111",
    "superficie" : "Hard",
    "resultado" : "6-3 6-4",
    "contrincante" : "David Rice",
    "ganador" : false,
    "winnerAces" : 5,
    "winnerPrimerSaqueDentro" : 44,
    "winnerPrimerSaqueGanado" : 34,
    "winnerSegundoSaqueGanado" : 6,
    "winnerDobleFalta" : 0,
    "winnerServingPoints" : 54,
    "winnerServingGames" : 10,
    "loserAces" : 3,
    "loserPrimerSaqueDentro" : 36,
    "loserPrimerSaqueGanado" : 25,
    "loserSegundoSaqueGanado" : 9,
    "loserDobleFalta" : 3,
    "loserServingPoints" : 54,
    "loserServingGames" : 9
  }, {
    "torneo" : "Knoxville CH",
    "fecha" : "20131104",
    "superficie" : "Hard",
    "resultado" : "6-4 6-2",
    "contrincante" : "Theodoros Angelinos",
    "ganador" : true,
    "winnerAces" : 7,
    "winnerPrimerSaqueDentro" : 37,
    "winnerPrimerSaqueGanado" : 29,
    "winnerSegundoSaqueGanado" : 8,
    "winnerDobleFalta" : 3,
    "winnerServingPoints" : 52,
    "winnerServingGames" : 9,
    "loserAces" : 1,
    "loserPrimerSaqueDentro" : 34,
    "loserPrimerSaqueGanado" : 20,
    "loserSegundoSaqueGanado" : 9,
    "loserDobleFalta" : 4,
    "loserServingPoints" : 56,
    "loserServingGames" : 9
  }, {
    "torneo" : "Knoxville CH",
    "fecha" : "20131104",
    "superficie" : "Hard",
    "resultado" : "6-2 6-4",
    "contrincante" : "Kevin King",
    "ganador" : true,
    "winnerAces" : 3,
    "winnerPrimerSaqueDentro" : 29,
    "winnerPrimerSaqueGanado" : 25,
    "winnerSegundoSaqueGanado" : 11,
    "winnerDobleFalta" : 1,
    "winnerServingPoints" : 46,
    "winnerServingGames" : 9,
    "loserAces" : 4,
    "loserPrimerSaqueDentro" : 29,
    "loserPrimerSaqueGanado" : 24,
    "loserSegundoSaqueGanado" : 9,
    "loserDobleFalta" : 3,
    "loserServingPoints" : 53,
    "loserServingGames" : 9
  }, {
    "torneo" : "Knoxville CH",
    "fecha" : "20131104",
    "superficie" : "Hard",
    "resultado" : "7-6(7) 7-6(4)",
    "contrincante" : "Rik De Voest",
    "ganador" : true,
    "winnerAces" : 8,
    "winnerPrimerSaqueDentro" : 56,
    "winnerPrimerSaqueGanado" : 39,
    "winnerSegundoSaqueGanado" : 11,
    "winnerDobleFalta" : 11,
    "winnerServingPoints" : 86,
    "winnerServingGames" : 12,
    "loserAces" : 6,
    "loserPrimerSaqueDentro" : 60,
    "loserPrimerSaqueGanado" : 34,
    "loserSegundoSaqueGanado" : 13,
    "loserDobleFalta" : 0,
    "loserServingPoints" : 88,
    "loserServingGames" : 12
  }, {
    "torneo" : "Knoxville CH",
    "fecha" : "20131104",
    "superficie" : "Hard",
    "resultado" : "4-6 6-1 6-3",
    "contrincante" : "Peter Polansky",
    "ganador" : false,
    "winnerAces" : 4,
    "winnerPrimerSaqueDentro" : 54,
    "winnerPrimerSaqueGanado" : 33,
    "winnerSegundoSaqueGanado" : 25,
    "winnerDobleFalta" : 1,
    "winnerServingPoints" : 91,
    "winnerServingGames" : 13,
    "loserAces" : 6,
    "loserPrimerSaqueDentro" : 49,
    "loserPrimerSaqueGanado" : 30,
    "loserSegundoSaqueGanado" : 14,
    "loserDobleFalta" : 6,
    "loserServingPoints" : 84,
    "loserServingGames" : 13
  }, {
    "torneo" : "San Jose Q",
    "fecha" : "20130211",
    "superficie" : "Hard",
    "resultado" : "6-4 4-3 RET",
    "contrincante" : "Dennis Lajola",
    "ganador" : false,
    "winnerAces" : 6,
    "winnerPrimerSaqueDentro" : 39,
    "winnerPrimerSaqueGanado" : 28,
    "winnerSegundoSaqueGanado" : 12,
    "winnerDobleFalta" : 3,
    "winnerServingPoints" : 61,
    "winnerServingGames" : 9,
    "loserAces" : 3,
    "loserPrimerSaqueDentro" : 36,
    "loserPrimerSaqueGanado" : 24,
    "loserSegundoSaqueGanado" : 3,
    "loserDobleFalta" : 2,
    "loserServingPoints" : 44,
    "loserServingGames" : 8
  }, {
    "torneo" : "Stockholm Q",
    "fecha" : "20131014",
    "superficie" : "Hard",
    "resultado" : "3-6 7-6(2) 6-2",
    "contrincante" : "Damir Dzumhur",
    "ganador" : false,
    "winnerAces" : 4,
    "winnerPrimerSaqueDentro" : 55,
    "winnerPrimerSaqueGanado" : 41,
    "winnerSegundoSaqueGanado" : 21,
    "winnerDobleFalta" : 4,
    "winnerServingPoints" : 96,
    "winnerServingGames" : 14,
    "loserAces" : 9,
    "loserPrimerSaqueDentro" : 65,
    "loserPrimerSaqueGanado" : 42,
    "loserSegundoSaqueGanado" : 17,
    "loserDobleFalta" : 7,
    "loserServingPoints" : 97,