{
  "nombre" : "Ti Chen",
  "mano" : "R",
  "nacionalidad" : "TPE",
  "edad" : 29.954825462,
  "ganar1Saque" : 0.6413198179668851,
  "ganar2Saque" : 0.5221596018031791,
  "primerSaque" : 0.6683450826892147,
  "segundoSaque" : 0.3155209609755763,
  "ganarPuntoSacando" : 0.5933752461128732,
  "ganarPuntoRestando" : 0.3581672966290143,
  "probAce" : 0.03746253624558449,
  "clay" : {
    "nombre" : "Clay",
    "probVictoria" : 0.3333333432674408,
    "probGanarPrimerSaque" : 0.5959770282109579,
    "probGanarSegundoSaque" : 0.45652172962824505,
    "probPrimerSaque" : 0.6511162718137106,
    "probSegundoSaque" : 0.34111498792966205,
    "probGanarPuntoSacando" : 0.5437767449871007,
    "probGanarPuntoRestando" : 0.3004830775785583,
    "probAce" : 0.0
  },
  "grass" : {
    "nombre" : "Grass",
    "probVictoria" : 0.0,
    "probGanarPrimerSaque" : 0.0,
    "probGanarSegundoSaque" : 0.0,
    "probPrimerSaque" : 0.0,
    "probSegundoSaque" : 0.0,
    "probGanarPuntoSacando" : 0.0,
    "probGanarPuntoRestando" : 0.0,
    "probAce" : 0.0
  },
  "hard" : {
    "nombre" : "Hard",
    "probVictoria" : 0.3478260934352875,
    "probGanarPrimerSaque" : 0.6457697386326997,
    "probGanarSegundoSaque" : 0.5183994990328084,
    "probPrimerSaque" : 0.670174013013425,
    "probSegundoSaque" : 0.3126363585824552,
    "probGanarPuntoSacando" : 0.5948486288906931,
    "probGanarPuntoRestando" : 0.3654787147424938,
    "probAce" : 0.0
  },
  "other" : {
    "nombre" : "Other",
    "probVictoria" : 0.0,
    "probGanarPrimerSaque" : 0.675000011920929,
    "probGanarSegundoSaque" : 0.8055555820465088,
    "probPrimerSaque" : 0.6779661178588867,
    "probSegundoSaque" : 0.3050847351551056,
    "probGanarPuntoSacando" : 0.7033898490381105,
    "probGanarPuntoRestando" : 0.3630573371703517,
    "probAce" : 0.0
  },
  "partidos" : [ {
    "torneo" : "Kaohsiung CH",
    "fecha" : "20130916",
    "superficie" : "Hard",
    "resultado" : "6-3 6-3",
    "contrincante" : "Hiroki Moriya",
    "ganador" : false,
    "winnerAces" : 3,
    "winnerPrimerSaqueDentro" : 37,
    "winnerPrimerSaqueGanado" : 28,
    "winnerSegundoSaqueGanado" : 13,
    "winnerDobleFalta" : 1,
    "winnerServingPoints" : 62,
    "winnerServingGames" : 9,
    "loserAces" : 1,
    "loserPrimerSaqueDentro" : 38,
    "loserPrimerSaqueGanado" : 23,
    "loserSegundoSaqueGanado" : 7,
    "loserDobleFalta" : 0,
    "loserServingPoints" : 56,
    "loserServingGames" : 9
  }, {
    "torneo" : "Karshi CH",
    "fecha" : "20130506",
    "superficie" : "Hard",
    "resultado" : "6-4 0-6 6-3",
    "contrincante" : "Egor Gerasimov",
    "ganador" : true,
    "winnerAces" : 3,
    "winnerPrimerSaqueDentro" : 55,
    "winnerPrimerSaqueGanado" : 35,
    "winnerSegundoSaqueGanado" : 13,
    "winnerDobleFalta" : 0,
    "winnerServingPoints" : 83,
    "winnerServingGames" : 12,
    "loserAces" : 7,
    "loserPrimerSaqueDentro" : 44,
    "loserPrimerSaqueGanado" : 31,
    "loserSegundoSaqueGanado" : 14,
    "loserDobleFalta" : 5,
    "loserServingPoints" : 73,
    "loserServingGames" : 13
  }, {
    "torneo" : "Karshi CH",
    "fecha" : "20130506",
    "superficie" : "Hard",
    "resultado" : "7-5 6-1",
    "contrincante" : "Suk Young Jeong",
    "ganador" : true,
    "winnerAces" : 7,
    "winnerPrimerSaqueDentro" : 39,
    "winnerPrimerSaqueGanado" : 29,
    "winnerSegundoSaqueGanado" : 12,
    "winnerDobleFalta" : 1,
    "winnerServingPoints" : 61,
    "winnerServingGames" : 10,
    "loserAces" : 3,
    "loserPrimerSaqueDentro" : 37,
    "loserPrimerSaqueGanado" : 18,
    "loserSegundoSaqueGanado" : 9,
    "loserDobleFalta" : 2,
    "loserServingPoints" : 59,
    "loserServingGames" : 9
  }, {
    "torneo" : "Karshi CH",
    "fecha" : "20130506",
    "superficie" : "Hard",
    "resultado" : "7-6(8) 6-3",
    "contrincante" : "Aleksandr Nedovyesov",
    "ganador" : true,
    "winnerAces" : 3,
    "winnerPrimerSaqueDentro" : 41,
    "winnerPrimerSaqueGanado" : 29,
    "winnerSegundoSaqueGanado" : 14,
    "winnerDobleFalta" : 1,
    "winnerServingPoints" : 61,
    "winnerServingGames" : 10,
    "loserAces" : 5,
    "loserPrimerSaqueDentro" : 48,
    "loserPrimerSaqueGanado" : 33,
    "loserSegundoSaqueGanado" : 11,
    "loserDobleFalta" : 2,
    "loserServingPoints" : 77,
    "loserServingGames" : 11
  }, {
    "torneo" : "Karshi CH",
    "fecha" : "20130506",
    "superficie" : "Hard",
    "resultado" : "6-2 6-4",
    "contrincante" : "Teymuraz Gabashvili",
    "ganador" : false,
    "winnerAces" : 3,
    "winnerPrimerSaqueDentro" : 35,
    "winnerPrimerSaqueGanado" : 26,
    "winnerSegundoSaqueGanado" : 8,
    "winnerDobleFalta" : 1,
    "winnerServingPoints" : 51,
    "winnerServingGames" : 9,
    "loserAces" : 1,
    "loserPrimerSaqueDentro" : 41,
    "loserPrimerSaqueGanado" : 25,
    "loserSegundoSaqueGanado" : 6,
    "loserDobleFalta" : 0,
    "loserServingPoints" : 62,
    "loserServingGames" : 9
  }, {
    "torneo" : "Bangkok CH",
    "fecha" : "20130826",
    "superficie" : "Hard",
    "resultado" : "4-6 6-3 7-6(1)",
    "contrincante" : "Cheong Eui Kim",
    "ganador" : true,
    "winnerAces" : 5,
    "winnerPrimerSaqueDentro" : 63,
    "winnerPrimerSaqueGanado" : 45,
    "winnerSegundoSaqueGanado" : 18,
    "winnerDobleFalta" : 1,
    "winnerServingPoints" : 95,
    "winnerServingGames" : 15,
    "loserAces" : 9,
    "loserPrimerSaqueDentro" : 70,
    "loserPrimerSaqueGanado" : 49,
    "loserSegundoSaqueGanado" : 23,
    "loserDobleFalta" : 3,
    "loserServingPoints" : 122,
    "loserServingGames" : 16
  }, {
    "torneo" : "Bangkok CH",
    "fecha" : "20130826",
    "superficie" : "Hard",
    "resultado" : "6-3 6-3",
    "contrincante" : "Hiroki Moriya",
    "ganador" : false,
    "winnerAces" : 2,
    "winnerPrimerSaqueDentro" : 31,
    "winnerPrimerSaqueGanado" : 23,
    "winnerSegundoSaqueGanado" : 11,
    "winnerDobleFalta" : 2,
    "winnerServingPoints" : 50,
    "winnerServingGames" : 9,
    "loserAces" : 4,
    "loserPrimerSaqueDentro" : 41,
    "loserPrimerSaqueGanado" : 21,
    "loserSegundoSaqueGanado" : 10,
    "loserDobleFalta" : 2,
    "loserServingPoints" : 63,
    "loserServingGames" : 9
  }, {
    "torneo" : "Shanghai CH",
    "fecha" : "20130902",
    "superficie" : "Hard",
    "resultado" : "4-6 6-3 6-4",
    "contrincante" : "Danai Udomchoke",
    "ganador" : true,
    "winnerAces" : 10,
    "winnerPrimerSaqueDentro" : 59,
    "winnerPrimerSaqueGanado" : 44,
    "winnerSegundoSaqueGanado" : 15,
    "winnerDobleFalta" : 1,
    "winnerServingPoints" : 83,
    "winnerServingGames" : 15,
    "loserAces" : 7,
    "loserPrimerSaqueDentro" : 63,
    "loserPrimerSaqueGanado" : 45,
    "loserSegundoSaqueGanado" : 10,
    "loserDobleFalta" : 2,
    "loserServingPoints" : 91,
    "loserServingGames" : 14
  }, {
    "torneo" : "Shanghai CH",
    "fecha" : "20130902",
    "superficie" : "Hard",
    "resultado" : "6-3 2-6 6-4",
    "contrincante" : "Toshihide Matsui",
    "ganador" : false,
    "winnerAces" : 19,
    "winnerPrimerSaqueDentro" : 62,
    "winnerPrimerSaqueGanado" : 46,
    "winnerSegundoSaqueGanado" : 15,
    "winnerDobleFalta" : 3,
    "winnerServingPoints" : 101,
    "winnerServingGames" : 14,
    "loserAces" : 3,
    "loserPrimerSaqueDentro" : 78,
    "loserPrimerSaqueGanado" : 47,
    "loserSegundoSaqueGanado" : 13,
    "loserDobleFalta" : 1,
    "loserServingPoints" : 99,
    "loserServingGames" : 13
  }, {
    "torneo" : "Eskisehir CH",
    "fecha" : "20130715",
    "superficie" : "Hard",
    "resultado" : "6-3 6-4",
    "contrincante" : "Alexandros Jakupovic",
    "ganador" : false,
    "winnerAces" : 1,
    "winnerPrimerSaqueDentro" : 42,
    "winnerPrimerSaqueGanado" : 31,
    "winnerSegundoSaqueGanado" : 10,
    "winnerDobleFalta" : 0,
    "winnerServingPoints" : 58,
    "winnerServingGames" : 10,
    "loserAces" : 3,
    "loserPrimerSaqueDentro" : 52,
    "loserPrimerSaqueGanado" : 31,
    "loserSegundoSaqueGanado" : 9,
    "loserDobleFalta" : 3,
    "loserServingPoints" : 71,