{
  "nombre" : "Tim Puetz",
  "mano" : "R",
  "nacionalidad" : "GER",
  "edad" : 25.8069815195,
  "ganar1Saque" : 0.7322236164049669,
  "ganar2Saque" : 0.5375657867301594,
  "primerSaque" : 0.5058168768882751,
  "segundoSaque" : 0.4440538788383657,
  "ganarPuntoSacando" : 0.6090792355621237,
  "ganarPuntoRestando" : 0.37477193543266946,
  "probAce" : 0.06907477974891663,
  "clay" : {
    "nombre" : "Clay",
    "probVictoria" : 0.4545454680919647,
    "probGanarPrimerSaque" : 0.7159672216935591,
    "probGanarSegundoSaque" : 0.5230849168517373,
    "probPrimerSaque" : 0.49722032113508746,
    "probSegundoSaque" : 0.4706756906075911,
    "probGanarPuntoSacando" : 0.6021968063782737,
    "probGanarPuntoRestando" : 0.38929989161511824,
    "probAce" : 0.0
  },
  "grass" : {
    "nombre" : "Grass",
    "probVictoria" : 0.0,
    "probGanarPrimerSaque" : 0.0,
    "probGanarSegundoSaque" : 0.0,
    "probPrimerSaque" : 0.0,
    "probSegundoSaque" : 0.0,
    "probGanarPuntoSacando" : 0.0,
    "probGanarPuntoRestando" : 0.0,
    "probAce" : 0.0
  },
  "hard" : {
    "nombre" : "Hard",
    "probVictoria" : 0.2857142984867096,
    "probGanarPrimerSaque" : 0.7285560965538025,
    "probGanarSegundoSaque" : 0.5291887394019535,
    "probPrimerSaque" : 0.5048345455101558,
    "probSegundoSaque" : 0.4312569115843092,
    "probGanarPuntoSacando" : 0.5960165872820724,
    "probGanarPuntoRestando" : 0.33365816691544997,
    "probAce" : 0.0
  },
  "other" : {
    "nombre" : "Other",
    "probVictoria" : 0.75,
    "probGanarPrimerSaque" : 0.7833468616008759,
    "probGanarSegundoSaque" : 0.5920480117201805,
    "probPrimerSaque" : 0.5311764851212502,
    "probSegundoSaque" : 0.3932385891675949,
    "probGanarPuntoSacando" : 0.6489115574242391,
    "probGanarPuntoRestando" : 0.40676915083606935,
    "probAce" : 0.0
  },
  "partidos" : [ {
    "torneo" : "Petange CH",
    "fecha" : "20130909",
    "superficie" : "Hard",
    "resultado" : "6-4 1-0 RET",
    "contrincante" : "Alexandre Sidorenko",
    "ganador" : true,
    "winnerAces" : 4,
    "winnerPrimerSaqueDentro" : 16,
    "winnerPrimerSaqueGanado" : 13,
    "winnerSegundoSaqueGanado" : 5,
    "winnerDobleFalta" : 3,
    "winnerServingPoints" : 26,
    "winnerServingGames" : 5,
    "loserAces" : 1,
    "loserPrimerSaqueDentro" : 14,
    "loserPrimerSaqueGanado" : 9,
    "loserSegundoSaqueGanado" : 10,
    "loserDobleFalta" : 3,
    "loserServingPoints" : 37,
    "loserServingGames" : 6
  }, {
    "torneo" : "Petange CH",
    "fecha" : "20130909",
    "superficie" : "Hard",
    "resultado" : "6-2 6-1",
    "contrincante" : "Paul Henri Mathieu",
    "ganador" : false,
    "winnerAces" : 6,
    "winnerPrimerSaqueDentro" : 20,
    "winnerPrimerSaqueGanado" : 18,
    "winnerSegundoSaqueGanado" : 15,
    "winnerDobleFalta" : 5,
    "winnerServingPoints" : 44,
    "winnerServingGames" : 8,
    "loserAces" : 1,
    "loserPrimerSaqueDentro" : 14,
    "loserPrimerSaqueGanado" : 11,
    "loserSegundoSaqueGanado" : 9,
    "loserDobleFalta" : 4,
    "loserServingPoints" : 38,
    "loserServingGames" : 7
  }, {
    "torneo" : "Marburg CH",
    "fecha" : "20130624",
    "superficie" : "Clay",
    "resultado" : "6-7(5) 6-1 6-4",
    "contrincante" : "Maximilian Marterer",
    "ganador" : true,
    "winnerAces" : 8,
    "winnerPrimerSaqueDentro" : 41,
    "winnerPrimerSaqueGanado" : 32,
    "winnerSegundoSaqueGanado" : 25,
    "winnerDobleFalta" : 3,
    "winnerServingPoints" : 85,
    "winnerServingGames" : 15,
    "loserAces" : 3,
    "loserPrimerSaqueDentro" : 48,
    "loserPrimerSaqueGanado" : 29,
    "loserSegundoSaqueGanado" : 18,
    "loserDobleFalta" : 6,
    "loserServingPoints" : 84,
    "loserServingGames" : 14
  }, {
    "torneo" : "Marburg CH",
    "fecha" : "20130624",
    "superficie" : "Clay",
    "resultado" : "6-7(9) 7-6(3) 6-4",
    "contrincante" : "Ruben Ramirez Hidalgo",
    "ganador" : true,
    "winnerAces" : 7,
    "winnerPrimerSaqueDentro" : 64,
    "winnerPrimerSaqueGanado" : 44,
    "winnerSegundoSaqueGanado" : 29,
    "winnerDobleFalta" : 5,
    "winnerServingPoints" : 124,
    "winnerServingGames" : 17,
    "loserAces" : 3,
    "loserPrimerSaqueDentro" : 65,
    "loserPrimerSaqueGanado" : 40,
    "loserSegundoSaqueGanado" : 28,
    "loserDobleFalta" : 6,
    "loserServingPoints" : 123,
    "loserServingGames" : 17
  }, {
    "torneo" : "Marburg CH",
    "fecha" : "20130624",
    "superficie" : "Clay",
    "resultado" : "6-4 6-2",
    "contrincante" : "Andrey Golubev",
    "ganador" : false,
    "winnerAces" : 1,
    "winnerPrimerSaqueDentro" : 35,
    "winnerPrimerSaqueGanado" : 28,
    "winnerSegundoSaqueGanado" : 14,
    "winnerDobleFalta" : 1,
    "winnerServingPoints" : 58,
    "winnerServingGames" : 9,
    "loserAces" : 2,
    "loserPrimerSaqueDentro" : 31,
    "loserPrimerSaqueGanado" : 24,
    "loserSegundoSaqueGanado" : 6,
    "loserDobleFalta" : 1,
    "loserServingPoints" : 51,
    "loserServingGames" : 9
  }, {
    "torneo" : "Kazan2 CH",
    "fecha" : "20131021",
    "superficie" : "Hard",
    "resultado" : "7-5 6-4",
    "contrincante" : "Teymuraz Gabashvili",
    "ganador" : true,
    "winnerAces" : 11,
    "winnerPrimerSaqueDentro" : 42,
    "winnerPrimerSaqueGanado" : 34,
    "winnerSegundoSaqueGanado" : 10,
    "winnerDobleFalta" : 4,
    "winnerServingPoints" : 72,
    "winnerServingGames" : 11,
    "loserAces" : 3,
    "loserPrimerSaqueDentro" : 49,
    "loserPrimerSaqueGanado" : 32,
    "loserSegundoSaqueGanado" : 11,
    "loserDobleFalta" : 4,
    "loserServingPoints" : 77,
    "loserServingGames" : 11
  }, {
    "torneo" : "Kazan2 CH",
    "fecha" : "20131021",
    "superficie" : "Hard",
    "resultado" : "1-6 6-3 6-4",
    "contrincante" : "Alexander Lobkov",
    "ganador" : false,
    "winnerAces" : 2,
    "winnerPrimerSaqueDentro" : 51,
    "winnerPrimerSaqueGanado" : 32,
    "winnerSegundoSaqueGanado" : 15,
    "winnerDobleFalta" : 3,
    "winnerServingPoints" : 84,
    "winnerServingGames" : 13,
    "loserAces" : 7,
    "loserPrimerSaqueDentro" : 45,
    "loserPrimerSaqueGanado" : 29,
    "loserSegundoSaqueGanado" : 17,
    "loserDobleFalta" : 5,
    "loserServingPoints" : 80,
    "loserServingGames" : 13
  }, {
    "torneo" : "Liberec CH",
    "fecha" : "20130729",
    "superficie" : "Clay",
    "resultado" : "6-4 7-5",
    "contrincante" : "Radu Albot",
    "ganador" : true,
    "winnerAces" : 4,
    "winnerPrimerSaqueDentro" : 31,
    "winnerPrimerSaqueGanado" : 24,
    "winnerSegundoSaqueGanado" : 17,
    "winnerDobleFalta" : 1,
    "winnerServingPoints" : 63,
    "winnerServingGames" : 11,
    "loserAces" : 1,
    "loserPrimerSaqueDentro" : 51,
    "loserPrimerSaqueGanado" : 32,
    "loserSegundoSaqueGanado" : 9,
    "loserDobleFalta" : 3,
    "loserServingPoints" : 75,
    "loserServingGames" : 11
  }, {
    "torneo" : "Liberec CH",
    "fecha" : "20130729",
    "superficie" : "Clay",
    "resultado" : "6-3 1-6 6-2",
    "contrincante" : "Jan Mertl",
    "ganador" : false,
    "winnerAces" : 9,
    "winnerPrimerSaqueDentro" : 49,
    "winnerPrimerSaqueGanado" : 37,
    "winnerSegundoSaqueGanado" : 12,
    "winnerDobleFalta" : 4,
    "winnerServingPoints" : 78,
    "winnerServingGames" : 12,
    "loserAces" : 3,
    "loserPrimerSaqueDentro" : 33,
    "loserPrimerSaqueGanado" : 27,
    "loserSegundoSaqueGanado" : 16,
    "loserDobleFalta" : 3,
    "loserServingPoints" : 65,
    "loserServingGames" : 12
  }, {
    "torneo" : "Ortisei CH",
    "fecha" : "20131104",
    "superficie" : "Hard",
    "resultado" : "6-3 3-6 7-6(7)",
    "contrincante" : "Matthias Bachinger",
    "ganador" : false,
    "winnerAces" : 10,
    "winnerPrimerSaqueDentro" : 45,
    "winnerPrimerSaqueGanado" : 40,
    "winnerSegundoSaqueGanado" : 22,
    "winnerDobleFalta" : 8,
    "winnerServingPoints" : 87,
    "winnerServingGames" : 15,
    "loserAces" : 8,
    "loserPrimerSaqueDentro" : 67,
    "loserPrimerSaqueGanado" : 45,
    "loserSegundoSaqueGanado" : 23,
    "loserDobleFalta" : 0,