{
  "nombre" : "Toshihide Matsui",
  "mano" : "R",
  "nacionalidad" : "JPN",
  "edad" : 35.4113620808,
  "ganar1Saque" : 0.6953781942526499,
  "ganar2Saque" : 0.5076414359112581,
  "primerSaque" : 0.6153484955430031,
  "segundoSaque" : 0.34102738276124,
  "ganarPuntoSacando" : 0.6010195559367524,
  "ganarPuntoRestando" : 0.27812047462521555,
  "probAce" : 0.09969788789749146,
  "clay" : {
    "nombre" : "Clay",
    "probVictoria" : 0.0,
    "probGanarPrimerSaque" : 0.5806451439857483,
    "probGanarSegundoSaque" : 0.25,
    "probPrimerSaque" : 0.6888889074325562,
    "probSegundoSaque" : 0.2666666805744171,
    "probGanarPuntoSacando" : 0.46666666898996567,
    "probGanarPuntoRestando" : 0.15151511177872123,
    "probAce" : 0.0
  },
  "grass" : {
    "nombre" : "Grass",
    "probVictoria" : 0.0,
    "probGanarPrimerSaque" : 0.0,
    "probGanarSegundoSaque" : 0.0,
    "probPrimerSaque" : 0.0,
    "probSegundoSaque" : 0.0,
    "probGanarPuntoSacando" : 0.0,
    "probGanarPuntoRestando" : 0.0,
    "probAce" : 0.0
  },
  "hard" : {
    "nombre" : "Hard",
    "probVictoria" : 0.30000001192092896,
    "probGanarPrimerSaque" : 0.7042962968349457,
    "probGanarSegundoSaque" : 0.5341697230935096,
    "probPrimerSaque" : 0.605350199341774,
    "probSegundoSaque" : 0.34674529582262037,
    "probGanarPuntoSacando" : 0.6115667423382538,
    "probGanarPuntoRestando" : 0.2902348495921938,
    "probAce" : 0.0
  },
  "other" : {
    "nombre" : "Other",
    "probVictoria" : 0.0,
    "probGanarPrimerSaque" : 0.7209302186965942,
    "probGanarSegundoSaque" : 0.5,
    "probPrimerSaque" : 0.641791045665741,
    "probSegundoSaque" : 0.35820895433425903,
    "probGanarPuntoSacando" : 0.641791036076448,
    "probGanarPuntoRestando" : 0.2835820878019273,
    "probAce" : 0.0
  },
  "partidos" : [ {
    "torneo" : "Kaohsiung CH",
    "fecha" : "20130916",
    "superficie" : "Hard",
    "resultado" : "6-1 6-4",
    "contrincante" : "Jimmy Wang",
    "ganador" : false,
    "winnerAces" : 7,
    "winnerPrimerSaqueDentro" : 26,
    "winnerPrimerSaqueGanado" : 24,
    "winnerSegundoSaqueGanado" : 11,
    "winnerDobleFalta" : 0,
    "winnerServingPoints" : 44,
    "winnerServingGames" : 8,
    "loserAces" : 6,
    "loserPrimerSaqueDentro" : 37,
    "loserPrimerSaqueGanado" : 25,
    "loserSegundoSaqueGanado" : 7,
    "loserDobleFalta" : 4,
    "loserServingPoints" : 62,
    "loserServingGames" : 9
  }, {
    "torneo" : "Kyoto CH",
    "fecha" : "20130304",
    "superficie" : "Carpet",
    "resultado" : "7-6(4) 6-4",
    "contrincante" : "John Millman",
    "ganador" : false,
    "winnerAces" : 7,
    "winnerPrimerSaqueDentro" : 41,
    "winnerPrimerSaqueGanado" : 32,
    "winnerSegundoSaqueGanado" : 16,
    "winnerDobleFalta" : 2,
    "winnerServingPoints" : 67,
    "winnerServingGames" : 11,
    "loserAces" : 4,
    "loserPrimerSaqueDentro" : 43,
    "loserPrimerSaqueGanado" : 31,
    "loserSegundoSaqueGanado" : 12,
    "loserDobleFalta" : 0,
    "loserServingPoints" : 67,
    "loserServingGames" : 11
  }, {
    "torneo" : "Bangkok CH",
    "fecha" : "20130826",
    "superficie" : "Hard",
    "resultado" : "6-1 6-4",
    "contrincante" : "Punn Bodhidatta",
    "ganador" : true,
    "winnerAces" : 6,
    "winnerPrimerSaqueDentro" : 33,
    "winnerPrimerSaqueGanado" : 24,
    "winnerSegundoSaqueGanado" : 14,
    "winnerDobleFalta" : 1,
    "winnerServingPoints" : 49,
    "winnerServingGames" : 9,
    "loserAces" : 2,
    "loserPrimerSaqueDentro" : 25,
    "loserPrimerSaqueGanado" : 16,
    "loserSegundoSaqueGanado" : 13,
    "loserDobleFalta" : 4,
    "loserServingPoints" : 57,
    "loserServingGames" : 8
  }, {
    "torneo" : "Bangkok CH",
    "fecha" : "20130826",
    "superficie" : "Hard",
    "resultado" : "6-4 2-1 RET",
    "contrincante" : "Blaz Kavcic",
    "ganador" : false,
    "winnerAces" : 5,
    "winnerPrimerSaqueDentro" : 25,
    "winnerPrimerSaqueGanado" : 20,
    "winnerSegundoSaqueGanado" : 7,
    "winnerDobleFalta" : 2,
    "winnerServingPoints" : 36,
    "winnerServingGames" : 6,
    "loserAces" : 6,
    "loserPrimerSaqueDentro" : 35,
    "loserPrimerSaqueGanado" : 23,
    "loserSegundoSaqueGanado" : 7,
    "loserDobleFalta" : 1,
    "loserServingPoints" : 51,
    "loserServingGames" : 7
  }, {
    "torneo" : "Shanghai CH",
    "fecha" : "20130902",
    "superficie" : "Hard",
    "resultado" : "6-3 6-4",
    "contrincante" : "Liang Chi Huang",
    "ganador" : true,
    "winnerAces" : 9,
    "winnerPrimerSaqueDentro" : 31,
    "winnerPrimerSaqueGanado" : 29,
    "winnerSegundoSaqueGanado" : 11,
    "winnerDobleFalta" : 1,
    "winnerServingPoints" : 46,
    "winnerServingGames" : 10,
    "loserAces" : 3,
    "loserPrimerSaqueDentro" : 34,
    "loserPrimerSaqueGanado" : 27,
    "loserSegundoSaqueGanado" : 4,
    "loserDobleFalta" : 0,
    "loserServingPoints" : 42,
    "loserServingGames" : 9
  }, {
    "torneo" : "Shanghai CH",
    "fecha" : "20130902",
    "superficie" : "Hard",
    "resultado" : "6-3 2-6 6-4",
    "contrincante" : "Ti Chen",
    "ganador" : true,
    "winnerAces" : 19,
    "winnerPrimerSaqueDentro" : 62,
    "winnerPrimerSaqueGanado" : 46,
    "winnerSegundoSaqueGanado" : 15,
    "winnerDobleFalta" : 3,
    "winnerServingPoints" : 101,
    "winnerServingGames" : 14,
    "loserAces" : 3,
    "loserPrimerSaqueDentro" : 78,
    "loserPrimerSaqueGanado" : 47,
    "loserSegundoSaqueGanado" : 13,
    "loserDobleFalta" : 1,
    "loserServingPoints" : 99,
    "loserServingGames" : 13
  }, {
    "torneo" : "Shanghai CH",
    "fecha" : "20130902",
    "superficie" : "Hard",
    "resultado" : "6-3 4-0 RET",
    "contrincante" : "Yasutaka Uchiyama",
    "ganador" : false,
    "winnerAces" : 5,
    "winnerPrimerSaqueDentro" : 29,
    "winnerPrimerSaqueGanado" : 23,
    "winnerSegundoSaqueGanado" : 9,
    "winnerDobleFalta" : 0,
    "winnerServingPoints" : 48,
    "winnerServingGames" : 7,
    "loserAces" : 5,
    "loserPrimerSaqueDentro" : 31,
    "loserPrimerSaqueGanado" : 18,
    "loserSegundoSaqueGanado" : 2,
    "loserDobleFalta" : 3,
    "loserServingPoints" : 43,
    "loserServingGames" : 6
  }, {
    "torneo" : "Seoul CH",
    "fecha" : "20131028",
    "superficie" : "Hard",
    "resultado" : "6-4 6-2",
    "contrincante" : "Di Wu",
    "ganador" : false,
    "winnerAces" : 2,
    "winnerPrimerSaqueDentro" : 21,
    "winnerPrimerSaqueGanado" : 18,
    "winnerSegundoSaqueGanado" : 16,
    "winnerDobleFalta" : 2,
    "winnerServingPoints" : 48,
    "winnerServingGames" : 9,
    "loserAces" : 0,
    "loserPrimerSaqueDentro" : 35,
    "loserPrimerSaqueGanado" : 22,
    "loserSegundoSaqueGanado" : 10,
    "loserDobleFalta" : 5,
    "loserServingPoints" : 60,
    "loserServingGames" : 9
  }, {
    "torneo" : "Beijing CH",
    "fecha" : "20130708",
    "superficie" : "Hard",
    "resultado" : "6-2 7-6(4)",
    "contrincante" : "Yan Bai",
    "ganador" : false,
    "winnerAces" : 6,
    "winnerPrimerSaqueDentro" : 30,
    "winnerPrimerSaqueGanado" : 24,
    "winnerSegundoSaqueGanado" : 17,
    "winnerDobleFalta" : 2,
    "winnerServingPoints" : 55,
    "winnerServingGames" : 10,
    "loserAces" : 6,
    "loserPrimerSaqueDentro" : 47,
    "loserPrimerSaqueGanado" : 32,
    "loserSegundoSaqueGanado" : 12,
    "loserDobleFalta" : 3,
    "loserServingPoints" : 76,
    "loserServingGames" : 10
  }, {
    "torneo" : "Noumea CH",
    "fecha" : "20121231",
    "superficie" : "Hard",
    "resultado" : "6-2 6-4",
    "contrincante" : "Andrej Martin",
    "ganador" : false,
    "winnerAces" : 1,
    "winnerPrimerSaqueDentro" : 37,
    "winnerPrimerSaqueGanado" : 26,
    "winnerSegundoSaqueGanado" : 14,
    "winnerDobleFalta" : 1,
    "winnerServingPoints" : 61,
    "winnerServingGames" : 9,
    "loserAces" : 2,
    "loserPrimerSaqueDentro" : 26,
    "loserPrimerSaqueGanado" : 16,
    "loserSegundoSaqueGanado" : 10,
    "loserDobleFalta" : 3,
    "loserServingPoints" : 47,
    "loserServingGames" : 9
  }, {
    "torneo" : "An-Ning CH",
    "fecha" : "20130429",