{
  "nombre" : "Yasutaka Uchiyama",
  "mano" : "R",
  "nacionalidad" : "JPN",
  "edad" : 21.1143052704,
  "ganar1Saque" : 0.7021381393074989,
  "ganar2Saque" : 0.48822281435132026,
  "primerSaque" : 0.6078875154256821,
  "segundoSaque" : 0.3453854501247406,
  "ganarPuntoSacando" : 0.5954460654851453,
  "ganarPuntoRestando" : 0.36516784526169477,
  "probAce" : 0.0881749838590622,
  "clay" : {
    "nombre" : "Clay",
    "probVictoria" : 0.0,
    "probGanarPrimerSaque" : 0.45945945382118225,
    "probGanarSegundoSaque" : 0.5,
    "probPrimerSaque" : 0.6166666746139526,
    "probSegundoSaque" : 0.30000001192092896,
    "probGanarPuntoSacando" : 0.43333333946831587,
    "probGanarPuntoRestando" : 0.4107143061759666,
    "probAce" : 0.0
  },
  "grass" : {
    "nombre" : "Grass",
    "probVictoria" : 0.0,
    "probGanarPrimerSaque" : 0.0,
    "probGanarSegundoSaque" : 0.0,
    "probPrimerSaque" : 0.0,
    "probSegundoSaque" : 0.0,
    "probGanarPuntoSacando" : 0.0,
    "probGanarPuntoRestando" : 0.0,
    "probAce" : 0.0
  },
  "hard" : {
    "nombre" : "Hard",
    "probVictoria" : 0.4000000059604645,
    "probGanarPrimerSaque" : 0.6875629981358846,
    "probGanarSegundoSaque" : 0.45645394424597424,
    "probPrimerSaque" : 0.5939173618952434,
    "probSegundoSaque" : 0.3660718927780787,
    "probGanarPuntoSacando" : 0.5754505613257921,
    "probGanarPuntoRestando" : 0.3598239652808103,
    "probAce" : 0.0
  },
  "other" : {
    "nombre" : "Other",
    "probVictoria" : 0.5,
    "probGanarPrimerSaque" : 0.8174645900726318,
    "probGanarSegundoSaque" : 0.604411780834198,
    "probPrimerSaque" : 0.6580808013677597,
    "probSegundoSaque" : 0.2791576497256756,
    "probGanarPuntoSacando" : 0.7066839247289496,
    "probGanarPuntoRestando" : 0.373820779961444,
    "probAce" : 0.0
  },
  "partidos" : [ {
    "torneo" : "Kaohsiung CH",
    "fecha" : "20130916",
    "superficie" : "Hard",
    "resultado" : "6-2 6-4",
    "contrincante" : "Yuichi Sugita",
    "ganador" : false,
    "winnerAces" : 4,
    "winnerPrimerSaqueDentro" : 25,
    "winnerPrimerSaqueGanado" : 20,
    "winnerSegundoSaqueGanado" : 16,
    "winnerDobleFalta" : 1,
    "winnerServingPoints" : 46,
    "winnerServingGames" : 9,
    "loserAces" : 8,
    "loserPrimerSaqueDentro" : 34,
    "loserPrimerSaqueGanado" : 28,
    "loserSegundoSaqueGanado" : 3,
    "loserDobleFalta" : 4,
    "loserServingPoints" : 52,
    "loserServingGames" : 9
  }, {
    "torneo" : "Kyoto CH",
    "fecha" : "20130304",
    "superficie" : "Carpet",
    "resultado" : "6-3 4-6 6-0",
    "contrincante" : "Shuichi Sekiguchi",
    "ganador" : true,
    "winnerAces" : 12,
    "winnerPrimerSaqueDentro" : 50,
    "winnerPrimerSaqueGanado" : 42,
    "winnerSegundoSaqueGanado" : 10,
    "winnerDobleFalta" : 5,
    "winnerServingPoints" : 72,
    "winnerServingGames" : 12,
    "loserAces" : 4,
    "loserPrimerSaqueDentro" : 76,
    "loserPrimerSaqueGanado" : 41,
    "loserSegundoSaqueGanado" : 19,
    "loserDobleFalta" : 1,
    "loserServingPoints" : 112,
    "loserServingGames" : 13
  }, {
    "torneo" : "Kyoto CH",
    "fecha" : "20130304",
    "superficie" : "Carpet",
    "resultado" : "7-6(0) 6-4",
    "contrincante" : "Matthew Barton",
    "ganador" : false,
    "winnerAces" : 12,
    "winnerPrimerSaqueDentro" : 44,
    "winnerPrimerSaqueGanado" : 34,
    "winnerSegundoSaqueGanado" : 22,
    "winnerDobleFalta" : 5,
    "winnerServingPoints" : 83,
    "winnerServingGames" : 11,
    "loserAces" : 9,
    "loserPrimerSaqueDentro" : 37,
    "loserPrimerSaqueGanado" : 30,
    "loserSegundoSaqueGanado" : 14,
    "loserDobleFalta" : 3,
    "loserServingPoints" : 60,
    "loserServingGames" : 11
  }, {
    "torneo" : "Bangkok CH",
    "fecha" : "20130826",
    "superficie" : "Hard",
    "resultado" : "3-6 6-0 7-6(3)",
    "contrincante" : "Liang Chi Huang",
    "ganador" : true,
    "winnerAces" : 7,
    "winnerPrimerSaqueDentro" : 50,
    "winnerPrimerSaqueGanado" : 42,
    "winnerSegundoSaqueGanado" : 15,
    "winnerDobleFalta" : 3,
    "winnerServingPoints" : 82,
    "winnerServingGames" : 13,
    "loserAces" : 6,
    "loserPrimerSaqueDentro" : 54,
    "loserPrimerSaqueGanado" : 33,
    "loserSegundoSaqueGanado" : 17,
    "loserDobleFalta" : 1,
    "loserServingPoints" : 82,
    "loserServingGames" : 14
  }, {
    "torneo" : "Bangkok CH",
    "fecha" : "20130826",
    "superficie" : "Hard",
    "resultado" : "6-1 6-3",
    "contrincante" : "Yuichi Sugita",
    "ganador" : false,
    "winnerAces" : 1,
    "winnerPrimerSaqueDentro" : 31,
    "winnerPrimerSaqueGanado" : 24,
    "winnerSegundoSaqueGanado" : 10,
    "winnerDobleFalta" : 3,
    "winnerServingPoints" : 52,
    "winnerServingGames" : 8,
    "loserAces" : 4,
    "loserPrimerSaqueDentro" : 32,
    "loserPrimerSaqueGanado" : 18,
    "loserSegundoSaqueGanado" : 3,
    "loserDobleFalta" : 2,
    "loserServingPoints" : 45,
    "loserServingGames" : 8
  }, {
    "torneo" : "Shanghai CH",
    "fecha" : "20130902",
    "superficie" : "Hard",
    "resultado" : "3-6 6-4 7-6(7)",
    "contrincante" : "Zhizhen Zhang",
    "ganador" : true,
    "winnerAces" : 7,
    "winnerPrimerSaqueDentro" : 77,
    "winnerPrimerSaqueGanado" : 54,
    "winnerSegundoSaqueGanado" : 22,
    "winnerDobleFalta" : 2,
    "winnerServingPoints" : 120,
    "winnerServingGames" : 16,
    "loserAces" : 12,
    "loserPrimerSaqueDentro" : 62,
    "loserPrimerSaqueGanado" : 46,
    "loserSegundoSaqueGanado" : 19,
    "loserDobleFalta" : 3,
    "loserServingPoints" : 104,
    "loserServingGames" : 15
  }, {
    "torneo" : "Shanghai CH",
    "fecha" : "20130902",
    "superficie" : "Hard",
    "resultado" : "4-6 7-6(9) 6-4",
    "contrincante" : "Benjamin Mitchell",
    "ganador" : true,
    "winnerAces" : 7,
    "winnerPrimerSaqueDentro" : 56,
    "winnerPrimerSaqueGanado" : 42,
    "winnerSegundoSaqueGanado" : 19,
    "winnerDobleFalta" : 3,
    "winnerServingPoints" : 100,
    "winnerServingGames" : 16,
    "loserAces" : 8,
    "loserPrimerSaqueDentro" : 85,
    "loserPrimerSaqueGanado" : 53,
    "loserSegundoSaqueGanado" : 13,
    "loserDobleFalta" : 7,
    "loserServingPoints" : 118,
    "loserServingGames" : 16
  }, {
    "torneo" : "Shanghai CH",
    "fecha" : "20130902",
    "superficie" : "Hard",
    "resultado" : "6-3 4-0 RET",
    "contrincante" : "Toshihide Matsui",
    "ganador" : true,
    "winnerAces" : 5,
    "winnerPrimerSaqueDentro" : 29,
    "winnerPrimerSaqueGanado" : 23,
    "winnerSegundoSaqueGanado" : 9,
    "winnerDobleFalta" : 0,
    "winnerServingPoints" : 48,
    "winnerServingGames" : 7,
    "loserAces" : 5,
    "loserPrimerSaqueDentro" : 31,
    "loserPrimerSaqueGanado" : 18,
    "loserSegundoSaqueGanado" : 2,
    "loserDobleFalta" : 3,
    "loserServingPoints" : 43,
    "loserServingGames" : 6
  }, {
    "torneo" : "Shanghai CH",
    "fecha" : "20130902",
    "superficie" : "Hard",
    "resultado" : "6-1 6-3",
    "contrincante" : "Hiroki Moriya",
    "ganador" : false,
    "winnerAces" : 4,
    "winnerPrimerSaqueDentro" : 35,
    "winnerPrimerSaqueGanado" : 27,
    "winnerSegundoSaqueGanado" : 8,
    "winnerDobleFalta" : 0,
    "winnerServingPoints" : 48,
    "winnerServingGames" : 8,
    "loserAces" : 3,
    "loserPrimerSaqueDentro" : 27,
    "loserPrimerSaqueGanado" : 15,
    "loserSegundoSaqueGanado" : 10,
    "loserDobleFalta" : 1,
    "loserServingPoints" : 48,
    "loserServingGames" : 8
  }, {
    "torneo" : "Melbourne CH",
    "fecha" : "20131021",
    "superficie" : "Hard",
    "resultado" : "6-7(3) 6-3 6-3",
    "contrincante" : "Matthew Ebden",
    "ganador" : false,
    "winnerAces" : 8,
    "winnerPrimerSaqueDentro" : 53,
    "winnerPrimerSaqueGanado" : 42,
    "winnerSegundoSaqueGanado" : 17,
    "winnerDobleFalta" : 3,
    "winnerServingPoints" : 80,
    "winnerServingGames" : 15,
    "loserAces" : 7,
    "loserPrimerSaqueDentro" : 68,
    "loserPrimerSaqueGanado" : 46,
    "loserSegundoSaqueGanado" : 20,
    "loserDobleFalta" : 2,
    "loserServingPoints" : 118,