{
  "nombre" : "Agustin Calleri",
  "mano" : "R",
  "nacionalidad" : "ARG",
  "edad" : 32.424366872,
  "ganar1Saque" : 0.6755116581916809,
  "ganar2Saque" : 0.5200041096944076,
  "primerSaque" : 0.5553266887481396,
  "segundoSaque" : 0.38498917107398695,
  "ganarPuntoSacando" : 0.5753256035006677,
  "ganarPuntoRestando" : 0.30618089884165334,
  "probAce" : 0.06358974426984787,
  "clay" : {
    "nombre" : "Clay",
    "probVictoria" : 0.1818181872367859,
    "probGanarPrimerSaque" : 0.6862010189465114,
    "probGanarSegundoSaque" : 0.5396085679531097,
    "probPrimerSaque" : 0.5772933534213475,
    "probSegundoSaque" : 0.3770996161869594,
    "probGanarPuntoSacando" : 0.5996254712150897,
    "probGanarPuntoRestando" : 0.30465744464373984,
    "probAce" : 0.0
  },
  "grass" : {
    "nombre" : "Grass",
    "probVictoria" : 0.0,
    "probGanarPrimerSaque" : 0.5873016119003296,
    "probGanarSegundoSaque" : 0.4444444477558136,
    "probPrimerSaque" : 0.7325581312179565,
    "probSegundoSaque" : 0.20930232107639313,
    "probGanarPuntoSacando" : 0.5232558257798066,
    "probGanarPuntoRestando" : 0.22857141003305892,
    "probAce" : 0.0
  },
  "hard" : {
    "nombre" : "Hard",
    "probVictoria" : 0.20000000298023224,
    "probGanarPrimerSaque" : 0.6781885623931885,
    "probGanarSegundoSaque" : 0.5076698005199433,
    "probPrimerSaque" : 0.4891270697116852,
    "probSegundoSaque" : 0.43117191791534426,
    "probGanarPuntoSacando" : 0.5506133457932448,
    "probGanarPuntoRestando" : 0.32383563248045116,
    "probAce" : 0.0
  },
  "other" : {
    "nombre" : "Other",
    "probVictoria" : 0.0,
    "probGanarPrimerSaque" : 0.0,
    "probGanarSegundoSaque" : 0.0,
    "probPrimerSaque" : 0.0,
    "probSegundoSaque" : 0.0,
    "probGanarPuntoSacando" : 0.0,
    "probGanarPuntoRestando" : 0.0,
    "probAce" : 0.0
  },
  "partidos" : [ {
    "torneo" : "Buenos Aires",
    "fecha" : "20090216",
    "superficie" : "Clay",
    "resultado" : "6-3 6-4",
    "contrincante" : "Juan Carlos Ferrero",
    "ganador" : false,
    "winnerAces" : 1,
    "winnerPrimerSaqueDentro" : 41,
    "winnerPrimerSaqueGanado" : 31,
    "winnerSegundoSaqueGanado" : 11,
    "winnerDobleFalta" : 0,
    "winnerServingPoints" : 53,
    "winnerServingGames" : 10,
    "loserAces" : 6,
    "loserPrimerSaqueDentro" : 39,
    "loserPrimerSaqueGanado" : 30,
    "loserSegundoSaqueGanado" : 11,
    "loserDobleFalta" : 3,
    "loserServingPoints" : 67,
    "loserServingGames" : 9
  }, {
    "torneo" : "Houston",
    "fecha" : "20090406",
    "superficie" : "Clay",
    "resultado" : "6-3 6-3",
    "contrincante" : "Sergio Roitman",
    "ganador" : false,
    "winnerAces" : 5,
    "winnerPrimerSaqueDentro" : 39,
    "winnerPrimerSaqueGanado" : 30,
    "winnerSegundoSaqueGanado" : 3,
    "winnerDobleFalta" : 1,
    "winnerServingPoints" : 46,
    "winnerServingGames" : 9,
    "loserAces" : 0,
    "loserPrimerSaqueDentro" : 33,
    "loserPrimerSaqueGanado" : 16,
    "loserSegundoSaqueGanado" : 11,
    "loserDobleFalta" : 3,
    "loserServingPoints" : 50,
    "loserServingGames" : 9
  }, {
    "torneo" : "Auckland",
    "fecha" : "20090112",
    "superficie" : "Hard",
    "resultado" : "3-6 6-4 6-4",
    "contrincante" : "Marc Gicquel",
    "ganador" : false,
    "winnerAces" : 4,
    "winnerPrimerSaqueDentro" : 59,
    "winnerPrimerSaqueGanado" : 41,
    "winnerSegundoSaqueGanado" : 21,
    "winnerDobleFalta" : 7,
    "winnerServingPoints" : 96,
    "winnerServingGames" : 15,
    "loserAces" : 9,
    "loserPrimerSaqueDentro" : 39,
    "loserPrimerSaqueGanado" : 29,
    "loserSegundoSaqueGanado" : 26,
    "loserDobleFalta" : 2,
    "loserServingPoints" : 86,
    "loserServingGames" : 14
  }, {
    "torneo" : "Miami Masters",
    "fecha" : "20090325",
    "superficie" : "Hard",
    "resultado" : "6-4 3-6 6-3",
    "contrincante" : "Christophe Rochus",
    "ganador" : true,
    "winnerAces" : 11,
    "winnerPrimerSaqueDentro" : 41,
    "winnerPrimerSaqueGanado" : 34,
    "winnerSegundoSaqueGanado" : 21,
    "winnerDobleFalta" : 10,
    "winnerServingPoints" : 87,
    "winnerServingGames" : 14,
    "loserAces" : 5,
    "loserPrimerSaqueDentro" : 41,
    "loserPrimerSaqueGanado" : 28,
    "loserSegundoSaqueGanado" : 21,
    "loserDobleFalta" : 2,
    "loserServingPoints" : 83,
    "loserServingGames" : 14
  }, {
    "torneo" : "Miami Masters",
    "fecha" : "20090325",
    "superficie" : "Hard",
    "resultado" : "6-1 6-1",
    "contrincante" : "Jo Wilfried Tsonga",
    "ganador" : false,
    "winnerAces" : 5,
    "winnerPrimerSaqueDentro" : 22,
    "winnerPrimerSaqueGanado" : 21,
    "winnerSegundoSaqueGanado" : 8,
    "winnerDobleFalta" : 1,
    "winnerServingPoints" : 35,
    "winnerServingGames" : 7,
    "loserAces" : 1,
    "loserPrimerSaqueDentro" : 21,
    "loserPrimerSaqueGanado" : 12,
    "loserSegundoSaqueGanado" : 8,
    "loserDobleFalta" : 3,
    "loserServingPoints" : 47,
    "loserServingGames" : 7
  }, {
    "torneo" : "Viña del Mar",
    "fecha" : "20090202",
    "superficie" : "Clay",
    "resultado" : "7-6(4) 6-1",
    "contrincante" : "Nicolas Massu",
    "ganador" : true,
    "winnerAces" : 3,
    "winnerPrimerSaqueDentro" : 44,
    "winnerPrimerSaqueGanado" : 34,
    "winnerSegundoSaqueGanado" : 7,
    "winnerDobleFalta" : 0,
    "winnerServingPoints" : 65,
    "winnerServingGames" : 10,
    "loserAces" : 1,
    "loserPrimerSaqueDentro" : 39,
    "loserPrimerSaqueGanado" : 21,
    "loserSegundoSaqueGanado" : 12,
    "loserDobleFalta" : 2,
    "loserServingPoints" : 63,
    "loserServingGames" : 9
  }, {
    "torneo" : "Viña del Mar",
    "fecha" : "20090202",
    "superficie" : "Clay",
    "resultado" : "7-6(3) 7-5",
    "contrincante" : "Sebastian Decoud",
    "ganador" : false,
    "winnerAces" : 2,
    "winnerPrimerSaqueDentro" : 56,
    "winnerPrimerSaqueGanado" : 42,
    "winnerSegundoSaqueGanado" : 9,
    "winnerDobleFalta" : 4,
    "winnerServingPoints" : 76,
    "winnerServingGames" : 12,
    "loserAces" : 6,
    "loserPrimerSaqueDentro" : 45,
    "loserPrimerSaqueGanado" : 30,
    "loserSegundoSaqueGanado" : 16,
    "loserDobleFalta" : 2,
    "loserServingPoints" : 78,
    "loserServingGames" : 12
  }, {
    "torneo" : "Kitzbuhel",
    "fecha" : "20090517",
    "superficie" : "Clay",
    "resultado" : "3-6 7-5 0-1 RET",
    "contrincante" : "Yen Hsun Lu",
    "ganador" : true,
    "winnerAces" : 5,
    "winnerPrimerSaqueDentro" : 42,
    "winnerPrimerSaqueGanado" : 29,
    "winnerSegundoSaqueGanado" : 19,
    "winnerDobleFalta" : 7,
    "winnerServingPoints" : 79,
    "winnerServingGames" : 11,
    "loserAces" : 8,
    "loserPrimerSaqueDentro" : 37,
    "loserPrimerSaqueGanado" : 30,
    "loserSegundoSaqueGanado" : 14,
    "loserDobleFalta" : 4,
    "loserServingPoints" : 68,
    "loserServingGames" : 11
  }, {
    "torneo" : "Kitzbuhel",
    "fecha" : "20090517",
    "superficie" : "Clay",
    "resultado" : "6-4 7-5",
    "contrincante" : "Jurgen Melzer",
    "ganador" : false,
    "winnerAces" : 5,
    "winnerPrimerSaqueDentro" : 39,
    "winnerPrimerSaqueGanado" : 31,
    "winnerSegundoSaqueGanado" : 13,
    "winnerDobleFalta" : 5,
    "winnerServingPoints" : 65,
    "winnerServingGames" : 11,
    "loserAces" : 3,
    "loserPrimerSaqueDentro" : 38,
    "loserPrimerSaqueGanado" : 24,
    "loserSegundoSaqueGanado" : 18,
    "loserDobleFalta" : 3,
    "loserServingPoints" : 71,
    "loserServingGames" : 11
  }, {
    "torneo" : "Australian Open",
    "fecha" : "20090119",
    "superficie" : "Hard",
    "resultado" : "3-6 7-6(5) 6-2 6-0",
    "contrincante" : "Guillermo Garcia Lopez",
    "ganador" : false,
    "winnerAces" : 4,
    "winnerPrimerSaqueDentro" : 69,
    "winnerPrimerSaqueGanado" : 44,
    "winnerSegundoSaqueGanado" : 24,
    "winnerDobleFalta" : 5,
    "winnerServingPoints" : 113,
    "winnerServingGames" : 18,
    "loserAces" : 10,
    "loserPrimerSaqueDentro" : 62,
    "loserPrimerSaqueGanado" : 41,
    "loserSegundoSaqueGanado" : 15,
    "loserDobleFalta" : 12,