{
  "nombre" : "Andrei Pavel",
  "mano" : "R",
  "nacionalidad" : "ROU",
  "edad" : 35.5920602327,
  "ganar1Saque" : 0.6350369155406952,
  "ganar2Saque" : 0.5061644464731216,
  "primerSaque" : 0.6249165137608846,
  "segundoSaque" : 0.3346060812473297,
  "ganarPuntoSacando" : 0.5662107572702516,
  "ganarPuntoRestando" : 0.2917956168044306,
  "probAce" : 0.04008015990257263,
  "clay" : {
    "nombre" : "Clay",
    "probVictoria" : 0.0,
    "probGanarPrimerSaque" : 0.5845486223697662,
    "probGanarSegundoSaque" : 0.6275862157344818,
    "probPrimerSaque" : 0.7154255211353302,
    "probSegundoSaque" : 0.27925531566143036,
    "probGanarPuntoSacando" : 0.5934577895675246,
    "probGanarPuntoRestando" : 0.24540517430345554,
    "probAce" : 0.0
  },
  "grass" : {
    "nombre" : "Grass",
    "probVictoria" : 0.25,
    "probGanarPrimerSaque" : 1.4472740292549133,
    "probGanarSegundoSaque" : 0.49494439363479614,
    "probPrimerSaque" : 0.5939393937587738,
    "probSegundoSaque" : 0.353409081697464,
    "probGanarPuntoSacando" : 1.0345109031842625,
    "probGanarPuntoRestando" : 0.3401381610624483,
    "probAce" : 0.0
  },
  "hard" : {
    "nombre" : "Hard",
    "probVictoria" : 0.0,
    "probGanarPrimerSaque" : 0.5969251096248627,
    "probGanarSegundoSaque" : 0.395962730050087,
    "probPrimerSaque" : 0.5653846263885498,
    "probSegundoSaque" : 0.3711538463830948,
    "probGanarPuntoSacando" : 0.4844553703696379,
    "probGanarPuntoRestando" : 0.2898435150473879,
    "probAce" : 0.0
  },
  "other" : {
    "nombre" : "Other",
    "probVictoria" : 0.0,
    "probGanarPrimerSaque" : 0.0,
    "probGanarSegundoSaque" : 0.0,
    "probPrimerSaque" : 0.0,
    "probSegundoSaque" : 0.0,
    "probGanarPuntoSacando" : 0.0,
    "probGanarPuntoRestando" : 0.0,
    "probAce" : 0.0
  },
  "partidos" : [ {
    "torneo" : "US Open",
    "fecha" : "20090831",
    "superficie" : "Hard",
    "resultado" : "5-7 6-2 6-4 6-0",
    "contrincante" : "Robby Ginepri",
    "ganador" : false,
    "winnerAces" : 7,
    "winnerPrimerSaqueDentro" : 65,
    "winnerPrimerSaqueGanado" : 48,
    "winnerSegundoSaqueGanado" : 14,
    "winnerDobleFalta" : 1,
    "winnerServingPoints" : 101,
    "winnerServingGames" : 18,
    "loserAces" : 3,
    "loserPrimerSaqueDentro" : 68,
    "loserPrimerSaqueGanado" : 41,
    "loserSegundoSaqueGanado" : 20,
    "loserDobleFalta" : 6,
    "loserServingPoints" : 120,
    "loserServingGames" : 18
  }, {
    "torneo" : "Queen's Club",
    "fecha" : "20090608",
    "superficie" : "Grass",
    "resultado" : "6-4 7-6(6)",
    "contrincante" : "Paul Henri Mathieu",
    "ganador" : false,
    "winnerAces" : 8,
    "winnerPrimerSaqueDentro" : 38,
    "winnerPrimerSaqueGanado" : 31,
    "winnerSegundoSaqueGanado" : 17,
    "winnerDobleFalta" : 1,
    "winnerServingPoints" : 67,
    "winnerServingGames" : 11,
    "loserAces" : 7,
    "loserPrimerSaqueDentro" : 41,
    "loserPrimerSaqueGanado" : 31,
    "loserSegundoSaqueGanado" : 11,
    "loserDobleFalta" : 2,
    "loserServingPoints" : 66,
    "loserServingGames" : 11
  }, {
    "torneo" : "Bucharest",
    "fecha" : "20090921",
    "superficie" : "Clay",
    "resultado" : "6-3 7-6(2)",
    "contrincante" : "Pablo Cuevas",
    "ganador" : false,
    "winnerAces" : 8,
    "winnerPrimerSaqueDentro" : 45,
    "winnerPrimerSaqueGanado" : 36,
    "winnerSegundoSaqueGanado" : 11,
    "winnerDobleFalta" : 1,
    "winnerServingPoints" : 63,
    "winnerServingGames" : 11,
    "loserAces" : 1,
    "loserPrimerSaqueDentro" : 45,
    "loserPrimerSaqueGanado" : 28,
    "loserSegundoSaqueGanado" : 9,
    "loserDobleFalta" : 0,
    "loserServingPoints" : 60,
    "loserServingGames" : 10
  }, {
    "torneo" : "Australian Open",
    "fecha" : "20090119",
    "superficie" : "Hard",
    "resultado" : "6-2 3-1 RET",
    "contrincante" : "Andy Murray",
    "ganador" : false,
    "winnerAces" : 2,
    "winnerPrimerSaqueDentro" : 20,
    "winnerPrimerSaqueGanado" : 20,
    "winnerSegundoSaqueGanado" : 5,
    "winnerDobleFalta" : 3,
    "winnerServingPoints" : 31,
    "winnerServingGames" : 6,
    "loserAces" : 0,
    "loserPrimerSaqueDentro" : 22,
    "loserPrimerSaqueGanado" : 13,
    "loserSegundoSaqueGanado" : 5,
    "loserDobleFalta" : 3,
    "loserServingPoints" : 39,
    "loserServingGames" : 6
  }, {
    "torneo" : "Roland Garros",
    "fecha" : "20090525",
    "superficie" : "Clay",
    "resultado" : "6-1 6-4 6-4",
    "contrincante" : "Tommy Haas",
    "ganador" : false,
    "winnerAces" : 9,
    "winnerPrimerSaqueDentro" : 54,
    "winnerPrimerSaqueGanado" : 48,
    "winnerSegundoSaqueGanado" : 10,
    "winnerDobleFalta" : 3,
    "winnerServingPoints" : 76,
    "winnerServingGames" : 14,
    "loserAces" : 3,
    "loserPrimerSaqueDentro" : 64,
    "loserPrimerSaqueGanado" : 35,
    "loserSegundoSaqueGanado" : 19,
    "loserDobleFalta" : 1,
    "loserServingPoints" : 94,
    "loserServingGames" : 13
  }, {
    "torneo" : "Wimbledon",
    "fecha" : "20090622",
    "superficie" : "Grass",
    "resultado" : "6-3 2-6 6-1 2-6 6-1",
    "contrincante" : "Thiago Alves",
    "ganador" : false,
    "winnerAces" : 3,
    "winnerPrimerSaqueDentro" : 80,
    "winnerPrimerSaqueGanado" : 56,
    "winnerSegundoSaqueGanado" : 17,
    "winnerDobleFalta" : 4,
    "winnerServingPoints" : 121,
    "winnerServingGames" : 19,
    "loserAces" : 6,
    "loserPrimerSaqueDentro" : 68,
    "loserPrimerSaqueGanado" : 47,
    "loserSegundoSaqueGanado" : 22,
    "loserDobleFalta" : 9,
    "loserServingPoints" : 120,
    "loserServingGames" : 20
  }, {
    "torneo" : "s-Hertogenbosch Q",
    "fecha" : "20090614",
    "superficie" : "Grass",
    "resultado" : "6-3 7-6(10)",
    "contrincante" : "Horia Tecau",
    "ganador" : true,
    "winnerAces" : 0,
    "winnerPrimerSaqueDentro" : 0,
    "winnerPrimerSaqueGanado" : 0,
    "winnerSegundoSaqueGanado" : 0,
    "winnerDobleFalta" : 0,
    "winnerServingPoints" : 0,
    "winnerServingGames" : 0,
    "loserAces" : 0,
    "loserPrimerSaqueDentro" : 0,
    "loserPrimerSaqueGanado" : 0,
    "loserSegundoSaqueGanado" : 0,
    "loserDobleFalta" : 0,
    "loserServingPoints" : 0,
    "loserServingGames" : 0
  }, {
    "torneo" : "s-Hertogenbosch Q",
    "fecha" : "20090614",
    "superficie" : "Grass",
    "resultado" : "7-6(5) 6-3",
    "contrincante" : "Thiemo De Bakker",
    "ganador" : false,
    "winnerAces" : 0,
    "winnerPrimerSaqueDentro" : 0,
    "winnerPrimerSaqueGanado" : 0,
    "winnerSegundoSaqueGanado" : 0,
    "winnerDobleFalta" : 0,
    "winnerServingPoints" : 0,
    "winnerServingGames" : 0,
    "loserAces" : 0,
    "loserPrimerSaqueDentro" : 0,
    "loserPrimerSaqueGanado" : 0,
    "loserSegundoSaqueGanado" : 0,
    "loserDobleFalta" : 0,
    "loserServingPoints" : 0,
    "loserServingGames" : 0
  } ]
}