{
  "nombre" : "Gilles Muller",
  "mano" : "L",
  "nacionalidad" : "LUX",
  "edad" : 25.6810403833,
  "ganar1Saque" : 0.7462571731635502,
  "ganar2Saque" : 0.580369967680711,
  "primerSaque" : 0.6335569620132446,
  "segundoSaque" : 0.32560255378484726,
  "ganarPuntoSacando" : 0.6617663711269595,
  "ganarPuntoRestando" : 0.2998161878714989,
  "probAce" : 0.12480498850345612,
  "clay" : {
    "nombre" : "Clay",
    "probVictoria" : 0.0,
    "probGanarPrimerSaque" : 0.6666666865348816,
    "probGanarSegundoSaque" : 0.53125,
    "probPrimerSaque" : 0.6333333253860474,
    "probSegundoSaque" : 0.35555556416511536,
    "probGanarPuntoSacando" : 0.6111111229699517,
    "probGanarPuntoRestando" : 0.15584411917729435,
    "probAce" : 0.0
  },
  "grass" : {
    "nombre" : "Grass",
    "probVictoria" : 0.20000000298023224,
    "probGanarPrimerSaque" : 3.0872727632522583,
    "probGanarSegundoSaque" : 0.62178885191679,
    "probPrimerSaque" : 0.6275328248739243,
    "probSegundoSaque" : 0.32719579711556435,
    "probGanarPuntoSacando" : 2.140811697320501,
    "probGanarPuntoRestando" : 0.2716909727537806,
    "probAce" : 0.0
  },
  "hard" : {
    "nombre" : "Hard",
    "probVictoria" : 0.5,
    "probGanarPrimerSaque" : 0.7437401082780626,
    "probGanarSegundoSaque" : 0.5658005215227604,
    "probPrimerSaque" : 0.6362592048115201,
    "probSegundoSaque" : 0.32156633337338764,
    "probGanarPuntoSacando" : 0.6551538890062585,
    "probGanarPuntoRestando" : 0.3318753040171336,
    "probAce" : 0.0
  },
  "other" : {
    "nombre" : "Other",
    "probVictoria" : 0.0,
    "probGanarPrimerSaque" : 0.0,
    "probGanarSegundoSaque" : 0.0,
    "probPrimerSaque" : 0.0,
    "probSegundoSaque" : 0.0,
    "probGanarPuntoSacando" : 0.0,
    "probGanarPuntoRestando" : 0.0,
    "probAce" : 0.0
  },
  "partidos" : [ {
    "torneo" : "Auckland",
    "fecha" : "20090112",
    "superficie" : "Hard",
    "resultado" : "6-3 6-4",
    "contrincante" : "Florent Serra",
    "ganador" : true,
    "winnerAces" : 12,
    "winnerPrimerSaqueDentro" : 28,
    "winnerPrimerSaqueGanado" : 24,
    "winnerSegundoSaqueGanado" : 15,
    "winnerDobleFalta" : 3,
    "winnerServingPoints" : 52,
    "winnerServingGames" : 10,
    "loserAces" : 6,
    "loserPrimerSaqueDentro" : 29,
    "loserPrimerSaqueGanado" : 20,
    "loserSegundoSaqueGanado" : 11,
    "loserDobleFalta" : 3,
    "loserServingPoints" : 53,
    "loserServingGames" : 9
  }, {
    "torneo" : "Auckland",
    "fecha" : "20090112",
    "superficie" : "Hard",
    "resultado" : "3-6 6-3 6-4",
    "contrincante" : "Sam Querrey",
    "ganador" : false,
    "winnerAces" : 9,
    "winnerPrimerSaqueDentro" : 49,
    "winnerPrimerSaqueGanado" : 41,
    "winnerSegundoSaqueGanado" : 19,
    "winnerDobleFalta" : 4,
    "winnerServingPoints" : 89,
    "winnerServingGames" : 14,
    "loserAces" : 8,
    "loserPrimerSaqueDentro" : 47,
    "loserPrimerSaqueGanado" : 35,
    "loserSegundoSaqueGanado" : 20,
    "loserDobleFalta" : 3,
    "loserServingPoints" : 81,
    "loserServingGames" : 14
  }, {
    "torneo" : "Miami Masters",
    "fecha" : "20090325",
    "superficie" : "Hard",
    "resultado" : "6-4 6-3",
    "contrincante" : "Sam Querrey",
    "ganador" : false,
    "winnerAces" : 9,
    "winnerPrimerSaqueDentro" : 22,
    "winnerPrimerSaqueGanado" : 19,
    "winnerSegundoSaqueGanado" : 19,
    "winnerDobleFalta" : 2,
    "winnerServingPoints" : 49,
    "winnerServingGames" : 9,
    "loserAces" : 2,
    "loserPrimerSaqueDentro" : 31,
    "loserPrimerSaqueGanado" : 22,
    "loserSegundoSaqueGanado" : 13,
    "loserDobleFalta" : 3,
    "loserServingPoints" : 61,
    "loserServingGames" : 10
  }, {
    "torneo" : "Queen's Club",
    "fecha" : "20090608",
    "superficie" : "Grass",
    "resultado" : "6-3 7-6(7)",
    "contrincante" : "Joshua Goodall",
    "ganador" : true,
    "winnerAces" : 22,
    "winnerPrimerSaqueDentro" : 50,
    "winnerPrimerSaqueGanado" : 43,
    "winnerSegundoSaqueGanado" : 10,
    "winnerDobleFalta" : 5,
    "winnerServingPoints" : 69,
    "winnerServingGames" : 11,
    "loserAces" : 7,
    "loserPrimerSaqueDentro" : 36,
    "loserPrimerSaqueGanado" : 28,
    "loserSegundoSaqueGanado" : 20,
    "loserDobleFalta" : 3,
    "loserServingPoints" : 67,
    "loserServingGames" : 10
  }, {
    "torneo" : "Queen's Club",
    "fecha" : "20090608",
    "superficie" : "Grass",
    "resultado" : "7-6(3) 6-3",
    "contrincante" : "Guillermo Garcia Lopez",
    "ganador" : false,
    "winnerAces" : 4,
    "winnerPrimerSaqueDentro" : 37,
    "winnerPrimerSaqueGanado" : 30,
    "winnerSegundoSaqueGanado" : 14,
    "winnerDobleFalta" : 5,
    "winnerServingPoints" : 63,
    "winnerServingGames" : 11,
    "loserAces" : 4,
    "loserPrimerSaqueDentro" : 44,
    "loserPrimerSaqueGanado" : 32,
    "loserSegundoSaqueGanado" : 12,
    "loserDobleFalta" : 3,
    "loserServingPoints" : 75,
    "loserServingGames" : 10
  }, {
    "torneo" : "s-Hertogenbosch",
    "fecha" : "20090614",
    "superficie" : "Grass",
    "resultado" : "7-5 7-5",
    "contrincante" : "Ivan Navarro",
    "ganador" : false,
    "winnerAces" : 15,
    "winnerPrimerSaqueDentro" : 42,
    "winnerPrimerSaqueGanado" : 36,
    "winnerSegundoSaqueGanado" : 14,
    "winnerDobleFalta" : 3,
    "winnerServingPoints" : 67,
    "winnerServingGames" : 12,
    "loserAces" : 5,
    "loserPrimerSaqueDentro" : 36,
    "loserPrimerSaqueGanado" : 27,
    "loserSegundoSaqueGanado" : 19,
    "loserDobleFalta" : 2,
    "loserServingPoints" : 62,
    "loserServingGames" : 12
  }, {
    "torneo" : "Delray Beach",
    "fecha" : "20090223",
    "superficie" : "Hard",
    "resultado" : "7-6(5) 6-2",
    "contrincante" : "Ryan Sweeting",
    "ganador" : true,
    "winnerAces" : 16,
    "winnerPrimerSaqueDentro" : 42,
    "winnerPrimerSaqueGanado" : 35,
    "winnerSegundoSaqueGanado" : 12,
    "winnerDobleFalta" : 4,
    "winnerServingPoints" : 72,
    "winnerServingGames" : 10,
    "loserAces" : 6,
    "loserPrimerSaqueDentro" : 39,
    "loserPrimerSaqueGanado" : 29,
    "loserSegundoSaqueGanado" : 9,
    "loserDobleFalta" : 7,
    "loserServingPoints" : 67,
    "loserServingGames" : 10
  }, {
    "torneo" : "Delray Beach",
    "fecha" : "20090223",
    "superficie" : "Hard",
    "resultado" : "5-7 6-3 6-3",
    "contrincante" : "Guillermo Garcia Lopez",
    "ganador" : false,
    "winnerAces" : 3,
    "winnerPrimerSaqueDentro" : 51,
    "winnerPrimerSaqueGanado" : 42,
    "winnerSegundoSaqueGanado" : 22,
    "winnerDobleFalta" : 7,
    "winnerServingPoints" : 95,
    "winnerServingGames" : 15,
    "loserAces" : 13,
    "loserPrimerSaqueDentro" : 59,
    "loserPrimerSaqueGanado" : 39,
    "loserSegundoSaqueGanado" : 13,
    "loserDobleFalta" : 1,
    "loserServingPoints" : 89,
    "loserServingGames" : 15
  }, {
    "torneo" : "Australian Open",
    "fecha" : "20090119",
    "superficie" : "Hard",
    "resultado" : "6-3 7-6(5) 4-6 4-6 16-14",
    "contrincante" : "Feliciano Lopez",
    "ganador" : true,
    "winnerAces" : 0,
    "winnerPrimerSaqueDentro" : 194,
    "winnerPrimerSaqueGanado" : 148,
    "winnerSegundoSaqueGanado" : 0,
    "winnerDobleFalta" : 0,
    "winnerServingPoints" : 194,
    "winnerServingGames" : 36,
    "loserAces" : 0,
    "loserPrimerSaqueDentro" : 196,
    "loserPrimerSaqueGanado" : 145,
    "loserSegundoSaqueGanado" : 0,
    "loserDobleFalta" : 0,
    "loserServingPoints" : 196,
    "loserServingGames" : 35
  }, {
    "torneo" : "Australian Open",
    "fecha" : "20090119",
    "superficie" : "Hard",
    "resultado" : "3-6 6-1 6-4 6-2",
    "contrincante" : "Bernard Tomic",
    "ganador" : true,
    "winnerAces" : 27,
    "winnerPrimerSaqueDentro" : 64,
    "winnerPrimerSaqueGanado" : 53,
    "winnerSegundoSaqueGanado" : 17,
    "winnerDobleFalta" : 4,
    "winnerServingPoints" : 96,
    "winnerServingGames" : 17,
    "loserAces" : 5,
    "loserPrimerSaqueDentro" : 65,
    "loserPrimerSaqueGanado" : 42,
    "loserSegundoSaqueGanado" : 24,
    "loserDobleFalta" : 6,