{
  "nombre" : "Guillermo Canas",
  "mano" : "R",
  "nacionalidad" : "ARG",
  "edad" : 31.3620807666,
  "ganar1Saque" : 0.7324424286683401,
  "ganar2Saque" : 0.5340719272692999,
  "primerSaque" : 0.5122231675518883,
  "segundoSaque" : 0.4512517617808448,
  "ganarPuntoSacando" : 0.616174878959858,
  "ganarPuntoRestando" : 0.359421867273632,
  "probAce" : 0.0681520327925682,
  "clay" : {
    "nombre" : "Clay",
    "probVictoria" : 0.5263158082962036,
    "probGanarPrimerSaque" : 0.7198206633329391,
    "probGanarSegundoSaque" : 0.5143226310610771,
    "probPrimerSaque" : 0.5110311694443226,
    "probSegundoSaque" : 0.4576297625899315,
    "probGanarPuntoSacando" : 0.6032201389203296,
    "probGanarPuntoRestando" : 0.3757720636790159,
    "probAce" : 0.0
  },
  "grass" : {
    "nombre" : "Grass",
    "probVictoria" : 0.5,
    "probGanarPrimerSaque" : 1.6485849022865295,
    "probGanarSegundoSaque" : 0.6235827803611755,
    "probPrimerSaque" : 0.514676034450531,
    "probSegundoSaque" : 0.4546448141336441,
    "probGanarPuntoSacando" : 1.1319958172380948,
    "probGanarPuntoRestando" : 0.4534412709839232,
    "probAce" : 0.0
  },
  "hard" : {
    "nombre" : "Hard",
    "probVictoria" : 0.125,
    "probGanarPrimerSaque" : 0.7221016883850098,
    "probGanarSegundoSaque" : 0.5314435102045536,
    "probPrimerSaque" : 0.5128019489347935,
    "probSegundoSaque" : 0.4440254978835583,
    "probGanarPuntoSacando" : 0.6062696223485007,
    "probGanarPuntoRestando" : 0.3195668199406753,
    "probAce" : 0.0
  },
  "other" : {
    "nombre" : "Other",
    "probVictoria" : 0.0,
    "probGanarPrimerSaque" : 0.0,
    "probGanarSegundoSaque" : 0.0,
    "probPrimerSaque" : 0.0,
    "probSegundoSaque" : 0.0,
    "probGanarPuntoSacando" : 0.0,
    "probGanarPuntoRestando" : 0.0,
    "probAce" : 0.0
  },
  "partidos" : [ {
    "torneo" : "Houston",
    "fecha" : "20090406",
    "superficie" : "Clay",
    "resultado" : "6-4 6-4",
    "contrincante" : "James Blake",
    "ganador" : true,
    "winnerAces" : 7,
    "winnerPrimerSaqueDentro" : 35,
    "winnerPrimerSaqueGanado" : 31,
    "winnerSegundoSaqueGanado" : 9,
    "winnerDobleFalta" : 2,
    "winnerServingPoints" : 64,
    "winnerServingGames" : 10,
    "loserAces" : 0,
    "loserPrimerSaqueDentro" : 30,
    "loserPrimerSaqueGanado" : 19,
    "loserSegundoSaqueGanado" : 13,
    "loserDobleFalta" : 3,
    "loserServingPoints" : 59,
    "loserServingGames" : 10
  }, {
    "torneo" : "Houston",
    "fecha" : "20090406",
    "superficie" : "Clay",
    "resultado" : "6-2 6-2",
    "contrincante" : "Taylor Dent",
    "ganador" : true,
    "winnerAces" : 4,
    "winnerPrimerSaqueDentro" : 26,
    "winnerPrimerSaqueGanado" : 22,
    "winnerSegundoSaqueGanado" : 10,
    "winnerDobleFalta" : 2,
    "winnerServingPoints" : 43,
    "winnerServingGames" : 8,
    "loserAces" : 0,
    "loserPrimerSaqueDentro" : 25,
    "loserPrimerSaqueGanado" : 15,
    "loserSegundoSaqueGanado" : 9,
    "loserDobleFalta" : 3,
    "loserServingPoints" : 50,
    "loserServingGames" : 8
  }, {
    "torneo" : "Houston",
    "fecha" : "20090406",
    "superficie" : "Clay",
    "resultado" : "2-6 6-3 6-4",
    "contrincante" : "Evgeny Korolev",
    "ganador" : false,
    "winnerAces" : 4,
    "winnerPrimerSaqueDentro" : 38,
    "winnerPrimerSaqueGanado" : 26,
    "winnerSegundoSaqueGanado" : 14,
    "winnerDobleFalta" : 2,
    "winnerServingPoints" : 69,
    "winnerServingGames" : 13,
    "loserAces" : 4,
    "loserPrimerSaqueDentro" : 49,
    "loserPrimerSaqueGanado" : 33,
    "loserSegundoSaqueGanado" : 14,
    "loserDobleFalta" : 3,
    "loserServingPoints" : 87,
    "loserServingGames" : 14
  }, {
    "torneo" : "Miami Masters",
    "fecha" : "20090325",
    "superficie" : "Hard",
    "resultado" : "7-6(2) 5-7 6-3",
    "contrincante" : "Igor Kunitsyn",
    "ganador" : false,
    "winnerAces" : 2,
    "winnerPrimerSaqueDentro" : 73,
    "winnerPrimerSaqueGanado" : 49,
    "winnerSegundoSaqueGanado" : 18,
    "winnerDobleFalta" : 0,
    "winnerServingPoints" : 110,
    "winnerServingGames" : 17,
    "loserAces" : 3,
    "loserPrimerSaqueDentro" : 61,
    "loserPrimerSaqueGanado" : 45,
    "loserSegundoSaqueGanado" : 18,
    "loserDobleFalta" : 6,
    "loserServingPoints" : 105,
    "loserServingGames" : 16
  }, {
    "torneo" : "Indian Wells Masters",
    "fecha" : "20090312",
    "superficie" : "Hard",
    "resultado" : "7-6(2) 6-2",
    "contrincante" : "Sam Querrey",
    "ganador" : false,
    "winnerAces" : 8,
    "winnerPrimerSaqueDentro" : 37,
    "winnerPrimerSaqueGanado" : 32,
    "winnerSegundoSaqueGanado" : 16,
    "winnerDobleFalta" : 2,
    "winnerServingPoints" : 58,
    "winnerServingGames" : 10,
    "loserAces" : 2,
    "loserPrimerSaqueDentro" : 34,
    "loserPrimerSaqueGanado" : 25,
    "loserSegundoSaqueGanado" : 18,
    "loserDobleFalta" : 2,
    "loserServingPoints" : 67,
    "loserServingGames" : 10
  }, {
    "torneo" : "Memphis",
    "fecha" : "20090216",
    "superficie" : "Hard",
    "resultado" : "6-3 7-6(5)",
    "contrincante" : "Juan Martin Del Potro",
    "ganador" : false,
    "winnerAces" : 11,
    "winnerPrimerSaqueDentro" : 52,
    "winnerPrimerSaqueGanado" : 36,
    "winnerSegundoSaqueGanado" : 16,
    "winnerDobleFalta" : 2,
    "winnerServingPoints" : 71,
    "winnerServingGames" : 11,
    "loserAces" : 9,
    "loserPrimerSaqueDentro" : 34,
    "loserPrimerSaqueGanado" : 25,
    "loserSegundoSaqueGanado" : 20,
    "loserDobleFalta" : 2,
    "loserServingPoints" : 72,
    "loserServingGames" : 10
  }, {
    "torneo" : "Bastad",
    "fecha" : "20090713",
    "superficie" : "Clay",
    "resultado" : "6-3 7-6(2)",
    "contrincante" : "Grigor Dimitrov",
    "ganador" : true,
    "winnerAces" : 4,
    "winnerPrimerSaqueDentro" : 22,
    "winnerPrimerSaqueGanado" : 16,
    "winnerSegundoSaqueGanado" : 23,
    "winnerDobleFalta" : 0,
    "winnerServingPoints" : 55,
    "winnerServingGames" : 10,
    "loserAces" : 3,
    "loserPrimerSaqueDentro" : 47,
    "loserPrimerSaqueGanado" : 29,
    "loserSegundoSaqueGanado" : 11,
    "loserDobleFalta" : 3,
    "loserServingPoints" : 75,
    "loserServingGames" : 11
  }, {
    "torneo" : "Bastad",
    "fecha" : "20090713",
    "superficie" : "Clay",
    "resultado" : "6-7(5) 6-3 6-4",
    "contrincante" : "Andreas Vinciguerra",
    "ganador" : false,
    "winnerAces" : 1,
    "winnerPrimerSaqueDentro" : 62,
    "winnerPrimerSaqueGanado" : 47,
    "winnerSegundoSaqueGanado" : 16,
    "winnerDobleFalta" : 1,
    "winnerServingPoints" : 89,
    "winnerServingGames" : 15,
    "loserAces" : 4,
    "loserPrimerSaqueDentro" : 47,
    "loserPrimerSaqueGanado" : 33,
    "loserSegundoSaqueGanado" : 29,
    "loserDobleFalta" : 5,
    "loserServingPoints" : 97,
    "loserServingGames" : 16
  }, {
    "torneo" : "Belgrade",
    "fecha" : "20090504",
    "superficie" : "Clay",
    "resultado" : "3-6 6-1 6-4",
    "contrincante" : "Marcos Daniel",
    "ganador" : false,
    "winnerAces" : 3,
    "winnerPrimerSaqueDentro" : 50,
    "winnerPrimerSaqueGanado" : 39,
    "winnerSegundoSaqueGanado" : 11,
    "winnerDobleFalta" : 1,
    "winnerServingPoints" : 72,
    "winnerServingGames" : 13,
    "loserAces" : 6,
    "loserPrimerSaqueDentro" : 55,
    "loserPrimerSaqueGanado" : 44,
    "loserSegundoSaqueGanado" : 17,
    "loserDobleFalta" : 3,
    "loserServingPoints" : 99,
    "loserServingGames" : 13
  }, {
    "torneo" : "Zagreb",
    "fecha" : "20090202",
    "superficie" : "Hard",
    "resultado" : "4-6 6-4 6-2",
    "contrincante" : "Antonio Veic",
    "ganador" : false,
    "winnerAces" : 12,
    "winnerPrimerSaqueDentro" : 48,
    "winnerPrimerSaqueGanado" : 34,
    "winnerSegundoSaqueGanado" : 19,
    "winnerDobleFalta" : 2,
    "winnerServingPoints" : 81,
    "winnerServingGames" : 14,
    "loserAces" : 4,
    "loserPrimerSaqueDentro" : 56,
    "loserPrimerSaqueGanado" : 37,
    "loserSegundoSaqueGanado" : 22,
    "loserDobleFalta" : 8,
    "loserServingPoints" : 107,